player_id,player_name,position,team,nationality,matches,minutes,total_goals,goals_p90,total_assists,assists_p90,total_shots,shots_p90,total_shots_on_target,shots_on_target_p90,total_passes,passes_p90,total_accurate_passes,accurate_passes_p90,total_crosses,crosses_p90,total_tackles,tackles_p90,total_interceptions,interceptions_p90,total_clearances,clearances_p90,total_blocks,blocks_p90,total_recoveries,recoveries_p90,total_duels_won,duels_won_p90,total_aerial_duels_won,aerial_duels_won_p90,total_dribbles_attempted,dribbles_attempted_p90,total_fouls_committed,fouls_committed_p90,total_fouls_won,fouls_won_p90,total_offsides,offsides_p90,pass_accuracy_pct,PC1,PC2,PC3,PC4
959,Damián Emiliano Martinez,GK,Argentina,Argentina,8,835,0,0.0,0,0.0,0,0.0,0,0.0,268,28.886,195,21.018,0,0.0,0,0.0,0,0.0,0,0.0,0,0.0,47,5.066,0,0.0,0,0.0,0,0.0,0,0.0,1,0.108,0,0.0,72.76,0.0630818729374585,-3.5566183604274717,0.8396182119603354,-0.6934761714313988
956,Alexis Mac Allister,MID,Argentina,Argentina,8,775,1,0.116,0,0.0,13,1.51,4,0.465,430,49.935,393,45.639,1,0.116,37,4.297,5,0.581,15,1.742,19,2.206,24,2.787,6,0.697,6,0.697,5,0.581,9,1.045,12,1.394,0,0.0,91.4,0.18605170817292319,0.1116756793990269,-0.7161099309618629,-0.11193623006599178
751,Unai Simon,GK,Spain,Spain,8,773,0,0.0,0,0.0,0,0.0,0,0.0,314,36.559,253,29.457,0,0.0,0,0.0,0,0.0,7,0.815,0,0.0,71,8.266,0,0.0,0,0.0,0,0.0,0,0.0,3,0.349,0,0.0,80.57,0.933995741667245,-3.169670870706388,0.5273278828927361,-1.0493271703069786
750,Pau Cubarsi,DEF,Spain,Spain,8,773,0,0.0,0,0.0,4,0.466,2,0.233,690,80.336,668,77.775,1,0.116,12,1.397,12,1.397,35,4.075,15,1.746,50,5.821,21,2.445,17,1.979,14,1.63,4,0.466,5,0.582,0,0.0,96.81,3.13727113891896,0.7692675436055448,-0.26922619938565606,-2.464636037768914
752,Marc Cucurella,DEF,Spain,Spain,8,773,0,0.0,2,0.233,5,0.582,3,0.349,474,55.188,433,50.414,15,1.746,18,2.096,13,1.514,12,1.397,16,1.863,33,3.842,5,0.582,4,0.466,6,0.699,8,0.931,5,0.582,4,0.466,91.35,0.6612199974255651,-0.29122429593710836,-1.0037036965801738,-1.1044020282286162
946,Lionel Andrés Messi,FWD,Argentina,Argentina,8,765,8,0.941,2,0.235,35,4.118,18,2.118,367,43.176,288,33.882,46,5.412,14,1.647,0,0.0,2,0.235,5,0.588,12,1.412,2,0.235,1,0.118,61,7.176,3,0.353,20,2.353,5,0.588,78.47,-5.804292897177617,2.014773967410022,-2.0070182020755327,-2.7944971594760064
742,Aymeric Laporte,DEF,Spain,Spain,8,752,0,0.0,1,0.12,5,0.598,2,0.239,660,78.989,618,73.963,0,0.0,4,0.479,11,1.316,37,4.428,8,0.957,45,5.386,25,2.992,24,2.872,17,2.035,5,0.598,4,0.479,0,0.0,93.64,2.8183444017807546,1.0129554345214538,0.4047518605208397,-2.9045397698358086
744,Rodrigo Rodri,MID,Spain,Spain,8,746,0,0.0,0,0.0,7,0.845,0,0.0,799,96.394,747,90.121,3,0.362,31,3.74,8,0.965,19,2.292,17,2.051,48,5.791,13,1.568,13,1.568,12,1.448,11,1.327,9,1.086,1,0.121,93.49,3.0275140591364544,1.2128112866014988,-1.5875679595959618,-1.9425409572538381
848,Mike Peterson Maignan,GK,France,France,8,746,0,0.0,0,0.0,0,0.0,0,0.0,225,27.145,179,21.595,0,0.0,0,0.0,1,0.121,1,0.121,0,0.0,42,5.067,0,0.0,0,0.0,0,0.0,0,0.0,2,0.241,0,0.0,79.56,0.07454421950196931,-3.486368601411144,0.8005087194829269,-0.6523069001059311
842,Kylian Mbappe,FWD,France,France,8,720,10,1.25,4,0.5,41,5.125,23,2.875,232,29.0,201,25.125,10,1.25,8,1.0,1,0.125,0,0.0,6,0.75,8,1.0,2,0.25,1,0.125,74,9.25,6,0.75,8,1.0,7,0.875,86.64,-7.3588593689891795,2.661226194700352,-0.9168592821730257,-3.560301392818688
960,Enzo Jeremías Fernandez,MID,Argentina,Argentina,7,714,2,0.252,0,0.0,12,1.513,4,0.504,519,65.42,480,60.504,5,0.63,24,3.025,7,0.882,8,1.008,8,1.008,15,1.891,6,0.756,6,0.756,16,2.017,12,1.513,6,0.756,1,0.126,92.49,0.03255381927914526,0.3193966765894426,-0.9811228112726644,-1.409939986419425
1150,Keaninkin Marc-Isreal Guehi,DEF,England,England,8,685,0,0.0,0,0.0,1,0.131,0,0.0,532,69.898,514,67.533,0,0.0,2,0.263,7,0.92,24,3.153,17,2.234,39,5.124,13,1.708,12,1.577,13,1.708,4,0.526,13,1.708,0,0.0,96.62,2.292312697135922,0.011789684231159094,-0.4099735886680889,-1.7218971128519436
1145,Jordan Lee Pickford,GK,England,England,7,680,0,0.0,0,0.0,0,0.0,0,0.0,265,35.074,190,25.147,0,0.0,0,0.0,0,0.0,4,0.529,0,0.0,37,4.897,0,0.0,0,0.0,0,0.0,0,0.0,4,0.529,0,0.0,71.7,0.18451568411498614,-3.322322977168495,0.60246280786325,-0.8659949498409663
747,Lamine Yamal Yamal,FWD,Spain,Spain,8,676,1,0.133,0,0.0,27,3.595,12,1.598,265,35.281,225,29.956,40,5.325,22,2.929,3,0.399,0,0.0,12,1.598,13,1.731,0,0.0,0,0.0,86,11.45,14,1.864,9,1.198,7,0.932,84.91,-4.472663403642207,1.6968550760190202,-2.2746720951910153,0.1288798667133497
836,Dayotchanculle Oswald Upamecano,DEF,France,France,8,675,0,0.0,0,0.0,4,0.533,2,0.267,443,59.067,409,54.533,0,0.0,20,2.667,15,2.0,25,3.333,23,3.067,46,6.133,15,2.0,11,1.467,4,0.533,7,0.933,4,0.533,0,0.0,92.33,2.769712871807837,0.7695605011560257,-0.24694979861196167,-0.6632350534497115
1146,Ezri Ngoyo Konsa,DEF,England,England,8,675,1,0.133,0,0.0,3,0.4,2,0.267,488,65.067,469,62.533,3,0.4,9,1.2,9,1.2,20,2.667,15,2.0,34,4.533,13,1.733,11,1.467,8,1.067,8,1.067,11,1.467,0,0.0,96.11,1.7153264812080642,0.4636817066153001,-0.39367764126959887,-1.4395381140117076
843,Michael Akpovie Olise,FWD,France,France,8,671,0,0.0,7,0.939,20,2.683,5,0.671,417,55.931,362,48.554,20,2.683,21,2.817,1,0.134,0,0.0,14,1.878,10,1.341,1,0.134,1,0.134,47,6.304,5,0.671,16,2.146,0,0.0,86.81,-2.5812037536220065,0.714979983029884,-3.4313424339519036,-1.812046714309962
1153,Harry Edward Kane,FWD,England,England,7,666,6,0.811,1,0.135,23,3.108,12,1.622,99,13.378,73,9.865,3,0.405,7,0.946,0,0.0,8,1.081,8,1.081,7,0.946,13,1.757,13,1.757,9,1.216,8,1.081,9,1.216,2,0.27,73.74,-4.107007075651947,0.98819272558579,1.8381279079714736,-1.1640305943208271
749,Mikel Oyarzabal,FWD,Spain,Spain,8,664,5,0.678,1,0.136,23,3.117,12,1.627,149,20.196,124,16.807,8,1.084,11,1.491,1,0.136,4,0.542,11,1.491,9,1.22,6,0.813,6,0.813,8,1.084,4,0.542,5,0.678,1,0.136,83.22,-3.6052672050182832,0.2547043879749022,0.7481808632343603,-1.383846113098649
1148,Declan Rice,MID,England,England,7,656,1,0.137,2,0.274,6,0.823,3,0.412,340,46.646,312,42.805,40,5.488,10,1.372,10,1.372,3,0.412,12,1.646,20,2.744,2,0.274,2,0.274,9,1.235,4,0.549,0,0.0,1,0.137,91.76,-0.37118403973957736,-0.7692580105393519,-1.5984706006543004,-1.3348102978964052
846,Adrien Thibault Marie Rabiot,MID,France,France,7,652,0,0.0,1,0.138,9,1.242,1,0.138,351,48.451,323,44.586,2,0.276,25,3.451,10,1.38,16,2.209,16,2.209,29,4.003,14,1.933,14,1.933,17,2.347,13,1.794,4,0.552,1,0.138,92.02,1.0744986203300202,1.0032646929006117,-0.08503643629937842,0.04975053368906708
1152,Elliot Junior Anderson,MID,England,England,8,649,0,0.0,1,0.139,7,0.971,1,0.139,445,61.71,396,54.915,6,0.832,37,5.131,9,1.248,25,3.467,17,2.357,43,5.963,22,3.051,22,3.051,9,1.248,9,1.248,13,1.803,0,0.0,88.99,2.1604024092470087,2.2511108637523485,-0.19329523533436163,-0.20179477069976806
942,Lisandro Martinez,DEF,Argentina,Argentina,7,641,1,0.14,0,0.0,4,0.562,2,0.281,450,63.183,422,59.251,3,0.421,18,2.527,5,0.702,38,5.335,8,1.123,27,3.791,9,1.264,9,1.264,10,1.404,7,0.983,4,0.562,0,0.0,93.78,1.723393933309397,0.08651594134290308,-0.19032832923717044,-1.3484050951918898
949,Cristian Gabriel Romero,DEF,Argentina,Argentina,7,639,1,0.141,0,0.0,3,0.423,1,0.141,430,60.563,415,58.451,0,0.0,22,3.099,10,1.408,22,3.099,20,2.817,45,6.338,17,2.394,17,2.394,8,1.127,9,1.268,3,0.423,0,0.0,96.51,2.663655780681705,1.204858742288355,0.18424117981295826,-0.688340400395382
1154,Jude Victor William Bellingham,MID,England,England,8,639,7,0.986,1,0.141,19,2.676,13,1.831,231,32.535,191,26.901,9,1.268,17,2.394,2,0.282,9,1.268,11,1.549,17,2.394,6,0.845,5,0.704,31,4.366,9,1.268,17,2.394,1,0.141,82.68,-3.9122970524287055,1.9127832059089667,-0.6030788529074603,-1.3478822614657302
837,Jules Olivier Kounde,DEF,France,France,8,621,0,0.0,0,0.0,2,0.29,0,0.0,353,51.159,314,45.507,15,2.174,19,2.754,6,0.87,20,2.899,20,2.899,24,3.478,12,1.739,12,1.739,10,1.449,6,0.87,5,0.725,1,0.145,88.95,1.4071199881438838,0.17743444782436124,-0.14063891081907157,0.00504643689847775
945,Julián Alvarez,FWD,Argentina,Argentina,8,619,1,0.145,0,0.0,11,1.599,5,0.727,215,31.26,183,26.607,1,0.145,10,1.454,1,0.145,5,0.727,14,2.036,8,1.163,4,0.582,4,0.582,9,1.309,11,1.599,4,0.582,2,0.291,85.12,-1.5111084458109072,-0.6735424689390911,0.5470515165551568,0.0925510687224807
183,Gregor Kobel,GK,Switzerland,Switzerland,6,612,0,0.0,0,0.0,0,0.0,0,0.0,255,37.5,190,27.941,0,0.0,0,0.0,0,0.0,1,0.147,0,0.0,33,4.853,0,0.0,0,0.0,0,0.0,0,0.0,3,0.441,0,0.0,74.51,0.22774251765092304,-3.3293296453771117,0.5256165281851564,-1.0036757547727506
186,Nico Elvedi,DEF,Switzerland,Switzerland,6,612,0,0.0,0,0.0,3,0.441,0,0.0,438,64.412,406,59.706,0,0.0,9,1.324,14,2.059,51,7.5,13,1.912,42,6.176,18,2.647,15,2.206,23,3.382,5,0.735,6,0.882,0,0.0,92.69,3.3648959434031003,1.2558031114125492,0.08825617044030266,-1.3309109714993694
187,Manuel Obafemi Akanji,DEF,Switzerland,Switzerland,6,612,0,0.0,0,0.0,1,0.147,1,0.147,479,70.441,444,65.294,0,0.0,13,1.912,9,1.324,37,5.441,8,1.176,34,5.0,13,1.912,10,1.471,17,2.5,4,0.588,4,0.588,0,0.0,92.69,2.7498011835591756,0.22585023532378834,-0.27488726834265526,-1.7394396183300986
192,Granit Xhaka,MID,Switzerland,Switzerland,6,612,1,0.147,1,0.147,9,1.324,2,0.294,470,69.118,427,62.794,4,0.588,13,1.912,3,0.441,9,1.324,12,1.765,14,2.059,8,1.176,8,1.176,14,2.059,4,0.588,12,1.765,0,0.0,90.85,0.23665437316982682,0.21915517723879918,-1.080148999997604,-1.8527652910558159
190,Remo Marco Freuler,MID,Switzerland,Switzerland,6,601,0,0.0,0,0.0,2,0.3,1,0.15,324,48.519,299,44.775,5,0.749,19,2.845,4,0.599,16,2.396,15,2.246,16,2.396,8,1.198,8,1.198,5,0.749,8,1.198,3,0.449,1,0.15,92.28,0.9555951414341529,-0.45965852314077654,0.07871824390795351,-0.016986425790461487
839,Masour Ousmane Dembele,FWD,France,France,8,597,6,0.905,2,0.302,20,3.015,10,1.508,297,44.774,236,35.578,36,5.427,13,1.96,2,0.302,1,0.151,3,0.452,6,0.905,2,0.302,2,0.302,18,2.714,0,0.0,4,0.603,3,0.452,79.46,-4.100092414682047,0.6421868869193166,-1.207734501691114,-3.0161826777286223
628,Brandon Erik Mechele,DEF,Belgium,Belgium,6,587,0,0.0,0,0.0,5,0.767,1,0.153,399,61.175,369,56.576,0,0.0,11,1.687,13,1.993,43,6.593,11,1.687,38,5.826,18,2.76,17,2.606,15,2.3,9,1.38,2,0.307,0,0.0,92.48,3.0748304226656793,1.4529551939168412,0.5798572533663219,-1.1097047037098708
235,Yassine Bounou,GK,Morocco,Morocco,6,581,0,0.0,0,0.0,0,0.0,0,0.0,211,32.685,142,21.997,0,0.0,0,0.0,1,0.155,1,0.155,0,0.0,38,5.886,1,0.155,1,0.155,0,0.0,0,0.0,4,0.62,0,0.0,67.3,0.26476942754368377,-3.2027830277273,0.7019506723557778,-0.7532760147507643
236,Achraf Hakimi,DEF,Morocco,Morocco,6,581,1,0.155,1,0.155,14,2.169,4,0.62,449,69.552,402,62.272,38,5.886,23,3.563,6,0.929,9,1.394,11,1.704,28,4.337,6,0.929,5,0.775,34,5.267,7,1.084,16,2.478,0,0.0,89.53,-0.5764892856640759,1.8158234465142662,-3.2273385681811275,-1.234784253121137
740,Pedro Antonio Porro,DEF,Spain,Spain,6,579,2,0.311,0,0.0,7,1.088,3,0.466,420,65.285,379,58.912,19,2.953,29,4.508,11,1.71,10,1.554,19,2.953,39,6.062,8,1.244,8,1.244,6,0.933,10,1.554,9,1.399,0,0.0,90.24,1.410357218665762,1.765669978958892,-1.7568081725095233,-0.48755559762926604
258,Neil Yoni El Aynaoui,MID,Morocco,Morocco,6,571,0,0.0,0,0.0,7,1.103,2,0.315,433,68.249,405,63.835,0,0.0,37,5.832,4,0.63,19,2.995,16,2.522,34,5.359,3,0.473,3,0.473,8,1.261,15,2.364,7,1.103,0,0.0,93.53,1.8146739842824469,0.9483682857678672,-1.6943304994709059,0.32221713093643617
625,Thibaut Nicolas Courtois,GK,Belgium,Belgium,6,563,0,0.0,1,0.16,0,0.0,0,0.0,198,31.652,144,23.02,0,0.0,0,0.0,0,0.0,2,0.32,0,0.0,38,6.075,0,0.0,0,0.0,0,0.0,0,0.0,0,0.0,0,0.0,72.73,0.24536018094524661,-3.390486427356536,0.6132054543522638,-1.0207646621997468
962,Nahuel Molina,DEF,Argentina,Argentina,7,535,0,0.0,0,0.0,1,0.168,0,0.0,276,46.43,234,39.364,6,1.009,22,3.701,4,0.673,16,2.692,14,2.355,27,4.542,4,0.673,3,0.505,2,0.336,3,0.505,0,0.0,1,0.168,84.78,1.4914910867560338,-1.1314454507612577,-0.23883827344442823,0.09831328853531962
195,Ricardo Ivan Rodriguez,DEF,Switzerland,Switzerland,6,532,0,0.0,1,0.169,1,0.169,0,0.0,295,49.906,243,41.109,17,2.876,15,2.538,1,0.169,19,3.214,10,1.692,21,3.553,12,2.03,12,2.03,4,0.677,11,1.861,2,0.338,0,0.0,82.37,1.0495979167734315,0.11737622955334412,0.27985197638675685,0.014431166665922816
748,Pedro Pedri,MID,Spain,Spain,8,512,0,0.0,0,0.0,5,0.879,2,0.352,469,82.441,420,73.828,14,2.461,22,3.867,8,1.406,8,1.406,29,5.098,26,4.57,4,0.703,4,0.703,20,3.516,4,0.703,5,0.879,1,0.176,89.55,2.051628735008056,1.2764291121224514,-2.7241688085215987,-0.7794789085974009
634,Leandro Trossard,FWD,Belgium,Belgium,6,510,2,0.353,2,0.353,17,3.0,3,0.529,199,35.118,171,30.176,11,1.941,2,0.353,4,0.706,5,0.882,15,2.647,14,2.471,5,0.882,4,0.706,17,3.0,4,0.706,8,1.412,1,0.176,85.93,-2.089137904797379,0.45183000171994747,-0.7206755690250143,-1.1988035835591142
189,Breel Donald Embolo,FWD,Switzerland,Switzerland,6,509,2,0.354,2,0.354,10,1.768,5,0.884,72,12.731,56,9.902,1,0.177,7,1.238,1,0.177,5,0.884,11,1.945,10,1.768,7,1.238,6,1.061,5,0.884,9,1.591,11,1.945,4,0.707,77.78,-3.1434369360457763,0.2946070869872793,1.0895605628124094,0.20931845242783464
673,Abdelaziz Mohame Mostafa,GK,Egypt,Egypt,5,503,0,0.0,0,0.0,0,0.0,0,0.0,147,26.302,114,20.398,0,0.0,0,0.0,0,0.0,2,0.358,0,0.0,29,5.189,0,0.0,0,0.0,0,0.0,0,0.0,5,0.895,0,0.0,77.55,-0.09872642645890385,-3.353982487598838,0.712068739285887,-0.5038138055434598
653,Hany Gamal Mohamed Hany,DEF,Egypt,Egypt,5,503,0,0.0,1,0.179,4,0.716,0,0.0,282,50.457,245,43.837,17,3.042,24,4.294,7,1.252,31,5.547,12,2.147,26,4.652,7,1.252,7,1.252,8,1.431,2,0.358,1,0.179,0,0.0,86.88,1.872114751426659,0.19702728169208847,-0.8548796597123006,-0.31601690113466424
911,Ørjan Haskjold Nyland,GK,Norway,Norway,5,502,0,0.0,0,0.0,0,0.0,0,0.0,204,36.574,138,24.741,0,0.0,0,0.0,0,0.0,1,0.179,0,0.0,29,5.199,0,0.0,0,0.0,0,0.0,0,0.0,0,0.0,0,0.0,67.65,0.3248003140427146,-3.4632871436626176,0.6946207028793492,-0.9727415781551796
913,Kristoffer Vassbakk Köpp Ajer,DEF,Norway,Norway,5,502,0,0.0,0,0.0,2,0.359,1,0.179,273,48.944,256,45.896,2,0.359,14,2.51,10,1.793,39,6.992,15,2.689,36,6.454,24,4.303,20,3.586,12,2.151,2,0.359,1,0.179,0,0.0,93.77,3.3157707946832393,1.8281344437991458,1.6502031413324114,-0.6573649148419267
918,Sander Gard Bolin Berge,MID,Norway,Norway,5,502,0,0.0,0,0.0,0,0.0,0,0.0,425,76.195,412,73.865,2,0.359,10,1.793,7,1.255,18,3.227,10,1.793,17,3.048,5,0.896,5,0.896,2,0.359,6,1.076,2,0.359,0,0.0,96.94,2.591451293537049,-0.41352243690202434,-0.888291096508115,-1.6746882669972347
919,Erling Braut Haaland,FWD,Norway,Norway,5,502,7,1.255,0,0.0,20,3.586,13,2.331,47,8.426,34,6.096,1,0.179,0,0.0,1,0.179,5,0.896,9,1.614,8,1.434,21,3.765,18,3.227,8,1.434,5,0.896,3,0.538,0,0.0,72.34,-4.466734624982432,2.519381285843928,3.409133566426957,-2.0393672723561003
738,Daniel Olmo,FWD,Spain,Spain,8,501,0,0.0,2,0.359,13,2.335,2,0.359,229,41.138,207,37.186,2,0.359,14,2.515,2,0.359,1,0.18,10,1.796,15,2.695,3,0.539,3,0.539,30,5.389,6,1.078,10,1.796,0,0.0,90.39,-1.4820938332274558,0.0627222742775806,-1.5050969331605952,-0.3778646584367577
943,Rodrigo Javier De Paul,MID,Argentina,Argentina,7,501,0,0.0,1,0.18,2,0.359,1,0.18,327,58.743,300,53.892,13,2.335,13,2.335,3,0.539,5,0.898,14,2.515,12,2.156,1,0.18,0,0.0,10,1.796,2,0.359,5,0.898,1,0.18,91.74,0.3197802548382065,-1.0124436937752925,-1.6817930462841717,-0.954548728717782
350,Orlando Daniel Gill,GK,Paraguay,Paraguay,5,500,0,0.0,0,0.0,0,0.0,0,0.0,159,28.62,68,12.24,0,0.0,0,0.0,0,0.0,2,0.36,0,0.0,45,8.1,0,0.0,0,0.0,0,0.0,0,0.0,3,0.54,0,0.0,42.77,0.37888537322576615,-3.395567825788222,0.8515328637154841,-0.4387265444760175
353,Gustavo Raul Gomez,DEF,Paraguay,Paraguay,5,500,0,0.0,0,0.0,2,0.36,0,0.0,91,16.38,80,14.4,0,0.0,5,0.9,2,0.36,38,6.84,18,3.24,27,4.86,10,1.8,10,1.8,0,0.0,3,0.54,2,0.36,1,0.18,87.91,1.2797799452990857,-0.7774338052791973,2.1197210237332937,0.931149343303534
352,Adrián Andrés Cubas,MID,Paraguay,Paraguay,5,500,0,0.0,0,0.0,1,0.18,0,0.0,117,21.06,97,17.46,0,0.0,45,8.1,3,0.54,26,4.68,33,5.94,36,6.48,3,0.54,3,0.54,1,0.18,14,2.52,3,0.54,0,0.0,82.91,1.9393013058177577,0.7117280291235418,-0.49780533780514324,4.1216952146680805
645,Timothy Castagne,DEF,Belgium,Belgium,6,495,0,0.0,0,0.0,3,0.545,1,0.182,263,47.818,230,41.818,20,3.636,19,3.455,9,1.636,15,2.727,15,2.727,28,5.091,7,1.273,7,1.273,3,0.545,7,1.273,2,0.364,0,0.0,87.45,1.6736091902890677,0.384882395525746,-0.7897125783545683,0.294432974803633
1130,Camilo Andres Vargas,GK,Colombia,Colombia,5,495,0,0.0,0,0.0,0,0.0,0,0.0,202,36.727,157,28.545,0,0.0,0,0.0,0,0.0,2,0.364,0,0.0,20,3.636,0,0.0,0,0.0,0,0.0,0,0.0,0,0.0,0,0.0,77.72,0.15312480456067087,-3.4673411770594535,0.6620434132153248,-1.0518130760495668
1141,Davinson Sanchez,DEF,Colombia,Colombia,5,495,0,0.0,0,0.0,6,1.091,2,0.364,361,65.636,324,58.909,0,0.0,11,2.0,6,1.091,41,7.455,15,2.727,32,5.818,14,2.545,11,2.0,8,1.455,6,1.091,5,0.909,1,0.182,89.75,2.6540774218618237,1.5590473846661144,0.3728738129977043,-1.079717375214487
849,William Alain André Gabriel Saliba,DEF,France,France,6,494,0,0.0,0,0.0,1,0.182,0,0.0,315,57.389,307,55.931,0,0.0,9,1.64,7,1.275,28,5.101,15,2.733,31,5.648,12,2.186,12,2.186,3,0.547,4,0.729,0,0.0,0,0.0,97.46,3.0820486858949514,0.28547540868074206,0.6488083200779728,-0.9517209750479356
927,Torbjørn Lysaker Heggem,DEF,Norway,Norway,5,493,0,0.0,0,0.0,1,0.183,1,0.183,301,54.949,282,51.481,0,0.0,9,1.643,1,0.183,15,2.738,12,2.191,13,2.373,7,1.278,6,1.095,8,1.46,2,0.365,0,0.0,0,0.0,93.69,1.259284888830993,-1.104867478348202,0.24404516878241297,-1.0287533220485219
1121,Jhon Janer Lucumi,DEF,Colombia,Colombia,5,493,0,0.0,0,0.0,2,0.365,0,0.0,285,52.028,262,47.83,0,0.0,4,0.73,6,1.095,24,4.381,5,0.913,21,3.834,12,2.191,9,1.643,4,0.73,5,0.913,0,0.0,0,0.0,91.93,1.9810122991266708,-0.5489440080115999,0.9984300017319017,-1.206172008192954
941,Leandro Daniel Paredes,MID,Argentina,Argentina,7,491,0,0.0,0,0.0,4,0.733,1,0.183,565,103.564,532,97.515,2,0.367,16,2.933,2,0.367,16,2.933,16,2.933,24,4.399,4,0.733,4,0.733,17,3.116,9,1.65,3,0.55,0,0.0,94.16,2.81882009666512,0.8550052645886308,-2.3165480010054087,-2.0764041296920857
652,Ahmed Ibrahim Yasser,DEF,Egypt,Egypt,5,489,1,0.184,0,0.0,1,0.184,1,0.184,260,47.853,239,43.988,0,0.0,17,3.129,0,0.0,39,7.178,11,2.025,38,6.994,18,3.313,17,3.129,3,0.552,6,1.104,3,0.552,0,0.0,91.92,2.47183667545067,1.1561789417031383,1.850028841662803,-0.30601719131020905
1125,Luis Fernando Diaz,FWD,Colombia,Colombia,5,489,1,0.184,1,0.184,19,3.497,6,1.104,166,30.552,145,26.687,6,1.104,9,1.656,3,0.552,1,0.184,4,0.736,4,0.736,3,0.552,2,0.368,20,3.681,7,1.288,9,1.656,9,1.656,87.35,-4.191350244171295,0.7360371191011732,0.25231126820482525,-0.8442658689155267
237,Noussair Mazraoui,DEF,Morocco,Morocco,6,488,0,0.0,0,0.0,0,0.0,0,0.0,275,50.717,251,46.291,4,0.738,16,2.951,3,0.553,28,5.164,20,3.689,31,5.717,16,2.951,16,2.951,12,2.213,4,0.738,6,1.107,0,0.0,91.27,2.4703951612803188,1.162800209921628,0.7104031954455106,0.2126943749097228
920,Martín Odegaard,MID,Norway,Norway,5,487,0,0.0,3,0.554,9,1.663,3,0.554,367,67.823,322,59.507,16,2.957,16,2.957,2,0.37,1,0.185,6,1.109,11,2.033,1,0.185,1,0.185,17,3.142,3,0.554,4,0.739,0,0.0,87.74,-0.7525015210544241,-0.2379134514478851,-2.569074367596676,-2.1979086209794376
939,Nicolás Alejandro Tagliafico,DEF,Argentina,Argentina,7,487,0,0.0,0,0.0,0,0.0,0,0.0,217,40.103,190,35.113,4,0.739,14,2.587,3,0.554,12,2.218,13,2.402,19,3.511,12,2.218,10,1.848,4,0.739,9,1.663,16,2.957,2,0.37,87.56,0.3877090975752877,0.5865727726803084,0.43786964814800855,0.9981542865619735
743,Alejandro Baena,MID,Spain,Spain,7,486,1,0.185,1,0.185,12,2.222,5,0.926,218,40.37,178,32.963,44,8.148,22,4.074,1,0.185,3,0.556,12,2.222,16,2.963,2,0.37,2,0.37,14,2.593,13,2.407,7,1.296,2,0.37,81.65,-2.4100384407422353,1.3104566386134113,-2.2010671067065184,0.6293962352920406
632,Youri Marion Tielemans,MID,Belgium,Belgium,5,483,2,0.373,0,0.0,11,2.05,3,0.559,255,47.516,221,41.18,14,2.609,14,2.609,3,0.559,4,0.745,13,2.422,18,3.354,7,1.304,7,1.304,7,1.304,7,1.304,10,1.863,1,0.186,86.67,-0.9602109014636846,1.055438704127026,-0.5753269830935973,-0.47152161032637807
248,Issa Laye Lucas Jean Diop,DEF,Morocco,Morocco,5,477,1,0.189,0,0.0,1,0.189,1,0.189,326,61.509,299,56.415,0,0.0,2,0.377,5,0.943,35,6.604,16,3.019,27,5.094,11,2.075,9,1.698,2,0.377,4,0.755,1,0.189,0,0.0,91.72,2.732558678487537,0.33462961770810185,0.6800395005566565,-1.4718522350520122
1147,Nico Oreilly,DEF,England,England,7,476,0,0.0,0,0.0,7,1.324,1,0.189,216,40.84,200,37.815,6,1.134,13,2.458,6,1.134,14,2.647,13,2.458,21,3.971,10,1.891,9,1.702,11,2.08,6,1.134,4,0.756,0,0.0,92.59,0.8595117192424515,0.43496190757674924,0.15769115788672983,0.11444719574529472
1132,Gustavo Adolfo Puerta,DEF,Colombia,Colombia,5,476,0,0.0,1,0.189,14,2.647,5,0.945,290,54.832,264,49.916,2,0.378,9,1.702,2,0.378,10,1.891,12,2.269,17,3.214,4,0.756,4,0.756,9,1.702,9,1.702,8,1.513,0,0.0,91.03,-0.6126352674589124,0.7997150745796454,-0.905048902734621,-1.0316672132859128
835,Lucas Digne,DEF,France,France,6,473,0,0.0,0,0.0,2,0.381,1,0.19,283,53.848,252,47.949,17,3.235,8,1.522,7,1.332,21,3.996,11,2.093,21,3.996,14,2.664,13,2.474,5,0.951,7,1.332,2,0.381,0,0.0,89.05,1.8403671888170638,0.8402430504307576,0.39882131143903554,-0.5910531160714578
1041,Diogo Diogo Costa,GK,Portugal,Portugal,5,472,0,0.0,0,0.0,0,0.0,0,0.0,125,23.835,98,18.686,0,0.0,0,0.0,0,0.0,2,0.381,0,0.0,26,4.958,0,0.0,0,0.0,0,0.0,0,0.0,1,0.191,0,0.0,78.4,-0.040258918053995216,-3.5745749080441422,0.9536650646615243,-0.505642697667777
1053,Renato Renato Veiga,DEF,Portugal,Portugal,5,472,0,0.0,0,0.0,2,0.381,0,0.0,336,64.068,320,61.017,0,0.0,7,1.335,10,1.907,26,4.958,11,2.097,34,6.483,13,2.479,12,2.288,8,1.525,5,0.953,3,0.572,0,0.0,95.24,3.2694744779476053,0.8978803576794879,0.2539609661000241,-1.3171274420771075
658,Ashour Metwaly Emam,MID,Egypt,Egypt,5,469,2,0.384,0,0.0,10,1.919,2,0.384,207,39.723,176,33.774,3,0.576,9,1.727,0,0.0,2,0.384,14,2.687,9,1.727,6,1.151,5,0.959,18,3.454,2,0.384,13,2.495,0,0.0,85.02,-1.6447205549253328,0.10189895851351,-0.4356949601784281,-0.4250700410582293
320,Mc,MID,USA,USA,5,468,0,0.0,0,0.0,5,0.962,1,0.192,220,42.308,173,33.269,11,2.115,11,2.115,0,0.0,10,1.923,5,0.962,5,0.962,4,0.769,4,0.769,12,2.308,8,1.538,2,0.385,0,0.0,78.64,-0.5086496177766489,-1.0508505279374487,-0.09143124903361051,0.08947967414621426
209,Ramsés Alisson,GK,Brazil,Brazil,5,468,0,0.0,0,0.0,0,0.0,0,0.0,132,25.385,107,20.577,0,0.0,0,0.0,0,0.0,2,0.385,0,0.0,26,5.0,0,0.0,0,0.0,1,0.192,0,0.0,0,0.0,0,0.0,81.06,0.05169909674239304,-3.5761173727689664,0.9217878710199638,-0.6071230008879103
211,Gabriel Gabriel Magalhaes,DEF,Brazil,Brazil,5,468,0,0.0,1,0.192,1,0.192,0,0.0,431,82.885,413,79.423,0,0.0,9,1.731,5,0.962,20,3.846,10,1.923,21,4.038,19,3.654,16,3.077,2,0.385,1,0.192,3,0.577,0,0.0,95.82,3.13794960084085,1.0822523733126688,0.4730639925342667,-2.75064880475962
212,MARQUINHOSMarcos,DEF,Brazil,Brazil,5,468,0,0.0,0,0.0,2,0.385,0,0.0,380,73.077,367,70.577,1,0.192,7,1.346,5,0.962,24,4.615,8,1.538,29,5.577,7,1.346,7,1.346,1,0.192,0,0.0,2,0.385,1,0.192,96.58,2.847010730182794,-0.4445243237502261,-0.12794240558569736,-2.2861694092138607
244,Brahim Diaz,FWD,Morocco,Morocco,6,468,0,0.0,3,0.577,6,1.154,1,0.192,165,31.731,142,27.308,8,1.538,7,1.346,2,0.385,0,0.0,7,1.346,7,1.346,0,0.0,0,0.0,33,6.346,3,0.577,10,1.923,0,0.0,86.06,-2.150352712752275,-1.0719076154561793,-1.9207100936286945,-0.4450831968184563
257,Bilal El Khannouss,MID,Morocco,Morocco,6,467,0,0.0,0,0.0,6,1.156,4,0.771,238,45.867,186,35.846,14,2.698,17,3.276,2,0.385,3,0.578,5,0.964,14,2.698,5,0.964,5,0.964,18,3.469,5,0.964,6,1.156,0,0.0,78.15,-0.8377423609278475,-0.16588830023433118,-0.804100844848889,-0.23973507362027963
916,Patrick Berg,MID,Norway,Norway,6,466,0,0.0,2,0.386,3,0.579,0,0.0,174,33.605,161,31.094,13,2.511,17,3.283,1,0.193,9,1.738,13,2.511,9,1.738,1,0.193,1,0.193,11,2.124,4,0.773,2,0.386,0,0.0,92.53,-0.4309574750748417,-1.218480496489554,-1.1698944787007504,0.33495419828610323
120,Maxime Crepeau,GK,Canada,Canada,5,465,0,0.0,0,0.0,0,0.0,0,0.0,123,23.806,92,17.806,0,0.0,0,0.0,0,0.0,2,0.387,0,0.0,24,4.645,0,0.0,0,0.0,0,0.0,1,0.194,1,0.194,0,0.0,74.8,-0.11574514142335617,-3.521725622859143,0.967270751829082,-0.3908222494262149
106,Alistair William Johnston,DEF,Canada,Canada,5,465,0,0.0,0,0.0,5,0.968,2,0.387,240,46.452,184,35.613,24,4.645,10,1.935,6,1.161,23,4.452,10,1.935,29,5.613,15,2.903,14,2.71,7,1.355,5,0.968,4,0.774,0,0.0,76.67,1.2898177167384683,1.2284768526718484,0.46734850823560137,-0.3354035291333058
852,Désiré Nonka-Maho Doue,FWD,France,France,8,463,1,0.194,0,0.0,13,2.527,8,1.555,196,38.099,167,32.462,5,0.972,19,3.693,1,0.194,3,0.583,15,2.916,12,2.333,4,0.778,3,0.583,40,7.775,4,0.778,8,1.555,0,0.0,85.2,-2.394303286992965,1.16036904579369,-1.3792991738742946,-0.051103631286993516
224,Douglas Douglas Santos,DEF,Brazil,Brazil,5,459,0,0.0,0,0.0,2,0.392,0,0.0,275,53.922,256,50.196,6,1.176,29,5.686,8,1.569,12,2.353,12,2.353,22,4.314,1,0.196,1,0.196,1,0.196,3,0.588,2,0.392,1,0.196,93.09,1.869268949577347,-0.48578860048815736,-1.3982514613271677,0.17109898194389608
215,José Vinicius,FWD,Brazil,Brazil,5,459,4,0.784,1,0.196,17,3.333,11,2.157,142,27.843,116,22.745,15,2.941,7,1.373,1,0.196,0,0.0,2,0.392,6,1.176,1,0.196,1,0.196,53,10.392,4,0.784,10,1.961,3,0.588,81.69,-5.86061060908558,1.5190990260645192,-1.413642514227703,-1.798556520769592
1,José Raúl Rangel,GK,Mexico,Mexico,5,457,0,0.0,0,0.0,0,0.0,0,0.0,155,30.525,120,23.632,0,0.0,0,0.0,0,0.0,0,0.0,0,0.0,32,6.302,0,0.0,0,0.0,0,0.0,1,0.197,0,0.0,0,0.0,77.42,0.3597677088466396,-3.427802348252349,0.7803445552129386,-0.7251885929493992
1047,Ronaldo Cristiano Ronaldo,FWD,Portugal,Portugal,5,455,3,0.593,0,0.0,18,3.56,9,1.78,99,19.582,86,17.011,1,0.198,5,0.989,1,0.198,2,0.396,2,0.396,2,0.396,2,0.396,2,0.396,2,0.396,2,0.396,5,0.989,6,1.187,86.87,-4.652926948859863,-0.025408525572366458,1.553778244112351,-1.715914155532355
669,Attia Fahim Marawan Attia,MID,Egypt,Egypt,5,453,0,0.0,0,0.0,4,0.795,0,0.0,357,70.927,313,62.185,8,1.589,20,3.974,1,0.199,25,4.967,12,2.384,15,2.98,1,0.199,1,0.199,4,0.795,8,1.589,1,0.199,0,0.0,87.68,1.8707125576793557,-0.26977200333316226,-1.3857161141396175,-0.3703372576244253
629,Maxim Peter De Cuyper,DEF,Belgium,Belgium,6,449,0,0.0,0,0.0,10,2.004,6,1.203,246,49.31,203,40.69,16,3.207,13,2.606,7,1.403,11,2.205,10,2.004,19,3.808,5,1.002,4,0.802,5,1.002,7,1.403,2,0.401,0,0.0,82.52,-0.02787783237500037,0.7760590429101949,-0.8037335068244834,-0.6531294129775778
342,Juan Jose Caceres,DEF,Paraguay,Paraguay,5,448,0,0.0,0,0.0,2,0.402,1,0.201,129,25.915,80,16.071,9,1.808,39,7.835,4,0.804,33,6.629,20,4.018,25,5.022,13,2.612,12,2.411,11,2.21,9,1.808,6,1.205,0,0.0,62.02,1.5262050538937582,2.0292776996595006,0.34253874038973114,3.128539766946574
25,Roberto Carlos Alvarado,FWD,Mexico,Mexico,5,444,0,0.0,2,0.405,5,1.014,0,0.0,201,40.743,163,33.041,34,6.892,10,2.027,4,0.811,10,2.027,6,1.216,13,2.635,2,0.405,1,0.203,12,2.432,3,0.608,5,1.014,1,0.203,81.09,-0.8896730229607568,-0.6906297203096041,-1.967114694287033,-0.503822061622881
915,David Møller Moller Wolfe,DEF,Norway,Norway,5,444,0,0.0,1,0.203,0,0.0,0,0.0,186,37.703,162,32.838,7,1.419,10,2.027,5,1.014,13,2.635,9,1.824,19,3.851,9,1.824,7,1.419,8,1.622,7,1.419,2,0.405,0,0.0,87.1,0.9704718513633317,-0.3426947036930525,0.226625852591629,0.16862561714066995
838,Emmanuel Boris Kone,MID,France,France,5,443,0,0.0,0,0.0,6,1.219,2,0.406,263,53.431,242,49.165,1,0.203,19,3.86,6,1.219,3,0.609,9,1.828,18,3.657,4,0.813,4,0.813,14,2.844,6,1.219,7,1.422,0,0.0,92.02,0.49895758717314814,0.2593086120381836,-1.1954867886506897,-0.17558245993024796
242,Azz-Eddine Ounahi,MID,Morocco,Morocco,6,440,2,0.409,0,0.0,5,1.023,3,0.614,315,64.432,281,57.477,6,1.227,4,0.818,2,0.409,2,0.409,3,0.614,5,1.023,1,0.205,1,0.205,29,5.932,3,0.614,7,1.432,0,0.0,89.21,-1.1975880990407701,-0.5000938554709945,-1.6329437735477013,-2.1832695261949393
126,Richmond Mamah Laryea,DEF,Canada,Canada,5,438,0,0.0,0,0.0,2,0.411,1,0.205,202,41.507,167,34.315,4,0.822,13,2.671,5,1.027,6,1.233,7,1.438,18,3.699,3,0.616,2,0.411,15,3.082,8,1.644,14,2.877,1,0.205,82.67,-0.2505004393086956,-0.12526145848461254,-1.0687406855317951,0.742510001274081
641,Charles Marc De Ketelaere,FWD,Belgium,Belgium,5,438,3,0.616,0,0.0,6,1.233,5,1.027,91,18.699,72,14.795,5,1.027,14,2.877,0,0.0,5,1.027,15,3.082,12,2.466,18,3.699,17,3.493,10,2.055,2,0.411,3,0.616,2,0.411,79.12,-1.807806888678991,1.5673272284167947,2.610320918850722,-0.04152044734547917
213,Henrique,MID,Brazil,Brazil,5,437,1,0.206,0,0.0,4,0.824,2,0.412,224,46.133,200,41.19,4,0.824,24,4.943,7,1.442,19,3.913,14,2.883,34,7.002,9,1.854,9,1.854,5,1.03,6,1.236,6,1.236,0,0.0,89.29,1.7675431646950701,1.5178025461695577,-0.2504359707746299,0.39725678333617853
660,Hamed Mahrous Mohamed Salah,FWD,Egypt,Egypt,5,437,1,0.206,3,0.618,9,1.854,4,0.824,136,28.009,112,23.066,16,3.295,3,0.618,1,0.206,0,0.0,6,1.236,6,1.236,6,1.236,5,1.03,20,4.119,5,1.03,13,2.677,1,0.206,82.35,-3.4078968960249174,0.4818310245686449,-0.9901917727084677,-0.8975322496082496
1048,Miguel Bruno,MID,Portugal,Portugal,5,436,0,0.0,1,0.206,9,1.858,3,0.619,278,57.385,239,49.335,22,4.541,19,3.922,1,0.206,3,0.619,11,2.271,14,2.89,6,1.239,6,1.239,8,1.651,2,0.413,8,1.651,1,0.206,85.97,-0.7280031907563471,0.7371247742967643,-1.5465676754454083,-0.8563314612694356
114,Jonathan Christian David,FWD,Canada,Canada,5,433,3,0.624,0,0.0,18,3.741,8,1.663,103,21.409,76,15.797,6,1.247,6,1.247,4,0.831,2,0.416,4,0.831,5,1.039,5,1.039,4,0.831,2,0.416,5,1.039,5,1.039,0,0.0,73.79,-3.4833983740246923,0.6250620681481859,0.7586477922330441,-1.2647883125264368
216,GUIMARAESBruno Bruno,MID,Brazil,Brazil,5,428,0,0.0,2,0.421,8,1.682,2,0.421,200,42.056,161,33.855,12,2.523,19,3.995,3,0.631,6,1.262,5,1.051,19,3.995,4,0.841,4,0.841,6,1.262,4,0.841,7,1.472,0,0.0,80.5,-0.6584855588000452,0.05950363919042158,-1.2224755188346115,-0.4493330893510584
1134,Jefferson Andrés Lerma,MID,Colombia,Colombia,5,425,0,0.0,0,0.0,5,1.059,1,0.212,274,58.024,242,51.247,2,0.424,6,1.271,1,0.212,17,3.6,7,1.482,19,4.024,16,3.388,16,3.388,6,1.271,6,1.271,5,1.059,0,0.0,88.32,1.377800287986824,1.0811252757759473,1.4697349136798663,-1.0768325056461474
1169,Tehuti Djed-Hotep Spence,DEF,England,England,8,424,0,0.0,0,0.0,2,0.425,2,0.425,201,42.665,177,37.571,9,1.91,22,4.67,5,1.061,18,3.821,16,3.396,21,4.458,2,0.425,2,0.425,18,3.821,3,0.637,5,1.061,0,0.0,88.06,0.966887777488742,0.1451885067819087,-1.5108672611485032,0.8406392758709779
221,Luiz Danilo,DEF,Brazil,Brazil,5,422,0,0.0,0,0.0,1,0.213,0,0.0,294,62.701,262,55.877,7,1.493,10,2.133,3,0.64,23,4.905,11,2.346,14,2.986,6,1.28,6,1.28,3,0.64,7,1.493,1,0.213,1,0.213,89.12,1.9230720791664615,-0.030168029396167112,-0.10924499104238225,-0.5341564571627145
16,Julián Andrés Quinones,FWD,Mexico,Mexico,5,418,4,0.861,1,0.215,14,3.014,6,1.292,135,29.067,111,23.9,4,0.861,6,1.292,1,0.215,2,0.431,6,1.292,7,1.507,4,0.861,4,0.861,9,1.938,5,1.077,7,1.507,1,0.215,82.22,-3.648634980681821,0.8448254526796409,0.23391535679217992,-1.5951093115281638
193,Dan Ndoye,FWD,Switzerland,Switzerland,6,411,2,0.438,0,0.0,16,3.504,8,1.752,92,20.146,73,15.985,13,2.847,14,3.066,2,0.438,3,0.657,14,3.066,11,2.409,6,1.314,6,1.314,22,4.818,5,1.095,16,3.504,4,0.876,79.35,-4.410358771177398,2.6321649032020527,-0.33710336787452866,0.44150643418536073
1065,Alexandre Nuno,DEF,Portugal,Portugal,5,410,1,0.22,0,0.0,3,0.659,1,0.22,282,61.902,239,52.463,21,4.61,20,4.39,9,1.976,6,1.317,12,2.634,25,5.488,3,0.659,3,0.659,26,5.707,3,0.659,12,2.634,1,0.22,84.75,0.5092907139017429,1.4196173952877669,-3.09636259267859,-0.12410957597999864
344,Júnior Osmar Ignacio Alonso,DEF,Paraguay,Paraguay,5,409,0,0.0,0,0.0,3,0.66,1,0.22,116,25.526,69,15.183,1,0.22,15,3.301,5,1.1,12,2.641,21,4.621,22,4.841,4,0.88,4,0.88,2,0.44,3,0.66,3,0.66,1,0.22,59.48,0.8338839910339864,-0.3646300483095019,0.3305776080283044,1.5596551340234603
1060,Pedro Joao Cancelo,DEF,Portugal,Portugal,5,409,0,0.0,1,0.22,3,0.66,0,0.0,184,40.489,160,35.208,12,2.641,12,2.641,3,0.66,13,2.861,11,2.421,11,2.421,3,0.66,3,0.66,12,2.641,6,1.32,2,0.44,1,0.22,86.96,0.11205877814936686,-0.43378568771496817,-0.8076794878583541,0.32895759519953066
1162,Anthony Michael Gordon,FWD,England,England,6,409,1,0.22,2,0.44,6,1.32,4,0.88,113,24.866,96,21.125,10,2.2,19,4.181,2,0.44,4,0.88,9,1.98,7,1.54,1,0.22,0,0.0,34,7.482,4,0.88,10,2.2,0,0.0,84.96,-2.8188209689903045,0.344261189698614,-2.202057618515318,0.5053526696506665
1055,Pedro Joao Neves,MID,Portugal,Portugal,5,408,1,0.221,0,0.0,3,0.662,1,0.221,261,57.574,247,54.485,2,0.441,18,3.971,5,1.103,3,0.662,8,1.765,12,2.647,3,0.662,3,0.662,6,1.324,1,0.221,4,0.882,0,0.0,94.64,0.7505470490658763,-0.47439763602627233,-1.0602403547279384,-1.0161748408522848
1120,Daniel Munoz,DEF,Colombia,Colombia,5,408,2,0.441,0,0.0,3,0.662,2,0.441,213,46.985,194,42.794,9,1.985,11,2.426,4,0.882,14,3.088,11,2.426,14,3.088,5,1.103,5,1.103,2,0.441,9,1.985,1,0.221,3,0.662,91.08,0.0180456629636062,0.6767048859893817,0.26615517197830546,-0.30319574289304557
111,Stephen Eustaquio,MID,Canada,Canada,5,405,1,0.222,0,0.0,4,0.889,1,0.222,281,62.444,244,54.222,42,9.333,14,3.111,4,0.889,5,1.111,8,1.778,16,3.556,3,0.667,2,0.444,5,1.111,2,0.444,7,1.556,0,0.0,86.83,-0.039909302445437764,0.22996701059020092,-2.752396578307094,-0.9430146765845057
328,Alexander Michael Freeman,DEF,USA,USA,5,404,1,0.223,0,0.0,4,0.891,1,0.223,283,63.045,256,57.03,4,0.891,17,3.787,3,0.668,18,4.01,16,3.564,23,5.124,17,3.787,16,3.564,25,5.569,1,0.223,1,0.223,0,0.0,90.46,2.0110158212141798,2.223625106411157,0.43579751472090167,-0.9448413118545655
873,Krepin Diatta,DEF,Senegal,Senegal,4,404,0,0.0,0,0.0,1,0.223,0,0.0,283,63.045,255,56.807,10,2.228,14,3.119,7,1.559,16,3.564,3,0.668,26,5.792,6,1.337,6,1.337,17,3.787,4,0.891,6,1.337,0,0.0,90.11,1.9542647239207882,0.3513981845043166,-1.289535737169217,-0.8355879010355156
877,Moussa Niakhate,DEF,Senegal,Senegal,4,404,0,0.0,1,0.223,1,0.223,0,0.0,290,64.604,271,60.371,2,0.446,3,0.668,4,0.891,24,5.347,10,2.228,24,5.347,13,2.896,12,2.673,6,1.337,3,0.668,6,1.337,0,0.0,93.45,2.4877333782959377,0.9360256856604358,0.4099284448802456,-1.6724420967814286
1135,Johan Andrés Mojica,DEF,Colombia,Colombia,4,403,0,0.0,0,0.0,3,0.67,2,0.447,202,45.112,161,35.955,12,2.68,7,1.563,5,1.117,20,4.467,7,1.563,21,4.69,8,1.787,8,1.787,1,0.223,1,0.223,7,1.563,1,0.223,79.7,0.8861882205123605,0.16583263327800785,0.3673459410250471,-0.7199412894285753
361,Matias Galarza,MID,Paraguay,Paraguay,4,402,1,0.224,1,0.224,2,0.448,1,0.224,113,25.299,82,18.358,4,0.896,40,8.955,6,1.343,7,1.567,17,3.806,22,4.925,4,0.896,3,0.672,8,1.791,10,2.239,9,2.015,0,0.0,72.57,0.17365933236254302,1.4807463492758108,-1.5676936447828815,3.091114472821366
1058,Pedro Pedro Neto,FWD,Portugal,Portugal,5,401,0,0.0,1,0.224,1,0.224,0,0.0,155,34.788,137,30.748,13,2.918,7,1.571,4,0.898,1,0.224,2,0.449,7,1.571,2,0.449,2,0.449,20,4.489,4,0.898,4,0.898,0,0.0,88.39,-0.8324629670986106,-1.4557379041553506,-1.1045193243311169,-0.19219440083534162
755,José Vozinha,GK,Cabo Verde,Cabo Verde,4,400,0,0.0,0,0.0,0,0.0,0,0.0,166,37.35,117,26.325,0,0.0,0,0.0,1,0.225,0,0.0,0,0.0,41,9.225,0,0.0,0,0.0,1,0.225,0,0.0,3,0.675,0,0.0,70.48,0.9233448453561474,-3.057914633474058,0.34719765525368657,-0.9664998790411562
757,Alberto Diney,DEF,Cabo Verde,Cabo Verde,4,400,0,0.0,0,0.0,4,0.9,2,0.45,195,43.875,158,35.55,0,0.0,17,3.825,5,1.125,40,9.0,11,2.475,29,6.525,12,2.7,12,2.7,4,0.9,2,0.45,0,0.0,0,0.0,81.03,2.7948945827434626,1.2205350207342756,1.4183993624281903,-0.1448972462518706
758,Carlos Pico Lopes,DEF,Cabo Verde,Cabo Verde,4,400,0,0.0,0,0.0,2,0.45,0,0.0,182,40.95,153,34.425,0,0.0,11,2.475,5,1.125,29,6.525,18,4.05,33,7.425,9,2.025,9,2.025,6,1.35,0,0.0,3,0.675,0,0.0,84.07,2.812911316971525,0.3923654399292235,0.6868020671262943,0.21645048733777678
357,Julio Cesar Enciso,FWD,Paraguay,Paraguay,5,399,1,0.226,2,0.451,8,1.805,1,0.226,68,15.338,55,12.406,7,1.579,13,2.932,1,0.226,0,0.0,7,1.579,9,2.03,5,1.128,3,0.677,33,7.444,3,0.677,9,2.03,0,0.0,80.88,-2.8555242350188768,-0.08796997074951694,-1.0651510789557168,0.5528817902226127
367,Alessandro Circati,DEF,Australia,Australia,4,399,0,0.0,0,0.0,3,0.677,0,0.0,221,49.85,177,39.925,1,0.226,16,3.609,8,1.805,23,5.188,10,2.256,32,7.218,15,3.383,14,3.158,8,1.805,5,1.128,4,0.902,0,0.0,80.09,2.8520533515263673,1.7491169196563514,0.9318396138433724,0.11001547687526701
383,Harry James Souttar,DEF,Australia,Australia,4,399,0,0.0,0,0.0,1,0.226,1,0.226,199,44.887,171,38.571,0,0.0,3,0.677,2,0.451,27,6.09,19,4.286,24,5.414,24,5.414,24,5.414,3,0.677,8,1.805,1,0.226,0,0.0,85.93,2.8040491186571046,2.583741306982881,3.4274003008383134,0.17297865706536322
377,Aiden Connor Oneill,MID,Australia,Australia,4,399,0,0.0,0,0.0,2,0.451,0,0.0,172,38.797,142,32.03,8,1.805,12,2.707,3,0.677,15,3.383,6,1.353,12,2.707,2,0.451,2,0.451,10,2.256,2,0.451,8,1.805,0,0.0,82.56,0.21834220836035692,-1.056718666882011,-0.7348586544705674,0.273847926448029
382,Patrick Thomas Beach,GK,Australia,Australia,4,397,0,0.0,0,0.0,0,0.0,0,0.0,122,27.657,79,17.909,0,0.0,0,0.0,0,0.0,0,0.0,0,0.0,28,6.348,0,0.0,0,0.0,0,0.0,0,0.0,0,0.0,0,0.0,64.75,0.23320146283767515,-3.577597560659604,0.917020257990462,-0.6173217412995786
417,Manuel Peter Neuer,GK,Germany,Germany,4,396,0,0.0,0,0.0,0,0.0,0,0.0,129,29.318,118,26.818,0,0.0,0,0.0,0,0.0,1,0.227,0,0.0,29,6.591,0,0.0,0,0.0,0,0.0,0,0.0,2,0.455,0,0.0,91.47,0.3773206796231522,-3.337715599439185,0.6496153874480783,-0.7987464053626925
23,Jesús Daniel Gallardo,DEF,Mexico,Mexico,5,395,0,0.0,0,0.0,4,0.911,0,0.0,167,38.051,140,31.899,19,4.329,8,1.823,6,1.367,23,5.241,13,2.962,26,5.924,8,1.823,8,1.823,9,2.051,7,1.595,3,0.684,0,0.0,83.83,1.5394269286234705,0.8576777265717163,-0.16773967124334854,0.7187624993188959
917,Alexander Sorloth,FWD,Norway,Norway,5,395,0,0.0,0,0.0,5,1.139,0,0.0,110,25.063,88,20.051,5,1.139,8,1.823,2,0.456,3,0.684,2,0.456,5,1.139,15,3.418,14,3.19,14,3.19,6,1.367,2,0.456,2,0.456,80.0,-0.9180818644290517,0.155642923838953,2.3053852231089573,0.37463393693836844
521,Bart Verbruggen,GK,Netherlands,Netherlands,4,394,0,0.0,0,0.0,0,0.0,0,0.0,123,28.096,89,20.33,0,0.0,0,0.0,0,0.0,0,0.0,0,0.0,21,4.797,0,0.0,0,0.0,0,0.0,0,0.0,0,0.0,0,0.0,72.36,0.018203224006789212,-3.6067158848407845,0.8925028913158926,-0.672579430191637
524,Virgil Van Dijk,DEF,Netherlands,Netherlands,4,394,1,0.228,0,0.0,2,0.457,2,0.457,347,79.264,330,75.381,0,0.0,3,0.685,11,2.513,26,5.939,4,0.914,23,5.254,15,3.426,14,3.198,3,0.685,2,0.457,2,0.457,0,0.0,95.1,3.419653132587471,1.8196028900079881,0.7450287731038123,-3.2553822778269197
526,Paul Jan-Paul Van Hecke,DEF,Netherlands,Netherlands,4,394,1,0.228,0,0.0,3,0.685,2,0.457,360,82.234,335,76.523,1,0.228,14,3.198,3,0.685,21,4.797,9,2.056,25,5.711,18,4.112,18,4.112,3,0.685,4,0.914,2,0.457,0,0.0,93.06,3.0231519806871763,2.5516497837300234,1.1009763790276363,-2.282598165279604
542,Denzel Justus Morris Dumfries,DEF,Netherlands,Netherlands,4,394,0,0.0,2,0.457,5,1.142,2,0.457,179,40.888,147,33.579,17,3.883,8,1.827,0,0.0,11,2.513,11,2.513,12,2.741,12,2.741,12,2.741,7,1.599,6,1.371,3,0.685,1,0.228,82.12,-0.5648909015215609,1.1192077619540823,0.46020413477004785,-0.4390152904017904
844,Bradley Jean-Manuel Essolisa Barcola,FWD,France,France,8,394,3,0.685,0,0.0,10,2.284,5,1.142,117,26.726,106,24.213,7,1.599,17,3.883,4,0.914,3,0.685,9,2.056,9,2.056,7,1.599,7,1.599,30,6.853,5,1.142,1,0.228,1,0.228,90.6,-2.474077293215428,1.5839137717745602,-0.047377348585510716,-0.19794762374454372
369,Jordan Jacob Bos,DEF,Australia,Australia,4,392,0,0.0,0,0.0,5,1.148,2,0.459,107,24.566,94,21.582,8,1.837,11,2.526,2,0.459,5,1.148,7,1.607,9,2.066,7,1.607,7,1.607,19,4.362,4,0.918,4,0.918,0,0.0,87.85,-1.0094927284674196,-0.2653231061858493,0.3122652148165923,0.6331670862589039
655,Abdelaziz Moustafa Ramy Rabia,DEF,Egypt,Egypt,5,391,0,0.0,0,0.0,1,0.23,1,0.23,244,56.164,224,51.56,0,0.0,15,3.453,5,1.151,24,5.524,10,2.302,21,4.834,14,3.223,14,3.223,8,1.841,3,0.691,2,0.46,0,0.0,91.8,2.6731301319522447,1.335531280346016,1.031296417923177,-0.586182204093629
1151,Bukayo Ayoyinka Saka,FWD,England,England,7,387,3,0.698,3,0.698,13,3.023,7,1.628,101,23.488,81,18.837,23,5.349,16,3.721,0,0.0,1,0.233,10,2.326,12,2.791,1,0.233,1,0.233,21,4.884,4,0.93,9,2.093,4,0.93,80.2,-5.281876393403039,1.9832874718546363,-1.8991792873420874,-0.8765080164941287
631,Kevin De Bruyne,MID,Belgium,Belgium,5,386,1,0.233,0,0.0,20,4.663,5,1.166,185,43.135,153,35.674,21,4.896,10,2.332,0,0.0,1,0.233,6,1.399,5,1.166,4,0.933,4,0.933,13,3.031,2,0.466,4,0.933,0,0.0,82.7,-2.9866158341096534,0.8210496494817601,-0.956036217723385,-1.421134754085017
989,Alexander Schlager,GK,Austria,Austria,4,386,0,0.0,0,0.0,0,0.0,0,0.0,123,28.679,106,24.715,0,0.0,0,0.0,1,0.233,2,0.466,0,0.0,19,4.43,0,0.0,0,0.0,0,0.0,0,0.0,1,0.233,0,0.0,86.18,0.13627291522205007,-3.4070103457286023,0.7261303561733963,-0.7589827014737035
994,Nicolas Seiwald,MID,Austria,Austria,4,386,0,0.0,1,0.233,3,0.699,0,0.0,153,35.674,141,32.876,3,0.699,18,4.197,3,0.699,7,1.632,5,1.166,15,3.497,3,0.699,3,0.699,3,0.699,1,0.233,1,0.233,0,0.0,92.16,0.46961522354685464,-1.3085025660322638,-0.29530005905733087,-0.14510057863764153
997,Marcel Sabitzer,MID,Austria,Austria,4,386,1,0.233,0,0.0,5,1.166,2,0.466,126,29.378,94,21.917,30,6.995,11,2.565,1,0.233,4,0.933,5,1.166,6,1.399,1,0.233,1,0.233,6,1.399,2,0.466,3,0.699,1,0.233,74.6,-1.9491418078003147,-1.084950543052714,-0.9039102290686102,0.039147543418856186
1008,Konrad Laimer,MID,Austria,Austria,4,386,0,0.0,0,0.0,1,0.233,0,0.0,150,34.974,130,30.311,7,1.632,20,4.663,5,1.166,2,0.466,8,1.865,14,3.264,0,0.0,0,0.0,7,1.632,6,1.399,3,0.699,3,0.699,86.67,-0.06949629807111748,-0.9044487772378285,-0.7723582925768544,1.2226249518377035
108,Luc De Fougerolles,DEF,Canada,Canada,5,385,0,0.0,0,0.0,3,0.701,1,0.234,191,44.649,170,39.74,1,0.234,12,2.805,4,0.935,30,7.013,6,1.403,43,10.052,19,4.442,17,3.974,8,1.87,8,1.87,8,1.87,0,0.0,89.01,2.7786528714900633,2.629737459639159,1.8704694830410646,0.1891094094126212
240,Ayyoub Bouaddi,MID,Morocco,Morocco,5,384,0,0.0,0,0.0,3,0.703,0,0.0,264,61.875,237,55.547,0,0.0,18,4.219,8,1.875,6,1.406,10,2.344,18,4.219,2,0.469,2,0.469,14,3.281,3,0.703,6,1.406,0,0.0,89.77,1.6470994348381562,0.07266635570726501,-1.906977192170323,-0.2866766315643226
245,Ismael Saibari,MID,Morocco,Morocco,5,384,3,0.703,0,0.0,10,2.344,3,0.703,95,22.266,80,18.75,7,1.641,11,2.578,1,0.234,3,0.703,3,0.703,7,1.641,7,1.641,6,1.406,11,2.578,8,1.875,3,0.703,3,0.703,84.21,-3.0349618858958896,0.7909807745699649,1.222205536967306,-0.14052929650348403
1129,Jhon Adolfo Arias,MID,Colombia,Colombia,5,384,1,0.234,0,0.0,9,2.109,4,0.938,240,56.25,227,53.203,6,1.406,23,5.391,3,0.703,2,0.469,8,1.875,18,4.219,2,0.469,1,0.234,21,4.922,5,1.172,2,0.469,0,0.0,94.58,-0.4394295533859649,0.8282114351418323,-1.937624484843699,-0.5996622604287012
3,César Jasib Montes,DEF,Mexico,Mexico,4,383,0,0.0,0,0.0,1,0.235,1,0.235,170,39.948,156,36.658,2,0.47,3,0.705,1,0.235,31,7.285,4,0.94,18,4.23,10,2.35,10,2.35,1,0.235,4,0.94,3,0.705,0,0.0,91.76,1.5797285702082917,-0.22538934225892884,1.8290714988748518,-0.6047428096351317
336,Matthew Andrew Geary Freese,GK,USA,USA,4,382,0,0.0,0,0.0,0,0.0,0,0.0,95,22.382,63,14.843,0,0.0,0,0.0,0,0.0,0,0.0,0,0.0,23,5.419,0,0.0,0,0.0,0,0.0,0,0.0,2,0.471,0,0.0,66.32,-0.17056656455930602,-3.5671635696347077,0.9435268819608549,-0.3493262095672456
315,Christopher Jeffrey Richards,DEF,USA,USA,4,382,0,0.0,0,0.0,1,0.236,0,0.0,291,68.56,277,65.262,0,0.0,7,1.649,3,0.707,27,6.361,13,3.063,29,6.832,19,4.476,17,4.005,2,0.471,8,1.885,3,0.707,0,0.0,95.19,3.750964312233103,2.3729919498281613,1.677248795816052,-0.8213066557273577
325,Timothy Michael Ream,DEF,USA,USA,4,382,0,0.0,0,0.0,0,0.0,0,0.0,298,70.209,281,66.204,0,0.0,5,1.178,6,1.414,26,6.126,11,2.592,18,4.241,4,0.942,4,0.942,5,1.178,0,0.0,2,0.471,0,0.0,94.3,3.1079479493942275,-0.4444222511040018,-0.6189583915000454,-1.7565633670855574
1063,Vitor Vitinha,MID,Portugal,Portugal,5,381,0,0.0,1,0.236,4,0.945,0,0.0,403,95.197,379,89.528,0,0.0,12,2.835,6,1.417,3,0.709,1,0.236,6,1.417,1,0.236,1,0.236,15,3.543,4,0.945,5,1.181,0,0.0,94.04,1.3860152869918274,-0.12988564254596932,-2.830761200353504,-2.884686175280896
121,Tajon Trevor Buchanan,FWD,Canada,Canada,5,380,0,0.0,0,0.0,6,1.421,3,0.711,95,22.5,76,18.0,17,4.026,20,4.737,1,0.237,2,0.474,10,2.368,8,1.895,1,0.237,1,0.237,23,5.447,5,1.184,8,1.895,2,0.474,80.0,-2.4171256018607297,0.0963060613777326,-1.3851078617563122,1.7421600183663484
1043,Rúben Ruben Dias,DEF,Portugal,Portugal,4,380,0,0.0,0,0.0,0,0.0,0,0.0,249,58.974,233,55.184,0,0.0,7,1.658,3,0.711,23,5.447,9,2.132,26,6.158,16,3.789,14,3.316,2,0.474,6,1.421,3,0.711,0,0.0,93.57,3.0387478174538427,1.255233688566493,1.6021999683640857,-0.7343114646515979
5,Johan Felipe Vasquez,DEF,Mexico,Mexico,4,379,0,0.0,0,0.0,1,0.237,0,0.0,237,56.28,221,52.48,0,0.0,6,1.425,1,0.237,25,5.937,6,1.425,18,4.274,13,3.087,12,2.85,6,1.425,0,0.0,2,0.475,0,0.0,93.25,2.2930245559160745,0.054129911030289996,1.5235580749826008,-1.46025936852581
667,Mostafa Ahmed Mohanad Lashin,MID,Egypt,Egypt,4,379,0,0.0,0,0.0,2,0.475,0,0.0,191,45.356,169,40.132,2,0.475,33,7.836,2,0.475,6,1.425,20,4.749,22,5.224,5,1.187,5,1.187,4,0.95,5,1.187,3,0.712,0,0.0,88.48,1.7539796745148133,0.6432694482200856,-0.9524513112716495,1.9984869752506216
930,Antonio Eromonsele Nordby Nusa,FWD,Norway,Norway,6,379,1,0.237,0,0.0,6,1.425,2,0.475,83,19.71,62,14.723,7,1.662,7,1.662,1,0.237,4,0.95,5,1.187,4,0.95,1,0.237,1,0.237,38,9.024,1,0.237,5,1.187,2,0.475,74.7,-2.9195334356733915,-0.9770490656073547,-0.5417363308219484,0.2664669983951648
329,Malik Leon Tillman,MID,USA,USA,5,378,2,0.476,1,0.238,8,1.905,4,0.952,163,38.81,129,30.714,15,3.571,17,4.048,6,1.429,5,1.19,14,3.333,20,4.762,6,1.429,5,1.19,22,5.238,3,0.714,13,3.095,0,0.0,79.14,-1.5750066906215467,2.3882944239043953,-2.093458535306526,-0.012388347420772827
420,Jonathan Glao Tah,DEF,Germany,Germany,4,378,0,0.0,0,0.0,1,0.238,1,0.238,375,89.286,364,86.667,1,0.238,6,1.429,1,0.238,13,3.095,10,2.381,19,4.524,4,0.952,2,0.476,4,0.952,5,1.19,1,0.238,0,0.0,97.07,2.6656919391239913,-0.24727909884001148,-1.2267507214625941,-2.254273974427366
1210,Gideon Mensah,DEF,Ghana,Ghana,4,378,0,0.0,0,0.0,0,0.0,0,0.0,182,43.333,156,37.143,3,0.714,14,3.333,7,1.667,23,5.476,7,1.667,20,4.762,6,1.429,6,1.429,3,0.714,2,0.476,3,0.714,0,0.0,85.71,2.226433886351914,-0.24485754432239348,0.1553864644844436,0.011754386486021829
1207,Antoine Serlom Semenyo,MID,Ghana,Ghana,4,378,0,0.0,0,0.0,6,1.429,0,0.0,68,16.19,52,12.381,5,1.19,11,2.619,0,0.0,0,0.0,3,0.714,9,2.143,7,1.667,7,1.667,18,4.286,6,1.429,4,0.952,4,0.952,76.47,-2.1192765544142427,-0.5274467897128877,1.388235330827268,1.2027622870500254
131,Nikola Vasilj,GK,Bosnia and Herzegovina,Bosnia and Herzegovina,4,375,0,0.0,0,0.0,0,0.0,0,0.0,155,37.2,94,22.56,0,0.0,0,0.0,0,0.0,3,0.72,0,0.0,30,7.2,0,0.0,0,0.0,0,0.0,0,0.0,0,0.0,0,0.0,60.65,0.7165944937083716,-3.363149110445017,0.7182063041146638,-0.9454649019901789
661,Mohamed Zaky Mostafa Zico,MID,Egypt,Egypt,5,375,2,0.48,1,0.24,8,1.92,3,0.72,83,19.92,57,13.68,2,0.48,23,5.52,2,0.48,8,1.92,7,1.68,9,2.16,5,1.2,5,1.2,4,0.96,6,1.44,5,1.2,2,0.48,68.67,-2.1504399663761466,0.8774644011005562,0.4939547984117874,0.7650312371766451
876,Ismaila Sarr,FWD,Senegal,Senegal,4,374,4,0.963,1,0.241,17,4.091,6,1.444,73,17.567,57,13.717,2,0.481,4,0.963,3,0.722,3,0.722,4,0.963,7,1.684,9,2.166,9,2.166,13,3.128,1,0.241,9,2.166,2,0.481,78.08,-4.539531061669088,2.001950344700949,1.28772687887169,-2.0030747387414336
1171,Dominik Livakovic,GK,Croatia,Croatia,4,374,0,0.0,0,0.0,0,0.0,0,0.0,129,31.043,95,22.861,0,0.0,0,0.0,0,0.0,0,0.0,0,0.0,23,5.535,0,0.0,0,0.0,0,0.0,0,0.0,1,0.241,0,0.0,73.64,0.1776180281966347,-3.470361138864996,0.7387991078637107,-0.7709009153318234
1172,Josip Stanisic,DEF,Croatia,Croatia,4,374,0,0.0,2,0.481,0,0.0,0,0.0,162,38.984,140,33.69,5,1.203,10,2.406,4,0.963,14,3.369,9,2.166,12,2.888,6,1.444,6,1.444,3,0.722,0,0.0,4,0.963,1,0.241,86.42,0.5848835532101377,-0.5305272145230567,-0.08427300260906487,-0.6465780445138941
1176,Josip Sutalo,DEF,Croatia,Croatia,4,374,0,0.0,0,0.0,1,0.241,0,0.0,267,64.251,241,57.995,0,0.0,5,1.203,7,1.684,19,4.572,8,1.925,17,4.091,8,1.925,8,1.925,7,1.684,2,0.481,1,0.241,0,0.0,90.26,2.704939031820584,0.06909251536898663,0.16999133521437634,-1.5104553200173685
1184,Ivan Perisic,FWD,Croatia,Croatia,4,374,1,0.241,0,0.0,2,0.481,2,0.481,150,36.096,132,31.765,19,4.572,11,2.647,1,0.241,14,3.369,12,2.888,12,2.888,8,1.925,8,1.925,5,1.203,4,0.963,1,0.241,0,0.0,88.0,0.08744196905393865,0.369866402376438,0.326104512342532,0.20200772118071691
868,Sadio Mane,FWD,Senegal,Senegal,4,372,0,0.0,1,0.242,6,1.452,3,0.726,129,31.21,106,25.645,22,5.323,9,2.177,2,0.484,1,0.242,7,1.694,11,2.661,4,0.968,4,0.968,30,7.258,4,0.968,10,2.419,3,0.726,82.17,-2.826620105187517,0.7568700489480342,-1.5247594309830943,0.276996756746846
531,Cody Mathès Gakpo,FWD,Netherlands,Netherlands,4,371,3,0.728,1,0.243,10,2.426,6,1.456,100,24.259,79,19.164,10,2.426,4,0.97,1,0.243,3,0.728,4,0.97,4,0.97,8,1.941,8,1.941,15,3.639,3,0.728,3,0.728,3,0.728,79.0,-3.9665139128662954,1.1867112584838835,1.1817749203074586,-1.68113191393755
495,Hernán Ismael Galindez,GK,Ecuador,Ecuador,4,370,0,0.0,0,0.0,0,0.0,0,0.0,105,25.541,70,17.027,0,0.0,0,0.0,0,0.0,1,0.243,0,0.0,18,4.378,0,0.0,0,0.0,0,0.0,0,0.0,0,0.0,0,0.0,66.67,-0.11388564691056201,-3.6555503538551837,1.000184558251474,-0.5305669974203221
500,Willian Joel Pacho,DEF,Ecuador,Ecuador,4,370,0,0.0,0,0.0,1,0.243,1,0.243,238,57.892,217,52.784,0,0.0,7,1.703,3,0.73,16,3.892,13,3.162,29,7.054,13,3.162,12,2.919,6,1.459,3,0.73,2,0.486,0,0.0,91.18,2.725689510268807,1.0020837050741056,1.0460783276009222,-0.8415254487261908
509,Pedro Jeampierre Vite,MID,Ecuador,Ecuador,4,370,0,0.0,1,0.243,4,0.973,1,0.243,297,72.243,269,65.432,7,1.703,26,6.324,5,1.216,6,1.459,5,1.216,22,5.351,5,1.216,5,1.216,5,1.216,2,0.486,5,1.216,0,0.0,90.57,1.6473802462754925,0.805348300120646,-1.977874584806327,-1.1883513582224747
517,Moisés Isaac Caicedo,MID,Ecuador,Ecuador,4,370,0,0.0,1,0.243,4,0.973,1,0.243,295,71.757,264,64.216,16,3.892,18,4.378,3,0.73,9,2.189,10,2.432,22,5.351,4,0.973,3,0.73,4,0.973,5,1.216,4,0.973,0,0.0,89.49,1.4327819201099723,0.7729617998317433,-2.2259345202376237,-0.8887207522769378
513,Gonzalo Jordy Plata,FWD,Ecuador,Ecuador,4,370,1,0.243,0,0.0,8,1.946,5,1.216,147,35.757,118,28.703,9,2.189,11,2.676,2,0.486,1,0.243,9,2.189,12,2.919,3,0.73,3,0.73,23,5.595,5,1.216,4,0.973,0,0.0,80.27,-1.9162932602803928,0.5556204023225481,-0.9159333255347414,-0.08614176935800899
840,Aurélien Djani Tchouameni,MID,France,France,4,370,0,0.0,1,0.243,3,0.73,0,0.0,254,61.784,239,58.135,2,0.486,24,5.838,3,0.73,11,2.676,13,3.162,23,5.595,9,2.189,9,2.189,1,0.243,4,0.973,3,0.73,0,0.0,94.09,2.301176536028372,1.2365832144656956,-0.5689552456842303,-0.1883680132727596
574,Gustaf Johan Lagerbielke,DEF,Sweden,Sweden,4,369,0,0.0,0,0.0,3,0.732,1,0.244,206,50.244,173,42.195,1,0.244,13,3.171,2,0.488,29,7.073,9,2.195,26,6.341,11,2.683,10,2.439,2,0.488,1,0.244,3,0.732,1,0.244,83.98,2.255713123456309,0.7522487586018006,1.283903746754897,-0.5377392956038124
589,Viktor Einar Gyokeres,FWD,Sweden,Sweden,4,369,1,0.244,1,0.244,12,2.927,6,1.463,70,17.073,48,11.707,1,0.244,4,0.976,0,0.0,4,0.976,4,0.976,3,0.732,11,2.683,6,1.463,4,0.976,4,0.976,7,1.707,1,0.244,68.57,-3.403168915103632,0.6680135171310959,1.6941653311209497,-0.7638622175561296
547,Zion Suzuki,GK,Japan,Japan,4,368,0,0.0,0,0.0,0,0.0,0,0.0,109,26.658,76,18.587,0,0.0,0,0.0,0,0.0,2,0.489,0,0.0,24,5.87,0,0.0,0,0.0,0,0.0,0,0.0,1,0.245,0,0.0,69.72,0.16202288110475732,-3.4962267840549237,0.8910874380103782,-0.5664379192893328
567,Hiroki Ito,DEF,Japan,Japan,4,368,0,0.0,0,0.0,1,0.245,0,0.0,199,48.668,178,43.533,10,2.446,15,3.668,2,0.489,22,5.38,8,1.957,16,3.913,6,1.467,6,1.467,2,0.489,7,1.712,0,0.0,0,0.0,89.45,1.8164933142596724,0.032105311253971966,0.08809119858633539,0.4188913384837194
1067,Lionel Nzau Mpasi,GK,Congo DR,Congo DR,4,368,0,0.0,0,0.0,0,0.0,0,0.0,139,33.995,94,22.989,0,0.0,0,0.0,0,0.0,1,0.245,0,0.0,23,5.625,0,0.0,0,0.0,0,0.0,0,0.0,0,0.0,0,0.0,67.63,0.33511734276296185,-3.4814044620471027,0.759787795800074,-0.8746804452188158
1070,Axel Tuanzebe,DEF,Congo DR,Congo DR,4,368,0,0.0,0,0.0,0,0.0,0,0.0,155,37.908,140,34.239,0,0.0,5,1.223,4,0.978,24,5.87,9,2.201,16,3.913,3,0.734,3,0.734,5,1.223,3,0.734,3,0.734,0,0.0,90.32,1.6219657387915298,-1.049168372356025,0.294974549649876,0.06732685239784957
1088,Mangulu Chancel Mbemba,DEF,Congo DR,Congo DR,4,368,0,0.0,0,0.0,1,0.245,0,0.0,162,39.62,130,31.793,4,0.978,6,1.467,3,0.734,23,5.625,9,2.201,19,4.647,6,1.467,6,1.467,5,1.223,1,0.245,3,0.734,0,0.0,80.25,1.6009455494769693,-0.6939447132479896,0.6368988029571,-0.14784815443291333
1086,Yoane Wissa,FWD,Congo DR,Congo DR,4,368,3,0.734,0,0.0,11,2.69,3,0.734,69,16.875,60,14.674,2,0.489,1,0.245,0,0.0,2,0.489,4,0.978,6,1.467,6,1.467,6,1.467,8,1.957,5,1.223,9,2.201,1,0.245,86.96,-3.431569958179267,0.3337065060968494,1.3311286449446977,-0.5927217689402787
117,Derek Austin Cornelius,DEF,Canada,Canada,4,367,0,0.0,0,0.0,5,1.226,1,0.245,170,41.689,151,37.03,1,0.245,9,2.207,3,0.736,26,6.376,9,2.207,32,7.847,18,4.414,18,4.414,0,0.0,4,0.981,3,0.736,0,0.0,88.82,2.5532909085321993,2.0087142609444912,2.656764371601698,-0.33089011358082204
433,Florian Richard Wirtz,MID,Germany,Germany,4,367,0,0.0,3,0.736,10,2.452,1,0.245,271,66.458,223,54.687,12,2.943,14,3.433,1,0.245,1,0.245,10,2.452,14,3.433,2,0.49,2,0.49,25,6.131,1,0.245,3,0.736,1,0.245,82.29,-1.0196816442390326,0.563511700727891,-2.953577928769524,-1.8896712283303525
469,Yahia Fofana,GK,Côte d'Ivoire,Côte d'Ivoire,4,367,0,0.0,0,0.0,0,0.0,0,0.0,114,27.956,74,18.147,0,0.0,0,0.0,0,0.0,0,0.0,0,0.0,26,6.376,0,0.0,0,0.0,0,0.0,0,0.0,3,0.736,0,0.0,64.91,0.07628814454370492,-3.387020303048117,0.7279987799366672,-0.524581428555434
924,Fredrik Aursnes,MID,Norway,Norway,6,367,0,0.0,0,0.0,2,0.49,0,0.0,178,43.651,158,38.747,4,0.981,23,5.64,3,0.736,12,2.943,4,0.981,16,3.924,6,1.471,6,1.471,4,0.981,5,1.226,3,0.736,0,0.0,88.76,1.2005447946479137,-0.073722829247702,-0.07551771821709392,0.6444336021094624
964,Aissa Mandi,DEF,Algeria,Algeria,4,367,0,0.0,0,0.0,0,0.0,0,0.0,382,93.678,357,87.548,0,0.0,4,0.981,1,0.245,23,5.64,5,1.226,18,4.414,7,1.717,7,1.717,4,0.981,0,0.0,5,1.226,0,0.0,93.46,3.1658220578391187,-0.08285660390056192,-0.5022902688851437,-3.088144801156605
983,Selmane Rami Bensebaini,DEF,Algeria,Algeria,4,367,0,0.0,0,0.0,2,0.49,0,0.0,385,94.414,359,88.038,0,0.0,10,2.452,8,1.962,13,3.188,11,2.698,23,5.64,10,2.452,9,2.207,6,1.471,1,0.245,5,1.226,0,0.0,93.25,3.8003601586282176,1.4356177133544326,-1.1227712142266977,-2.5084078546548083
972,Fares Chaibi,MID,Algeria,Algeria,4,367,0,0.0,0,0.0,9,2.207,3,0.736,244,59.837,220,53.951,7,1.717,11,2.698,0,0.0,5,1.226,11,2.698,9,2.207,6,1.471,4,0.981,10,2.452,3,0.736,2,0.49,1,0.245,90.16,-0.3257031280875118,0.43626648946126273,-0.5398854027584078,-1.0788753837859435
575,Victor Jörgen Lindelof,DEF,Sweden,Sweden,4,366,0,0.0,0,0.0,2,0.492,0,0.0,200,49.18,190,46.721,0,0.0,5,1.23,2,0.492,18,4.426,3,0.738,15,3.689,6,1.475,5,1.23,6,1.475,3,0.738,0,0.0,0,0.0,95.0,1.495053771519501,-1.0514396855252985,0.6905264440736246,-1.0505482954629135
863,Idrissa Gana Gueye,MID,Senegal,Senegal,4,366,0,0.0,0,0.0,5,1.23,1,0.246,270,66.393,243,59.754,1,0.246,12,2.951,2,0.492,4,0.984,7,1.721,15,3.689,4,0.984,4,0.984,5,1.23,2,0.492,2,0.492,0,0.0,90.0,1.1445571950864941,-0.4603192559092104,-0.6753913604419568,-1.3867425966015954
317,Antonee Robinson,DEF,USA,USA,4,365,0,0.0,0,0.0,0,0.0,0,0.0,221,54.493,181,44.63,18,4.438,22,5.425,5,1.233,15,3.699,8,1.973,20,4.932,6,1.479,5,1.233,20,4.932,4,0.986,1,0.247,0,0.0,81.9,1.6759507572957046,0.5575607330359427,-1.5791267907538746,0.5361818421492913
27,Ronwen Hayden Williams,GK,South Africa,South Africa,4,364,0,0.0,0,0.0,0,0.0,0,0.0,237,58.599,179,44.258,0,0.0,0,0.0,1,0.247,1,0.247,0,0.0,20,4.945,0,0.0,0,0.0,0,0.0,0,0.0,0,0.0,0,0.0,75.53,1.065878393063298,-3.0181751536258576,-0.008137630015386667,-1.9475425915075795
40,Mbekezeli Mfanufikile Mbokazi,DEF,South Africa,South Africa,4,364,0,0.0,0,0.0,4,0.989,1,0.247,213,52.665,185,45.742,2,0.495,17,4.203,9,2.225,21,5.192,6,1.484,22,5.44,7,1.731,7,1.731,10,2.473,3,0.742,5,1.236,1,0.247,86.85,1.9572098497227333,1.1845636227508471,-0.3878305559013564,-0.32019354192777244
46,Khuliso Johnson Mudau,DEF,South Africa,South Africa,4,364,0,0.0,0,0.0,0,0.0,0,0.0,187,46.236,168,41.538,5,1.236,12,2.967,8,1.978,19,4.698,10,2.473,19,4.698,0,0.0,0,0.0,11,2.72,4,0.989,10,2.473,1,0.247,89.84,1.380547669600323,-0.034803023691000474,-1.7316357193141463,0.5947760845396568
47,Ime Daniel Okon,DEF,South Africa,South Africa,4,364,0,0.0,0,0.0,1,0.247,0,0.0,280,69.231,257,63.544,0,0.0,3,0.742,3,0.742,18,4.451,7,1.731,24,5.934,10,2.473,10,2.473,4,0.989,1,0.247,0,0.0,0,0.0,91.79,3.00102052268926,-0.02726960838942961,0.823569168318276,-2.085305326344997
188,Denis Lemi Zakaria,MID,Switzerland,Switzerland,4,364,0,0.0,0,0.0,5,1.236,2,0.495,185,45.742,160,39.56,14,3.462,11,2.72,9,2.225,7,1.731,9,2.225,23,5.687,6,1.484,4,0.989,12,2.967,4,0.989,0,0.0,1,0.247,86.49,0.9743509846663683,0.6366910262309275,-0.8563196446514284,-0.30203957620559124
6,Erik Antonio Lira,MID,Mexico,Mexico,4,363,0,0.0,1,0.248,0,0.0,0,0.0,199,49.339,182,45.124,2,0.496,13,3.223,4,0.992,5,1.24,7,1.736,13,3.223,2,0.496,1,0.248,4,0.992,3,0.744,4,0.992,0,0.0,91.46,0.8729888569025109,-1.0540137442724606,-1.12959654732672,-0.3854369187392712
140,Ermedin Demirovic,FWD,Bosnia and Herzegovina,Bosnia and Herzegovina,4,363,0,0.0,0,0.0,4,0.992,4,0.992,39,9.669,29,7.19,0,0.0,6,1.488,0,0.0,7,1.736,6,1.488,4,0.992,11,2.727,10,2.479,5,1.24,11,2.727,3,0.744,1,0.248,74.36,-1.7340400410544634,0.39361125456791257,2.659667404419961,1.4652955730923973
581,Alexander Isak,FWD,Sweden,Sweden,4,362,1,0.249,3,0.746,8,1.989,6,1.492,81,20.138,65,16.16,4,0.994,5,1.243,0,0.0,1,0.249,3,0.746,5,1.243,3,0.746,2,0.497,7,1.74,4,0.994,1,0.249,5,1.243,80.25,-4.187627602420777,-0.12245416354639801,0.7162098881756643,-1.5392697344439186
1164,Azuka Tristan Madueke,FWD,England,England,5,362,0,0.0,0,0.0,6,1.492,1,0.249,94,23.37,82,20.387,22,5.47,4,0.994,1,0.249,1,0.249,7,1.74,2,0.497,2,0.497,2,0.497,22,5.47,2,0.497,3,0.746,1,0.249,87.23,-2.2259958041450676,-1.191309642247151,-0.7958047508586767,0.38858273969617296
1161,Morgan Elliot Rogers,MID,England,England,7,362,0,0.0,1,0.249,3,0.746,1,0.249,121,30.083,102,25.359,6,1.492,11,2.735,0,0.0,3,0.746,7,1.74,7,1.74,7,1.74,7,1.74,13,3.232,5,1.243,5,1.243,2,0.497,84.3,-1.339583330694712,-0.0716915526940287,0.4439127458304138,0.49369193351266144
1128,James David Rodriguez,MID,Colombia,Colombia,5,362,0,0.0,0,0.0,6,1.492,3,0.746,237,58.923,199,49.475,17,4.227,5,1.243,0,0.0,0,0.0,4,0.994,3,0.746,0,0.0,0,0.0,3,0.746,0,0.0,5,1.243,0,0.0,83.97,-1.1461145254041785,-1.3754343884283895,-1.4392031960107958,-1.7590636935859383
2,Jorge Eduardo Sanchez,DEF,Mexico,Mexico,4,362,0,0.0,1,0.249,1,0.249,1,0.249,131,32.569,121,30.083,5,1.243,14,3.481,1,0.249,5,1.243,14,3.481,12,2.983,1,0.249,1,0.249,8,1.989,5,1.243,1,0.249,1,0.249,92.37,-0.14570151636586717,-0.8615745817385518,-0.7002439993721676,0.9139450604781877
316,Tyler Shaan Adams,MID,USA,USA,4,361,0,0.0,0,0.0,0,0.0,0,0.0,231,57.59,211,52.604,0,0.0,16,3.989,4,0.997,22,5.485,6,1.496,25,6.233,6,1.496,5,1.247,4,0.997,5,1.247,6,1.496,0,0.0,91.34,2.546301147070117,0.35241397336833075,-0.3833375980450153,-0.08064625697949915
1068,Wan Wan-Bissaka,DEF,Congo DR,Congo DR,4,361,0,0.0,0,0.0,0,0.0,0,0.0,137,34.155,109,27.175,7,1.745,10,2.493,9,2.244,29,7.23,5,1.247,21,5.235,4,0.997,4,0.997,10,2.493,1,0.249,1,0.249,1,0.249,79.56,1.9997572909318835,-0.493722744928553,0.09873835884545047,0.07413294038356259
422,Joshua Walter Kimmich,DEF,Germany,Germany,4,359,0,0.0,2,0.501,5,1.253,1,0.251,368,92.256,336,84.234,25,6.267,12,3.008,7,1.755,8,2.006,8,2.006,24,6.017,3,0.752,3,0.752,3,0.752,0,0.0,7,1.755,0,0.0,91.3,1.7985597713679027,1.2238182117247276,-3.8262294292362338,-3.0749705158080816
984,Ibrahim Maza,MID,Algeria,Algeria,4,359,0,0.0,0,0.0,11,2.758,3,0.752,141,35.348,111,27.827,1,0.251,11,2.758,1,0.251,1,0.251,4,1.003,5,1.253,3,0.752,3,0.752,26,6.518,1,0.251,5,1.253,0,0.0,78.72,-2.072203163237849,-0.380721290176537,-0.5905001698938609,-0.39342142297406285
423,Kai Lukas Havertz,FWD,Germany,Germany,4,357,3,0.756,0,0.0,12,3.025,7,1.765,117,29.496,101,25.462,3,0.756,6,1.513,2,0.504,2,0.504,6,1.513,4,1.008,16,4.034,16,4.034,8,2.017,3,0.756,4,1.008,1,0.252,86.32,-2.949983282899607,2.773831561374892,2.642848998116392,-1.8242788682607267
760,Lenini Kevin Pina,MID,Cabo Verde,Cabo Verde,4,357,1,0.252,0,0.0,5,1.261,1,0.252,156,39.328,134,33.782,1,0.252,21,5.294,1,0.252,13,3.277,12,3.025,30,7.563,7,1.765,7,1.765,6,1.513,5,1.261,3,0.756,0,0.0,85.9,1.1641963233660577,0.9838516728426283,0.24780988085033942,0.8016532346328008
314,Sergiño Gianni Dest,DEF,USA,USA,5,354,0,0.0,1,0.254,3,0.763,1,0.254,102,25.932,89,22.627,7,1.78,4,1.017,1,0.254,0,0.0,7,1.78,4,1.017,0,0.0,0,0.0,20,5.085,2,0.508,4,1.017,0,0.0,87.25,-1.7215195612596872,-1.7563246277636066,-0.9971603165369207,0.06968640275257383
476,Franck Yannick Kessie,MID,Côte d'Ivoire,Côte d'Ivoire,4,354,1,0.254,0,0.0,4,1.017,2,0.508,188,47.797,165,41.949,4,1.017,14,3.559,0,0.0,2,0.508,4,1.017,7,1.78,2,0.508,2,0.508,5,1.271,7,1.78,2,0.508,1,0.254,87.77,-0.847456580536904,-0.4829123638615186,-0.28220083647870575,-0.24995137821231064
647,Nicolas Thierry Raskin,MID,Belgium,Belgium,6,354,0,0.0,0,0.0,2,0.508,1,0.254,230,58.475,197,50.085,8,2.034,18,4.576,1,0.254,12,3.051,11,2.797,17,4.322,5,1.271,5,1.271,3,0.763,12,3.051,3,0.763,0,0.0,85.65,1.380890551180919,1.0084339913197913,-0.7445249046462858,1.0383430340762871
439,Felix Kalu Nmecha,MID,Germany,Germany,4,352,1,0.256,0,0.0,8,2.045,3,0.767,131,33.494,120,30.682,2,0.511,24,6.136,3,0.767,8,2.045,7,1.79,24,6.136,5,1.278,5,1.278,14,3.58,3,0.767,3,0.767,0,0.0,91.6,-0.19154165457205863,0.9730769868233589,-0.399173497185082,0.39205713516431406
951,Nicolas Ivan Gonzalez,MID,Argentina,Argentina,7,351,0,0.0,0,0.0,7,1.795,1,0.256,109,27.949,90,23.077,9,2.308,8,2.051,4,1.026,13,3.333,2,0.513,10,2.564,13,3.333,12,3.077,18,4.615,4,1.026,3,0.769,2,0.513,82.57,-0.6750496051801399,1.0963730641026916,1.6285673325111756,0.04430848697515027
528,Ryan Jiro Gravenberch,MID,Netherlands,Netherlands,4,350,0,0.0,2,0.514,5,1.286,0,0.0,126,32.4,111,28.543,5,1.286,9,2.314,5,1.286,1,0.257,11,2.829,13,3.343,3,0.771,3,0.771,12,3.086,5,1.286,3,0.771,0,0.0,88.1,-0.37534031609461277,-0.15570059891041194,-1.175170848500995,0.19690316240008618
672,Mohamed Abdelsalam Omar,FWD,Egypt,Egypt,5,350,0,0.0,0,0.0,11,2.829,1,0.257,77,19.8,65,16.714,5,1.286,3,0.771,2,0.514,0,0.0,4,1.029,5,1.286,2,0.514,1,0.257,18,4.629,3,0.771,8,2.057,0,0.0,84.42,-2.414530382385792,-0.9903397118831054,-0.410871315795163,0.31649609245861976
993,Stefan Posch,DEF,Austria,Austria,4,350,0,0.0,0,0.0,3,0.771,0,0.0,132,33.943,98,25.2,2,0.514,22,5.657,1,0.257,18,4.629,13,3.343,12,3.086,9,2.314,9,2.314,3,0.771,7,1.8,3,0.771,0,0.0,74.24,1.1326202070782807,0.9264851846256615,0.8800379168335698,1.985712037177125
32,Aubrey Maphosa Modiba,DEF,South Africa,South Africa,4,348,0,0.0,0,0.0,5,1.293,1,0.259,139,35.948,115,29.741,8,2.069,15,3.879,2,0.517,8,2.069,11,2.845,7,1.81,0,0.0,0,0.0,6,1.552,4,1.034,6,1.552,2,0.517,82.73,-0.7983171451649277,-0.44346108179456817,-0.9255899419498168,1.029454283109885
252,Chadi Riad,DEF,Morocco,Morocco,4,348,0,0.0,0,0.0,1,0.259,0,0.0,226,58.448,212,54.828,0,0.0,7,1.81,2,0.517,17,4.397,8,2.069,25,6.466,9,2.328,5,1.293,7,1.81,0,0.0,1,0.259,0,0.0,93.81,2.5355565503121182,-0.41449516335337316,0.37299179427997775,-1.3030390684517468
372,Connor Isaac Metcalfe,MID,Australia,Australia,4,347,1,0.259,0,0.0,5,1.297,2,0.519,80,20.749,65,16.859,8,2.075,9,2.334,2,0.519,5,1.297,12,3.112,15,3.89,6,1.556,6,1.556,3,0.778,1,0.259,0,0.0,0,0.0,81.25,-0.45653140302659334,-0.4087502203161018,0.9273816211789379,0.28272273978939505
497,Piero Martin Hincapie,DEF,Ecuador,Ecuador,4,347,0,0.0,0,0.0,3,0.778,0,0.0,189,49.02,160,41.499,15,3.89,23,5.965,6,1.556,16,4.15,7,1.816,29,7.522,12,3.112,11,2.853,7,1.816,5,1.297,4,1.037,0,0.0,84.66,2.301486606374883,2.027481838576217,-0.2240870408368548,0.709852765170628
590,Yasin Ayari,MID,Sweden,Sweden,4,347,2,0.519,0,0.0,7,1.816,3,0.778,107,27.752,84,21.787,17,4.409,12,3.112,2,0.519,5,1.297,10,2.594,18,4.669,6,1.556,6,1.556,11,2.853,4,1.037,8,2.075,0,0.0,78.5,-1.6635941916049006,1.341184462677194,-0.49629158486097336,0.3646243969552111
135,Sead Kolasinac,DEF,Bosnia and Herzegovina,Bosnia and Herzegovina,4,345,0,0.0,1,0.261,0,0.0,0,0.0,173,45.13,141,36.783,9,2.348,15,3.913,6,1.565,14,3.652,8,2.087,22,5.739,5,1.304,5,1.304,5,1.304,6,1.565,4,1.043,0,0.0,81.5,1.639112673960244,0.48536402110102034,-0.9115948156272808,0.4961014988522905
1149,John Stones,DEF,England,England,5,345,0,0.0,0,0.0,1,0.261,0,0.0,184,48.0,178,46.435,0,0.0,3,0.783,2,0.522,20,5.217,8,2.087,13,3.391,10,2.609,10,2.609,3,0.783,1,0.261,1,0.261,0,0.0,96.74,1.9941041992810173,-0.2471195886949391,1.5530467764498095,-1.0323859826925184
649,Nathan Ngoy,DEF,Belgium,Belgium,4,344,0,0.0,0,0.0,1,0.262,0,0.0,219,57.297,205,53.634,0,0.0,8,2.093,8,2.093,23,6.017,12,3.14,22,5.756,6,1.57,4,1.047,12,3.14,6,1.57,1,0.262,0,0.0,93.61,3.073333768198227,0.7727646979167412,-0.6031341611756869,-0.15640624235655456
992,Xaver Schlager,MID,Austria,Austria,4,343,0,0.0,1,0.262,1,0.262,0,0.0,138,36.21,130,34.111,1,0.262,21,5.51,4,1.05,7,1.837,15,3.936,16,4.198,4,1.05,4,1.05,11,2.886,6,1.574,0,0.0,0,0.0,94.2,1.2023242489728776,0.270313152271475,-0.8502441281685401,1.4505497190991992
774,Isaac Ryan,FWD,Cabo Verde,Cabo Verde,4,337,0,0.0,0,0.0,6,1.602,0,0.0,82,21.899,70,18.694,5,1.335,11,2.938,0,0.0,11,2.938,5,1.335,9,2.404,6,1.602,6,1.602,11,2.938,1,0.267,2,0.534,2,0.534,85.37,-0.8825206156151554,-0.7342778783553654,1.2085776910156738,0.5310106778355075
479,Yan Diomande,FWD,Côte d'Ivoire,Côte d'Ivoire,4,335,0,0.0,1,0.269,4,1.075,0,0.0,142,38.149,127,34.119,21,5.642,14,3.761,2,0.537,0,0.0,10,2.687,14,3.761,3,0.806,3,0.806,32,8.597,2,0.537,7,1.881,0,0.0,89.44,-1.167331383831191,0.3690791748980468,-2.791154468341923,0.6774103699441987
1074,Samuel Alain Moutoussamy,MID,Congo DR,Congo DR,4,335,0,0.0,0,0.0,3,0.806,0,0.0,147,39.493,122,32.776,1,0.269,23,6.179,1,0.269,4,1.075,7,1.881,17,4.567,2,0.537,1,0.269,4,1.075,8,2.149,1,0.269,0,0.0,82.99,0.6964069355860114,-0.5543775433022348,-0.5955607355874394,1.6066165626394222
577,Gabriel Johan Gudmundsson,DEF,Sweden,Sweden,4,334,0,0.0,0,0.0,0,0.0,0,0.0,147,39.611,112,30.18,5,1.347,10,2.695,0,0.0,14,3.772,13,3.503,15,4.042,6,1.617,6,1.617,4,1.078,5,1.347,7,1.886,0,0.0,76.19,0.931612874833614,0.06593676416834642,0.21786000775689854,1.229820240119833
979,Rafik Belghali,DEF,Algeria,Algeria,4,334,1,0.269,0,0.0,3,0.808,1,0.269,183,49.311,168,45.269,5,1.347,10,2.695,1,0.269,5,1.347,9,2.425,10,2.695,2,0.539,2,0.539,8,2.156,4,1.078,2,0.539,0,0.0,91.8,0.050090542207118074,-0.49784859460430114,-0.728803607952524,-0.37770714515234777
1143,Luis Javier Suarez,FWD,Colombia,Colombia,5,334,0,0.0,1,0.269,9,2.425,0,0.0,53,14.281,39,10.509,3,0.808,8,2.156,0,0.0,1,0.269,4,1.078,6,1.617,6,1.617,4,1.078,6,1.617,7,1.886,8,2.156,1,0.269,73.58,-2.3639361732784083,-0.2596324055032205,0.6458533475592998,1.1414013427220822
561,Daichi Kamada,MID,Japan,Japan,4,333,2,0.541,0,0.0,3,0.811,2,0.541,200,54.054,170,45.946,4,1.081,12,3.243,2,0.541,3,0.811,7,1.892,6,1.622,0,0.0,0,0.0,3,0.811,2,0.541,4,1.081,1,0.27,85.0,-0.7819786263239991,-0.5141641251859602,-0.9727342123683836,-1.124489586262815
736,Fabian Ruiz,MID,Spain,Spain,8,333,1,0.27,0,0.0,8,2.162,2,0.541,297,80.27,266,71.892,7,1.892,11,2.973,2,0.541,5,1.351,6,1.622,9,2.432,2,0.541,2,0.541,8,2.162,1,0.27,3,0.811,0,0.0,89.56,0.2896158158634911,0.3099847520528459,-1.824768428010119,-2.5137892140375366
541,Frenkie De Jong,MID,Netherlands,Netherlands,4,332,0,0.0,0,0.0,1,0.271,0,0.0,243,65.873,224,60.723,0,0.0,19,5.151,7,1.898,8,2.169,6,1.627,15,4.066,1,0.271,1,0.271,7,1.898,6,1.627,6,1.627,0,0.0,92.18,1.9747281125046987,0.26243007496287585,-2.075269337163551,0.03862470303005471
341,Omar Federico Alderete,DEF,Paraguay,Paraguay,4,331,0,0.0,0,0.0,1,0.272,0,0.0,97,26.375,70,19.033,0,0.0,1,0.272,2,0.544,37,10.06,7,1.903,12,3.263,10,2.719,9,2.447,1,0.272,2,0.544,3,0.816,0,0.0,72.16,1.7293084897787627,-0.21848338012266033,2.531033367582553,0.1901918163891689
564,Ayase Ueda,FWD,Japan,Japan,4,331,2,0.544,1,0.272,9,2.447,4,1.088,35,9.517,26,7.069,1,0.272,4,1.088,0,0.0,1,0.272,0,0.0,2,0.544,12,3.263,11,2.991,4,1.088,6,1.631,4,1.088,1,0.272,74.29,-3.562240135906205,0.9994908268641729,2.8080563597812955,-0.6663301143304567
1168,Reece Lewis James,DEF,England,England,5,331,0,0.0,0,0.0,1,0.272,0,0.0,188,51.118,173,47.039,11,2.991,11,2.991,3,0.816,10,2.719,10,2.719,14,3.807,7,1.903,5,1.36,3,0.816,3,0.816,1,0.272,0,0.0,92.02,1.6079731851650356,-0.07565551208445083,-0.28315320931119414,-0.09920058601857737
1180,Luka Modric,MID,Croatia,Croatia,4,331,0,0.0,1,0.272,1,0.272,0,0.0,248,67.432,225,61.178,9,2.447,15,4.079,4,1.088,5,1.36,5,1.36,9,2.447,0,0.0,0,0.0,5,1.36,4,1.088,3,0.816,0,0.0,90.73,1.0168591404840508,-0.5980368312745756,-2.3888113578160493,-0.926444843382865
148,Nikola Katic,DEF,Bosnia and Herzegovina,Bosnia and Herzegovina,4,328,0,0.0,0,0.0,2,0.549,0,0.0,165,45.274,148,40.61,0,0.0,15,4.116,1,0.274,24,6.585,18,4.939,20,5.488,17,4.665,16,4.39,1,0.274,4,1.098,0,0.0,0,0.0,89.7,3.125193400326925,2.2912616266927466,2.415138898935814,0.8245830732139785
435,Leroy Aziz Sane,MID,Germany,Germany,4,328,1,0.274,0,0.0,6,1.646,2,0.549,189,51.86,161,44.177,11,3.018,8,2.195,1,0.274,3,0.823,9,2.47,8,2.195,1,0.274,0,0.0,24,6.585,3,0.823,2,0.549,1,0.274,85.19,-1.3189246184821828,-0.05818738041021118,-1.7107775856323892,-0.6901492210202745
9,Raúl Alonso Jimenez,FWD,Mexico,Mexico,4,327,3,0.826,0,0.0,18,4.954,7,1.927,66,18.165,48,13.211,1,0.275,5,1.376,0,0.0,1,0.275,4,1.101,4,1.101,17,4.679,15,4.128,3,0.826,7,1.927,2,0.55,2,0.55,72.73,-4.313935731603599,3.498065121223947,3.8743370369363643,-1.4237493812752324
644,Hans Vanaken,MID,Belgium,Belgium,6,326,1,0.276,0,0.0,5,1.38,1,0.276,164,45.276,153,42.239,3,0.828,8,2.209,1,0.276,1,0.276,12,3.313,11,3.037,5,1.38,5,1.38,3,0.828,0,0.0,6,1.656,0,0.0,93.29,-0.17911843910769304,-0.07781172041849095,-0.1480999036719488,-0.6679557341343247
958,Lautaro Javier Martinez,FWD,Argentina,Argentina,7,326,3,0.828,0,0.0,10,2.761,4,1.104,71,19.601,60,16.564,2,0.552,14,3.865,1,0.276,4,1.104,6,1.656,7,1.933,2,0.552,2,0.552,6,1.656,8,2.209,5,1.38,2,0.552,84.51,-3.391078474320343,1.1536189876618308,0.4387286551244105,0.40543494168942645
1186,Martin Baturina,MID,Croatia,Croatia,4,326,1,0.276,0,0.0,3,0.828,1,0.276,93,25.675,80,22.086,10,2.761,9,2.485,0,0.0,3,0.828,9,2.485,11,3.037,5,1.38,5,1.38,16,4.417,1,0.276,14,3.865,0,0.0,86.02,-1.777438545761777,0.263108601117668,-0.7107297525093373,0.81834728754176
332,Folarin Jolaoluwa Balogun,FWD,USA,USA,4,324,3,0.833,0,0.0,14,3.889,5,1.389,44,12.222,30,8.333,6,1.667,4,1.111,0,0.0,0,0.0,4,1.111,2,0.556,3,0.833,2,0.556,9,2.5,3,0.833,8,2.222,3,0.833,68.18,-5.35021979630315,0.7704277912758744,0.8907141162013016,-0.7804995364391383
348,Miguel Angel Almiron,MID,Paraguay,Paraguay,4,320,0,0.0,0,0.0,4,1.125,0,0.0,67,18.844,49,13.781,4,1.125,21,5.906,2,0.562,7,1.969,8,2.25,11,3.094,5,1.406,3,0.844,18,5.062,2,0.562,7,1.969,0,0.0,73.13,-0.6707452260955183,-0.06866466321804846,-0.5735194540889553,2.11815577865756
421,Aleksandar Pavlovic,MID,Germany,Germany,4,319,0,0.0,0,0.0,4,1.129,1,0.282,260,73.354,240,67.712,1,0.282,10,2.821,2,0.564,3,0.846,8,2.257,7,1.975,2,0.564,1,0.282,5,1.411,13,3.668,4,1.129,0,0.0,92.31,0.7958383053703031,0.705710113664526,-1.5781201364933812,-0.0016561903090618708
635,Jeremy Baffour Doku,FWD,Belgium,Belgium,5,318,0,0.0,0,0.0,3,0.849,1,0.283,90,25.472,74,20.943,11,3.113,9,2.547,3,0.849,1,0.283,7,1.981,9,2.547,1,0.283,0,0.0,53,15.0,4,1.132,18,5.094,0,0.0,82.22,-2.901711851233407,0.7463022087039427,-3.5008297828864885,1.9907817725008652
851,Théo Bernard François Hernandez,DEF,France,France,5,318,0,0.0,0,0.0,3,0.849,0,0.0,149,42.17,139,39.34,5,1.415,7,1.981,5,1.415,5,1.415,7,1.981,18,5.094,7,1.981,7,1.981,6,1.698,2,0.566,4,1.132,0,0.0,93.29,1.1797994565747643,0.07404163129532712,0.14264832929899743,-0.2914413654378035
1006,Romano Schmid,MID,Austria,Austria,4,317,1,0.284,0,0.0,2,0.568,1,0.284,91,25.836,65,18.454,4,1.136,13,3.691,0,0.0,2,0.568,9,2.555,4,1.136,1,0.284,1,0.284,4,1.136,3,0.852,4,1.136,0,0.0,71.43,-1.2100321536327316,-1.2054724197854736,-0.17740532708263398,1.0434190913973365
1092,Arthur Fuka Masuaku,DEF,Congo DR,Congo DR,4,317,0,0.0,0,0.0,0,0.0,0,0.0,169,47.981,141,40.032,14,3.975,10,2.839,3,0.852,9,2.555,6,1.703,11,3.123,3,0.852,3,0.852,10,2.839,0,0.0,4,1.136,0,0.0,83.43,0.7090261981529924,-0.8541388424965871,-1.1446623182816227,-0.22726530485748878
503,John Yeboah,FWD,Ecuador,Ecuador,4,315,0,0.0,0,0.0,8,2.286,3,0.857,104,29.714,85,24.286,9,2.571,11,3.143,2,0.571,1,0.286,5,1.429,7,2.0,1,0.286,1,0.286,15,4.286,0,0.0,4,1.143,0,0.0,81.73,-1.8652568932002696,-0.6874815968699565,-1.0171879757990487,-0.10452256502256863
961,Facundo Axel Medina,DEF,Argentina,Argentina,5,311,0,0.0,1,0.289,0,0.0,0,0.0,163,47.17,150,43.408,5,1.447,13,3.762,4,1.158,14,4.051,7,2.026,17,4.92,2,0.579,2,0.579,0,0.0,3,0.868,2,0.579,1,0.289,92.02,1.5296597513856163,-0.4494640742637381,-0.788448097758794,-0.17676945357660337
204,Fabian Rieder,MID,Switzerland,Switzerland,5,310,0,0.0,0,0.0,7,2.032,2,0.581,87,25.258,71,20.613,16,4.645,15,4.355,1,0.29,0,0.0,8,2.323,7,2.032,0,0.0,0,0.0,8,2.323,3,0.871,6,1.742,0,0.0,81.61,-1.9255261663602643,-0.4523939594785,-1.5715277019125138,1.2552930442952606
559,Keito Nakamura,MID,Japan,Japan,4,310,1,0.29,2,0.581,5,1.452,2,0.581,117,33.968,100,29.032,9,2.613,10,2.903,5,1.452,2,0.581,5,1.452,10,2.903,2,0.581,2,0.581,10,2.903,3,0.871,1,0.29,1,0.29,85.47,-1.4671378034106084,0.14931233472582825,-1.2203084338610946,-0.9701174538790741
346,Diego Alexander Gomez,MID,Paraguay,Paraguay,4,309,0,0.0,0,0.0,6,1.748,0,0.0,101,29.417,80,23.301,2,0.583,27,7.864,8,2.33,9,2.621,17,4.951,28,8.155,10,2.913,10,2.913,7,2.039,5,1.456,1,0.291,0,0.0,79.21,2.4443212606005167,2.6425237875322813,0.13605953613439398,2.517256099417047
515,Alan Steven Franco,MID,Ecuador,Ecuador,4,308,0,0.0,0,0.0,0,0.0,0,0.0,148,43.247,140,40.909,4,1.169,12,3.506,3,0.877,13,3.799,6,1.753,18,5.26,7,2.045,5,1.461,6,1.753,7,2.045,0,0.0,0,0.0,94.59,1.8858169193611596,0.1682057156066446,0.32478229230605155,0.6566891433518147
776,MOREIRASteven Steven,DEF,Cabo Verde,Cabo Verde,4,307,0,0.0,0,0.0,2,0.586,0,0.0,109,31.954,88,25.798,4,1.173,5,1.466,2,0.586,9,2.638,6,1.759,10,2.932,2,0.586,2,0.586,4,1.173,0,0.0,2,0.586,0,0.0,80.73,0.3247794122403819,-1.8127223146636167,0.22263152888963209,-0.07545483255313043
1205,Jordan Pierre Ayew,FWD,Ghana,Ghana,4,303,0,0.0,0,0.0,0,0.0,0,0.0,47,13.96,33,9.802,9,2.673,7,2.079,0,0.0,1,0.297,4,1.188,3,0.891,8,2.376,7,2.079,3,0.891,7,2.079,7,2.079,1,0.297,70.21,-1.4708495611236545,-0.4519246592346351,1.461344181165749,1.9056653789448963
735,Ferran Torres,FWD,Spain,Spain,8,302,1,0.298,0,0.0,14,4.172,4,1.192,86,25.629,63,18.775,6,1.788,3,0.894,1,0.298,2,0.596,6,1.788,3,0.894,7,2.086,6,1.788,11,3.278,6,1.788,4,1.192,3,0.894,73.26,-3.7157715398905133,1.6797191312500648,1.3188008049115532,-0.3782719960272424
1187,Petar Sucic,MID,Croatia,Croatia,4,302,1,0.298,1,0.298,3,0.894,2,0.596,127,37.848,110,32.781,6,1.788,22,6.556,2,0.596,2,0.596,3,0.894,8,2.384,1,0.298,1,0.298,11,3.278,7,2.086,6,1.788,1,0.298,86.61,-1.6575758785563508,0.6757112215117779,-1.6853915586794423,0.810007137594882
234,Vitor Rayan,FWD,Brazil,Brazil,4,296,0,0.0,1,0.304,5,1.52,2,0.608,99,30.101,93,28.277,10,3.041,11,3.345,1,0.304,1,0.304,5,1.52,8,2.432,7,2.128,7,2.128,9,2.736,5,1.52,4,1.216,1,0.304,93.94,-1.5496902341808996,0.8634949309397442,0.10313790049596323,0.2674765639350324
981,Nabil Bentaleb,MID,Algeria,Algeria,4,294,0,0.0,0,0.0,1,0.306,0,0.0,280,85.714,255,78.061,1,0.306,10,3.061,4,1.224,9,2.755,5,1.531,14,4.286,2,0.612,2,0.612,5,1.531,2,0.612,3,0.918,0,0.0,91.07,2.6197253579542252,-0.20774627848212338,-1.748710028732901,-1.9044003598533863
1222,Marvin Elom Senaya,DEF,Ghana,Ghana,4,293,0,0.0,0,0.0,2,0.614,0,0.0,91,27.952,75,23.038,8,2.457,28,8.601,3,0.922,19,5.836,8,2.457,17,5.222,5,1.536,4,1.229,5,1.536,6,1.843,4,1.229,0,0.0,82.42,1.351381026755449,1.1542974935874672,-0.6134092977739382,2.8369764120413006
217,Matheus Matheus Cunha,FWD,Brazil,Brazil,5,292,3,0.925,0,0.0,11,3.39,5,1.541,90,27.74,78,24.041,5,1.541,8,2.466,2,0.616,5,1.541,7,2.158,8,2.466,2,0.616,2,0.616,14,4.315,1,0.308,3,0.925,1,0.308,86.67,-3.40002771756505,1.2574890018735612,-0.19849427595919786,-1.4017924466144236
507,Enner Remberto Valencia,FWD,Ecuador,Ecuador,4,291,0,0.0,0,0.0,10,3.093,6,1.856,40,12.371,33,10.206,1,0.309,2,0.619,1,0.309,0,0.0,2,0.619,2,0.619,4,1.237,4,1.237,4,1.237,4,1.237,7,2.165,2,0.619,82.5,-3.9754974370834084,0.26488449072980597,1.506839403705086,-0.22040018037365164
977,Rayan Ait-Nouri,DEF,Algeria,Algeria,4,290,0,0.0,0,0.0,1,0.31,0,0.0,211,65.483,190,58.966,9,2.793,14,4.345,3,0.931,11,3.414,8,2.483,16,4.966,1,0.31,1,0.31,34,10.552,6,1.862,4,1.241,0,0.0,90.05,1.087810108915597,0.9383419408510945,-3.2360137068688752,0.5600171472123876
199,Ruben Estephan Vargas,FWD,Switzerland,Switzerland,6,289,2,0.623,1,0.311,6,1.869,4,1.246,88,27.405,65,20.242,24,7.474,11,3.426,0,0.0,2,0.623,4,1.246,5,1.557,3,0.934,3,0.934,20,6.228,6,1.869,6,1.869,2,0.623,73.86,-4.43425713208751,1.7900493048851267,-1.5489303481205021,0.032600026947241796
767,CABRALSidny Sidny Lopes,DEF,Cabo Verde,Cabo Verde,3,289,1,0.311,0,0.0,4,1.246,2,0.623,105,32.699,87,27.093,11,3.426,10,3.114,4,1.246,15,4.671,9,2.803,21,6.54,2,0.623,2,0.623,16,4.983,2,0.623,9,2.803,0,0.0,82.86,-0.2964009089851046,1.1562305225890277,-1.6440433488479624,0.5584735183902785
228,Lucas Lucas Paqueta,MID,Brazil,Brazil,4,288,0,0.0,0,0.0,5,1.562,1,0.312,190,59.375,162,50.625,5,1.562,20,6.25,2,0.625,6,1.875,5,1.562,13,4.062,4,1.25,4,1.25,5,1.562,3,0.938,6,1.875,0,0.0,85.26,0.6644874475050677,0.8606120799094932,-1.3036306576967802,0.059944632458716875
434,Nathaniel Christopher Brown,DEF,Germany,Germany,3,288,1,0.312,1,0.312,3,0.938,2,0.625,131,40.938,115,35.938,19,5.938,18,5.625,2,0.625,4,1.25,10,3.125,12,3.75,1,0.312,1,0.312,7,2.188,4,1.25,1,0.312,0,0.0,87.79,-0.696964438751403,0.6321130483473941,-2.2883817226454815,0.4187868224692935
1200,Jonas Adjei Adjetey,DEF,Ghana,Ghana,3,288,0,0.0,0,0.0,2,0.625,1,0.312,120,37.5,105,32.812,0,0.0,7,2.188,3,0.938,16,5.0,7,2.188,13,4.062,3,0.938,3,0.938,2,0.625,1,0.312,0,0.0,0,0.0,87.5,1.3900791660141953,-0.9156293801651809,0.5564674854641444,-0.247160467359807
149,Kerim Alajbegovic,FWD,Bosnia and Herzegovina,Bosnia and Herzegovina,4,287,1,0.314,0,0.0,4,1.254,1,0.314,90,28.223,69,21.638,16,5.017,5,1.568,2,0.627,3,0.941,4,1.254,6,1.882,0,0.0,0,0.0,27,8.467,4,1.254,6,1.882,1,0.314,76.67,-2.649086944518818,-0.23461075084821487,-1.8437092713278163,0.5487703381773115
1015,Mo'ien Hasan Yazeed Abulaila,GK,Jordan,Jordan,3,287,0,0.0,0,0.0,0,0.0,0,0.0,66,20.697,42,13.171,0,0.0,0,0.0,0,0.0,0,0.0,0,0.0,16,5.017,0,0.0,0,0.0,0,0.0,0,0.0,0,0.0,0,0.0,63.64,-0.18487721468614932,-3.730178427907163,1.1162496523091072,-0.3357179189777687
1019,Mousa Mahmoud Yazan Alarab,DEF,Jordan,Jordan,3,287,0,0.0,0,0.0,0,0.0,0,0.0,106,33.24,94,29.477,0,0.0,10,3.136,1,0.314,27,8.467,7,2.195,18,5.645,11,3.449,10,3.136,8,2.509,4,1.254,0,0.0,0,0.0,88.68,2.428073808305476,0.8603150114483868,2.182577888989335,0.7763709024665828
1022,Mahmoud Ali Noor Alrawabdeh,MID,Jordan,Jordan,3,287,0,0.0,1,0.314,1,0.314,0,0.0,111,34.808,84,26.341,0,0.0,13,4.077,3,0.941,4,1.254,7,2.195,16,5.017,1,0.314,0,0.0,8,2.509,1,0.314,0,0.0,0,0.0,75.68,0.6741496851118107,-1.4317316925698698,-0.8771562666380723,0.27342590726499855
664,Fathy Abdelhalim Hamdy Fathy,MID,Egypt,Egypt,4,286,0,0.0,0,0.0,0,0.0,0,0.0,130,40.909,119,37.448,1,0.315,11,3.462,0,0.0,9,2.832,7,2.203,12,3.776,7,2.203,7,2.203,1,0.315,3,0.944,2,0.629,1,0.315,91.54,1.0943884474224186,-0.22371286164593657,1.259021012022564,0.4047757011986024
137,Amar Dedic,DEF,Bosnia and Herzegovina,Bosnia and Herzegovina,3,285,0,0.0,0,0.0,2,0.632,1,0.316,99,31.263,80,25.263,0,0.0,12,3.789,4,1.263,15,4.737,11,3.474,16,5.053,4,1.263,4,1.263,15,4.737,6,1.895,3,0.947,0,0.0,80.81,1.0511073084577798,0.8683509004888202,-0.27197879572637174,1.723784649085864
703,Maxime Teremoana Crocombe,GK,New Zealand,New Zealand,3,285,0,0.0,0,0.0,0,0.0,0,0.0,107,33.789,78,24.632,0,0.0,0,0.0,0,0.0,0,0.0,0,0.0,22,6.947,0,0.0,0,0.0,0,0.0,0,0.0,1,0.316,0,0.0,72.9,0.473600996142028,-3.360340301718869,0.6320732706185378,-0.8755971873211442
718,Finn Surman,DEF,New Zealand,New Zealand,3,285,1,0.316,0,0.0,2,0.632,1,0.316,145,45.789,135,42.632,0,0.0,7,2.211,2,0.632,22,6.947,15,4.737,21,6.632,6,1.895,4,1.263,5,1.579,4,1.263,2,0.632,0,0.0,93.1,2.1117631686827227,1.1630122558206075,0.29621915556152423,0.17995918882128883
710,Marko Seufatu Nikola Stamenic,MID,New Zealand,New Zealand,3,285,0,0.0,0,0.0,3,0.947,0,0.0,171,54.0,156,49.263,2,0.632,17,5.368,2,0.632,8,2.526,14,4.421,15,4.737,2,0.632,2,0.632,5,1.579,4,1.263,0,0.0,0,0.0,91.23,1.8920957841607051,0.2036998009395528,-1.171059018818589,0.867283349472621
711,Christopher Grant Wood,FWD,New Zealand,New Zealand,3,285,0,0.0,2,0.632,5,1.579,2,0.632,47,14.842,36,11.368,0,0.0,2,0.632,0,0.0,2,0.632,0,0.0,0,0.0,15,4.737,14,4.421,2,0.632,2,0.632,1,0.316,4,1.263,76.6,-2.771454859124482,0.8285304673211409,4.142276143925938,-1.2603266928430419
322,Christian Mate Pulisic,FWD,USA,USA,4,284,0,0.0,1,0.317,4,1.268,2,0.634,81,25.669,71,22.5,6,1.901,5,1.585,0,0.0,1,0.317,4,1.268,2,0.634,0,0.0,0,0.0,29,9.19,1,0.317,8,2.535,2,0.634,87.65,-3.483486490035076,-0.669597360419199,-1.5588963504523223,0.018113117876294473
485,Guela Maho-Lewis Doue,DEF,Côte d'Ivoire,Côte d'Ivoire,4,284,0,0.0,0,0.0,1,0.317,0,0.0,163,51.655,143,45.317,11,3.486,12,3.803,2,0.634,9,2.852,14,4.437,17,5.387,6,1.901,6,1.901,5,1.585,6,1.901,5,1.585,0,0.0,87.73,1.6455432255033406,1.382868901518627,-0.8806463365260774,1.2512959807214454
1214,Jerome Opoku,DEF,Ghana,Ghana,3,284,0,0.0,0,0.0,0,0.0,0,0.0,115,36.444,95,30.106,0,0.0,3,0.951,3,0.951,13,4.12,4,1.268,10,3.169,5,1.585,4,1.268,2,0.634,2,0.634,4,1.268,0,0.0,82.61,1.044852476978842,-1.0275555855753167,0.8710091768936976,-0.14664956092441522
1173,Marin Pongracic,DEF,Croatia,Croatia,3,284,0,0.0,0,0.0,1,0.317,0,0.0,200,63.38,182,57.676,0,0.0,3,0.951,3,0.951,27,8.556,5,1.585,10,3.169,6,1.901,4,1.268,9,2.852,3,0.951,0,0.0,0,0.0,91.0,2.6490375698039212,0.020963998928877,0.3043035640638665,-1.3078963830936567
764,Gregory Jamiro Monteiro,MID,Cabo Verde,Cabo Verde,4,283,0,0.0,0,0.0,5,1.59,1,0.318,106,33.71,87,27.668,6,1.908,11,3.498,4,1.272,1,0.318,7,2.226,10,3.18,0,0.0,0,0.0,7,2.226,4,1.272,2,0.636,0,0.0,82.08,-0.34237129744015693,-0.6654141151082172,-1.1700581866059927,0.768701764451992
1023,Iyad Ali Ali Olwan,FWD,Jordan,Jordan,3,283,1,0.318,0,0.0,6,1.908,3,0.954,48,15.265,36,11.449,8,2.544,2,0.636,3,0.954,1,0.318,2,0.636,5,1.59,4,1.272,3,0.954,16,5.088,1,0.318,4,1.272,1,0.318,75.0,-2.950407334709959,-0.3236275365339743,0.40663011054826864,-0.45829881666109495
1199,Caleb Marfo Yirenkyi,MID,Ghana,Ghana,4,282,1,0.319,0,0.0,2,0.638,1,0.319,70,22.34,62,19.787,1,0.319,9,2.872,3,0.957,5,1.596,6,1.915,11,3.511,0,0.0,0,0.0,2,0.638,7,2.234,3,0.957,0,0.0,88.57,-0.49901638661578807,-0.7352580999051815,-0.14921197484246884,1.233274703715504
1094,Abdukodir Khusanov,DEF,Uzbekistan,Uzbekistan,3,282,0,0.0,0,0.0,0,0.0,0,0.0,98,31.277,81,25.851,0,0.0,10,3.191,5,1.596,12,3.83,8,2.553,17,5.426,2,0.638,2,0.638,0,0.0,6,1.915,0,0.0,0,0.0,82.65,1.9006152295213796,-0.6506983702777838,0.20146984845524638,1.3107733515631288
1105,Sherzod Nasrullaev,DEF,Uzbekistan,Uzbekistan,3,282,0,0.0,0,0.0,1,0.319,1,0.319,48,15.319,35,11.17,3,0.957,6,1.915,2,0.638,5,1.596,4,1.277,10,3.191,3,0.957,3,0.957,4,1.277,3,0.957,2,0.638,0,0.0,72.92,-0.43467126675184964,-1.4987637708550365,0.9071140338242701,0.9424167256625658
556,Ritsu Doan,MID,Japan,Japan,4,281,0,0.0,0,0.0,1,0.32,0,0.0,105,33.63,89,28.505,5,1.601,7,2.242,1,0.32,7,2.242,10,3.203,8,2.562,2,0.641,2,0.641,4,1.281,6,1.922,4,1.281,0,0.0,84.76,0.212163277873441,-0.6210374597953547,-0.3088159046058736,1.4214818787088221
663,Mohamed Aboelfetouh Ahmed Fatouh,DEF,Egypt,Egypt,3,281,0,0.0,0,0.0,1,0.32,1,0.32,182,58.292,163,52.206,7,2.242,12,3.843,2,0.641,8,2.562,3,0.961,14,4.484,3,0.961,3,0.961,4,1.281,2,0.641,3,0.961,0,0.0,89.56,1.187262797904554,-0.36010006593209126,-0.8961648817244395,-0.7188563344762474
996,David Alaba,DEF,Austria,Austria,4,281,0,0.0,1,0.32,2,0.641,0,0.0,222,71.103,198,63.416,1,0.32,4,1.281,2,0.641,14,4.484,6,1.922,15,4.804,4,1.281,3,0.961,3,0.961,2,0.641,0,0.0,0,0.0,89.19,2.2006047388373124,-0.34262287081302245,-0.6112851281007593,-2.108431855365009
1244,Orlando Mosquera,GK,Panama,Panama,3,281,0,0.0,0,0.0,0,0.0,0,0.0,103,32.989,74,23.701,0,0.0,0,0.0,0,0.0,1,0.32,0,0.0,18,5.765,1,0.32,1,0.32,0,0.0,0,0.0,0,0.0,0,0.0,71.84,0.4160942483957551,-3.276963568089647,0.9828521679115123,-0.8903215577516957
1225,Jose Angel Cordoba,DEF,Panama,Panama,3,281,0,0.0,0,0.0,0,0.0,0,0.0,183,58.612,169,54.128,1,0.32,9,2.883,7,2.242,18,5.765,3,0.961,17,5.445,3,0.961,2,0.641,2,0.641,5,1.601,1,0.32,0,0.0,92.35,2.996064307903048,-0.03723570377073053,-0.6215800269192665,-0.5479627433801242
1238,Andres Alberto Andrade,DEF,Panama,Panama,3,281,0,0.0,0,0.0,0,0.0,0,0.0,178,57.011,147,47.082,8,2.562,13,4.164,6,1.922,15,4.804,11,3.523,29,9.288,11,3.523,11,3.523,0,0.0,4,1.281,0,0.0,0,0.0,82.58,4.029783528389575,2.105413469087201,0.6560115393166692,0.21644132476722397
1245,Michael Amir Murillo,DEF,Panama,Panama,3,281,0,0.0,0,0.0,5,1.601,1,0.32,112,35.872,88,28.185,8,2.562,11,3.523,0,0.0,9,2.883,6,1.922,9,2.883,6,1.922,6,1.922,14,4.484,1,0.32,7,2.242,1,0.32,78.57,-0.9699024217263614,0.6309767395798571,-0.036253711762519535,0.45322614705983005
79,Mat ě j Kovar,GK,Czechia,Czechia,3,280,0,0.0,0,0.0,0,0.0,0,0.0,97,31.179,62,19.929,0,0.0,0,0.0,0,0.0,1,0.321,0,0.0,18,5.786,0,0.0,0,0.0,0,0.0,0,0.0,0,0.0,0,0.0,63.92,0.2764572779085216,-3.5226933366075555,0.8526734539725809,-0.7384079742535871
82,Robin Hranac,DEF,Czechia,Czechia,3,280,0,0.0,0,0.0,0,0.0,0,0.0,116,37.286,104,33.429,1,0.321,6,1.929,3,0.964,8,2.571,5,1.607,10,3.214,6,1.929,6,1.929,0,0.0,6,1.929,0,0.0,0,0.0,89.66,1.3398136138375338,-0.45672392620983276,1.2119731971008647,0.42550647991365886
83,Vladimír Coufal,DEF,Czechia,Czechia,3,280,0,0.0,1,0.321,1,0.321,0,0.0,110,35.357,79,25.393,20,6.429,6,1.929,4,1.286,4,1.286,2,0.643,7,2.25,3,0.964,3,0.964,3,0.964,4,1.286,3,0.964,1,0.321,71.82,-0.7242074127162985,-0.5649426039151904,-0.9299645565069496,0.013749917475994777
85,Ladislav Krejci,DEF,Czechia,Czechia,3,280,1,0.321,0,0.0,5,1.607,1,0.321,160,51.429,135,43.393,2,0.643,13,4.179,3,0.964,13,4.179,4,1.286,16,5.143,14,4.5,12,3.857,1,0.321,6,1.929,2,0.643,0,0.0,84.38,1.451049146393514,2.691306538232049,1.8734663778532508,-0.4556961524742622
1034,Mahmoud Saleh Mohannad Abutaha,MID,Jordan,Jordan,3,280,0,0.0,0,0.0,1,0.321,0,0.0,87,27.964,59,18.964,6,1.929,17,5.464,8,2.571,11,3.536,12,3.857,21,6.75,3,0.964,2,0.643,9,2.893,2,0.643,1,0.321,0,0.0,67.82,2.0211196152610493,0.2804793162509334,-1.0409994810387748,1.8702844134066217
413,Ugurcan Cakir,GK,Türkiye,Türkiye,3,279,0,0.0,0,0.0,0,0.0,0,0.0,98,31.613,77,24.839,0,0.0,0,0.0,0,0.0,4,1.29,0,0.0,9,2.903,0,0.0,0,0.0,0,0.0,0,0.0,0,0.0,0,0.0,78.57,0.01921167096090061,-3.498475290541983,0.8519258054096626,-0.8319053219715843
398,Arda Guler,FWD,Türkiye,Türkiye,3,279,1,0.323,0,0.0,12,3.871,4,1.29,198,63.871,170,54.839,14,4.516,11,3.548,0,0.0,1,0.323,4,1.29,4,1.29,3,0.968,3,0.968,20,6.452,3,0.968,10,3.226,2,0.645,85.86,-3.444389667492134,2.4518912689210195,-2.234483968197825,-1.4888739052243172
498,Joel Leandro Ordonez,DEF,Ecuador,Ecuador,3,279,0,0.0,0,0.0,2,0.645,0,0.0,113,36.452,101,32.581,0,0.0,10,3.226,1,0.323,19,6.129,5,1.613,12,3.871,6,1.935,6,1.935,2,0.645,1,0.323,1,0.323,0,0.0,89.38,1.5339145919052086,-0.4717182229551652,1.286964965914645,0.04123187398286633
829,Nestor Fernando Muslera,GK,Uruguay,Uruguay,3,279,0,0.0,0,0.0,0,0.0,0,0.0,71,22.903,57,18.387,0,0.0,0,0.0,0,0.0,0,0.0,0,0.0,12,3.871,0,0.0,0,0.0,0,0.0,0,0.0,0,0.0,0,0.0,80.28,-0.2559483645535864,-3.70305213012614,1.0157539681036332,-0.5002856360472128
809,Sebastián Enzo Caceres,DEF,Uruguay,Uruguay,3,279,0,0.0,0,0.0,3,0.968,0,0.0,172,55.484,154,49.677,1,0.323,6,1.935,2,0.645,15,4.839,7,2.258,20,6.452,11,3.548,10,3.226,6,1.935,2,0.645,2,0.645,0,0.0,89.53,2.424566992650814,1.1719129618877495,1.311658908714132,-0.8834970210613153
819,Guillermo Varela,DEF,Uruguay,Uruguay,3,279,0,0.0,0,0.0,2,0.645,0,0.0,134,43.226,119,38.387,10,3.226,4,1.29,2,0.645,14,4.516,8,2.581,18,5.806,10,3.226,10,3.226,2,0.645,1,0.323,1,0.323,0,0.0,88.81,1.9273819321564305,0.586753591986892,1.366878542450522,-0.5168860711922205
822,Mathías Olivera,DEF,Uruguay,Uruguay,3,279,0,0.0,0,0.0,1,0.323,0,0.0,226,72.903,213,68.71,3,0.968,12,3.871,2,0.645,8,2.581,8,2.581,22,7.097,10,3.226,9,2.903,15,4.839,3,0.968,0,0.0,0,0.0,94.25,2.907266979252865,1.5028771640481193,-0.19768969165069222,-0.9477773583244564
812,Rodrigo Bentancur,MID,Uruguay,Uruguay,3,279,0,0.0,0,0.0,4,1.29,0,0.0,174,56.129,157,50.645,3,0.968,13,4.194,9,2.903,14,4.516,11,3.548,19,6.129,6,1.935,6,1.935,9,2.903,7,2.258,5,1.613,0,0.0,90.23,2.6717212821107377,2.5646471416583596,-1.2468111881270265,0.8050304308636577
1236,Carlos Miguel Harvey,DEF,Panama,Panama,3,279,0,0.0,0,0.0,5,1.613,0,0.0,107,34.516,85,27.419,1,0.323,14,4.516,5,1.613,7,2.258,6,1.935,16,5.161,7,2.258,7,2.258,8,2.581,8,2.581,3,0.968,0,0.0,79.44,0.9495932280182826,1.4549754429467956,0.3327528076354916,1.527146412998531
1201,Thomas Teye Partey,MID,Ghana,Ghana,3,279,0,0.0,0,0.0,2,0.645,0,0.0,152,49.032,134,43.226,0,0.0,10,3.226,2,0.645,6,1.935,6,1.935,10,3.226,2,0.645,2,0.645,10,3.226,2,0.645,5,1.613,0,0.0,88.16,0.6081966632776468,-0.6253311733045306,-0.9083211870774873,0.03578946372763879
261,Johny Placide,GK,Haiti,Haiti,3,278,0,0.0,0,0.0,0,0.0,0,0.0,105,33.993,67,21.691,0,0.0,0,0.0,1,0.324,0,0.0,0,0.0,15,4.856,0,0.0,0,0.0,0,0.0,0,0.0,0,0.0,0,0.0,63.81,0.26373300019512114,-3.4430662802531606,0.6962686630745156,-0.856443182600223
264,Ricardo Ade,DEF,Haiti,Haiti,3,278,0,0.0,0,0.0,4,1.295,1,0.324,136,44.029,121,39.173,0,0.0,7,2.266,3,0.971,19,6.151,7,2.266,13,4.209,6,1.942,6,1.942,3,0.971,6,1.942,4,1.295,0,0.0,88.97,1.3741166839360899,1.0932277069207577,0.6385847740982165,0.2857395304782383
265,Hannes Piterson Delcroix,DEF,Haiti,Haiti,3,278,0,0.0,0,0.0,0,0.0,0,0.0,151,48.885,146,47.266,1,0.324,7,2.266,5,1.619,19,6.151,10,3.237,20,6.475,7,2.266,5,1.619,1,0.324,1,0.324,2,0.647,0,0.0,96.69,3.1814339500627713,0.35134075358169137,0.3862207762161403,-0.34647940210414263
268,Martin Yves Roberns Didier Experience,DEF,Haiti,Haiti,3,278,0,0.0,0,0.0,1,0.324,0,0.0,111,35.935,93,30.108,6,1.942,21,6.799,3,0.971,9,2.914,10,3.237,15,4.856,3,0.971,3,0.971,8,2.59,7,2.266,6,1.942,0,0.0,83.78,0.943155899595502,1.0061476103712201,-1.3280411021984033,2.6309239036582883
570,Kaishu Sano,MID,Japan,Japan,3,278,1,0.324,1,0.324,1,0.324,1,0.324,131,42.41,124,40.144,1,0.324,8,2.59,5,1.619,7,2.266,6,1.942,11,3.561,4,1.295,4,1.295,5,1.619,4,1.295,1,0.324,0,0.0,94.66,0.6130417650538883,0.3029391328385526,-0.3097685613736519,-0.7362271671844841
475,Odilon Dorgeless Kossounou,DEF,Côte d'Ivoire,Côte d'Ivoire,4,278,0,0.0,0,0.0,0,0.0,0,0.0,149,48.237,141,45.647,0,0.0,7,2.266,11,3.561,11,3.561,5,1.619,18,5.827,3,0.971,2,0.647,1,0.324,0,0.0,1,0.324,0,0.0,94.63,3.075980969602211,-0.5504297270233144,-0.6240843382302114,-0.9414570104465663
1155,Marcus Rashford,FWD,England,England,5,278,1,0.324,1,0.324,12,3.885,5,1.619,103,33.345,91,29.46,18,5.827,5,1.619,0,0.0,1,0.324,1,0.324,0,0.0,1,0.324,1,0.324,16,5.18,5,1.619,1,0.324,1,0.324,88.35,-4.53453240106045,0.8170711150281429,-1.3173362114290053,-1.484369457449159
1178,Mateo Kovacic,MID,Croatia,Croatia,4,278,0,0.0,0,0.0,5,1.619,4,1.295,208,67.338,198,64.101,0,0.0,10,3.237,2,0.647,2,0.647,6,1.942,8,2.59,1,0.324,1,0.324,9,2.914,3,0.971,3,0.971,0,0.0,95.19,-0.07950353832556521,0.3436478951658368,-1.572879456376531,-1.5342827896792381
471,N'clomande Ghislain Konan,DEF,Côte d'Ivoire,Côte d'Ivoire,3,277,0,0.0,0,0.0,4,1.3,0,0.0,149,48.412,124,40.289,9,2.924,8,2.599,2,0.65,12,3.899,6,1.949,10,3.249,1,0.325,1,0.325,13,4.224,0,0.0,1,0.325,0,0.0,83.22,0.5590226414519359,-0.907336936011832,-1.2403740793371154,-0.4647046372893208
488,Emmanuel Elysee Djedje Agbadou,DEF,Côte d'Ivoire,Côte d'Ivoire,3,277,0,0.0,0,0.0,3,0.975,1,0.325,154,50.036,142,46.137,0,0.0,12,3.899,4,1.3,16,5.199,8,2.599,15,4.874,11,3.574,11,3.574,2,0.65,0,0.0,0,0.0,0,0.0,92.21,2.5565661498489667,1.3997625481582543,1.558015474597388,-0.7553496167812365
889,Hashim Rahman Akam Hashim,DEF,Iraq,Iraq,3,277,0,0.0,0,0.0,1,0.325,0,0.0,148,48.087,126,40.939,0,0.0,7,2.274,2,0.65,22,7.148,13,4.224,17,5.523,2,0.65,2,0.65,10,3.249,0,0.0,3,0.975,0,0.0,85.14,2.234421107429381,-0.30709797811880385,-0.589118651390818,0.1568949896739029
907,Ghazi Salih Merchas,DEF,Iraq,Iraq,3,277,0,0.0,0,0.0,1,0.325,0,0.0,141,45.812,115,37.365,3,0.975,23,7.473,5,1.625,8,2.599,9,2.924,22,7.148,0,0.0,0,0.0,9,2.924,3,0.975,8,2.599,0,0.0,81.56,1.585182946280418,0.5077378220628153,-2.524400365466394,1.8041551829058131
53,Seunggyu Kim,GK,Korea Republic,South Korea,3,276,0,0.0,0,0.0,0,0.0,0,0.0,116,37.826,85,27.717,0,0.0,0,0.0,0,0.0,3,0.978,0,0.0,20,6.522,0,0.0,0,0.0,0,0.0,0,0.0,0,0.0,0,0.0,73.28,0.7355603066177286,-3.3126000444917643,0.6495032939600354,-1.0730327299204134
54,Hanbeom Lee,DEF,Korea Republic,South Korea,3,276,0,0.0,0,0.0,2,0.652,0,0.0,200,65.217,183,59.674,2,0.652,8,2.609,3,0.978,16,5.217,7,2.283,21,6.848,13,4.239,13,4.239,3,0.978,7,2.283,2,0.652,0,0.0,91.5,3.249499303563888,2.5883089945728703,1.460626382115819,-0.4643896950916952
55,Gihyuk Lee,MID,Korea Republic,South Korea,3,276,0,0.0,0,0.0,0,0.0,0,0.0,236,76.957,217,70.761,4,1.304,6,1.957,7,2.283,29,9.457,7,2.283,27,8.804,15,4.891,14,4.565,4,1.304,2,0.652,1,0.326,0,0.0,91.95,5.350315454387067,2.9987624485063864,1.3463140726200877,-1.8997226907684057
71,Kangin Lee,MID,Korea Republic,South Korea,3,276,0,0.0,1,0.326,4,1.304,1,0.326,159,51.848,140,45.652,20,6.522,6,1.957,0,0.0,0,0.0,2,0.652,0,0.0,2,0.652,2,0.652,15,4.891,1,0.326,7,2.283,0,0.0,88.05,-2.116601666024957,-0.3662450668869649,-2.4622253080567456,-1.1630994880580976
157,Ibrahim Mahmoud Abunada,GK,Qatar,Qatar,3,276,0,0.0,0,0.0,0,0.0,0,0.0,93,30.326,50,16.304,0,0.0,0,0.0,0,0.0,0,0.0,0,0.0,20,6.522,0,0.0,0,0.0,0,0.0,1,0.326,1,0.326,0,0.0,53.76,0.19145029016874032,-3.361698715090291,0.8111717600862726,-0.4434958274914877
158,Miguel Pedro,DEF,Qatar,Qatar,3,276,0,0.0,0,0.0,3,0.978,1,0.326,78,25.435,59,19.239,2,0.652,10,3.261,4,1.304,17,5.543,10,3.261,18,5.87,3,0.978,3,0.978,3,0.978,1,0.326,7,2.283,0,0.0,75.64,0.9448162367479869,0.21526470452579327,-0.10634221548656198,1.1390260140846686
160,Gueye Issa Laye,DEF,Qatar,Qatar,3,276,0,0.0,0,0.0,1,0.326,0,0.0,90,29.348,85,27.717,0,0.0,5,1.63,3,0.978,21,6.848,4,1.304,11,3.587,7,2.283,6,1.957,2,0.652,0,0.0,3,0.978,0,0.0,94.44,1.5042237675419383,-0.5556658663835629,1.5762753332113941,-0.1704675567416099
172,KHOUKHIBoualem Boualem,DEF,Qatar,Qatar,3,276,0,0.0,0,0.0,2,0.652,0,0.0,117,38.152,94,30.652,1,0.326,7,2.283,4,1.304,27,8.804,14,4.565,15,4.891,6,1.957,5,1.63,2,0.652,2,0.652,1,0.326,0,0.0,80.34,2.721147324697109,0.5926348421995302,0.7889428939003715,0.7138989627200875
287,Angus Fraser James Gunn,GK,Scotland,Scotland,3,276,0,0.0,0,0.0,0,0.0,0,0.0,119,38.804,90,29.348,0,0.0,0,0.0,1,0.326,1,0.326,0,0.0,26,8.478,0,0.0,0,0.0,0,0.0,0,0.0,0,0.0,0,0.0,75.63,1.1310483809691565,-3.1720287212941063,0.47136073448207183,-1.170755353971763
289,Andrew Henry Robertson,DEF,Scotland,Scotland,3,276,0,0.0,0,0.0,0,0.0,0,0.0,153,49.891,124,40.435,11,3.587,3,0.978,2,0.652,7,2.283,2,0.652,5,1.63,1,0.326,1,0.326,2,0.652,3,0.978,1,0.326,0,0.0,81.05,0.4533429139697839,-1.785977053101998,-0.5811035069565453,-0.6580531874909668
299,Jack William Hendry,DEF,Scotland,Scotland,3,276,0,0.0,0,0.0,0,0.0,0,0.0,180,58.696,171,55.761,0,0.0,2,0.652,3,0.978,11,3.587,6,1.957,10,3.261,2,0.652,2,0.652,8,2.609,1,0.326,3,0.978,0,0.0,95.0,1.6441054952221714,-1.0464008607079476,-0.6431197670820306,-1.233410610485237
290,Mc,MID,Scotland,Scotland,3,276,0,0.0,0,0.0,8,2.609,3,0.978,96,31.304,87,28.37,0,0.0,5,1.63,0,0.0,3,0.978,4,1.304,5,1.63,4,1.304,4,1.304,7,2.283,3,0.978,0,0.0,0,0.0,90.62,-1.4217854469613938,-0.44869236042423083,0.9512040994861557,-0.5810290373563383
305,Lewis Ferguson,MID,Scotland,Scotland,3,276,0,0.0,0,0.0,2,0.652,1,0.326,201,65.543,185,60.326,9,2.935,18,5.87,3,0.978,7,2.283,10,3.261,20,6.522,6,1.957,6,1.957,4,1.304,5,1.63,10,3.261,0,0.0,92.04,1.6764244343358807,2.375509164153292,-1.837354894189251,0.6217616794444656
600,Ali Abdi,DEF,Tunisia,Tunisia,3,276,0,0.0,0,0.0,1,0.326,0,0.0,74,24.13,51,16.63,5,1.63,20,6.522,2,0.652,9,2.935,5,1.63,15,4.891,4,1.304,4,1.304,5,1.63,4,1.304,1,0.326,0,0.0,68.92,0.7734293547743463,-0.32339890245073627,0.182509441623565,2.024998173628445
601,Montassar Omar Talbi,DEF,Tunisia,Tunisia,3,276,0,0.0,0,0.0,1,0.326,0,0.0,113,36.848,107,34.891,0,0.0,6,1.957,4,1.304,12,3.913,9,2.935,13,4.239,5,1.63,5,1.63,0,0.0,1,0.326,1,0.326,0,0.0,94.69,1.8894515490335233,-0.5450622857233342,0.8027114148124411,-0.0066688028275101435
608,Hannibal Mejbri,MID,Tunisia,Tunisia,3,276,0,0.0,1,0.326,3,0.978,1,0.326,123,40.109,94,30.652,9,2.935,15,4.891,2,0.652,0,0.0,1,0.326,8,2.609,3,0.978,3,0.978,11,3.587,4,1.304,15,4.891,0,0.0,76.42,-1.8758038172338372,0.8425993190464101,-2.2272307685116792,0.7367118628563422
801,Khalil Mohammed Alowais,GK,Saudi Arabia,Saudi Arabia,3,276,0,0.0,0,0.0,0,0.0,0,0.0,93,30.326,53,17.283,0,0.0,0,0.0,0,0.0,0,0.0,0,0.0,11,3.587,0,0.0,0,0.0,0,0.0,0,0.0,1,0.326,0,0.0,56.99,-0.2760258084606053,-3.5781853440844618,0.8399733535957936,-0.5968653099772997
792,Abdullah Saud Abdulhamid,DEF,Saudi Arabia,Saudi Arabia,3,276,0,0.0,0,0.0,2,0.652,0,0.0,113,36.848,88,28.696,4,1.304,18,5.87,2,0.652,11,3.587,6,1.957,12,3.913,4,1.304,4,1.304,5,1.63,4,1.304,2,0.652,0,0.0,77.88,0.9780446334203198,0.045098880055269686,-0.1435199086041615,1.3858336667813194
795,Mohammed Abdullah Alkhaibari,MID,Saudi Arabia,Saudi Arabia,3,276,0,0.0,0,0.0,1,0.326,0,0.0,58,18.913,48,15.652,0,0.0,3,0.978,0,0.0,3,0.978,6,1.957,5,1.63,1,0.326,1,0.326,2,0.652,0,0.0,2,0.652,0,0.0,82.76,-0.5610130933548169,-2.730634494180171,0.8083174489103551,0.4432311690739507
677,Ali Reza Beiranvand,GK,IR Iran,IR Iran,3,276,0,0.0,0,0.0,0,0.0,0,0.0,93,30.326,62,20.217,0,0.0,0,0.0,1,0.326,0,0.0,0,0.0,27,8.804,0,0.0,0,0.0,2,0.652,0,0.0,1,0.326,0,0.0,66.67,0.7150851126852851,-3.218667039018283,0.561734332361718,-0.6990657431079463
680,Shojae Khalilzadeh,DEF,IR Iran,IR Iran,3,276,0,0.0,0,0.0,2,0.652,0,0.0,141,45.978,118,38.478,0,0.0,13,4.239,2,0.652,27,8.804,9,2.935,8,2.609,11,3.587,10,3.261,1,0.326,4,1.304,0,0.0,1,0.326,83.69,2.3774528873650227,1.6079778014998307,2.1111146506135654,0.557150787119156
695,Ali Nemati,DEF,IR Iran,IR Iran,3,276,0,0.0,0,0.0,1,0.326,0,0.0,129,42.065,114,37.174,3,0.978,8,2.609,2,0.652,26,8.478,6,1.957,18,5.87,7,2.283,7,2.283,3,0.978,3,0.978,0,0.0,1,0.326,88.37,2.3906256727720057,0.42397422942303636,1.4573664187388642,0.04604210811543316
699,Ramin Rezaeian,DEF,IR Iran,IR Iran,3,276,2,0.652,1,0.326,4,1.304,2,0.652,98,31.957,68,22.174,17,5.543,9,2.935,2,0.652,2,0.652,3,0.978,7,2.283,4,1.304,4,1.304,5,1.63,2,0.652,3,0.978,1,0.326,69.39,-2.4252935713506214,0.52139747899421,-0.48624621942356516,-0.9366302817426816
1106,Eldor Shomurodov,FWD,Uzbekistan,Uzbekistan,3,276,1,0.326,0,0.0,4,1.304,2,0.652,72,23.478,52,16.957,1,0.326,8,2.609,1,0.326,2,0.652,5,1.63,5,1.63,13,4.239,11,3.587,9,2.935,8,2.609,4,1.304,1,0.326,72.22,-1.5877127988057411,2.061309099842179,2.5127487114445874,0.940843735461298
197,Djibril Ibrahima Sow,MID,Switzerland,Switzerland,4,275,0,0.0,0,0.0,2,0.655,1,0.327,97,31.745,83,27.164,4,1.309,3,0.982,1,0.327,0,0.0,3,0.982,3,0.982,1,0.327,1,0.327,0,0.0,5,1.636,4,1.309,0,0.0,85.57,-1.0059153168446728,-1.6332813962955597,0.07959075873650061,0.2843448942598963
30,Teboho Mokoena,MID,South Africa,South Africa,3,274,1,0.328,0,0.0,4,1.314,2,0.657,196,64.38,176,57.81,3,0.985,12,3.942,4,1.314,4,1.314,8,2.628,17,5.584,5,1.642,5,1.642,2,0.657,3,0.985,6,1.971,0,0.0,89.8,0.9786700770533926,1.6670192843387723,-0.9904073265883367,-1.0344483837225813
404,Abdülker Bardakci,DEF,Türkiye,Türkiye,3,274,0,0.0,0,0.0,3,0.985,1,0.328,242,79.489,222,72.92,6,1.971,14,4.599,4,1.314,15,4.927,6,1.971,21,6.898,10,3.285,8,2.628,5,1.642,1,0.328,3,0.985,0,0.0,91.74,3.1434591060303188,2.113615405378739,-0.5313898097390003,-1.666902329519946
426,Jamal Musiala,MID,Germany,Germany,4,273,1,0.33,0,0.0,6,1.978,1,0.33,104,34.286,86,28.352,8,2.637,13,4.286,2,0.659,0,0.0,5,1.648,9,2.967,0,0.0,0,0.0,24,7.912,5,1.648,11,3.626,0,0.0,82.69,-2.4202584828351634,0.8519158082894164,-2.666351042620491,1.2004551049237653
443,Eloy Victor Room,GK,Curaçao,Curaçao,3,271,0,0.0,0,0.0,0,0.0,0,0.0,89,29.557,48,15.941,0,0.0,0,0.0,0,0.0,0,0.0,0,0.0,22,7.306,0,0.0,0,0.0,0,0.0,0,0.0,0,0.0,0,0.0,53.93,0.3937838145593798,-3.5454532881535203,0.9053617415024438,-0.6222109974632481
447,Sherel Constancio Floranus,DEF,Curaçao,Curaçao,3,271,0,0.0,0,0.0,2,0.664,0,0.0,112,37.196,95,31.55,0,0.0,12,3.985,2,0.664,9,2.989,11,3.653,9,2.989,3,0.996,3,0.996,2,0.664,2,0.664,0,0.0,1,0.332,84.82,1.0202399870561645,-0.5588291774288318,0.3628529349712712,0.8560762367024679
460,Armando Maria Obispo,DEF,Curaçao,Curaçao,3,271,0,0.0,0,0.0,0,0.0,0,0.0,97,32.214,87,28.893,0,0.0,5,1.661,9,2.989,13,4.317,14,4.649,20,6.642,6,1.993,5,1.661,2,0.664,1,0.332,0,0.0,1,0.332,89.69,2.9152285294754563,0.3820208119467352,0.7065798504000482,0.508717944748349
452,Leandro Jones Johan Bacuna,MID,Curaçao,Curaçao,3,271,0,0.0,0,0.0,6,1.993,1,0.332,125,41.513,108,35.867,4,1.328,11,3.653,4,1.328,9,2.989,3,0.996,14,4.649,4,1.328,4,1.328,11,3.653,3,0.996,3,0.996,0,0.0,86.4,0.35762466682535027,0.520273539847657,-0.49259141698193437,-0.0630721217480928
486,Ibrahim Sangare,MID,Côte d'Ivoire,Côte d'Ivoire,4,271,0,0.0,0,0.0,1,0.332,0,0.0,190,63.1,172,57.122,1,0.332,24,7.97,2,0.664,9,2.989,13,4.317,17,5.646,5,1.661,5,1.661,5,1.661,2,0.664,4,1.328,0,0.0,90.53,2.591830303246083,1.337368402590924,-1.323916872204152,0.9696582197882246
682,Saeid Ezatolahi,MID,IR Iran,IR Iran,3,271,0,0.0,0,0.0,6,1.993,2,0.664,99,32.878,78,25.904,0,0.0,14,4.649,4,1.328,12,3.985,14,4.649,27,8.967,11,3.653,11,3.653,4,1.328,7,2.325,4,1.328,0,0.0,78.79,1.782374613288484,3.4016874274898505,1.2641633506836232,1.748380989833818
713,Elijah Henry Just,MID,New Zealand,New Zealand,3,271,3,0.996,0,0.0,7,2.325,5,1.661,99,32.878,85,28.229,1,0.332,10,3.321,1,0.332,3,0.996,8,2.657,6,1.993,1,0.332,1,0.332,15,4.982,3,0.996,2,0.664,0,0.0,85.86,-2.997213279738179,1.1404610233215715,-0.595380173633009,-0.9470477056642052
985,Luca Zinedine Zidane,GK,Algeria,Algeria,3,271,0,0.0,0,0.0,0,0.0,0,0.0,104,34.539,91,30.221,0,0.0,0,0.0,1,0.332,0,0.0,0,0.0,15,4.982,0,0.0,0,0.0,0,0.0,0,0.0,0,0.0,0,0.0,87.5,0.43851210647349353,-3.350563831192958,0.552564591190122,-1.0702833706300445
535,Micky Van De Ven,DEF,Netherlands,Netherlands,3,270,0,0.0,0,0.0,3,1.0,1,0.333,117,39.0,105,35.0,3,1.0,9,3.0,2,0.667,7,2.333,6,2.0,8,2.667,4,1.333,4,1.333,4,1.333,5,1.667,1,0.333,0,0.0,89.74,0.3975498690000177,-0.09952071891082859,0.24809588798124518,0.43768492814544946
768,Deroy Deroy Duarte,MID,Cabo Verde,Cabo Verde,4,270,1,0.333,0,0.0,3,1.0,2,0.667,101,33.667,87,29.0,1,0.333,14,4.667,1,0.333,8,2.667,10,3.333,8,2.667,5,1.667,5,1.667,0,0.0,4,1.333,1,0.333,0,0.0,86.14,0.0382285470749725,0.6504905781561343,0.7325527467516056,0.7028722595883692
270,Jean Ricner Bellegarde,MID,Haiti,Haiti,3,269,0,0.0,0,0.0,6,2.007,0,0.0,130,43.494,112,37.472,12,4.015,10,3.346,1,0.335,3,1.004,7,2.342,10,3.346,1,0.335,1,0.335,9,3.011,4,1.338,5,1.673,0,0.0,86.15,-0.5688116926071822,-0.09539300751819821,-1.7356791463018988,0.6687854328166802
969,Riyad Karim Mahrez,FWD,Algeria,Algeria,4,269,2,0.669,2,0.669,6,2.007,3,1.004,147,49.182,127,42.491,9,3.011,12,4.015,1,0.335,2,0.669,6,2.007,4,1.338,1,0.335,1,0.335,6,2.007,1,0.335,7,2.342,1,0.335,86.39,-2.9461104175103885,1.20127905984047,-2.2118867656293997,-1.9141948436282443
1035,Mahmoud Ahmed Nizar Alrashdan,MID,Jordan,Jordan,3,269,1,0.335,0,0.0,2,0.669,1,0.335,80,26.766,62,20.743,0,0.0,20,6.691,4,1.338,6,2.007,11,3.68,13,4.349,4,1.338,4,1.338,10,3.346,5,1.673,4,1.338,0,0.0,77.5,0.22447252016980432,1.293734651700947,-0.5031097552165451,2.164555142680091
134,Tarik Muharemovic,DEF,Bosnia and Herzegovina,Bosnia and Herzegovina,3,268,0,0.0,0,0.0,1,0.336,0,0.0,153,51.381,132,44.328,0,0.0,6,2.015,4,1.343,38,12.761,12,4.03,24,8.06,13,4.366,13,4.366,2,0.672,5,1.679,2,0.672,0,0.0,86.27,4.62629743903445,3.062803907427269,2.305072512922411,0.3009613542462993
7,Luis Francisco Romo,MID,Mexico,Mexico,4,268,1,0.336,1,0.336,3,1.007,1,0.336,106,35.597,93,31.231,2,0.672,10,3.358,1,0.336,5,1.679,6,2.015,8,2.687,4,1.343,3,1.007,0,0.0,1,0.336,3,1.007,0,0.0,87.74,-0.5662211959460561,-0.3157470227669174,0.009022312110310893,-0.6334834901680456
1017,Mousa Musallam Abdallah Nasib,DEF,Jordan,Jordan,3,266,0,0.0,0,0.0,0,0.0,0,0.0,97,32.82,70,23.684,0,0.0,9,3.045,3,1.015,19,6.429,12,4.06,23,7.782,7,2.368,5,1.692,1,0.338,1,0.338,1,0.338,0,0.0,72.16,2.823390097961902,0.11541255746804122,1.144108291373986,0.9342395504782273
1037,Manel Farhan Ehsan Haddad,DEF,Jordan,Jordan,3,266,0,0.0,1,0.338,1,0.338,0,0.0,73,24.699,54,18.271,7,2.368,10,3.383,2,0.677,6,2.03,13,4.398,9,3.045,1,0.338,1,0.338,4,1.353,3,1.015,1,0.338,0,0.0,73.97,0.11708001561676752,-0.7944319275000543,-0.8874440022167154,1.4700886636439516
277,Danley Jean Jacques,MID,Haiti,Haiti,3,265,0,0.0,0,0.0,0,0.0,0,0.0,116,39.396,102,34.642,2,0.679,16,5.434,0,0.0,10,3.396,9,3.057,14,4.755,3,1.019,3,1.019,4,1.358,5,1.698,3,1.019,0,0.0,87.93,1.2527602842112802,-0.07554838409790389,-0.31255229842414417,1.7153702804826019
991,Kevin Danso,DEF,Austria,Austria,4,265,0,0.0,0,0.0,1,0.34,0,0.0,164,55.698,147,49.925,1,0.34,8,2.717,1,0.34,15,5.094,9,3.057,9,3.057,8,2.717,8,2.717,6,2.038,1,0.34,2,0.679,0,0.0,89.63,2.0049509658096336,0.5755918439925161,0.7967806071554852,-0.46661660908742325
58,Inbeom Hwang,MID,Korea Republic,South Korea,3,264,1,0.341,1,0.341,4,1.364,2,0.682,218,74.318,193,65.795,3,1.023,6,2.045,3,1.023,4,1.364,5,1.705,9,3.068,3,1.023,3,1.023,3,1.023,1,0.341,1,0.341,0,0.0,88.53,0.4749209277151341,0.4294792275068071,-1.2469822265639652,-3.0176149965085974
685,Mehdi Taremi,FWD,IR Iran,IR Iran,3,264,0,0.0,0,0.0,5,1.705,2,0.682,71,24.205,58,19.773,2,0.682,6,2.045,2,0.682,4,1.364,1,0.341,4,1.364,14,4.773,14,4.773,11,3.75,3,1.023,5,1.705,2,0.682,81.69,-1.5519936437940933,1.9864021718338882,3.1224660689969825,-0.05512805353176846
381,Nestory Irankunda,FWD,Australia,Australia,4,263,1,0.342,0,0.0,6,2.053,2,0.684,44,15.057,32,10.951,1,0.342,1,0.342,1,0.342,2,0.684,2,0.684,4,1.369,10,3.422,10,3.422,8,2.738,4,1.369,5,1.711,0,0.0,72.73,-2.2339165235496967,0.9029657266779214,2.5588035031909104,-0.10626741367249173
1204,Kwasi Sibo,MID,Ghana,Ghana,4,263,0,0.0,0,0.0,0,0.0,0,0.0,93,31.825,88,30.114,0,0.0,8,2.738,0,0.0,5,1.711,4,1.369,4,1.369,3,1.027,3,1.027,2,0.684,7,2.395,1,0.342,0,0.0,94.62,0.14144341092169763,-1.160799677654669,0.7576702223808345,1.1504631308374926
116,Tanitoluwa Oluwatimilehin Oluwaseyi,FWD,Canada,Canada,5,262,0,0.0,0,0.0,8,2.748,4,1.374,41,14.084,27,9.275,4,1.374,11,3.779,2,0.687,0,0.0,2,0.687,8,2.748,15,5.153,14,4.809,7,2.405,5,1.718,5,1.718,1,0.344,65.85,-2.219664305352508,2.9694858952847003,3.0612333160985377,0.7176275817904132
418,Antonio Ruediger,DEF,Germany,Germany,4,262,0,0.0,0,0.0,1,0.344,0,0.0,246,84.504,230,79.008,1,0.344,4,1.374,5,1.718,11,3.779,6,2.061,18,6.183,9,3.092,8,2.748,1,0.344,1,0.344,0,0.0,0,0.0,93.5,3.937037866754952,0.9663128968988419,0.2589922986340948,-2.6397447082616914
712,Sarpreet Singh,MID,New Zealand,New Zealand,3,262,0,0.0,0,0.0,4,1.374,2,0.687,76,26.107,58,19.924,7,2.405,2,0.687,1,0.344,3,1.031,8,2.748,5,1.718,4,1.374,3,1.031,4,1.374,2,0.687,2,0.687,0,0.0,76.32,-1.069719174891693,-0.7284966723382482,0.5373686143175594,0.17207314997540762
931,Andreas Rædergård Schjelderup,MID,Norway,Norway,6,262,1,0.344,2,0.687,3,1.031,2,0.687,104,35.725,89,30.573,7,2.405,13,4.466,2,0.687,3,1.031,4,1.374,9,3.092,1,0.344,1,0.344,15,5.153,2,0.687,3,1.031,0,0.0,85.58,-1.8081303449704893,0.27307853465280374,-2.110912333674265,-0.723826171426476
340,Victor Gustavo Velazquez,DEF,Paraguay,Paraguay,5,261,0,0.0,0,0.0,0,0.0,0,0.0,80,27.586,57,19.655,4,1.379,5,1.724,3,1.034,18,6.207,5,1.724,10,3.448,7,2.414,7,2.414,1,0.345,2,0.69,0,0.0,0,0.0,71.25,1.5631986514543088,-0.4262980040090567,1.86153096585937,0.40930624478384725
293,Mc,MID,Scotland,Scotland,3,261,1,0.345,0,0.0,3,1.034,1,0.345,55,18.966,47,16.207,9,3.103,4,1.379,0,0.0,1,0.345,3,1.034,4,1.379,2,0.69,2,0.69,11,3.793,2,0.69,11,3.793,0,0.0,85.45,-2.8417347245163445,-0.5520030734578562,-0.6385816673474738,0.5836527776385793
1080,Noah Junior Sadiki,MID,Congo DR,Congo DR,4,261,0,0.0,0,0.0,0,0.0,0,0.0,116,40.0,103,35.517,1,0.345,17,5.862,1,0.345,5,1.724,11,3.793,10,3.448,0,0.0,0,0.0,10,3.448,2,0.69,3,1.034,0,0.0,88.79,0.7680300491822785,-0.7939278685525418,-1.5077241758120117,1.6012446277348567
31,Thalente Wandile Mbatha,MID,South Africa,South Africa,4,260,0,0.0,0,0.0,4,1.385,1,0.346,97,33.577,82,28.385,4,1.385,11,3.808,3,1.038,8,2.769,10,3.462,12,4.154,5,1.731,3,1.038,3,1.038,4,1.385,0,0.0,0,0.0,84.54,0.8337614679487294,0.3597050091400539,0.144290148559618,0.9999895327825096
33,Oswin Reagan Appollis,FWD,South Africa,South Africa,4,260,0,0.0,0,0.0,4,1.385,1,0.346,99,34.269,82,28.385,7,2.423,7,2.423,1,0.346,0,0.0,6,2.077,6,2.077,1,0.346,1,0.346,10,3.462,1,0.346,2,0.692,0,0.0,82.83,-0.9812288419780099,-1.2222878028858855,-0.7968781561080557,0.12379373872115582
1233,Edgar Yoel Barcenas,MID,Panama,Panama,3,260,0,0.0,0,0.0,2,0.692,0,0.0,109,37.731,96,33.231,5,1.731,5,1.731,3,1.038,4,1.385,2,0.692,12,4.154,7,2.423,7,2.423,8,2.769,3,1.038,3,1.038,0,0.0,88.07,0.5298084868578357,0.000659666746086085,0.7138381943396418,-0.16005239649768618
1097,Rustamjon Ashurmatov,DEF,Uzbekistan,Uzbekistan,3,260,0,0.0,0,0.0,0,0.0,0,0.0,123,42.577,101,34.962,0,0.0,5,1.731,3,1.038,27,9.346,13,4.5,15,5.192,9,3.115,9,3.115,0,0.0,1,0.346,0,0.0,0,0.0,82.11,3.450981313706089,0.9193249435248481,1.9736098251521261,0.1706626355062493
164,Junior Edmilson,FWD,Qatar,Qatar,3,259,0,0.0,1,0.347,3,1.042,2,0.695,41,14.247,33,11.467,4,1.39,5,1.737,1,0.347,4,1.39,3,1.042,8,2.78,1,0.347,1,0.347,5,1.737,4,1.39,2,0.695,1,0.347,80.49,-1.8998905767419456,-1.1298235711575766,0.2628918520696346,0.43700532814096726
74,Youngwoo Seol,DEF,Korea Republic,South Korea,3,257,0,0.0,0,0.0,2,0.7,0,0.0,123,43.074,113,39.572,11,3.852,5,1.751,2,0.7,6,2.101,3,1.051,7,2.451,1,0.35,1,0.35,3,1.051,1,0.35,2,0.7,4,1.401,91.87,-0.7381935771690118,-1.101580530754188,-0.032190041815416306,-0.588560152487157
826,Maximiliano Javier Araujo,MID,Uruguay,Uruguay,3,256,2,0.703,0,0.0,4,1.406,3,1.055,57,20.039,50,17.578,18,6.328,4,1.406,2,0.703,1,0.352,3,1.055,7,2.461,1,0.352,1,0.352,14,4.922,2,0.703,7,2.461,6,2.109,87.72,-4.8815679002637244,0.9012753228090528,-0.22705487540850833,-0.38042679627435855
449,Juninho Gracielo Bacuna,MID,Curaçao,Curaçao,3,255,0,0.0,0,0.0,5,1.765,1,0.353,75,26.471,60,21.176,5,1.765,17,6.0,2,0.706,2,0.706,17,6.0,10,3.529,3,1.059,3,1.059,20,7.059,6,2.118,3,1.059,0,0.0,80.0,-0.5052676539027664,1.6620374765629689,-1.5669642005413724,3.1353953166267785
708,Joe Zen Robert Bell,MID,New Zealand,New Zealand,3,255,0,0.0,0,0.0,1,0.353,0,0.0,143,50.471,120,42.353,0,0.0,7,2.471,3,1.059,10,3.529,4,1.412,12,4.235,5,1.765,4,1.412,2,0.706,3,1.059,0,0.0,0,0.0,83.92,1.8848539427960043,-0.48163750307612113,0.5600547276676647,-0.4338100409460349
900,Fouad Aboud Amir Alammari,MID,Iraq,Iraq,3,254,0,0.0,1,0.354,0,0.0,0,0.0,125,44.291,99,35.079,7,2.48,9,3.189,3,1.063,7,2.48,10,3.543,16,5.669,2,0.709,2,0.709,1,0.354,3,1.063,0,0.0,0,0.0,79.2,1.549450444928208,-0.41011246959338454,-1.0053206209476908,0.2803841740143335
557,Daizen Maeda,MID,Japan,Japan,3,253,1,0.356,0,0.0,2,0.711,1,0.356,30,10.672,28,9.96,3,1.067,10,3.557,1,0.356,7,2.49,5,1.779,4,1.423,2,0.711,2,0.711,7,2.49,2,0.711,1,0.356,1,0.356,93.33,-1.520124514772708,-0.9700076161630228,0.8216208656468972,1.0615262263759402
866,Lamine Camara,MID,Senegal,Senegal,4,253,0,0.0,1,0.356,3,1.067,0,0.0,131,46.601,117,41.621,8,2.846,7,2.49,0,0.0,10,3.557,6,2.134,11,3.913,4,1.423,3,1.067,7,2.49,5,1.779,3,1.067,0,0.0,89.31,0.2236856593087718,0.31777089605526615,-0.8506329214811857,0.00304031177854559
544,Crysencio Jilbert Sylverio Cir Summerville,FWD,Netherlands,Netherlands,4,252,2,0.714,2,0.714,2,0.714,2,0.714,67,23.929,56,20.0,8,2.857,8,2.857,1,0.357,0,0.0,6,2.143,5,1.786,2,0.714,2,0.714,13,4.643,2,0.714,5,1.786,1,0.357,83.58,-3.341465114974864,0.5531152873051869,-1.2941416937535675,-0.6769437668243239
618,Yan Valery,DEF,Tunisia,Tunisia,3,252,0,0.0,0,0.0,0,0.0,0,0.0,80,28.571,54,19.286,7,2.5,9,3.214,0,0.0,10,3.571,5,1.786,9,3.214,5,1.786,4,1.429,4,1.429,4,1.429,0,0.0,1,0.357,67.5,0.2611090681638417,-0.7042336476607274,1.0864381317515077,1.2264847469050646
615,Ellyes Joris Skhiri,MID,Tunisia,Tunisia,3,252,0,0.0,0,0.0,0,0.0,0,0.0,109,38.929,99,35.357,0,0.0,7,2.5,4,1.429,12,4.286,9,3.214,12,4.286,2,0.714,2,0.714,2,0.714,0,0.0,1,0.357,0,0.0,90.83,1.9958826077601157,-1.0336772917468366,-0.05678138247988625,0.11302827780617937
971,Amine Ferid Gouiri,FWD,Algeria,Algeria,4,252,1,0.357,0,0.0,3,1.071,2,0.714,58,20.714,51,18.214,1,0.357,5,1.786,0,0.0,1,0.357,0,0.0,2,0.714,1,0.357,1,0.357,2,0.714,1,0.357,1,0.357,0,0.0,87.93,-2.0218154228235945,-2.037310385668336,0.8976330899815161,-0.635072007055927
858,Maxence Guy Lacroix,DEF,France,France,3,252,0,0.0,0,0.0,0,0.0,0,0.0,130,46.429,125,44.643,0,0.0,8,2.857,2,0.714,6,2.143,10,3.571,18,6.429,9,3.214,9,3.214,4,1.429,5,1.786,0,0.0,1,0.357,96.15,2.23369316157481,1.1793330951580505,1.5015466479604842,0.5133238180760478
56,Minjae Kim,DEF,Korea Republic,South Korea,3,251,0,0.0,0,0.0,1,0.359,1,0.359,226,81.036,221,79.243,0,0.0,3,1.076,5,1.793,11,3.944,6,2.151,20,7.171,8,2.869,8,2.869,3,1.076,2,0.717,1,0.359,0,0.0,97.79,3.719360699604945,1.4192635680957166,0.1717652725400766,-2.5391316673530397
60,Seungho Paik,MID,Korea Republic,South Korea,3,251,0,0.0,0,0.0,0,0.0,0,0.0,152,54.502,135,48.406,1,0.359,3,1.076,0,0.0,9,3.227,3,1.076,6,2.151,3,1.076,3,1.076,1,0.359,1,0.359,2,0.717,0,0.0,88.82,1.0600124814154628,-1.5641819685446083,0.3989150667448836,-1.1521978365159309
940,Gonzalo Ariel Montiel,DEF,Argentina,Argentina,6,250,0,0.0,0,0.0,1,0.36,0,0.0,100,36.0,81,29.16,5,1.8,7,2.52,3,1.08,6,2.16,8,2.88,9,3.24,2,0.72,0,0.0,0,0.0,4,1.44,2,0.72,0,0.0,81.0,0.7916186457955329,-0.9342131956058808,-0.48089839277741203,0.9629743073650775
684,Mohammad Mohebbi,MID,IR Iran,IR Iran,3,249,1,0.361,0,0.0,2,0.723,1,0.361,69,24.94,49,17.711,1,0.361,8,2.892,1,0.361,6,2.169,6,2.169,9,3.253,13,4.699,13,4.699,3,1.084,1,0.361,1,0.361,0,0.0,71.01,0.1878128711391276,1.3230673715847292,3.294258549011444,-0.01591439987980323
1099,Otabek Shukurov,MID,Uzbekistan,Uzbekistan,3,249,0,0.0,0,0.0,2,0.723,0,0.0,117,42.289,103,37.229,1,0.361,12,4.337,1,0.361,7,2.53,8,2.892,9,3.253,4,1.446,4,1.446,8,2.892,2,0.723,5,1.807,0,0.0,88.03,0.6163777245514505,0.16103353481613378,-0.3984731384222972,0.8427657886651317
463,Tahith Jose Girigorio Djorkaef Chong,MID,Curaçao,Curaçao,3,247,0,0.0,0,0.0,4,1.457,2,0.729,61,22.227,51,18.583,0,0.0,5,1.822,4,1.457,0,0.0,2,0.729,9,3.279,3,1.093,2,0.729,20,7.287,3,1.093,13,4.737,0,0.0,83.61,-2.228936870457958,0.5854127626184602,-1.1973418052279883,0.869537695063328
790,Mohammed Salem Aldawsari,FWD,Saudi Arabia,Saudi Arabia,3,247,0,0.0,0,0.0,3,1.093,0,0.0,81,29.514,58,21.134,2,0.729,13,4.737,1,0.364,1,0.364,2,0.729,4,1.457,0,0.0,0,0.0,9,3.279,3,1.093,4,1.457,1,0.364,71.6,-1.333267388478609,-1.2932039727563676,-0.6650210707387934,1.2304680423549896
1012,Paul Wanner,MID,Austria,Austria,4,247,0,0.0,0,0.0,1,0.364,0,0.0,80,29.15,68,24.777,1,0.364,10,3.644,4,1.457,1,0.364,7,2.551,11,4.008,5,1.822,4,1.457,15,5.466,4,1.457,2,0.729,0,0.0,85.0,0.456984899040318,0.14047906921455558,-0.19750553241127244,1.4243253166573309
784,Ali Abdulelah Alamri,DEF,Saudi Arabia,Saudi Arabia,3,246,1,0.366,0,0.0,4,1.463,2,0.732,99,36.22,81,29.634,1,0.366,4,1.463,2,0.732,15,5.488,7,2.561,15,5.488,3,1.098,3,1.098,1,0.366,1,0.366,0,0.0,0,0.0,81.82,0.6511948443459141,-0.04717029072501481,0.8490606934053748,-0.8943749222998343
789,Tariq Feras,FWD,Saudi Arabia,Saudi Arabia,3,246,0,0.0,0,0.0,0,0.0,0,0.0,51,18.659,32,11.707,0,0.0,5,1.829,0,0.0,2,0.732,7,2.561,2,0.732,9,3.293,7,2.561,2,0.732,2,0.732,3,1.098,0,0.0,62.75,-0.3306132672471038,-0.7031526286773787,2.324586784685147,1.1723043543296217
955,Nicolas Hernan Gonzalo Otamendi,DEF,Argentina,Argentina,6,246,0,0.0,0,0.0,1,0.366,0,0.0,180,65.854,172,62.927,0,0.0,6,2.195,2,0.732,17,6.22,5,1.829,17,6.22,13,4.756,12,4.39,5,1.829,4,1.463,4,1.463,1,0.366,95.56,2.903523080609229,2.605987293019211,1.8905026724177407,-0.9857260088466084
1072,Ngal’ayel Mukau,MID,Congo DR,Congo DR,4,246,0,0.0,0,0.0,1,0.366,0,0.0,69,25.244,60,21.951,0,0.0,7,2.561,4,1.463,6,2.195,4,1.463,9,3.293,0,0.0,0,0.0,4,1.463,3,1.098,4,1.463,1,0.366,86.96,0.022023705246930946,-1.308012429779241,-0.22151062238603697,0.9799828378084413
4,Edson Omar Alvarez,DEF,Mexico,Mexico,4,245,0,0.0,0,0.0,2,0.735,0,0.0,153,56.204,138,50.694,2,0.735,15,5.51,1,0.367,14,5.143,2,0.735,11,4.041,5,1.837,5,1.837,2,0.735,5,1.837,2,0.735,0,0.0,90.2,1.7781870741185135,0.6333279102171555,0.08366995545449867,0.2333764535037303
144,Ivan Sunjic,MID,Bosnia and Herzegovina,Bosnia and Herzegovina,4,245,0,0.0,0,0.0,1,0.367,1,0.367,102,37.469,88,32.327,1,0.367,11,4.041,0,0.0,3,1.102,3,1.102,4,1.469,2,0.735,2,0.735,1,0.367,7,2.571,0,0.0,0,0.0,86.27,-0.110311975998216,-0.8973255603923844,0.32098355715793603,1.0266910109740142
1228,Cristian Jesus Martinez,MID,Panama,Panama,3,245,0,0.0,0,0.0,1,0.367,0,0.0,78,28.653,57,20.939,12,4.408,15,5.51,0,0.0,4,1.469,3,1.102,5,1.837,4,1.469,4,1.469,4,1.469,5,1.837,5,1.837,1,0.367,73.08,-0.9817933442764631,0.03638983614838176,-0.1568964973672281,1.9852150210497235
38,Thapelo Maseko,FWD,South Africa,South Africa,3,245,1,0.367,0,0.0,8,2.939,1,0.367,49,18.0,37,13.592,2,0.735,10,3.673,3,1.102,0,0.0,6,2.204,8,2.939,0,0.0,0,0.0,20,7.347,4,1.469,10,3.673,0,0.0,75.51,-2.8892129399310837,0.8448965284092038,-1.9030733177704455,1.5642122345562213
881,Mory Diaw,GK,Senegal,Senegal,3,245,0,0.0,0,0.0,0,0.0,0,0.0,95,34.898,64,23.51,0,0.0,0,0.0,0,0.0,0,0.0,0,0.0,19,6.98,0,0.0,0,0.0,0,0.0,0,0.0,2,0.735,0,0.0,67.37,0.3816851825300945,-3.2550926910876123,0.5288953231966763,-0.8151181018288974
136,Benjamin Tahirovic,MID,Bosnia and Herzegovina,Bosnia and Herzegovina,4,244,0,0.0,0,0.0,1,0.369,0,0.0,107,39.467,91,33.566,2,0.738,7,2.582,2,0.738,10,3.689,5,1.844,10,3.689,2,0.738,1,0.369,1,0.369,3,1.107,2,0.738,0,0.0,85.05,1.061003561920742,-1.062520610142815,-0.06909971809708572,0.3832890053933652
167,Hassan Akram,FWD,Qatar,Qatar,3,243,0,0.0,0,0.0,2,0.741,0,0.0,93,34.444,73,27.037,12,4.444,2,0.741,1,0.37,1,0.37,2,0.741,4,1.481,0,0.0,0,0.0,11,4.074,0,0.0,4,1.481,2,0.741,78.49,-1.8098399933763272,-1.8569330832847688,-0.811178473581287,-0.2998476807412915
150,Esmir Bajraktarevic,FWD,Bosnia and Herzegovina,Bosnia and Herzegovina,4,242,0,0.0,0,0.0,3,1.116,2,0.744,71,26.405,58,21.57,8,2.975,4,1.488,3,1.116,4,1.488,8,2.975,10,3.719,1,0.372,1,0.372,11,4.091,1,0.372,2,0.744,0,0.0,81.69,-0.6659379344943215,-0.6319256207287649,-0.8323545062668533,0.35221980775679607
354,Damián Josue Bobadilla,MID,Paraguay,Paraguay,4,242,0,0.0,0,0.0,0,0.0,0,0.0,32,11.901,24,8.926,1,0.372,12,4.463,2,0.744,11,4.091,8,2.975,8,2.975,0,0.0,0,0.0,0,0.0,1,0.372,1,0.372,0,0.0,75.0,0.572528287359777,-1.8785767919026461,0.24887858953159261,1.9992462125632244
161,Gaber Jassem,DEF,Qatar,Qatar,3,242,0,0.0,0,0.0,0,0.0,0,0.0,32,11.901,25,9.298,0,0.0,11,4.091,0,0.0,3,1.116,4,1.488,3,1.116,3,1.116,3,1.116,0,0.0,7,2.603,0,0.0,0,0.0,78.12,-0.4409214973466338,-1.3728299774690782,1.3988105535144555,2.4554711866950356
466,Deveron Lenny Fonville,DEF,Curaçao,Curaçao,3,242,0,0.0,0,0.0,0,0.0,0,0.0,66,24.545,55,20.455,0,0.0,8,2.975,4,1.488,6,2.231,8,2.975,9,3.347,1,0.372,1,0.372,13,4.835,2,0.744,3,1.116,0,0.0,83.33,0.44300594845819813,-0.9182744377062005,-0.7030335832993629,1.4405002625261787
869,Nicolas Jackson,FWD,Senegal,Senegal,4,242,0,0.0,0,0.0,7,2.603,3,1.116,45,16.736,36,13.388,1,0.372,7,2.603,0,0.0,2,0.744,4,1.488,4,1.488,9,3.347,9,3.347,4,1.488,2,0.744,0,0.0,5,1.86,80.0,-2.8797461099113306,1.186368991870218,3.739372481560791,-0.018953760253971632
623,Anis Slimane,MID,Tunisia,Tunisia,3,241,0,0.0,0,0.0,1,0.373,1,0.373,75,28.008,59,22.033,4,1.494,5,1.867,0,0.0,7,2.614,7,2.614,7,2.614,7,2.614,7,2.614,5,1.867,0,0.0,0,0.0,2,0.747,78.67,-0.25748398321380367,-0.31719782321816015,2.1655226835599235,0.08473066526740898
633,Romelu Lukaku,FWD,Belgium,Belgium,6,241,3,1.12,0,0.0,6,2.241,3,1.12,42,15.685,32,11.95,0,0.0,0,0.0,1,0.373,2,0.747,1,0.373,1,0.373,7,2.614,6,2.241,1,0.373,2,0.747,0,0.0,1,0.373,76.19,-3.3688108501508855,0.4090444897166762,3.0703999865212324,-1.8989429295288747
814,Federico Santiago Valverde,MID,Uruguay,Uruguay,3,241,0,0.0,1,0.373,10,3.734,2,0.747,120,44.813,98,36.598,8,2.988,7,2.614,2,0.747,2,0.747,6,2.241,6,2.241,1,0.373,1,0.373,7,2.614,1,0.373,0,0.0,0,0.0,81.67,-1.4780915669831591,0.11426794171898658,-1.4987535150895224,-1.3282353306795234
487,Nicolas Pepe,FWD,Côte d'Ivoire,Côte d'Ivoire,4,240,2,0.75,0,0.0,6,2.25,3,1.125,109,40.875,93,34.875,10,3.75,12,4.5,0,0.0,0,0.0,4,1.5,5,1.875,7,2.625,7,2.625,14,5.25,1,0.375,1,0.375,1,0.375,85.32,-2.596654917781078,1.924509074439881,0.33870088855099406,-1.205687169890447
124,Ali Ahmed,FWD,Canada,Canada,4,239,0,0.0,0,0.0,2,0.753,1,0.377,65,24.477,51,19.205,15,5.649,13,4.895,1,0.377,0,0.0,11,4.142,6,2.259,4,1.506,4,1.506,9,3.389,1,0.377,5,1.883,0,0.0,78.46,-1.0550126983799293,0.44054207883633006,-1.1185620342938598,1.904939882235756
549,Shogo Taniguchi,DEF,Japan,Japan,3,239,0,0.0,0,0.0,0,0.0,0,0.0,127,47.824,122,45.941,1,0.377,1,0.377,0,0.0,26,9.791,5,1.883,12,4.519,5,1.883,4,1.506,2,0.753,2,0.753,1,0.377,0,0.0,96.06,2.4695104195468307,-0.5058723162559844,1.2597082941883389,-0.7425746744342536
451,Jürgen Leonardo Locadia,FWD,Curaçao,Curaçao,3,238,0,0.0,0,0.0,1,0.378,0,0.0,48,18.151,37,13.992,0,0.0,1,0.378,1,0.378,3,1.134,4,1.513,2,0.756,8,3.025,5,1.891,2,0.756,3,1.134,4,1.513,2,0.756,77.08,-1.1226026794370778,-0.662295523390518,2.5157062271730397,0.7166736938966755
884,Pape Alassane Gueye,MID,Senegal,Senegal,4,237,2,0.759,1,0.38,8,3.038,3,1.139,161,61.139,138,52.405,3,1.139,11,4.177,2,0.759,4,1.519,7,2.658,12,4.557,3,1.139,3,1.139,5,1.899,4,1.519,2,0.759,0,0.0,85.71,-1.084768014969078,2.457587385158962,-1.3889523223635336,-1.9708057509401176
1229,Jose Luis Rodriguez,MID,Panama,Panama,3,237,0,0.0,0,0.0,3,1.139,1,0.38,48,18.228,35,13.291,16,6.076,15,5.696,0,0.0,0,0.0,0,0.0,4,1.519,2,0.759,2,0.759,12,4.557,4,1.519,2,0.759,0,0.0,72.92,-2.181719269416356,-0.635036589148993,-0.9672977790904382,1.7703303163612734
926,Marcus Holmgren Holmgren Pedersen,DEF,Norway,Norway,4,237,1,0.38,0,0.0,1,0.38,1,0.38,107,40.633,87,33.038,7,2.658,5,1.899,0,0.0,5,1.899,3,1.139,4,1.519,2,0.759,2,0.759,4,1.519,3,1.139,1,0.38,0,0.0,81.31,-0.7601024262430649,-0.9511307832712251,0.028772407868174716,-0.4731442461767896
477,Ange-Yoan Laurent Bonny,FWD,Côte d'Ivoire,Côte d'Ivoire,4,236,0,0.0,0,0.0,1,0.381,1,0.381,30,11.441,26,9.915,3,1.144,6,2.288,1,0.381,4,1.525,3,1.144,8,3.051,5,1.907,2,0.763,2,0.763,1,0.381,3,1.144,1,0.381,86.67,-0.974922712132828,-1.3306239810955822,1.4023922766142294,0.840919647567291
892,Bayesh Kamil Ibrahim Bayesh,MID,Iraq,Iraq,3,236,0,0.0,0,0.0,1,0.381,0,0.0,48,18.305,40,15.254,1,0.381,11,4.195,1,0.381,3,1.144,8,3.051,10,3.814,7,2.669,6,2.288,14,5.339,3,1.144,5,1.907,0,0.0,83.33,-0.21665548592194273,0.5557692163088692,0.5983911522272518,2.169779848178567
627,Arthur Nicolas Theate,DEF,Belgium,Belgium,3,236,0,0.0,0,0.0,5,1.907,1,0.381,164,62.542,153,58.347,0,0.0,3,1.144,5,1.907,11,4.195,4,1.525,14,5.339,8,3.051,7,2.669,0,0.0,1,0.381,0,0.0,0,0.0,93.29,2.456860511538204,1.0856859990720589,1.0164669487890365,-2.2339879846669817
145,Amar Memic,MID,Bosnia and Herzegovina,Bosnia and Herzegovina,4,235,0,0.0,0,0.0,3,1.149,1,0.383,52,19.915,39,14.936,5,1.915,7,2.681,4,1.532,7,2.681,5,1.915,9,3.447,5,1.915,5,1.915,9,3.447,4,1.532,3,1.149,0,0.0,75.0,-0.21150958092891214,0.5847158962424336,0.4552206613699631,1.2686646385427494
538,Donyell Malen,FWD,Netherlands,Netherlands,3,235,0,0.0,0,0.0,4,1.532,2,0.766,34,13.021,27,10.34,8,3.064,0,0.0,0,0.0,0,0.0,1,0.383,1,0.383,2,0.766,1,0.383,15,5.745,0,0.0,2,0.766,0,0.0,79.41,-2.911530064320969,-1.9272247158798173,0.18761984991222688,-0.20603555353270525
932,Oscar Bobb,MID,Norway,Norway,6,235,0,0.0,0,0.0,4,1.532,2,0.766,111,42.511,102,39.064,2,0.766,10,3.83,2,0.766,1,0.383,6,2.298,7,2.681,1,0.383,0,0.0,11,4.213,1,0.383,4,1.532,0,0.0,91.89,-0.7421343520162035,-0.27414507629734264,-1.5042447994626815,-0.03282073700320321
450,Livano Shyron Liomar Comenencia,MID,Curaçao,Curaçao,3,234,1,0.385,0,0.0,5,1.923,2,0.769,62,23.846,50,19.231,1,0.385,7,2.692,6,2.308,5,1.923,18,6.923,19,7.308,2,0.769,2,0.769,8,3.077,4,1.538,1,0.385,0,0.0,80.65,0.6355434642610968,1.7458932766827537,-0.743901549321653,1.49628979695437
1212,Benjamin Asare,GK,Ghana,Ghana,3,233,0,0.0,0,0.0,0,0.0,0,0.0,59,22.79,41,15.837,0,0.0,0,0.0,0,0.0,1,0.386,0,0.0,16,6.18,0,0.0,0,0.0,0,0.0,0,0.0,1,0.386,0,0.0,69.49,0.0575824702123644,-3.517211522833947,0.9509371606200647,-0.3959238965307944
483,Amad Diallo,FWD,Côte d'Ivoire,Côte d'Ivoire,4,232,2,0.776,0,0.0,8,3.103,4,1.552,73,28.319,69,26.767,7,2.716,5,1.94,2,0.776,1,0.388,5,1.94,5,1.94,0,0.0,0,0.0,17,6.595,0,0.0,2,0.776,1,0.388,94.52,-3.7556765518993727,0.6301507897982227,-1.0801513819724973,-1.502666686997305
936,Julian Ryerson,FWD,Norway,Norway,4,232,0,0.0,0,0.0,0,0.0,0,0.0,149,57.802,131,50.819,14,5.431,20,7.759,2,0.776,8,3.103,0,0.0,10,3.879,1,0.388,1,0.388,5,1.94,6,2.328,1,0.388,0,0.0,87.92,1.1907134474797914,0.14544115293466886,-2.2258855746599626,1.0203971534447573
39,Sphephelo S'miso Sithole,MID,South Africa,South Africa,3,231,0,0.0,0,0.0,0,0.0,0,0.0,129,50.26,109,42.468,0,0.0,8,3.117,3,1.169,6,2.338,11,4.286,19,7.403,7,2.727,7,2.727,1,0.39,5,1.948,1,0.39,0,0.0,84.5,2.880550543980814,1.2446664338517364,0.7447490987374716,0.8320971604345346
820,Agustin Canobbio,MID,Uruguay,Uruguay,3,231,1,0.39,0,0.0,4,1.558,1,0.39,68,26.494,61,23.766,9,3.506,12,4.675,1,0.39,3,1.169,5,1.948,5,1.948,1,0.39,1,0.39,14,5.455,7,2.727,5,1.948,1,0.39,89.71,-2.355917498677546,1.0116134652874258,-1.3578164582705479,1.8204173488061632
386,Jackson Alexander Irvine,MID,Australia,Australia,4,230,0,0.0,0,0.0,3,1.174,1,0.391,124,48.522,103,40.304,2,0.783,4,1.565,0,0.0,16,6.261,8,3.13,8,3.13,4,1.565,4,1.565,4,1.565,3,1.174,3,1.174,0,0.0,83.06,0.9077649618413455,0.44364025129784773,0.3965003813026011,-0.05976523307991461
803,Ibrahim Mohamed,MID,Saudi Arabia,Saudi Arabia,3,230,0,0.0,0,0.0,3,1.174,2,0.783,104,40.696,97,37.957,1,0.391,12,4.696,2,0.783,6,2.348,5,1.957,10,3.913,8,3.13,8,3.13,3,1.174,5,1.957,0,0.0,0,0.0,93.27,0.8644157672713406,1.6263937690214316,1.3420511873516852,0.4126080886793173
321,Ricardo Daniel Pepi,FWD,USA,USA,5,227,0,0.0,0,0.0,5,1.982,0,0.0,38,15.066,33,13.084,1,0.396,5,1.982,0,0.0,0,0.0,3,1.189,3,1.189,6,2.379,5,1.982,4,1.586,5,1.982,3,1.189,2,0.793,86.84,-2.009308625489745,-0.11236774452791665,2.093740285867025,1.2676639231801399
539,Brian Ebenezer Adjei Brobbey,FWD,Netherlands,Netherlands,4,227,3,1.189,0,0.0,4,1.586,3,1.189,21,8.326,18,7.137,1,0.396,2,0.793,0,0.0,0,0.0,2,0.793,2,0.793,7,2.775,3,1.189,1,0.396,4,1.586,3,1.189,2,0.793,85.71,-4.277785288573858,0.728342709145667,2.74698196275264,-0.7401748400554345
576,Isak Malcolm Kwaku Hien,DEF,Sweden,Sweden,3,226,0,0.0,0,0.0,0,0.0,0,0.0,128,50.973,122,48.584,0,0.0,5,1.991,4,1.593,14,5.575,3,1.195,20,7.965,13,5.177,9,3.584,0,0.0,3,1.195,3,1.195,0,0.0,95.31,3.3963099750857615,1.824636287779926,2.149426998703444,-0.7157124362028365
704,Timothy John Payne,DEF,New Zealand,New Zealand,3,226,0,0.0,1,0.398,1,0.398,0,0.0,87,34.646,72,28.673,9,3.584,9,3.584,2,0.796,12,4.779,7,2.788,8,3.186,2,0.796,1,0.398,2,0.796,2,0.796,2,0.796,0,0.0,82.76,0.5406887627655342,-0.3716030300600339,-1.1042057021884553,0.533166407790977
411,Barı ş Alper Yilmaz,FWD,Türkiye,Türkiye,3,225,1,0.4,0,0.0,2,0.8,1,0.4,38,15.2,29,11.6,15,6.0,3,1.2,0,0.0,0,0.0,1,0.4,0,0.0,3,1.2,1,0.4,10,4.0,4,1.6,1,0.4,2,0.8,76.32,-3.416737494960532,-0.875385803184637,0.40464884964242204,0.5124610075049879
1098,Akmal Mozgovoy,MID,Uzbekistan,Uzbekistan,3,225,0,0.0,1,0.4,1,0.4,0,0.0,79,31.6,65,26.0,0,0.0,4,1.6,4,1.6,4,1.6,6,2.4,9,3.6,0,0.0,0,0.0,3,1.2,0,0.0,3,1.2,0,0.0,82.28,0.3051822541520124,-1.5221962403111957,-0.9647126100070595,-0.30658035015477847
583,Anthony David Junior Elanga,FWD,Sweden,Sweden,4,224,2,0.804,0,0.0,3,1.205,3,1.205,76,30.536,60,24.107,12,4.821,0,0.0,0,0.0,1,0.402,1,0.402,1,0.402,1,0.402,0,0.0,10,4.018,0,0.0,7,2.812,1,0.402,78.95,-4.205711613613486,-0.37113135722691576,-0.7594210394328076,-1.6279863476040257
275,Ruben Fritzner Providence,FWD,Haiti,Haiti,3,223,0,0.0,0,0.0,4,1.614,1,0.404,48,19.372,42,16.951,7,2.825,9,3.632,0,0.0,3,1.211,3,1.211,2,0.807,0,0.0,0,0.0,14,5.65,3,1.211,5,2.018,0,0.0,87.5,-2.3665351244717363,-0.8022509761280493,-1.2307700868331066,1.4737536238075168
715,Liberato Gianpaolo Cacace,DEF,New Zealand,New Zealand,3,223,0,0.0,0,0.0,1,0.404,1,0.404,88,35.516,75,30.269,6,2.422,7,2.825,4,1.614,9,3.632,6,2.422,13,5.247,2,0.807,2,0.807,8,3.229,1,0.404,5,2.018,0,0.0,85.23,0.7024591875425288,0.09677291567896928,-1.0721834420567942,0.47977546030377577
1114,Abbosbek Fayzullaev,MID,Uzbekistan,Uzbekistan,3,223,1,0.404,0,0.0,3,1.211,2,0.807,36,14.529,24,9.686,8,3.229,16,6.457,2,0.807,7,2.825,6,2.422,9,3.632,0,0.0,0,0.0,3,1.211,6,2.422,4,1.614,0,0.0,66.67,-1.466616081755891,0.7285350350887503,-1.0603398759134544,2.495682461349944
872,Ismail Joshua Jakobs,DEF,Senegal,Senegal,3,222,0,0.0,0,0.0,1,0.405,0,0.0,117,47.432,106,42.973,19,7.703,10,4.054,2,0.811,9,3.649,6,2.432,12,4.865,6,2.432,5,2.027,2,0.811,2,0.811,0,0.0,0,0.0,90.6,1.5309339227354053,0.679520542939067,-0.6097641685388889,0.26013277925644385
707,Michael Joseph Boxall,DEF,New Zealand,New Zealand,3,221,0,0.0,0,0.0,0,0.0,0,0.0,115,46.833,104,42.353,1,0.407,6,2.443,5,2.036,18,7.33,11,4.48,23,9.367,5,2.036,5,2.036,5,2.036,2,0.814,2,0.814,0,0.0,90.43,3.8502568221380016,1.297746396470602,0.025067313687262744,0.4431431420385278
380,Aziz Behich,DEF,Australia,Australia,3,220,0,0.0,0,0.0,1,0.409,1,0.409,82,33.545,60,24.545,6,2.455,9,3.682,2,0.818,7,2.864,6,2.455,7,2.864,1,0.409,1,0.409,5,2.045,1,0.409,4,1.636,0,0.0,73.17,-0.06290988610414873,-0.6475375713724629,-0.9054050056678835,0.8472663425452265
593,Alexander Olof Bernhardsson,DEF,Sweden,Sweden,3,220,0,0.0,0,0.0,1,0.409,1,0.409,67,27.409,51,20.864,3,1.227,9,3.682,2,0.818,12,4.909,7,2.864,10,4.091,3,1.227,3,1.227,12,4.909,2,0.818,4,1.636,0,0.0,76.12,0.30069306642351806,0.32951651554404904,-0.3259335689426047,1.39025830361184
401,Kenan Yildiz,FWD,Türkiye,Türkiye,3,219,0,0.0,0,0.0,14,5.753,1,0.411,121,49.726,108,44.384,8,3.288,4,1.644,1,0.411,0,0.0,5,2.055,5,2.055,0,0.0,0,0.0,19,7.808,2,0.822,4,1.644,0,0.0,89.26,-2.6069880590476653,0.7932254555357614,-2.555413090295141,-0.9258330477514998
19,Gilberto Rafael Mora,MID,Mexico,Mexico,4,218,0,0.0,0,0.0,5,2.064,0,0.0,87,35.917,79,32.615,5,2.064,3,1.239,2,0.826,0,0.0,2,0.826,4,1.651,1,0.413,1,0.413,11,4.541,3,1.239,3,1.239,0,0.0,90.8,-1.194476205076727,-0.8999129521871352,-0.9311590233514425,-0.045950222410090065
514,Nilson David Angulo,FWD,Ecuador,Ecuador,4,218,1,0.413,0,0.0,2,0.826,2,0.826,78,32.202,63,26.009,8,3.303,8,3.303,5,2.064,0,0.0,3,1.239,6,2.477,3,1.239,3,1.239,24,9.908,4,1.651,3,1.239,0,0.0,80.77,-1.7144485363613295,1.3571001418477608,-1.6405313509157993,0.42510949666384623
373,Mohamed Toure,FWD,Australia,Australia,3,217,0,0.0,0,0.0,4,1.659,1,0.415,16,6.636,12,4.977,2,0.829,3,1.244,0,0.0,0,0.0,2,0.829,2,0.829,5,2.074,5,2.074,8,3.318,4,1.659,2,0.829,1,0.415,75.0,-2.447423875753713,-0.5478429844200455,2.0381497994558324,1.1394791552751145
560,Junya Ito,MID,Japan,Japan,4,217,1,0.415,0,0.0,3,1.244,1,0.415,85,35.253,65,26.959,17,7.051,4,1.659,1,0.415,4,1.659,6,2.488,4,1.659,2,0.829,2,0.829,15,6.221,2,0.829,5,2.074,0,0.0,76.47,-2.118273686929858,0.5388183002674338,-1.803271878587373,0.21787143333221728
43,Sekotori Evidence Makgopa,FWD,South Africa,South Africa,4,216,0,0.0,0,0.0,4,1.667,3,1.25,29,12.083,20,8.333,0,0.0,10,4.167,2,0.833,4,1.667,6,2.5,4,1.667,15,6.25,15,6.25,3,1.25,1,0.417,1,0.417,2,0.833,68.97,-1.049178643118257,3.0815158913301643,4.820730669189911,0.5961927108841413
952,Thiago Ezequiel Almada,FWD,Argentina,Argentina,4,216,0,0.0,0,0.0,2,0.833,0,0.0,142,59.167,128,53.333,0,0.0,6,2.5,3,1.25,1,0.417,6,2.5,9,3.75,2,0.833,2,0.833,5,2.083,1,0.417,2,0.833,2,0.833,90.14,0.7638791251881732,-0.2967219248472515,-0.48079471578294053,-0.8348269691253873
1024,Mohammad Mousa Mousa Altamari,FWD,Jordan,Jordan,3,216,1,0.417,1,0.417,8,3.333,3,1.25,36,15.0,28,11.667,1,0.417,3,1.25,0,0.0,0,0.0,2,0.833,1,0.417,3,1.25,3,1.25,12,5.0,2,0.833,3,1.25,1,0.417,77.78,-4.463321462606724,0.4929302857332797,0.5777315822120838,-1.0013778654663748
36,Relebohile Mofokeng,FWD,South Africa,South Africa,3,216,0,0.0,0,0.0,3,1.25,1,0.417,54,22.5,44,18.333,2,0.833,8,3.333,0,0.0,1,0.417,6,2.5,2,0.833,0,0.0,0,0.0,1,0.417,3,1.25,2,0.833,0,0.0,81.48,-1.249952982507907,-1.4703406031401969,-0.10757684272242998,1.2966704635280117
15,Israel Reyes,DEF,Mexico,Mexico,4,215,0,0.0,0,0.0,2,0.837,0,0.0,102,42.698,93,38.93,2,0.837,3,1.256,2,0.837,9,3.767,8,3.349,12,5.023,5,2.093,5,2.093,0,0.0,1,0.419,0,0.0,0,0.0,91.18,1.9391858649474165,-0.16614490764257064,1.021729858070638,-0.3705616889281272
785,Mohammed Hassan Altambakti,DEF,Saudi Arabia,Saudi Arabia,3,215,0,0.0,0,0.0,0,0.0,0,0.0,87,36.419,71,29.721,0,0.0,9,3.767,2,0.837,9,3.767,8,3.349,11,4.605,2,0.837,2,0.837,3,1.256,0,0.0,1,0.419,0,0.0,81.61,1.657910592761766,-0.9829306808316337,0.002425155605458436,0.6675169834477457
26,Brian Gutierrez,MID,Mexico,Mexico,4,214,0,0.0,0,0.0,6,2.523,0,0.0,60,25.234,53,22.29,6,2.523,6,2.523,2,0.841,4,1.682,0,0.0,3,1.262,2,0.841,2,0.841,5,2.103,5,2.103,3,1.262,0,0.0,88.33,-1.3426672707507732,-0.3760761952751419,-0.12421773589235113,0.7923117725436009
734,Mikel Merino,MID,Spain,Spain,8,213,2,0.845,0,0.0,5,2.113,3,1.268,101,42.676,89,37.606,1,0.423,11,4.648,2,0.845,4,1.69,6,2.535,9,3.803,13,5.493,12,5.07,3,1.268,6,2.535,8,3.38,0,0.0,88.12,-1.1411819262132081,5.35676204512595,1.9037224379158277,-0.13078320575593994
786,Essa Nasser Aldawsari,MID,Saudi Arabia,Saudi Arabia,3,213,0,0.0,0,0.0,1,0.423,0,0.0,107,45.211,92,38.873,1,0.423,16,6.761,2,0.845,6,2.535,11,4.648,12,5.07,3,1.268,3,1.268,12,5.07,7,2.958,2,0.845,0,0.0,85.98,1.5111545288969666,1.6565011196204165,-1.3492051624539998,2.7349045449177742
389,Lucas Herrington,DEF,Australia,Australia,2,213,0,0.0,0,0.0,0,0.0,0,0.0,106,44.789,101,42.676,0,0.0,1,0.423,4,1.69,21,8.873,1,0.423,18,7.606,8,3.38,8,3.38,1,0.423,2,0.845,0,0.0,0,0.0,95.28,3.585444073500584,0.6213641888075496,2.3473063690072005,-1.2103860740715675
260,Anass Salah Eddine,DEF,Morocco,Morocco,4,212,0,0.0,0,0.0,1,0.425,0,0.0,166,70.472,152,64.528,3,1.274,8,3.396,2,0.849,3,1.274,5,2.123,16,6.792,3,1.274,3,1.274,1,0.425,3,1.274,2,0.849,0,0.0,91.57,2.385050527587543,0.20508258082629885,-0.9995224809836304,-0.8033907638363095
494,Christ Ravynel Inao Oulai,MID,Côte d'Ivoire,Côte d'Ivoire,4,211,0,0.0,0,0.0,2,0.853,0,0.0,125,53.318,115,49.052,0,0.0,15,6.398,6,2.559,4,1.706,6,2.559,13,5.545,3,1.28,3,1.28,15,6.398,3,1.28,5,2.133,0,0.0,92.0,1.6553158595814068,1.7170687994243694,-2.217136814175649,0.9772532736397921
690,Seyed Saman Ghoddos,MID,IR Iran,IR Iran,3,211,0,0.0,0,0.0,4,1.706,0,0.0,64,27.299,45,19.194,1,0.427,11,4.692,3,1.28,9,3.839,6,2.559,9,3.839,3,1.28,2,0.853,5,2.133,3,1.28,0,0.0,1,0.427,70.31,0.4677393597768681,0.11928337434051503,0.3878440612570484,1.4191824586808732
681,Milad Mohammadi,DEF,IR Iran,IR Iran,3,210,0,0.0,0,0.0,1,0.429,1,0.429,80,34.286,66,28.286,4,1.714,12,5.143,3,1.286,9,3.857,4,1.714,13,5.571,3,1.286,3,1.286,11,4.714,1,0.429,1,0.429,2,0.857,82.5,0.3952869136823051,0.4183545602321043,-0.0338591241266026,0.6649894289891284
191,Johan Kula Manzambi,MID,Switzerland,Switzerland,4,209,3,1.292,2,0.861,6,2.584,3,1.292,54,23.254,43,18.517,7,3.014,6,2.584,0,0.0,2,0.861,2,0.861,1,0.431,2,0.861,1,0.431,16,6.89,3,1.292,3,1.292,1,0.431,79.63,-5.685979954348003,1.8087289043637342,-1.286811955614699,-2.019099176312108
815,Darwin Gabriel Nunez,FWD,Uruguay,Uruguay,3,209,0,0.0,0,0.0,2,0.861,0,0.0,25,10.766,20,8.612,3,1.292,3,1.292,2,0.861,0,0.0,0,0.0,4,1.722,4,1.722,4,1.722,3,1.292,1,0.431,1,0.431,2,0.861,80.0,-1.526456830281903,-1.5506662478780284,2.1029792289334486,0.3404545910329357
1181,Ante Budimir,FWD,Croatia,Croatia,3,208,1,0.433,0,0.0,3,1.298,1,0.433,10,4.327,6,2.596,0,0.0,4,1.731,0,0.0,1,0.433,2,0.865,2,0.865,7,3.029,7,3.029,1,0.433,6,2.596,4,1.731,0,0.0,60.0,-2.29719036138989,0.5853358188046477,2.8209524994314203,1.3699190270625714
619,Mohamed Amine Ben Hmida,DEF,Tunisia,Tunisia,3,207,0,0.0,0,0.0,0,0.0,0,0.0,98,42.609,81,35.217,0,0.0,15,6.522,5,2.174,19,8.261,8,3.478,16,6.957,1,0.435,1,0.435,4,1.739,3,1.304,1,0.435,0,0.0,82.65,3.362576972464358,0.6606269990282326,-1.0900674343618542,1.6833873452883874
831,Juan Manuel Sanabria,MID,Uruguay,Uruguay,3,207,0,0.0,0,0.0,3,1.304,0,0.0,103,44.783,89,38.696,12,5.217,12,5.217,4,1.739,8,3.478,4,1.739,12,5.217,1,0.435,1,0.435,1,0.435,1,0.435,0,0.0,1,0.435,86.41,1.1435499769686195,-0.10674635636564779,-1.3329438381236902,0.19781314811066886
326,Sebastian Matthew Berhalter,MID,USA,USA,5,206,1,0.437,1,0.437,3,1.311,1,0.437,136,59.417,114,49.806,9,3.932,9,3.932,3,1.311,8,3.495,5,2.184,13,5.68,7,3.058,6,2.621,2,0.874,5,2.184,6,2.621,0,0.0,83.82,0.41507456870950515,3.3751366505889666,-1.0531833971096338,-0.7312582235942772
1051,João Joao Felix,FWD,Portugal,Portugal,3,204,0,0.0,0,0.0,6,2.647,1,0.441,60,26.471,47,20.735,4,1.765,15,6.618,1,0.441,0,0.0,8,3.529,7,3.088,3,1.324,2,0.882,15,6.618,3,1.324,6,2.647,0,0.0,78.33,-1.7013893809320924,1.4884977894697946,-1.6485001792632716,2.3465156047555276
113,Cyle Christopher Larin,FWD,Canada,Canada,4,202,2,0.891,0,0.0,9,4.01,4,1.782,23,10.248,20,8.911,0,0.0,3,1.337,1,0.446,1,0.446,0,0.0,1,0.446,5,2.228,3,1.337,2,0.891,5,2.228,1,0.446,3,1.337,86.96,-5.197206166964587,1.6969659664630437,2.8663511961667743,-1.0307123794380415
534,Tijjani Martinus Jan Reijnders,MID,Netherlands,Netherlands,3,201,0,0.0,0,0.0,4,1.791,2,0.896,67,30.0,53,23.731,15,6.716,3,1.343,1,0.448,0,0.0,3,1.343,4,1.791,0,0.0,0,0.0,2,0.896,0,0.0,3,1.343,1,0.448,79.1,-2.3983797469197112,-1.1219399920199271,-1.0009321110406726,-0.4593404176514873
995,Marko Arnautovic,FWD,Austria,Austria,4,201,2,0.896,0,0.0,3,1.343,3,1.343,32,14.328,25,11.194,1,0.448,2,0.896,0,0.0,0,0.0,0,0.0,0,0.0,1,0.448,1,0.448,1,0.448,3,1.343,1,0.448,5,2.239,78.12,-5.0964831615977735,-0.3581712212015022,2.61965599417911,-1.0333503601232592
119,Moïse Bombito Bombito,DEF,Canada,Canada,3,201,0,0.0,0,0.0,1,0.448,1,0.448,111,49.701,96,42.985,0,0.0,2,0.896,2,0.896,5,2.239,1,0.448,6,2.687,4,1.791,4,1.791,1,0.448,2,0.896,0,0.0,0,0.0,86.49,0.9169117451863473,-0.7844810914731227,1.0777750087319142,-1.3437488627011658
1211,Elisha Owusu,MID,Ghana,Ghana,3,200,0,0.0,0,0.0,0,0.0,0,0.0,58,26.1,50,22.5,4,1.8,6,2.7,1,0.45,2,0.9,7,3.15,7,3.15,0,0.0,0,0.0,3,1.35,2,0.9,0,0.0,0,0.0,86.21,0.2620085697781313,-1.8982511180298658,-0.387689272145045,1.2402692443612182
1170,Jarell Amorin Quansah,DEF,England,England,3,200,0,0.0,0,0.0,0,0.0,0,0.0,106,47.7,92,41.4,1,0.45,7,3.15,3,1.35,3,1.35,5,2.25,8,3.6,5,2.25,5,2.25,1,0.45,2,0.9,2,0.9,0,0.0,86.79,1.6384703961050961,0.12586651893924158,0.46603030584176586,0.05064294077453794
553,Ao Tanaka,MID,Japan,Japan,3,199,0,0.0,0,0.0,2,0.905,0,0.0,160,72.362,145,65.578,0,0.0,16,7.236,2,0.905,2,0.905,7,3.166,13,5.879,2,0.905,2,0.905,5,2.261,6,2.714,2,0.905,0,0.0,90.62,2.219187431857343,1.4448489863476524,-2.0242741864150013,0.9421496267968451
262,Carlens Jean Fedlaire Ruby Arcus,DEF,Haiti,Haiti,3,198,0,0.0,0,0.0,0,0.0,0,0.0,61,27.727,54,24.545,2,0.909,8,3.636,2,0.909,5,2.273,2,0.909,7,3.182,1,0.455,0,0.0,1,0.455,5,2.273,3,1.364,2,0.909,88.52,-0.3577474699566778,-0.8020658293979998,0.20518964571031617,1.540711243173911
388,Paul Michael Junior Okon-Engstler,MID,Australia,Australia,4,198,0,0.0,1,0.455,0,0.0,0,0.0,89,40.455,77,35.0,1,0.455,11,5.0,4,1.818,9,4.091,7,3.182,15,6.818,5,2.273,5,2.273,4,1.818,3,1.364,2,0.909,0,0.0,86.52,2.197537508150193,1.4652608237509035,-0.3946899332693139,0.7113410883410827
827,Federico Sebastian Vinas,FWD,Uruguay,Uruguay,3,198,0,0.0,0,0.0,6,2.727,3,1.364,29,13.182,18,8.182,0,0.0,3,1.364,1,0.455,1,0.455,6,2.727,4,1.818,8,3.636,8,3.636,1,0.455,3,1.364,3,1.364,3,1.364,62.07,-2.7788312219689133,1.9879473546528348,3.5459861227879506,0.49440728680271623
1003,Philipp Lienhart,DEF,Austria,Austria,2,198,0,0.0,0,0.0,1,0.455,0,0.0,140,63.636,128,58.182,0,0.0,3,1.364,0,0.0,13,5.909,4,1.818,3,1.364,2,0.909,2,0.909,4,1.818,0,0.0,0,0.0,0,0.0,91.43,1.6572193828434494,-1.2215614647465147,0.045120817486248715,-1.5928721469903278
787,Fahad Musab Aljuwayr,MID,Saudi Arabia,Saudi Arabia,3,197,0,0.0,0,0.0,0,0.0,0,0.0,79,36.091,64,29.239,7,3.198,5,2.284,1,0.457,0,0.0,1,0.457,3,1.371,0,0.0,0,0.0,4,1.827,1,0.457,1,0.457,2,0.914,81.01,-1.1280666197836549,-2.1476839918147643,-0.2057160408968311,-0.043156974953323574
1025,Burhan Shehadeh Odeh Fakhoury,FWD,Jordan,Jordan,3,197,0,0.0,0,0.0,2,0.914,1,0.457,21,9.594,17,7.766,1,0.457,4,1.827,2,0.914,0,0.0,2,0.914,4,1.827,1,0.457,1,0.457,4,1.827,2,0.914,3,1.371,1,0.457,80.95,-1.8398872541826965,-1.5099357236540325,0.7187597115789496,0.9831065355944724
280,Frantzdy Pierrot,FWD,Haiti,Haiti,3,195,0,0.0,0,0.0,3,1.385,1,0.462,17,7.846,13,6.0,0,0.0,0,0.0,0,0.0,4,1.846,1,0.462,1,0.462,9,4.154,8,3.692,2,0.923,5,2.308,4,1.846,2,0.923,76.47,-2.2869905413054448,0.856868749830077,4.047873570611211,0.9579007196278349
639,Thomas Andre Meunier,DEF,Belgium,Belgium,3,195,0,0.0,1,0.462,2,0.923,1,0.462,116,53.538,98,45.231,8,3.692,6,2.769,0,0.0,15,6.923,6,2.769,17,7.846,8,3.692,8,3.692,5,2.308,9,4.154,0,0.0,0,0.0,84.48,1.789053299907131,3.4088310266239814,0.6370346083759512,0.47326000304918536
856,Mathis Rayan Cherki,MID,France,France,7,195,0,0.0,0,0.0,1,0.462,1,0.462,104,48.0,89,41.077,3,1.385,3,1.385,1,0.462,0,0.0,2,0.923,2,0.923,0,0.0,0,0.0,6,2.769,2,0.923,2,0.923,0,0.0,85.58,-0.6731435828768673,-1.6195676250602493,-0.9410097527187972,-0.6515904057456978
864,Ismaila Pathe Ciss,MID,Senegal,Senegal,4,195,0,0.0,0,0.0,2,0.923,1,0.462,139,64.154,128,59.077,0,0.0,2,0.923,4,1.846,11,5.077,8,3.692,12,5.538,2,0.923,2,0.923,3,1.385,1,0.462,0,0.0,0,0.0,92.09,2.7252614515296956,0.28825829605195197,-0.6235447401316189,-1.4613070820266367
898,Aamar Iqbal Zidane,MID,Iraq,Iraq,3,195,0,0.0,0,0.0,0,0.0,0,0.0,128,59.077,118,54.462,1,0.462,9,4.154,0,0.0,1,0.462,3,1.385,1,0.462,1,0.462,0,0.0,8,3.692,1,0.462,2,0.923,0,0.0,92.19,0.2316877764709313,-1.4438943987314,-1.401014915646319,-0.38246707572766425
96,Michal Sadilek,MID,Czechia,Czechia,3,194,1,0.464,0,0.0,7,3.247,3,1.392,84,38.969,69,32.01,11,5.103,6,2.784,3,1.392,1,0.464,2,0.928,6,2.784,0,0.0,0,0.0,0,0.0,0,0.0,3,1.392,0,0.0,82.14,-2.308483888617571,0.3189823684959331,-1.4873388286124563,-1.6462311612464744
733,Marcos Llorente,DEF,Spain,Spain,3,194,0,0.0,1,0.464,0,0.0,0,0.0,152,70.515,142,65.876,6,2.784,11,5.103,0,0.0,3,1.392,2,0.928,6,2.784,0,0.0,0,0.0,2,0.928,2,0.928,1,0.464,0,0.0,93.42,0.820192372082582,-0.9112248662669675,-2.448298975789376,-1.2580376902169552
804,Saad Moteb Alharbi,DEF,Saudi Arabia,Saudi Arabia,3,194,0,0.0,0,0.0,0,0.0,0,0.0,77,35.722,57,26.443,2,0.928,1,0.464,5,2.32,9,4.175,4,1.856,9,4.175,2,0.928,2,0.928,4,1.856,0,0.0,4,1.856,0,0.0,74.03,1.323150575838128,-0.8093596409770711,-0.2058288847704472,-0.19874242260379776
1174,Joško Gvardiol,DEF,Croatia,Croatia,4,194,0,0.0,0,0.0,1,0.464,0,0.0,89,41.289,77,35.722,0,0.0,4,1.856,2,0.928,7,3.247,5,2.32,7,3.247,1,0.464,1,0.464,4,1.856,2,0.928,3,1.392,0,0.0,86.52,0.8301562697452052,-0.8951152014240034,-0.42893675489870275,0.26617811738112945
1083,Cedric Bakambu,FWD,Congo DR,Congo DR,3,193,0,0.0,0,0.0,3,1.399,0,0.0,23,10.725,16,7.461,1,0.466,3,1.399,0,0.0,1,0.466,2,0.933,2,0.933,7,3.264,7,3.264,3,1.399,2,0.933,1,0.466,4,1.865,69.57,-2.363520409330237,-0.07007722045822805,3.959744463989863,0.6827452293962128
953,Giuliano Simeone,FWD,Argentina,Argentina,3,193,0,0.0,0,0.0,1,0.466,0,0.0,82,38.238,70,32.642,6,2.798,8,3.731,1,0.466,2,0.933,6,2.798,10,4.663,4,1.865,4,1.865,4,1.865,9,4.197,1,0.466,1,0.466,85.37,0.36831464035370315,1.27409016862918,0.2277721179812061,2.294412680967645
93,Pavel Sulc,FWD,Czechia,Czechia,3,192,0,0.0,0,0.0,2,0.938,0,0.0,51,23.906,39,18.281,1,0.469,7,3.281,1,0.469,3,1.406,5,2.344,7,3.281,3,1.406,3,1.406,7,3.281,2,0.938,1,0.469,1,0.469,76.47,-0.3710274279847994,-0.5419569513796857,0.7914691023417493,1.191386499673854
1183,Nikola Vlasic,MID,Croatia,Croatia,3,192,1,0.469,0,0.0,3,1.406,1,0.469,40,18.75,33,15.469,3,1.406,14,6.562,0,0.0,3,1.406,4,1.875,5,2.344,3,1.406,2,0.938,2,0.938,5,2.344,0,0.0,2,0.938,82.5,-1.8913583499558722,0.6656082887101201,1.047948551337011,1.8073689095173122
568,Takehiro Tomiyasu,DEF,Japan,Japan,3,191,0,0.0,0,0.0,1,0.471,0,0.0,127,59.843,109,51.361,1,0.471,4,1.885,2,0.942,13,6.126,5,2.356,13,6.126,7,3.298,7,3.298,2,0.942,5,2.356,2,0.942,0,0.0,85.83,2.8525153979845634,1.8725353652484795,1.1582092925155834,-0.11614595139140133
1110,Abdulla Abdullaev,DEF,Uzbekistan,Uzbekistan,2,191,0,0.0,0,0.0,0,0.0,0,0.0,72,33.927,65,30.628,0,0.0,7,3.298,0,0.0,17,8.01,7,3.298,8,3.77,0,0.0,0,0.0,2,0.942,5,2.356,1,0.471,0,0.0,90.28,1.5740150271222362,-0.6667775098379659,-0.06969236805058494,1.8287614895069235
1116,Behruzjon Karimov,DEF,Uzbekistan,Uzbekistan,2,191,0,0.0,0,0.0,2,0.942,0,0.0,55,25.916,43,20.262,2,0.942,11,5.183,3,1.414,6,2.827,5,2.356,8,3.77,0,0.0,0,0.0,10,4.712,8,3.77,4,1.885,0,0.0,78.18,-0.10114568783294763,0.7153090977378762,-1.5998785690190873,3.2021726193655047
259,Redouane Halhal,DEF,Morocco,Morocco,2,191,0,0.0,0,0.0,0,0.0,0,0.0,119,56.073,113,53.246,0,0.0,4,1.885,2,0.942,6,2.827,1,0.471,5,2.356,9,4.241,7,3.298,3,1.414,3,1.414,5,2.356,1,0.471,94.96,1.0581514739464584,1.3732505741875856,1.5870224396616,-0.7645199468937726
281,Josue Jeremie Casimir,FWD,Haiti,Haiti,3,189,0,0.0,0,0.0,1,0.476,0,0.0,52,24.762,43,20.476,2,0.952,7,3.333,0,0.0,1,0.476,4,1.905,0,0.0,3,1.429,3,1.429,6,2.857,4,1.905,4,1.905,0,0.0,82.69,-1.1447740910532729,-0.46761868062409523,0.26767106768837556,1.7975483426073653
308,Nathan Kenneth Patterson,DEF,Scotland,Scotland,3,189,0,0.0,0,0.0,0,0.0,0,0.0,109,51.905,94,44.762,2,0.952,9,4.286,3,1.429,4,1.905,3,1.429,8,3.81,1,0.476,1,0.476,4,1.905,2,0.952,0,0.0,0,0.0,86.24,1.606128689057597,-0.8932199491831342,-0.9690314863271499,0.006474839034741378
595,Bo Kristoffer Nordfeldt,GK,Sweden,Sweden,2,189,0,0.0,0,0.0,0,0.0,0,0.0,66,31.429,45,21.429,0,0.0,0,0.0,0,0.0,0,0.0,0,0.0,10,4.762,0,0.0,0,0.0,0,0.0,0,0.0,0,0.0,0,0.0,68.18,0.08523069459848309,-3.5689446004635705,0.8236734979818772,-0.7749798900383098
1197,Lawrence Ati Zigi,GK,Ghana,Ghana,2,189,0,0.0,0,0.0,0,0.0,0,0.0,52,24.762,39,18.571,0,0.0,0,0.0,0,0.0,0,0.0,0,0.0,10,4.762,0,0.0,0,0.0,0,0.0,0,0.0,1,0.476,0,0.0,75.0,-0.18191718454183825,-3.5337895547064604,0.8558040539678805,-0.48597965369664986
999,Michael Gregoritsch,FWD,Austria,Austria,3,189,0,0.0,0,0.0,1,0.476,0,0.0,29,13.81,20,9.524,0,0.0,2,0.952,0,0.0,3,1.429,6,2.857,7,3.333,8,3.81,8,3.81,0,0.0,1,0.476,1,0.476,2,0.952,68.97,-0.33425659698721255,-0.021672267031864152,3.8968526311667215,0.7978904179340165
579,Lucas Erik Holger Bergvall,MID,Sweden,Sweden,4,188,0,0.0,0,0.0,2,0.957,0,0.0,88,42.128,80,38.298,2,0.957,7,3.351,2,0.957,5,2.394,1,0.479,6,2.872,2,0.957,2,0.957,4,1.915,7,3.351,4,1.915,0,0.0,90.91,0.16145385733822282,0.4286025864611134,-0.5618503489333216,1.1866189335898096
241,Chemsdine Talbi,MID,Morocco,Morocco,5,187,0,0.0,0,0.0,2,0.963,0,0.0,54,25.989,47,22.62,9,4.332,2,0.963,1,0.481,2,0.963,6,2.888,5,2.406,1,0.481,1,0.481,9,4.332,0,0.0,1,0.481,0,0.0,87.04,-0.7193313304965852,-1.4925848818909708,-0.7648585871850035,0.40576922688557643
811,Manuel Ugarte,MID,Uruguay,Uruguay,3,187,0,0.0,0,0.0,3,1.444,1,0.481,136,65.455,118,56.791,0,0.0,10,4.813,4,1.925,6,2.888,5,2.406,10,4.813,1,0.481,1,0.481,3,1.444,1,0.481,0,0.0,0,0.0,86.76,2.049053964018485,0.2889008671985356,-1.431578326147936,-0.9288522839369384
278,Wilson Isidor,FWD,Haiti,Haiti,3,186,1,0.484,0,0.0,5,2.419,2,0.968,21,10.161,18,8.71,0,0.0,3,1.452,0,0.0,1,0.484,5,2.419,4,1.935,5,2.419,5,2.419,2,0.968,3,1.452,2,0.968,1,0.484,85.71,-2.724778084102583,0.8639031689971362,2.481210427294076,0.34824570911916025
303,Ben Gannon Gannon-Doak,FWD,Scotland,Scotland,3,186,0,0.0,0,0.0,4,1.935,0,0.0,52,25.161,47,22.742,7,3.387,3,1.452,2,0.968,1,0.484,3,1.452,4,1.935,0,0.0,0,0.0,10,4.839,3,1.452,1,0.484,0,0.0,90.38,-1.2697910560621304,-1.1345538500547039,-1.091924950056592,0.7139673527871508
385,Cameron Robert Burgess,DEF,Australia,Australia,2,186,0,0.0,0,0.0,0,0.0,0,0.0,56,27.097,45,21.774,0,0.0,7,3.387,0,0.0,7,3.387,3,1.452,9,4.355,5,2.419,5,2.419,1,0.484,0,0.0,0,0.0,0,0.0,80.36,1.1280349595957138,-1.0625065809670167,2.0037371440135083,0.3500507706764645
602,Omar Rekik,DEF,Tunisia,Tunisia,2,186,1,0.484,0,0.0,1,0.484,1,0.484,93,45.0,77,37.258,2,0.968,5,2.419,2,0.968,12,5.806,6,2.903,6,2.903,3,1.452,3,1.452,3,1.452,0,0.0,1,0.484,1,0.484,82.8,0.5209954482473809,0.45422125032872773,0.6123772789636156,-0.9202793817747545
1069,Steve Nkanu Kapuadi,DEF,Congo DR,Congo DR,2,186,0,0.0,0,0.0,1,0.484,0,0.0,55,26.613,46,22.258,0,0.0,2,0.968,2,0.968,5,2.419,4,1.935,4,1.935,1,0.484,1,0.484,1,0.484,2,0.968,0,0.0,0,0.0,83.64,0.38586352366745474,-1.86610248172534,0.67040313764757,0.38890165440448166
143,Ivan Basic,MID,Bosnia and Herzegovina,Bosnia and Herzegovina,3,185,0,0.0,1,0.486,4,1.946,0,0.0,104,50.595,96,46.703,12,5.838,6,2.919,1,0.486,2,0.973,4,1.946,4,1.946,1,0.486,1,0.486,3,1.459,2,0.973,3,1.459,0,0.0,92.31,-0.8870925767059674,0.06472713666838817,-2.4158309366806283,-0.7160690577049559
291,Grant Campbell Hanley,DEF,Scotland,Scotland,2,185,0,0.0,0,0.0,0,0.0,0,0.0,101,49.135,94,45.73,0,0.0,1,0.486,1,0.486,8,3.892,6,2.919,10,4.865,5,2.432,5,2.432,0,0.0,1,0.486,0,0.0,1,0.486,93.07,1.9807262796838085,-0.25714570869194925,1.7501331509993259,-0.8492586921921595
129,Nathan-Dylan Saliba,MID,Canada,Canada,3,185,1,0.486,1,0.486,3,1.459,1,0.486,93,45.243,79,38.432,4,1.946,11,5.351,2,0.973,6,2.919,5,2.432,14,6.811,3,1.459,3,1.459,6,2.919,5,2.432,2,0.973,0,0.0,84.95,0.03955227434745011,2.28671704171719,-1.328855637453247,0.09386703517517363
151,Stjepan Radeljic,DEF,Bosnia and Herzegovina,Bosnia and Herzegovina,2,185,0,0.0,0,0.0,1,0.486,0,0.0,153,74.432,137,66.649,0,0.0,3,1.459,3,1.459,7,3.405,5,2.432,9,4.378,1,0.486,1,0.486,1,0.486,1,0.486,3,1.459,0,0.0,89.54,2.4082320697372803,-0.358457812202611,-1.342342267335336,-1.5652617916377094
431,Nico Cédric Schlotterbeck,DEF,Germany,Germany,2,184,1,0.489,0,0.0,2,0.978,2,0.978,123,60.163,110,53.804,0,0.0,8,3.913,7,3.424,7,3.424,5,2.446,11,5.38,8,3.913,8,3.913,3,1.467,2,0.978,1,0.489,0,0.0,89.43,2.279159675137121,3.581999919589786,0.7481882352256584,-1.6033100807723193
689,Mohammadhossein Kanani,DEF,IR Iran,IR Iran,2,184,0,0.0,0,0.0,1,0.489,1,0.489,34,16.63,33,16.141,0,0.0,3,1.467,1,0.489,9,4.402,7,3.424,6,2.935,2,0.978,2,0.978,2,0.978,1,0.489,0,0.0,0,0.0,97.06,0.35414198579585426,-1.154584352660579,1.193169600736668,0.8244543603442916
657,Ahmed Ibrahim Trezeguet,FWD,Egypt,Egypt,4,184,1,0.489,0,0.0,8,3.913,3,1.467,81,39.62,68,33.261,3,1.467,5,2.446,2,0.978,6,2.935,5,2.446,3,1.467,1,0.489,1,0.489,11,5.38,3,1.467,2,0.978,0,0.0,83.95,-2.4384036048500994,1.7588753104894022,-1.0724018954142052,-0.8047855754809171
1219,Derrick Luckassen,DEF,Ghana,Ghana,2,184,1,0.489,0,0.0,1,0.489,1,0.489,125,61.141,109,53.315,0,0.0,3,1.467,2,0.978,8,3.913,3,1.467,8,3.913,6,2.935,6,2.935,0,0.0,1,0.489,2,0.978,0,0.0,87.2,1.3494179261361217,1.1217110776960617,1.253277978661053,-2.138202486500385
88,Patrik Schick,FWD,Czechia,Czechia,3,183,0,0.0,0,0.0,2,0.984,1,0.492,28,13.77,24,11.803,0,0.0,4,1.967,0,0.0,1,0.492,1,0.492,2,0.984,4,1.967,4,1.967,3,1.475,1,0.492,3,1.475,0,0.0,85.71,-1.5837625118738745,-1.1246300435476515,1.753794534133914,0.4564204585832193
1104,Abduvakhid Nematov,GK,Uzbekistan,Uzbekistan,2,183,0,0.0,0,0.0,0,0.0,0,0.0,56,27.541,28,13.77,0,0.0,0,0.0,0,0.0,0,0.0,0,0.0,9,4.426,0,0.0,0,0.0,0,0.0,0,0.0,0,0.0,0,0.0,50.0,-0.16259480769019774,-3.687021559017508,1.007065745693481,-0.503249603373821
883,El Hadji Malick Diouf,DEF,Senegal,Senegal,3,182,0,0.0,0,0.0,0,0.0,0,0.0,89,44.011,74,36.593,9,4.451,9,4.451,3,1.484,13,6.429,5,2.473,10,4.945,4,1.978,3,1.484,1,0.495,2,0.989,0,0.0,0,0.0,83.15,2.387931956269607,0.5087373081296576,-0.26668439610068223,0.6799974012300598
393,Merih Demiral,DEF,Türkiye,Türkiye,2,181,0,0.0,0,0.0,6,2.983,2,0.994,124,61.657,119,59.171,1,0.497,4,1.989,2,0.994,17,8.453,3,1.492,14,6.961,12,5.967,11,5.47,2,0.994,2,0.994,1,0.497,3,1.492,95.97,1.4997117441081058,4.600260201439102,3.7353845111437893,-2.2530885463518358
400,Hakan Calhanoglu,MID,Türkiye,Türkiye,2,181,0,0.0,0,0.0,11,5.47,2,0.994,190,94.475,171,85.028,10,4.972,8,3.978,3,1.492,2,0.994,3,1.492,6,2.983,3,1.492,3,1.492,5,2.486,2,0.994,1,0.497,0,0.0,90.0,0.04710111769456494,2.882884234229659,-2.6594554556151913,-3.1039568575433303
665,Hafez Ramadan Karim Hafez,DEF,Egypt,Egypt,3,181,0,0.0,0,0.0,1,0.497,0,0.0,113,56.188,99,49.227,2,0.994,9,4.475,4,1.989,7,3.481,2,0.994,7,3.481,3,1.492,3,1.492,3,1.492,1,0.497,2,0.994,0,0.0,87.61,1.9080850158746137,0.22447175826921384,-0.6666706935702342,-0.49607249001070075
893,Ibrahim Karim Ali Alhamadi,FWD,Iraq,Iraq,3,181,0,0.0,0,0.0,6,2.983,0,0.0,35,17.403,26,12.928,0,0.0,6,2.983,0,0.0,1,0.497,3,1.492,4,1.989,6,2.983,5,2.486,4,1.989,1,0.497,5,2.486,0,0.0,74.29,-1.6067993292425542,0.346265222623062,1.5172101453748992,0.8619115944338815
462,Joshua Benjamin Brenet,DEF,Curaçao,Curaçao,2,181,0,0.0,0,0.0,0,0.0,0,0.0,63,31.326,49,24.365,1,0.497,11,5.47,3,1.492,6,2.983,8,3.978,11,5.47,2,0.994,2,0.994,7,3.481,0,0.0,1,0.497,1,0.497,77.78,1.341993145765251,-0.09580585985541597,-0.35432019475303356,1.481182271851951
906,Basil Fadhil Ahmed,GK,Iraq,Iraq,2,181,0,0.0,0,0.0,0,0.0,0,0.0,71,35.304,42,20.884,0,0.0,0,0.0,0,0.0,0,0.0,0,0.0,9,4.475,0,0.0,0,0.0,0,0.0,0,0.0,1,0.497,0,0.0,59.15,-0.02391775423727925,-3.426422632022428,0.6531280936378988,-0.7782774928226807
1018,Ali Mohammad Husam Abudahab,DEF,Jordan,Jordan,2,181,0,0.0,0,0.0,0,0.0,0,0.0,58,28.84,43,21.381,0,0.0,11,5.47,0,0.0,7,3.481,7,3.481,7,3.481,3,1.492,3,1.492,0,0.0,2,0.994,1,0.497,0,0.0,74.14,1.1122743753539088,-0.4776179902494245,0.7837783480695045,1.89916537065285
1224,Cesar Rodolfo Blackman,DEF,Panama,Panama,2,180,0,0.0,0,0.0,2,1.0,1,0.5,79,39.5,69,34.5,0,0.0,7,3.5,1,0.5,3,1.5,4,2.0,7,3.5,5,2.5,5,2.5,5,2.5,2,1.0,2,1.0,1,0.5,87.34,-0.03278583534626888,0.777220628961414,1.1317863067569798,0.17253153979685834
614,Aymen Dahmen,GK,Tunisia,Tunisia,2,180,0,0.0,0,0.0,0,0.0,0,0.0,48,24.0,24,12.0,0,0.0,0,0.0,0,0.0,0,0.0,0,0.0,9,4.5,0,0.0,0,0.0,0,0.0,0,0.0,1,0.5,0,0.0,50.0,-0.3534143595078881,-3.6060281886605674,0.9665226535250253,-0.3089939775487578
573,Jacob Mikael Widell Zetterstrom,GK,Sweden,Sweden,2,180,0,0.0,0,0.0,0,0.0,0,0.0,73,36.5,39,19.5,0,0.0,0,0.0,0,0.0,2,1.0,0,0.0,17,8.5,0,0.0,0,0.0,0,0.0,0,0.0,0,0.0,0,0.0,53.42,0.9152253767294299,-3.328901997510838,0.7729065202101397,-0.8644379929217705
349,Mauricio Mauricio,MID,Paraguay,Paraguay,4,179,1,0.503,0,0.0,4,2.011,3,1.508,69,34.693,54,27.151,12,6.034,9,4.525,4,2.011,1,0.503,3,1.508,8,4.022,2,1.006,2,1.006,3,1.508,3,1.508,3,1.508,0,0.0,78.26,-1.7461273604525975,1.944825788905115,-1.494575943869781,-0.11346984317474927
970,Houssem-Eddine Chaabane Aouar,MID,Algeria,Algeria,3,178,0,0.0,1,0.506,3,1.517,1,0.506,84,42.472,79,39.944,1,0.506,3,1.517,0,0.0,0,0.0,2,1.011,3,1.517,2,1.011,2,1.011,6,3.034,1,0.506,2,1.011,0,0.0,94.05,-1.415302064902543,-0.7075053999414992,-0.5735521552250176,-1.4878474779937205
141,Edin Dzeko,FWD,Bosnia and Herzegovina,Bosnia and Herzegovina,3,177,0,0.0,0,0.0,3,1.525,0,0.0,48,24.407,33,16.78,2,1.017,1,0.508,0,0.0,4,2.034,1,0.508,3,1.525,4,2.034,4,2.034,2,1.017,1,0.508,2,1.017,0,0.0,68.75,-0.8404720124549728,-1.2048414911437504,1.7615382114047942,-0.1391388453249723
397,Muhammed Kerem Akturkoglu,FWD,Türkiye,Türkiye,2,176,0,0.0,0,0.0,3,1.534,1,0.511,15,7.67,9,4.602,2,1.023,1,0.511,0,0.0,0,0.0,0,0.0,0,0.0,2,1.023,2,1.023,2,1.023,0,0.0,2,1.023,0,0.0,60.0,-2.422645021742291,-2.2995852160424737,1.540541075937667,-0.0022506839715717803
1057,Alexandre Rafael Leao,FWD,Portugal,Portugal,5,176,1,0.511,0,0.0,4,2.045,1,0.511,82,41.932,71,36.307,8,4.091,1,0.511,2,1.023,1,0.511,3,1.534,3,1.534,0,0.0,0,0.0,28,14.318,1,0.511,2,1.023,0,0.0,86.59,-2.753684784615583,0.2729098977048775,-2.8312624209856523,-1.0071055030821137
1235,Jiovany Javier Ramos,DEF,Panama,Panama,2,176,0,0.0,0,0.0,2,1.023,0,0.0,121,61.875,108,55.227,0,0.0,12,6.136,2,1.023,4,2.045,3,1.534,12,6.136,3,1.534,3,1.534,7,3.58,2,1.023,1,0.511,0,0.0,89.26,1.9733217782709351,0.6936001165874041,-0.9684354290992132,-0.09647357654571727
773,Dailon Dailon Livramento,FWD,Cabo Verde,Cabo Verde,3,175,0,0.0,0,0.0,1,0.514,0,0.0,19,9.771,15,7.714,3,1.543,2,1.029,0,0.0,1,0.514,0,0.0,0,0.0,9,4.629,7,3.6,3,1.543,1,0.514,1,0.514,2,1.029,78.95,-1.7905293104375688,-0.39891294413033695,4.054471361504265,0.3292494760998209
769,Michael Laros Duarte,MID,Cabo Verde,Cabo Verde,4,174,0,0.0,0,0.0,3,1.552,3,1.552,41,21.207,33,17.069,2,1.034,4,2.069,1,0.517,3,1.552,3,1.552,7,3.621,1,0.517,1,0.517,10,5.172,0,0.0,2,1.034,0,0.0,80.49,-1.8376094159338232,-0.5520488805205738,-0.18495393343973382,-0.19407918497016444
976,Hicham Boudaoui,MID,Algeria,Algeria,3,174,0,0.0,0,0.0,0,0.0,0,0.0,86,44.483,83,42.931,0,0.0,11,5.69,3,1.552,3,1.552,0,0.0,5,2.586,2,1.034,2,1.034,2,1.034,4,2.069,1,0.517,0,0.0,96.51,1.1954017894456408,-0.33734147379691465,-0.37795853310382965,0.6938847637514833
306,Lawrence Shankland,FWD,Scotland,Scotland,2,173,0,0.0,0,0.0,4,2.081,0,0.0,34,17.688,20,10.405,0,0.0,4,2.081,0,0.0,3,1.561,0,0.0,2,1.04,8,4.162,7,3.642,0,0.0,5,2.601,3,1.561,1,0.52,58.82,-1.467817549522736,0.9617118312903317,3.4636812079197346,1.1714428896673303
596,Elliot Karl Stroud,DEF,Sweden,Sweden,4,173,0,0.0,0,0.0,1,0.52,0,0.0,49,25.491,38,19.769,6,3.121,3,1.561,0,0.0,4,2.081,3,1.561,3,1.561,1,0.52,1,0.52,6,3.121,3,1.561,1,0.52,0,0.0,77.55,-0.795122233961675,-1.4689962933342937,-0.08845480701244901,1.0613130193319222
185,Silvan Dominic Widmer,DEF,Switzerland,Switzerland,5,173,0,0.0,0,0.0,0,0.0,0,0.0,73,37.977,57,29.653,4,2.081,10,5.202,3,1.561,9,4.682,7,3.642,11,5.723,1,0.52,1,0.52,3,1.561,2,1.04,0,0.0,0,0.0,78.08,2.1727360621621967,-0.14184956748600241,-0.9431293498992204,1.5085478355037412
473,Wilfried Stephane Singo,DEF,Côte d'Ivoire,Côte d'Ivoire,2,172,0,0.0,1,0.523,2,1.047,0,0.0,92,48.14,79,41.337,1,0.523,4,2.093,4,2.093,11,5.756,6,3.14,10,5.233,4,2.093,4,2.093,14,7.326,3,1.57,1,0.523,0,0.0,85.87,1.5545214190450871,1.9200972961171632,-1.0605699959873964,-0.2834366161640296
525,Nathan Benjamin Ake,DEF,Netherlands,Netherlands,3,171,0,0.0,0,0.0,1,0.526,0,0.0,123,64.737,112,58.947,1,0.526,5,2.632,1,0.526,5,2.632,11,5.789,7,3.684,1,0.526,1,0.526,1,0.526,2,1.053,2,1.053,0,0.0,91.06,2.063636934737629,0.13998229400579765,-1.3795964400306562,0.20442088760780774
59,Heung Min Son,FWD,Korea Republic,South Korea,3,170,0,0.0,0,0.0,7,3.706,1,0.529,58,30.706,49,25.941,3,1.588,1,0.529,0,0.0,1,0.529,1,0.529,1,0.529,0,0.0,0,0.0,6,3.176,0,0.0,4,2.118,2,1.059,84.48,-3.5020052992852744,-0.9585815517135657,-0.014323909430396499,-0.9522143766486061
368,Jacob Michael Italiano,DEF,Australia,Australia,2,170,0,0.0,0,0.0,1,0.529,0,0.0,43,22.765,33,17.471,9,4.765,10,5.294,2,1.059,11,5.824,9,4.765,5,2.647,2,1.059,2,1.059,7,3.706,0,0.0,0,0.0,0,0.0,76.74,0.8922459021777366,0.09019415863500402,-0.8220923602193086,2.035705640133977
282,Jean-Kévin Duverne,DEF,Haiti,Haiti,2,170,0,0.0,0,0.0,1,0.529,0,0.0,69,36.529,59,31.235,2,1.059,10,5.294,4,2.118,4,2.118,9,4.765,14,7.412,0,0.0,0,0.0,7,3.706,2,1.059,1,0.529,1,0.529,85.51,1.6050382423959166,0.33881983653586145,-1.6619791403633841,1.8120702296952167
351,Jose Maria Canale,DEF,Paraguay,Paraguay,4,170,0,0.0,0,0.0,0,0.0,0,0.0,27,14.294,18,9.529,1,0.529,6,3.176,1,0.529,13,6.882,7,3.706,11,5.824,2,1.059,2,1.059,0,0.0,1,0.529,2,1.059,0,0.0,66.67,1.4643245436935002,-0.7387723024185162,0.9604004320345931,1.9371985940571343
243,Soufiane Rahimi,FWD,Morocco,Morocco,6,169,2,1.065,0,0.0,6,3.195,4,2.13,37,19.704,27,14.379,5,2.663,6,3.195,0,0.0,2,1.065,3,1.598,5,2.663,5,2.663,4,2.13,7,3.728,5,2.663,6,3.195,2,1.065,72.97,-5.366073571827482,4.033289025287884,1.131622254086489,-0.03881445228143033
861,Kalidou Koulibaly,DEF,Senegal,Senegal,2,168,0,0.0,0,0.0,0,0.0,0,0.0,83,44.464,73,39.107,0,0.0,11,5.893,3,1.607,2,1.071,2,1.071,7,3.75,0,0.0,0,0.0,2,1.071,0,0.0,0,0.0,0,0.0,87.95,1.4593066325505735,-1.6285110949394102,-1.0521906679331108,0.11370795595881777
878,Ibrahim Mbaye,FWD,Senegal,Senegal,4,168,1,0.536,0,0.0,4,2.143,1,0.536,67,35.893,63,33.75,8,4.286,2,1.071,1,0.536,2,1.071,1,0.536,3,1.607,5,2.679,5,2.679,12,6.429,0,0.0,2,1.071,0,0.0,94.03,-2.044017049677285,0.9598532928118657,0.28412792266894094,-1.619600476412868
445,Juriën Godfried Juan Gaari,DEF,Curaçao,Curaçao,2,168,0,0.0,0,0.0,2,1.071,0,0.0,54,28.929,41,21.964,0,0.0,4,2.143,0,0.0,8,4.286,5,2.679,6,3.214,2,1.071,2,1.071,1,0.536,4,2.143,1,0.536,0,0.0,75.93,0.4490259207373547,-0.5340138865657668,0.9245022258615052,1.3567556001000058
638,Dodi Lukebakio,FWD,Belgium,Belgium,3,168,0,0.0,0,0.0,7,3.75,1,0.536,55,29.464,44,23.571,7,3.75,3,1.607,0,0.0,0,0.0,6,3.214,2,1.071,3,1.607,3,1.607,17,9.107,1,0.536,2,1.071,0,0.0,80.0,-2.6706390994745934,0.8460331242037316,-0.8550573823832375,0.3044960548130672
775,Miguel Nuno Da Costa,MID,Cabo Verde,Cabo Verde,4,167,0,0.0,0,0.0,1,0.539,0,0.0,23,12.395,18,9.701,1,0.539,3,1.617,0,0.0,0,0.0,4,2.156,1,0.539,6,3.234,5,2.695,6,3.234,0,0.0,3,1.617,0,0.0,78.26,-1.1821399458417505,-0.7096662212690603,1.9700216616597646,0.9507764734159757
384,Cristian Volpato,FWD,Australia,Australia,3,167,0,0.0,0,0.0,4,2.156,1,0.539,66,35.569,52,28.024,13,7.006,4,2.156,1,0.539,0,0.0,3,1.617,3,1.617,3,1.617,2,1.078,24,12.934,1,0.539,2,1.078,0,0.0,78.79,-2.5591662076379014,0.7346560835134205,-2.2484892692142786,0.2069200716150624
90,Lukáš Cerv,MID,Czechia,Czechia,2,165,0,0.0,0,0.0,3,1.636,2,1.091,42,22.909,36,19.636,1,0.545,5,2.727,0,0.0,7,3.818,5,2.727,7,3.818,0,0.0,0,0.0,5,2.727,3,1.636,3,1.636,0,0.0,85.71,-1.158434745937776,-0.14353949130887975,-0.39101318319324924,1.1905143143325498
87,Adam Hlozek,FWD,Czechia,Czechia,3,164,0,0.0,0,0.0,3,1.646,1,0.549,26,14.268,18,9.878,1,0.549,3,1.646,0,0.0,0,0.0,2,1.098,1,0.549,4,2.195,4,2.195,8,4.39,4,2.195,4,2.195,0,0.0,69.23,-2.427040934724293,0.28555942862476835,1.1802377087813753,1.4336639513637939
392,Mehmet Zeki Celik,DEF,Türkiye,Türkiye,2,164,0,0.0,0,0.0,1,0.549,1,0.549,79,43.354,70,38.415,1,0.549,8,4.39,1,0.549,9,4.939,4,2.195,6,3.293,5,2.744,5,2.744,3,1.646,1,0.549,0,0.0,0,0.0,88.61,1.4089151085426432,0.7548718491317064,1.1873812220899818,-0.04322308669114225
722,Mc,MID,New Zealand,New Zealand,3,164,0,0.0,0,0.0,4,2.195,3,1.646,93,51.037,78,42.805,2,1.098,9,4.939,2,1.098,1,0.549,1,0.549,5,2.744,4,2.195,4,2.195,2,1.098,4,2.195,1,0.549,0,0.0,83.87,-0.6258734190992199,1.8802502520214768,0.1951444620608321,-0.5331613894645789
887,Haydar Hussein Hussein,DEF,Iraq,Iraq,2,164,0,0.0,0,0.0,1,0.549,0,0.0,40,21.951,32,17.561,2,1.098,4,2.195,1,0.549,6,3.293,4,2.195,4,2.195,1,0.549,1,0.549,3,1.646,1,0.549,0,0.0,1,0.549,80.0,-0.21777214145642115,-1.5582079195210001,0.7821379831438919,0.8145998035777929
41,Iqraam Rayners,FWD,South Africa,South Africa,4,163,0,0.0,0,0.0,1,0.552,0,0.0,24,13.252,21,11.595,2,1.104,1,0.552,0,0.0,2,1.104,2,1.104,2,1.104,3,1.656,2,1.104,1,0.552,1,0.552,1,0.552,2,1.104,87.5,-1.6563293884595274,-1.7930595027109901,2.2848148614217982,0.4825897686415552
115,Liam Alan Millar,MID,Canada,Canada,3,163,0,0.0,0,0.0,1,0.552,0,0.0,67,36.994,50,27.607,10,5.521,9,4.969,0,0.0,0,0.0,7,3.865,4,2.209,3,1.656,3,1.656,15,8.282,3,1.656,1,0.552,0,0.0,74.63,-0.7122490905013671,0.7604090338294093,-1.5471109313457667,2.1374740956602083
1239,Jose Fajardo,FWD,Panama,Panama,3,163,0,0.0,0,0.0,1,0.552,0,0.0,18,9.939,11,6.074,0,0.0,11,6.074,0,0.0,0,0.0,2,1.104,0,0.0,1,0.552,1,0.552,0,0.0,4,2.209,3,1.656,1,0.552,61.11,-1.8435394728014924,-1.1023442933475738,0.7289315349325385,2.924445921538191
606,Elias Saad,FWD,Tunisia,Tunisia,2,162,0,0.0,0,0.0,1,0.556,0,0.0,29,16.111,22,12.222,2,1.111,1,0.556,0,0.0,0,0.0,1,0.556,2,1.111,0,0.0,0,0.0,3,1.667,1,0.556,3,1.667,1,0.556,75.86,-2.0338806128749924,-2.5999574667381995,0.5780596976162778,0.5652179287619089
49,Jayden Oswin Adams,MID,South Africa,South Africa,3,161,0,0.0,0,0.0,0,0.0,0,0.0,44,24.596,40,22.36,0,0.0,3,1.677,0,0.0,3,1.677,5,2.795,2,1.118,0,0.0,0,0.0,0,0.0,0,0.0,0,0.0,0,0.0,90.91,0.055266409609908036,-2.8117832864977768,0.5032398020077276,0.4930298685840897
410,Ferdi Erenay Kadioglu,DEF,Türkiye,Türkiye,2,161,0,0.0,0,0.0,1,0.559,0,0.0,175,97.826,161,90.0,4,2.236,4,2.236,3,1.677,7,3.913,1,0.559,8,4.472,1,0.559,1,0.559,6,3.354,0,0.0,3,1.677,0,0.0,92.0,2.659903011844948,0.18132615875756794,-2.762847210342348,-3.017098348831907
1091,Edo Kayembe Kayembe,MID,Congo DR,Congo DR,3,160,0,0.0,0,0.0,2,1.125,1,0.562,41,23.062,35,19.688,2,1.125,10,5.625,2,1.125,1,0.562,1,0.562,7,3.938,1,0.562,1,0.562,4,2.25,5,2.812,3,1.688,0,0.0,85.37,-0.8319553417418848,0.266349837961074,-0.6865881181583225,2.0523118675791148
65,Taeseok Lee,DEF,Korea Republic,South Korea,2,159,0,0.0,0,0.0,0,0.0,0,0.0,45,25.472,39,22.075,9,5.094,5,2.83,0,0.0,4,2.264,2,1.132,6,3.396,3,1.698,3,1.698,2,1.132,3,1.698,1,0.566,0,0.0,86.67,-0.0783059151950546,-0.6570247879299436,0.44901588257572644,1.2272698932212842
874,Edouard Osoque Mendy,GK,Senegal,Senegal,2,159,0,0.0,0,0.0,0,0.0,0,0.0,60,33.962,49,27.736,0,0.0,0,0.0,0,0.0,0,0.0,0,0.0,11,6.226,0,0.0,0,0.0,0,0.0,0,0.0,0,0.0,0,0.0,81.67,0.47920681541946275,-3.434707792218069,0.6680723001590803,-0.9922037875683847
1050,Bernardo Bernardo Silva,MID,Portugal,Portugal,4,159,0,0.0,0,0.0,1,0.566,0,0.0,59,33.396,55,31.132,0,0.0,3,1.698,2,1.132,2,1.132,2,1.132,3,1.698,0,0.0,0,0.0,2,1.132,3,1.698,0,0.0,0,0.0,93.22,0.21465342675585508,-1.8035605685621237,-0.11016116654219532,0.35528458467798124
1196,Petar Musa,FWD,Croatia,Croatia,2,158,1,0.57,0,0.0,1,0.57,1,0.57,11,6.266,7,3.987,0,0.0,5,2.848,0,0.0,1,0.57,0,0.0,2,1.139,5,2.848,5,2.848,1,0.57,1,0.57,1,0.57,0,0.0,63.64,-1.9496857935215677,-0.5307866405479924,2.955176606722918,0.13802746332201768
63,Hee Chan Hwang,MID,Korea Republic,South Korea,3,157,0,0.0,0,0.0,1,0.573,0,0.0,47,26.943,40,22.93,1,0.573,3,1.72,0,0.0,2,1.146,1,0.573,2,1.146,0,0.0,0,0.0,7,4.013,1,0.573,2,1.146,0,0.0,85.11,-1.1197517860067645,-2.297608713848525,-0.261538039567883,0.36323778321291705
968,Ramiz Larbi Zerrouki,MID,Algeria,Algeria,3,157,0,0.0,0,0.0,0,0.0,0,0.0,105,60.191,97,55.605,0,0.0,3,1.72,3,1.72,4,2.293,4,2.293,7,4.013,2,1.146,2,1.146,0,0.0,4,2.293,0,0.0,0,0.0,92.38,2.4171204700904245,-0.06870052389130578,-0.23217612014529287,-0.32727462628752774
202,Michel Aebischer,MID,Switzerland,Switzerland,4,156,0,0.0,0,0.0,2,1.154,1,0.577,76,43.846,66,38.077,6,3.462,6,3.462,2,1.154,5,2.885,2,1.154,8,4.615,0,0.0,0,0.0,3,1.731,3,1.731,2,1.154,0,0.0,86.84,0.17103340801819253,-0.09912882092485995,-1.551686814302988,0.29048415825259294
888,Tahseen Abd Zaid Zaid,DEF,Iraq,Iraq,2,156,0,0.0,0,0.0,2,1.154,0,0.0,64,36.923,53,30.577,0,0.0,3,1.731,3,1.731,8,4.615,4,2.308,7,4.038,2,1.154,1,0.577,1,0.577,3,1.731,2,1.154,0,0.0,82.81,1.2736463821626045,-0.038168002386810035,0.036231868461069405,0.596242960773525
238,Sofyan Amrabat,MID,Morocco,Morocco,3,156,0,0.0,0,0.0,0,0.0,0,0.0,106,61.154,98,56.538,0,0.0,9,5.192,1,0.577,2,1.154,5,2.885,5,2.885,1,0.577,1,0.577,1,0.577,4,2.308,2,1.154,0,0.0,92.45,1.501661719445427,0.07009067685659563,-1.2897954786108654,0.858650168983668
396,Orkun Kokcu,MID,Türkiye,Türkiye,3,155,0,0.0,0,0.0,3,1.742,0,0.0,85,49.355,60,34.839,6,3.484,10,5.806,2,1.161,3,1.742,4,2.323,4,2.323,0,0.0,0,0.0,5,2.903,2,1.161,4,2.323,0,0.0,70.59,-0.2418515540072277,0.32517351852703613,-2.5433032886898124,1.1903193109527677
176,Fathy Ahmed Fathy,MID,Qatar,Qatar,3,154,0,0.0,0,0.0,0,0.0,0,0.0,65,37.987,59,34.481,0,0.0,6,3.506,3,1.753,3,1.753,11,6.429,8,4.675,0,0.0,0,0.0,0,0.0,2,1.169,1,0.584,0,0.0,90.77,2.0901226545119496,-0.3451210366800139,-1.1971625494111142,1.7536567296711612
1004,Phillip Mwene,DEF,Austria,Austria,2,154,0,0.0,0,0.0,1,0.584,0,0.0,64,37.403,56,32.727,6,3.506,1,0.584,2,1.169,4,2.338,4,2.338,8,4.675,1,0.584,1,0.584,1,0.584,1,0.584,1,0.584,0,0.0,87.5,0.8618389786768905,-1.1778233564461016,-0.44768870774491093,-0.15912145026416044
81,Tomáš Holes,DEF,Czechia,Czechia,2,154,0,0.0,0,0.0,0,0.0,0,0.0,66,38.571,55,32.143,0,0.0,4,2.338,2,1.169,6,3.506,9,5.26,12,7.013,1,0.584,1,0.584,2,1.169,2,1.169,2,1.169,0,0.0,83.33,2.155223749330761,-0.13185518741355318,-0.5819139067066237,1.3428208250658373
442,Deniz Undav,FWD,Germany,Germany,4,153,3,1.765,2,1.176,6,3.529,4,2.353,31,18.235,23,13.529,2,1.176,2,1.176,0,0.0,0,0.0,0,0.0,0,0.0,1,0.588,0,0.0,1,0.588,3,1.765,0,0.0,0,0.0,74.19,-6.786481763674952,1.6565074465272143,-0.19702268711689708,-4.0028406522355295
548,Yukinari Sugawara,DEF,Japan,Japan,4,153,0,0.0,0,0.0,2,1.176,2,1.176,73,42.941,52,30.588,5,2.941,3,1.765,0,0.0,13,7.647,2,1.176,5,2.941,5,2.941,5,2.941,1,0.588,3,1.765,1,0.588,0,0.0,71.23,0.30006992308788555,1.4522950461033375,1.736838745239384,-0.3700514772461662
169,Mohamed Ayoub Aloui,DEF,Qatar,Qatar,2,152,0,0.0,0,0.0,0,0.0,0,0.0,28,16.579,11,6.513,1,0.592,7,4.145,2,1.184,11,6.513,8,4.737,5,2.961,2,1.184,2,1.184,1,0.592,1,0.592,0,0.0,0,0.0,39.29,1.5307825877360577,-0.45762383036945264,0.8338242072367837,2.3133313748531075
611,Rani Khedira,MID,Tunisia,Tunisia,3,152,0,0.0,0,0.0,1,0.592,0,0.0,30,17.763,25,14.803,1,0.592,4,2.368,1,0.592,2,1.184,4,2.368,4,2.368,0,0.0,0,0.0,0,0.0,3,1.776,0,0.0,0,0.0,83.33,-0.1562207599479059,-1.8886178075630988,0.3283525217622283,1.5936034303458042
783,Mohammed Ali Lajami,DEF,Saudi Arabia,Saudi Arabia,3,152,0,0.0,0,0.0,0,0.0,0,0.0,68,40.263,56,33.158,0,0.0,7,4.145,3,1.776,16,9.474,11,6.513,16,9.474,4,2.368,4,2.368,2,1.184,0,0.0,2,1.184,0,0.0,82.35,4.2756757267221,1.8156371966800633,0.310576388259781,1.359125244224708
196,Ardon Jashari,MID,Switzerland,Switzerland,3,150,0,0.0,0,0.0,2,1.2,0,0.0,30,18.0,25,15.0,1,0.6,3,1.8,0,0.0,1,0.6,0,0.0,1,0.6,1,0.6,1,0.6,2,1.2,2,1.2,1,0.6,0,0.0,83.33,-1.3919877990480993,-2.1744877057304,0.896879960477759,0.6192879458958619
879,Habib Mbacke Diarra,MID,Senegal,Senegal,3,150,2,1.2,0,0.0,4,2.4,2,1.2,54,32.4,52,31.2,1,0.6,5,3.0,1,0.6,3,1.8,4,2.4,5,3.0,1,0.6,1,0.6,3,1.8,2,1.2,2,1.2,0,0.0,96.3,-2.3952822327484022,1.35855257610886,-0.19455044154922807,-1.1169448358645566
1124,Richard Rios,MID,Colombia,Colombia,5,150,0,0.0,0,0.0,5,3.0,1,0.6,56,33.6,47,28.2,2,1.2,16,9.6,2,1.2,1,0.6,4,2.4,11,6.6,2,1.2,2,1.2,6,3.6,10,6.0,4,2.4,0,0.0,83.93,-0.5331144722517779,3.8852918237718392,-1.843839111927914,4.264516349099078
230,MARTINELLIGabriel Gabriel,FWD,Brazil,Brazil,4,150,1,0.6,0,0.0,2,1.2,1,0.6,65,39.0,59,35.4,3,1.8,0,0.0,2,1.2,2,1.2,4,2.4,5,3.0,0,0.0,0,0.0,4,2.4,4,2.4,3,1.8,0,0.0,90.77,-1.2323876808846765,0.3145972374653739,-1.0625677170811643,-0.28408225252179004
112,Ismaël Kenneth Jordan Kone,MID,Canada,Canada,2,149,0,0.0,0,0.0,2,1.208,0,0.0,108,65.235,93,56.174,2,1.208,8,4.832,1,0.604,2,1.208,3,1.812,7,4.228,2,1.208,2,1.208,4,2.416,1,0.604,3,1.812,0,0.0,86.11,1.035743295306946,0.3592868624829483,-1.4004248594744206,-0.4265407275080195
359,Gabriel Avalos,FWD,Paraguay,Paraguay,4,149,0,0.0,0,0.0,1,0.604,0,0.0,23,13.893,12,7.248,0,0.0,3,1.812,0,0.0,2,1.208,3,1.812,3,1.812,8,4.832,8,4.832,0,0.0,1,0.604,2,1.208,0,0.0,52.17,-0.16311977375322761,0.40518416077547625,3.90229403271963,0.9044872792981986
1073,Nathanaël Mbuku,MID,Congo DR,Congo DR,3,148,0,0.0,0,0.0,3,1.824,2,1.216,45,27.365,35,21.284,14,8.514,6,3.649,0,0.0,1,0.608,1,0.608,2,1.216,0,0.0,0,0.0,12,7.297,4,2.432,8,4.865,0,0.0,77.78,-4.183819956742552,1.2924432976716393,-3.3019454932073296,1.7948974026495526
1075,Kibambe Brian Cipenga,FWD,Congo DR,Congo DR,2,148,1,0.608,0,0.0,6,3.649,1,0.608,47,28.581,28,17.027,11,6.689,7,4.257,1,0.608,0,0.0,1,0.608,3,1.824,1,0.608,1,0.608,19,11.554,2,1.216,1,0.608,1,0.608,59.57,-4.30600062813491,1.4253841670832614,-1.954582832692234,0.1901909330255327
296,Che Sac Everton Fred Adams,FWD,Scotland,Scotland,3,147,0,0.0,0,0.0,1,0.612,1,0.612,19,11.633,12,7.347,0,0.0,3,1.837,1,0.612,0,0.0,0,0.0,3,1.837,6,3.673,5,3.061,0,0.0,4,2.449,2,1.224,0,0.0,63.16,-1.1053899533535578,0.2395845037540671,2.9165198959208483,1.1523017134124325
102,Alexandr Sojka,MID,Czechia,Czechia,3,146,0,0.0,1,0.616,0,0.0,0,0.0,65,40.068,52,32.055,5,3.082,4,2.466,1,0.616,4,2.466,6,3.699,5,3.082,1,0.616,1,0.616,4,2.466,0,0.0,2,1.233,0,0.0,80.0,0.09736050577637767,-0.5855461081744703,-1.6856260183221736,-0.1923988835551534
100,Tomáš Soucek,MID,Czechia,Czechia,3,142,0,0.0,0,0.0,1,0.634,0,0.0,44,27.887,35,22.183,0,0.0,4,2.535,0,0.0,5,3.169,2,1.268,2,1.268,4,2.535,4,2.535,0,0.0,3,1.901,1,0.634,2,1.268,79.55,-0.6837432021888957,0.1108177672077326,2.7936940409368725,0.9176382756323213
1042,SEMEDONélson Nelson,DEF,Portugal,Portugal,4,142,0,0.0,0,0.0,0,0.0,0,0.0,91,57.676,84,53.239,5,3.169,1,0.634,4,2.535,5,3.169,1,0.634,8,5.07,1,0.634,1,0.634,7,4.437,2,1.268,2,1.268,0,0.0,92.31,1.685607271932193,-0.11710399254499777,-1.774413030310956,-0.9650579876822586
1203,Abdul Fatawu Fatawu,FWD,Ghana,Ghana,4,142,0,0.0,0,0.0,3,1.901,0,0.0,22,13.944,18,11.408,7,4.437,3,1.901,0,0.0,1,0.634,4,2.535,5,3.169,0,0.0,0,0.0,22,13.944,1,0.634,7,4.437,0,0.0,81.82,-3.355496284683068,0.08642132743297079,-3.000031479774817,2.160234878276366
174,Hussain Sultan,DEF,Qatar,Qatar,2,142,0,0.0,0,0.0,0,0.0,0,0.0,42,26.62,33,20.915,3,1.901,4,2.535,1,0.634,8,5.07,7,4.437,4,2.535,0,0.0,0,0.0,0,0.0,2,1.268,0,0.0,0,0.0,78.57,1.0723654998046173,-1.2553497725263645,-0.1873954041362047,1.7195153143400752
761,Eduardo Jovane,MID,Cabo Verde,Cabo Verde,2,141,0,0.0,0,0.0,2,1.277,0,0.0,34,21.702,27,17.234,1,0.638,6,3.83,2,1.277,1,0.638,2,1.277,7,4.468,0,0.0,0,0.0,4,2.553,1,0.638,2,1.277,0,0.0,79.41,-0.29636120591731496,-1.3321579810578446,-0.7278118461154482,1.0889825320422395
725,Ryan Jared Thomas,MID,New Zealand,New Zealand,3,141,0,0.0,0,0.0,0,0.0,0,0.0,25,15.957,18,11.489,1,0.638,6,3.83,0,0.0,1,0.638,3,1.915,5,3.191,2,1.277,2,1.277,0,0.0,3,1.915,3,1.915,0,0.0,72.0,-0.4566060345129588,-0.8667479149931719,0.7814093514183911,2.29301312641755
1027,Nayef Ahmad Mahmoud Almardi,FWD,Jordan,Jordan,3,141,0,0.0,0,0.0,1,0.638,1,0.638,39,24.894,32,20.426,7,4.468,4,2.553,0,0.0,0,0.0,2,1.277,0,0.0,0,0.0,0,0.0,7,4.468,4,2.553,2,1.277,0,0.0,82.05,-2.3401239588303415,-0.805735288156158,-1.2122075547918691,1.5846307298635418
406,Ismailİsma Yuksek,MID,Türkiye,Türkiye,2,140,0,0.0,0,0.0,5,3.214,0,0.0,111,71.357,104,66.857,1,0.643,13,8.357,4,2.571,7,4.5,5,3.214,18,11.571,2,1.286,2,1.286,5,3.214,2,1.286,0,0.0,0,0.0,93.69,3.8486537301230923,2.8504311472857267,-2.330740729216907,0.002602731824185597
806,Waheeb Mohammed Abu Alshamat,DEF,Saudi Arabia,Saudi Arabia,3,140,0,0.0,0,0.0,1,0.643,1,0.643,64,41.143,51,32.786,3,1.929,6,3.857,0,0.0,6,3.857,8,5.143,3,1.929,1,0.643,1,0.643,1,0.643,2,1.286,1,0.643,0,0.0,79.69,0.4234394609948165,0.14701018774514668,-0.5488554682586476,1.3041490457081242
896,Hasan Hachim Jalal Hassan,GK,Iraq,Iraq,2,140,0,0.0,0,0.0,0,0.0,0,0.0,51,32.786,33,21.214,0,0.0,0,0.0,0,0.0,2,1.286,0,0.0,11,7.071,0,0.0,0,0.0,0,0.0,0,0.0,1,0.643,0,0.0,64.71,0.5338747964542377,-3.2116370317845875,0.6787500791241565,-0.7131544019013802
1165,Eberechi Oluchi Eze,MID,England,England,4,140,0,0.0,0,0.0,4,2.571,0,0.0,81,52.071,75,48.214,1,0.643,0,0.0,0,0.0,2,1.286,1,0.643,0,0.0,1,0.643,1,0.643,7,4.5,1,0.643,3,1.929,0,0.0,92.59,-1.269547686831722,-0.8847660470182374,-0.7119837895208715,-1.354291999426167
588,Jesper Kewe Karlstrom,MID,Sweden,Sweden,2,139,0,0.0,0,0.0,1,0.647,0,0.0,37,23.957,31,20.072,0,0.0,6,3.885,2,1.295,7,4.532,2,1.295,9,5.827,3,1.942,3,1.942,2,1.295,3,1.942,0,0.0,0,0.0,83.78,1.509093501578927,0.13294723991578922,1.2440533197415382,1.348280671270066
1066,Francisco Francisco Conceicao,FWD,Portugal,Portugal,4,139,0,0.0,0,0.0,2,1.295,0,0.0,73,47.266,65,42.086,5,3.237,3,1.942,0,0.0,1,0.647,3,1.942,3,1.942,0,0.0,0,0.0,13,8.417,1,0.647,2,1.295,1,0.647,89.04,-1.5230176769058485,-0.7159472094595876,-1.830898157073485,-0.04187261515298479
1002,Saša Kalajdzic,FWD,Austria,Austria,3,136,1,0.662,0,0.0,4,2.647,1,0.662,24,15.882,16,10.588,1,0.662,1,0.662,0,0.0,0,0.0,0,0.0,2,1.324,1,0.662,1,0.662,3,1.985,2,1.324,2,1.324,0,0.0,66.67,-3.3601563721004797,-0.7452683855975409,0.9244742246220852,-0.5227988876060075
1185,Mario Pasalic,MID,Croatia,Croatia,4,135,0,0.0,0,0.0,4,2.667,1,0.667,50,33.333,45,30.0,0,0.0,7,4.667,1,0.667,1,0.667,4,2.667,4,2.667,2,1.333,2,1.333,1,0.667,2,1.333,0,0.0,1,0.667,90.0,-0.814528305628606,0.5803986570222276,0.7186982835559914,0.5521280960915855
1095,Khojiakbar Alijonov,DEF,Uzbekistan,Uzbekistan,2,135,0,0.0,0,0.0,0,0.0,0,0.0,41,27.333,27,18.0,4,2.667,10,6.667,2,1.333,2,1.333,7,4.667,8,5.333,0,0.0,0,0.0,7,4.667,2,1.333,1,0.667,0,0.0,65.85,0.7948787820736816,-0.07064114523331533,-2.0286508736501934,2.983401299890358
70,Hyeongyu Oh,FWD,Korea Republic,South Korea,3,134,1,0.672,0,0.0,4,2.687,2,1.343,22,14.776,15,10.075,1,0.672,2,1.343,0,0.0,0,0.0,1,0.672,1,0.672,5,3.358,5,3.358,5,3.358,0,0.0,1,0.672,0,0.0,68.18,-3.3405833644738614,0.9378378448646184,2.6559850607301567,-1.329660144744954
678,Saleh Hardani,DEF,IR Iran,IR Iran,2,134,0,0.0,0,0.0,0,0.0,0,0.0,29,19.478,21,14.104,1,0.672,6,4.03,3,2.015,4,2.687,5,3.358,8,5.373,0,0.0,0,0.0,1,0.672,0,0.0,2,1.343,0,0.0,72.41,1.1754911537980595,-1.2182534283101338,-0.7214486231797174,1.5999762543911633
771,Johnson Willy,MID,Cabo Verde,Cabo Verde,3,133,0,0.0,0,0.0,3,2.03,0,0.0,33,22.331,30,20.301,2,1.353,4,2.707,1,0.677,6,4.06,8,5.414,7,4.737,2,1.353,2,1.353,9,6.09,4,2.707,2,1.353,0,0.0,90.91,0.10246645277138264,1.5933126814394611,-0.544064225704211,2.7487523078308467
98,Jaroslav Zeleny,DEF,Czechia,Czechia,2,131,0,0.0,0,0.0,1,0.687,0,0.0,47,32.29,35,24.046,2,1.374,2,1.374,2,1.374,4,2.748,3,2.061,4,2.748,1,0.687,1,0.687,4,2.748,0,0.0,2,1.374,0,0.0,74.47,0.2519637169087369,-1.1280806833140382,-0.33646929976168455,0.12406305375044979
609,Ismael Seifallah Gharbi,MID,Tunisia,Tunisia,3,131,0,0.0,0,0.0,3,2.061,0,0.0,36,24.733,35,24.046,1,0.687,6,4.122,0,0.0,3,2.061,3,2.061,1,0.687,0,0.0,0,0.0,5,3.435,0,0.0,2,1.374,0,0.0,97.22,-1.2266301602142244,-1.3747694842217815,-0.7343663062378158,0.8570762471004733
914,Leo Skiri Ostigard,DEF,Norway,Norway,4,131,1,0.687,0,0.0,3,2.061,1,0.687,84,57.71,69,47.405,0,0.0,4,2.748,1,0.687,6,4.122,2,1.374,7,4.809,5,3.435,5,3.435,1,0.687,2,1.374,1,0.687,0,0.0,82.14,0.539295674249936,2.4904533215140305,1.583043917401632,-1.80735439536787
219,Raphael Raphinha,FWD,Brazil,Brazil,2,130,0,0.0,0,0.0,3,2.077,2,1.385,44,30.462,30,20.769,10,6.923,6,4.154,0,0.0,0,0.0,3,2.077,1,0.692,2,1.385,2,1.385,6,4.154,1,0.692,2,1.385,2,1.385,68.18,-3.7325673193506184,1.2037909232751933,-0.29635592029085295,0.5106218668981285
582,Erik Benjamin Nygren,MID,Sweden,Sweden,4,130,0,0.0,0,0.0,1,0.692,0,0.0,50,34.615,46,31.846,6,4.154,3,2.077,2,1.385,0,0.0,2,1.385,2,1.385,2,1.385,2,1.385,2,1.385,3,2.077,0,0.0,0,0.0,92.0,-0.031116234832905695,-0.414499631417386,-0.17591845215933183,0.6053518117926762
901,Jasim Elaibi Ali Jasim,FWD,Iraq,Iraq,2,130,0,0.0,0,0.0,4,2.769,1,0.692,36,24.923,29,20.077,5,3.462,6,4.154,1,0.692,3,2.077,2,1.385,3,2.077,0,0.0,0,0.0,3,2.077,1,0.692,0,0.0,0,0.0,80.56,-1.3838336867400547,-0.7120680969749454,-0.7838781757351214,0.46951797602972467
895,Ihab Ahmed Ahmed,FWD,Iraq,Iraq,3,130,0,0.0,0,0.0,0,0.0,0,0.0,16,11.077,13,9.0,1,0.692,4,2.769,0,0.0,1,0.692,1,0.692,1,0.692,1,0.692,1,0.692,0,0.0,0,0.0,1,0.692,0,0.0,81.25,-0.9379074606325027,-2.782014442575597,1.143319776120787,0.9027315568068605
179,Omer Assim Madibo,MID,Qatar,Qatar,2,129,0,0.0,0,0.0,0,0.0,0,0.0,33,23.023,27,18.837,0,0.0,5,3.488,0,0.0,6,4.186,9,6.279,6,4.186,0,0.0,0,0.0,2,1.395,2,1.395,1,0.698,0,0.0,81.82,1.051880054287597,-0.7986870081077294,-0.3520702214824953,2.7035206353683665
1218,Kamal Deen Sulemana,FWD,Ghana,Ghana,2,129,0,0.0,0,0.0,1,0.698,0,0.0,31,21.628,27,18.837,4,2.791,5,3.488,1,0.698,1,0.698,1,0.698,4,2.791,0,0.0,0,0.0,11,7.674,2,1.395,1,0.698,1,0.698,87.1,-1.6632551379258298,-1.05058999544782,-0.9670602826798823,1.4160019947434705
127,Niko Kristian Sigur,DEF,Canada,Canada,3,129,0,0.0,0,0.0,1,0.698,0,0.0,64,44.651,52,36.279,4,2.791,3,2.093,2,1.395,4,2.791,3,2.093,5,3.488,2,1.395,2,1.395,1,0.698,5,3.488,1,0.698,0,0.0,81.25,1.0238038478877018,0.7336381923308596,-0.24494305638267166,1.1687959284420273
550,Kou Itakura,DEF,Japan,Japan,2,129,0,0.0,0,0.0,0,0.0,0,0.0,110,76.744,107,74.651,0,0.0,1,0.698,1,0.698,13,9.07,0,0.0,8,5.581,6,4.186,6,4.186,0,0.0,1,0.698,0,0.0,0,0.0,97.27,4.09967902379315,1.203168599008707,2.251224975449515,-2.812885495395338
1215,Inaki Williams,FWD,Ghana,Ghana,2,128,0,0.0,0,0.0,3,2.109,0,0.0,23,16.172,15,10.547,4,2.812,2,1.406,1,0.703,0,0.0,1,0.703,1,0.703,0,0.0,0,0.0,2,1.406,2,1.406,1,0.703,1,0.703,65.22,-2.3248357984930386,-1.628391172228304,0.27309515170684534,0.8602670685375947
170,Elamin Homam,DEF,Qatar,Qatar,2,127,0,0.0,0,0.0,1,0.709,0,0.0,33,23.386,25,17.717,3,2.126,5,3.543,1,0.709,5,3.543,7,4.961,4,2.835,1,0.709,1,0.709,1,0.709,4,2.835,0,0.0,0,0.0,75.76,0.6863304838850193,0.11947943617393247,-0.08739790270461534,2.8188840708650194
662,Yousry Fouad Haissem Hassan,FWD,Egypt,Egypt,2,127,0,0.0,1,0.709,1,0.709,0,0.0,41,29.055,35,24.803,9,6.378,3,2.126,0,0.0,1,0.709,1,0.709,2,1.417,1,0.709,1,0.709,18,12.756,2,1.417,2,1.417,0,0.0,85.37,-2.9239197128563186,0.003274800384379932,-2.9853287643932824,0.29897987616598254
387,Nishan Matthew Velupillay,FWD,Australia,Australia,2,125,0,0.0,0,0.0,0,0.0,0,0.0,12,8.64,6,4.32,0,0.0,4,2.88,1,0.72,0,0.0,2,1.44,2,1.44,1,0.72,1,0.72,3,2.16,1,0.72,0,0.0,0,0.0,50.0,-0.665313582042728,-2.2745727737638854,0.9487534009197169,1.5248724405460286
834,Malo Arthur Gusto,DEF,France,France,5,125,0,0.0,0,0.0,0,0.0,0,0.0,76,54.72,69,49.68,3,2.16,14,10.08,2,1.44,3,2.16,6,4.32,6,4.32,1,0.72,0,0.0,2,1.44,4,2.88,2,1.44,0,0.0,90.79,2.00226382678114,1.6622191148697825,-2.8205432858790407,3.012923795918927
1101,Odiljon Xamrobekov,MID,Uzbekistan,Uzbekistan,2,125,0,0.0,0,0.0,1,0.72,0,0.0,43,30.96,38,27.36,0,0.0,2,1.44,1,0.72,0,0.0,1,0.72,2,1.44,0,0.0,0,0.0,0,0.0,1,0.72,1,0.72,0,0.0,88.37,-0.38639595031863044,-2.4196904420788523,0.10547135512351578,-0.06654068675402194
1111,Azizjon Ganiev,MID,Uzbekistan,Uzbekistan,2,125,0,0.0,0,0.0,1,0.72,0,0.0,59,42.48,48,34.56,6,4.32,11,7.92,0,0.0,1,0.72,1,0.72,5,3.6,0,0.0,0,0.0,2,1.44,2,1.44,1,0.72,0,0.0,81.36,-0.0926318328558761,-0.7876860910641419,-1.8406908788135319,1.4987902880606518
95,Lukáš Provod,MID,Czechia,Czechia,3,124,0,0.0,0,0.0,1,0.726,0,0.0,48,34.839,37,26.855,2,1.452,6,4.355,0,0.0,4,2.903,2,1.452,4,2.903,3,2.177,2,1.452,4,2.903,2,1.452,1,0.726,1,0.726,77.08,-0.30699883046750187,0.11607994252097856,0.8626584591364981,1.0838774651002978
1138,Juan Fernando Quintero,MID,Colombia,Colombia,4,124,0,0.0,1,0.726,4,2.903,0,0.0,89,64.597,74,53.71,12,8.71,0,0.0,1,0.726,0,0.0,0,0.0,1,0.726,1,0.726,1,0.726,1,0.726,0,0.0,1,0.726,0,0.0,83.15,-1.6145957378803681,-0.4734880326146125,-2.5832839465620108,-3.3484455244301077
309,Mc,MID,Scotland,Scotland,3,123,0,0.0,0,0.0,1,0.732,0,0.0,63,46.098,56,40.976,2,1.463,9,6.585,1,0.732,3,2.195,4,2.927,3,2.195,1,0.732,0,0.0,7,5.122,1,0.732,1,0.732,0,0.0,88.89,0.5333020231166026,-0.10492338077267557,-1.8760655913678095,1.2009229818045775
505,Kevin Jose Rodriguez,FWD,Ecuador,Ecuador,4,123,0,0.0,0,0.0,6,4.39,1,0.732,27,19.756,23,16.829,1,0.732,1,0.732,0,0.0,1,0.732,3,2.195,3,2.195,8,5.854,7,5.122,4,2.927,3,2.195,2,1.463,0,0.0,85.19,-1.8904057603063913,3.21491930409294,3.4626701989098714,0.3435241883095276
276,Lenny Alvin Pico Joseph,FWD,Haiti,Haiti,3,122,0,0.0,0,0.0,2,1.475,0,0.0,20,14.754,13,9.59,0,0.0,3,2.213,0,0.0,0,0.0,2,1.475,1,0.738,5,3.689,2,1.475,12,8.852,6,4.426,1,0.738,0,0.0,65.0,-1.9471761716888758,1.047114496571648,1.115624990475039,2.8660328188570783
540,Teun Koopmeiners,MID,Netherlands,Netherlands,4,122,0,0.0,0,0.0,2,1.475,0,0.0,63,46.475,54,39.836,4,2.951,10,7.377,0,0.0,5,3.689,2,1.475,6,4.426,2,1.475,2,1.475,0,0.0,3,2.213,0,0.0,0,0.0,85.71,1.0892348591240115,0.6739755616017027,-0.30981621545923393,1.3400675503786839
902,Hussein Ghadhban Aymen,FWD,Iraq,Iraq,2,122,1,0.738,0,0.0,3,2.213,1,0.738,16,11.803,12,8.852,0,0.0,0,0.0,0,0.0,1,0.738,2,1.475,2,1.475,11,8.115,11,8.115,0,0.0,2,1.475,1,0.738,0,0.0,75.0,-1.6137997768459142,3.7366174246715773,6.561310150383715,-0.81662141791895
745,Nicholas Williams,FWD,Spain,Spain,6,121,0,0.0,1,0.744,4,2.975,2,1.488,50,37.19,45,33.471,9,6.694,0,0.0,1,0.744,2,1.488,6,4.463,7,5.207,2,1.488,2,1.488,13,9.669,2,1.488,1,0.744,1,0.744,90.0,-2.919109560969407,2.882223004673845,-2.1744121607756806,-0.9792246013993521
227,Felipe Endrick,FWD,Brazil,Brazil,4,121,0,0.0,0,0.0,3,2.231,0,0.0,20,14.876,16,11.901,1,0.744,4,2.975,0,0.0,0,0.0,6,4.463,2,1.488,2,1.488,1,0.744,3,2.231,1,0.744,1,0.744,1,0.744,80.0,-1.6592935699032558,-0.4088547761268097,0.8416826401136177,1.7717877362574583
871,Iliman Cheikh Baroy Ndiaye,FWD,Senegal,Senegal,3,120,1,0.75,1,0.75,3,2.25,2,1.5,59,44.25,53,39.75,2,1.5,2,1.5,3,2.25,0,0.0,2,1.5,3,2.25,0,0.0,0,0.0,12,9.0,2,1.5,1,0.75,0,0.0,89.83,-3.0575950923394926,1.8115821181020084,-2.9764970728911417,-2.4470857709250575
62,Jae Sung Lee,MID,Korea Republic,South Korea,2,119,0,0.0,0,0.0,2,1.513,1,0.756,59,44.622,46,34.79,1,0.756,6,4.538,0,0.0,1,0.756,5,3.782,5,3.782,1,0.756,1,0.756,0,0.0,1,0.756,4,3.025,1,0.756,77.97,-0.9877180328711341,0.7205848875262624,-0.5471660014643789,0.7789666872404444
908,Ismael Khaleel Zaid Ismael,MID,Iraq,Iraq,2,119,0,0.0,0,0.0,0,0.0,0,0.0,71,53.697,63,47.647,0,0.0,12,9.076,1,0.756,1,0.756,1,0.756,10,7.563,3,2.269,3,2.269,1,0.756,2,1.513,0,0.0,0,0.0,88.73,2.4752120359017833,0.6930970825157006,-0.027134818879653525,0.9058688160645257
403,Evren Eren Elmali,DEF,Türkiye,Türkiye,2,118,0,0.0,1,0.763,0,0.0,0,0.0,59,45.0,52,39.661,4,3.051,4,3.051,0,0.0,3,2.288,6,4.576,7,5.339,0,0.0,0,0.0,4,3.051,2,1.525,1,0.763,0,0.0,88.14,0.3538759207635805,-0.14193256586412273,-2.5070342608408254,0.40619593185151753
928,Kristian Thorstvedt,MID,Norway,Norway,2,117,0,0.0,0,0.0,3,2.308,1,0.769,24,18.462,19,14.615,0,0.0,4,3.077,0,0.0,3,2.308,0,0.0,0,0.0,2,1.538,1,0.769,3,2.308,2,1.538,1,0.769,0,0.0,79.17,-2.0479079306185484,-0.599064142728656,1.0887296655237213,0.5917146063627361
1103,Oston Urunov,MID,Uzbekistan,Uzbekistan,2,117,0,0.0,0,0.0,0,0.0,0,0.0,10,7.692,8,6.154,0,0.0,0,0.0,0,0.0,0,0.0,1,0.769,1,0.769,0,0.0,0,0.0,2,1.538,0,0.0,0,0.0,0,0.0,80.0,-1.2681048501082857,-3.7986333658862876,1.1981547228760139,0.4034415674760853
850,Warren Marie Jean-Pierre Zaire-Emery,MID,France,France,2,117,0,0.0,0,0.0,1,0.769,0,0.0,70,53.846,66,50.769,1,0.769,4,3.077,2,1.538,0,0.0,2,1.538,3,2.308,1,0.769,1,0.769,0,0.0,1,0.769,0,0.0,0,0.0,94.29,1.2052335188639147,-0.9576936667494952,-0.5874018889627091,-0.729023972045724
847,Ibrahima Konate,DEF,France,France,2,116,0,0.0,0,0.0,0,0.0,0,0.0,34,26.379,32,24.828,0,0.0,1,0.776,2,1.552,1,0.776,3,2.328,4,3.103,2,1.552,2,1.552,1,0.776,2,1.552,1,0.776,0,0.0,94.12,0.7240240512490423,-0.7590681752117056,0.8797107035661375,0.7267350044141003
271,Don Deedson Deedson,FWD,Haiti,Haiti,3,115,0,0.0,0,0.0,2,1.565,0,0.0,15,11.739,13,10.174,5,3.913,0,0.0,1,0.783,4,3.13,4,3.13,3,2.348,1,0.783,1,0.783,11,8.609,3,2.348,1,0.783,1,0.783,86.67,-1.9251318153498531,0.24005656098789002,-0.1948241818004287,2.006402373642776
648,Amadou Ba Onana,MID,Belgium,Belgium,4,115,0,0.0,0,0.0,2,1.565,0,0.0,64,50.087,57,44.609,0,0.0,8,6.261,0,0.0,5,3.913,4,3.13,11,8.609,2,1.565,2,1.565,2,1.565,1,0.783,3,2.348,0,0.0,89.06,1.7412465727883175,1.1668929599784947,-0.6847236326385736,0.9065272252623235
1038,Ahmad Ali Ali Azaizeh,FWD,Jordan,Jordan,3,115,0,0.0,0,0.0,2,1.565,0,0.0,13,10.174,12,9.391,1,0.783,3,2.348,0,0.0,0,0.0,2,1.565,3,2.348,1,0.783,1,0.783,2,1.565,1,0.783,1,0.783,0,0.0,92.31,-1.3335477311600221,-1.741847690419297,0.8013647543835404,1.2117855638983954
318,Auston Levi-Jesaiah Trusty,DEF,USA,USA,2,114,1,0.789,0,0.0,3,2.368,2,1.579,50,39.474,38,30.0,2,1.579,2,1.579,4,3.158,10,7.895,5,3.947,5,3.947,8,6.316,8,6.316,0,0.0,2,1.579,0,0.0,0,0.0,76.0,1.271874637785316,5.9249636000152455,3.539644867813464,-1.415275990213413
480,Elye Delmas Wahi,FWD,Côte d'Ivoire,Côte d'Ivoire,3,112,0,0.0,0,0.0,3,2.411,2,1.607,21,16.875,15,12.054,1,0.804,2,1.607,0,0.0,0,0.0,0,0.0,1,0.804,1,0.804,0,0.0,0,0.0,0,0.0,0,0.0,0,0.0,71.43,-2.713250545446601,-1.835621882338827,1.1386962008248562,-0.9072477024997877
938,Marcos Nicolás Senesi,DEF,Argentina,Argentina,2,112,0,0.0,0,0.0,1,0.804,0,0.0,79,63.482,75,60.268,0,0.0,2,1.607,2,1.607,3,2.411,1,0.804,5,4.018,2,1.607,1,0.804,0,0.0,0,0.0,3,2.411,0,0.0,94.94,1.6184793062570189,-0.32150089204183546,-0.681290893093107,-1.754451821421975
762,Paulo Joao Paulo,MID,Cabo Verde,Cabo Verde,2,111,0,0.0,0,0.0,2,1.622,0,0.0,62,50.27,52,42.162,5,4.054,4,3.243,5,4.054,11,8.919,5,4.054,11,8.919,4,3.243,4,3.243,7,5.676,0,0.0,4,3.243,0,0.0,83.87,3.307252801321508,4.05452545236473,-1.4592356692102322,0.21537321046962318
706,Tyler Grant Bindon,DEF,New Zealand,New Zealand,3,109,0,0.0,0,0.0,2,1.651,1,0.826,68,56.147,49,40.459,0,0.0,1,0.826,2,1.651,11,9.083,4,3.303,10,8.257,3,2.477,3,2.477,3,2.477,2,1.651,1,0.826,0,0.0,72.06,2.6571015170636687,2.388219107070871,0.7201362100459818,-0.5976318632266032
975,Jaouen Djimmy Hadjam,DEF,Algeria,Algeria,3,109,0,0.0,0,0.0,1,0.826,0,0.0,67,55.321,56,46.239,0,0.0,4,3.303,2,1.651,1,0.826,3,2.477,6,4.954,2,1.651,2,1.651,13,10.734,0,0.0,0,0.0,0,0.0,83.58,1.1723367313551294,0.39940324939973315,-1.3413154139870471,-0.4828668715409425
1061,Diogo Ruben,MID,Portugal,Portugal,2,109,0,0.0,0,0.0,2,1.651,0,0.0,29,23.945,27,22.294,0,0.0,0,0.0,0,0.0,3,2.477,2,1.651,0,0.0,0,0.0,0,0.0,0,0.0,0,0.0,0,0.0,0,0.0,93.1,-0.7569404922391612,-2.797240254321538,0.855127757105697,-0.3906412499099026
408,Mert Muldur,DEF,Türkiye,Türkiye,3,108,0,0.0,0,0.0,3,2.5,0,0.0,81,67.5,72,60.0,6,5.0,5,4.167,0,0.0,3,2.5,2,1.667,5,4.167,4,3.333,4,3.333,4,3.333,1,0.833,2,1.667,0,0.0,88.89,0.6234386899248286,2.2156741365045973,-0.5470416125634399,-0.849972091508026
395,Salih Ozcan,MID,Türkiye,Türkiye,2,108,0,0.0,0,0.0,0,0.0,0,0.0,61,50.833,52,43.333,1,0.833,8,6.667,3,2.5,0,0.0,4,3.333,10,8.333,1,0.833,1,0.833,0,0.0,2,1.667,2,1.667,0,0.0,85.25,2.6071280373792294,0.9008237507295844,-1.7950047289819266,1.4705102414122377
438,David Raum,DEF,Germany,Germany,2,108,0,0.0,0,0.0,1,0.833,1,0.833,52,43.333,44,36.667,14,11.667,8,6.667,1,0.833,1,0.833,5,4.167,5,4.167,0,0.0,0,0.0,2,1.667,2,1.667,0,0.0,0,0.0,84.62,-0.29409091123096365,0.906243467840397,-3.434184625829266,1.7467311301412156
780,Sandro Helio Varela,MID,Cabo Verde,Cabo Verde,3,108,1,0.833,0,0.0,3,2.5,1,0.833,29,24.167,27,22.5,1,0.833,0,0.0,0,0.0,2,1.667,2,1.667,1,0.833,0,0.0,0,0.0,9,7.5,1,0.833,2,1.667,1,0.833,93.1,-4.1619362752499836,0.140499162962545,-0.15662525977950129,-0.9230900094665623
8,Álvaro Fidalgo,MID,Mexico,Mexico,3,107,1,0.841,0,0.0,3,2.523,2,1.682,77,64.766,72,60.561,3,2.523,1,0.841,2,1.682,0,0.0,1,0.841,2,1.682,1,0.841,1,0.841,6,5.047,0,0.0,2,1.682,0,0.0,93.51,-2.2038718773461485,1.5905632776389924,-1.748129035280391,-3.7195476132981034
772,Emanuel Telmo,MID,Cabo Verde,Cabo Verde,2,107,0,0.0,0,0.0,0,0.0,0,0.0,14,11.776,12,10.093,1,0.841,0,0.0,0,0.0,1,0.841,4,3.364,2,1.682,0,0.0,0,0.0,4,3.364,0,0.0,1,0.841,0,0.0,85.71,-0.944698100699407,-2.7106390256477755,0.22127605530751968,1.0682708457504677
168,Karim Karim Boudiaf,MID,Qatar,Qatar,2,106,0,0.0,0,0.0,1,0.849,0,0.0,69,58.585,65,55.189,0,0.0,3,2.547,0,0.0,3,2.547,5,4.245,4,3.396,1,0.849,1,0.849,0,0.0,0,0.0,2,1.698,0,0.0,94.2,1.3799295509033276,-0.45615930745709216,-0.6788447050747698,-0.4445130382104195
511,Ángelo Smit Preciado,DEF,Ecuador,Ecuador,4,106,0,0.0,0,0.0,0,0.0,0,0.0,47,39.906,32,27.17,8,6.792,5,4.245,2,1.698,5,4.245,1,0.849,7,5.943,1,0.849,1,0.849,2,1.698,0,0.0,1,0.849,0,0.0,68.09,1.2738507808036021,-0.5069406035356917,-1.3686269363576222,0.3118096731023709
1118,Jakhongir Urozov,DEF,Uzbekistan,Uzbekistan,2,104,0,0.0,0,0.0,0,0.0,0,0.0,45,38.942,31,26.827,0,0.0,3,2.596,2,1.731,6,5.192,2,1.731,7,6.058,5,4.327,5,4.327,2,1.731,0,0.0,0,0.0,0,0.0,68.89,2.775725344248889,1.0122656542416997,2.5705004514657377,-0.3207747845331676
11,Santiago Tomás Gimenez,FWD,Mexico,Mexico,4,104,0,0.0,0,0.0,2,1.731,1,0.865,13,11.25,7,6.058,0,0.0,1,0.865,0,0.0,2,1.731,2,1.731,0,0.0,2,1.731,2,1.731,2,1.731,1,0.865,3,2.596,0,0.0,53.85,-2.402052926609507,-0.3308035429629689,1.4775270233627709,0.8075257654503559
292,Kieran Tierney,DEF,Scotland,Scotland,2,104,0,0.0,0,0.0,2,1.731,0,0.0,48,41.538,36,31.154,7,6.058,5,4.327,2,1.731,3,2.596,3,2.596,4,3.462,0,0.0,0,0.0,0,0.0,3,2.596,2,1.731,0,0.0,75.0,0.18626547881486358,0.6841328448794084,-2.2765780057188247,1.7089775196764794
1127,Jhon Andrés Cordoba,FWD,Colombia,Colombia,3,104,0,0.0,0,0.0,2,1.731,1,0.865,12,10.385,9,7.788,0,0.0,1,0.865,0,0.0,0,0.0,0,0.0,1,0.865,7,6.058,6,5.192,0,0.0,1,0.865,2,1.731,2,1.731,75.0,-2.9266895528671917,1.761308089456232,5.6157479679690345,-0.17977818609146345
580,Daniel Jonathan Svensson,DEF,Sweden,Sweden,3,103,0,0.0,0,0.0,1,0.874,0,0.0,46,40.194,38,33.204,2,1.748,3,2.621,0,0.0,2,1.748,2,1.748,1,0.874,0,0.0,0,0.0,0,0.0,0,0.0,0,0.0,1,0.874,82.61,-0.6404395457074241,-2.045451697822243,0.239832407883377,-0.28419001624663975
362,Gustavo Ruben Caballero,MID,Paraguay,Paraguay,2,103,0,0.0,0,0.0,1,0.874,1,0.874,8,6.99,5,4.369,0,0.0,8,6.99,0,0.0,2,1.748,2,1.748,2,1.748,2,1.748,2,1.748,5,4.369,2,1.748,2,1.748,1,0.874,62.5,-2.3337158257100143,0.8778668327133148,1.1099775665283007,2.8155407802228702
118,Jacob Everett Shaffelburg,MID,Canada,Canada,5,102,0,0.0,0,0.0,3,2.647,0,0.0,41,36.176,37,32.647,19,16.765,5,4.412,0,0.0,6,5.294,4,3.529,3,2.647,1,0.882,1,0.882,4,3.529,2,1.765,1,0.882,0,0.0,90.24,-1.2226240527135526,1.6955870794400305,-3.3228984177815843,1.8179044534267008
1194,Marco Pasalic,FWD,Croatia,Croatia,3,102,0,0.0,0,0.0,3,2.647,2,1.765,37,32.647,23,20.294,12,10.588,5,4.412,2,1.765,2,1.765,1,0.882,5,4.412,0,0.0,0,0.0,12,10.588,0,0.0,2,1.765,2,1.765,62.16,-4.160609112266684,1.9727563420249346,-2.9210327900231325,-0.014218045962333585
1109,Dostonbek Khamdamov,MID,Uzbekistan,Uzbekistan,2,102,0,0.0,0,0.0,2,1.765,0,0.0,34,30.0,29,25.588,5,4.412,10,8.824,1,0.882,2,1.765,1,0.882,4,3.529,1,0.882,1,0.882,1,0.882,1,0.882,0,0.0,1,0.882,85.29,-0.476747656905484,0.2024800238261147,-0.5189808740587384,1.5893415117023308
364,Alexandro Maidana,DEF,Paraguay,Paraguay,2,102,0,0.0,0,0.0,0,0.0,0,0.0,19,16.765,13,11.471,1,0.882,2,1.765,0,0.0,7,6.176,4,3.529,1,0.882,0,0.0,0,0.0,0,0.0,0,0.0,0,0.0,0,0.0,68.42,0.3909822133116253,-2.414574750305448,0.75702752428976,1.2013723655860504
297,Ryan Christie,MID,Scotland,Scotland,3,101,0,0.0,0,0.0,2,1.782,0,0.0,35,31.188,29,25.842,1,0.891,7,6.238,1,0.891,2,1.782,6,5.347,5,4.455,0,0.0,0,0.0,4,3.564,2,1.782,1,0.891,0,0.0,82.86,0.4452560066942603,0.5237031676369284,-1.7609692804882706,2.718121198265726
424,Leon Christoph Goretzka,MID,Germany,Germany,3,101,0,0.0,0,0.0,2,1.782,0,0.0,30,26.733,23,20.495,1,0.891,2,1.782,1,0.891,6,5.347,0,0.0,3,2.673,3,2.673,3,2.673,3,2.673,0,0.0,0,0.0,0,0.0,76.67,0.39206434771818044,-0.368344066118153,1.9561852213176876,-0.5443147648625799
721,Benjamin Craig Old,MID,New Zealand,New Zealand,3,101,0,0.0,0,0.0,0,0.0,0,0.0,33,29.406,25,22.277,1,0.891,0,0.0,0,0.0,2,1.782,5,4.455,4,3.564,0,0.0,0,0.0,4,3.564,0,0.0,1,0.891,0,0.0,75.76,0.11192241794820572,-2.049987307604647,-0.39172557340287395,0.6599588079157225
171,Abdurisag Yusuf Abdurisag,FWD,Qatar,Qatar,2,100,0,0.0,0,0.0,0,0.0,0,0.0,14,12.6,9,8.1,0,0.0,5,4.5,0,0.0,2,1.8,3,2.7,1,0.9,2,1.8,2,1.8,3,2.7,1,0.9,2,1.8,0,0.0,64.29,-0.6874910282943859,-0.598301571768329,0.9580410023341457,2.3769673491732677
1093,Utkir Yusupov,GK,Uzbekistan,Uzbekistan,1,99,0,0.0,0,0.0,0,0.0,0,0.0,29,26.364,17,15.455,0,0.0,0,0.0,0,0.0,0,0.0,0,0.0,11,10.0,0,0.0,0,0.0,0,0.0,0,0.0,1,0.909,0,0.0,58.62,0.5784994321039992,-3.2523148910279143,0.7060858749645077,-0.4271078069773608
973,Anis Hadj Moussa,FWD,Algeria,Algeria,3,98,0,0.0,0,0.0,2,1.837,0,0.0,36,33.061,25,22.959,4,3.673,3,2.755,0,0.0,0,0.0,2,1.837,2,1.837,1,0.918,1,0.918,17,15.612,0,0.0,2,1.837,0,0.0,69.44,-2.511046149424305,-0.03439744737841617,-2.3358288794391213,0.7884329909038913
1005,Carney Chibueze Chukwuemeka,MID,Austria,Austria,3,98,0,0.0,0,0.0,2,1.837,1,0.918,30,27.551,25,22.959,0,0.0,5,4.592,2,1.837,0,0.0,9,8.265,7,6.429,2,1.837,2,1.837,8,7.347,2,1.837,2,1.837,0,0.0,83.33,0.2488871928195705,3.150654389103154,-1.3866496642479742,2.8608562750261513
405,Ozan Muhammed Kabak,DEF,Türkiye,Türkiye,1,98,0,0.0,0,0.0,0,0.0,0,0.0,36,33.061,26,23.878,0,0.0,5,4.592,0,0.0,4,3.673,1,0.918,5,4.592,4,3.673,4,3.673,2,1.837,3,2.755,0,0.0,0,0.0,72.22,1.2992958986359928,0.9766564809865501,2.401927399345147,1.5542118737282868
313,Matthew Charles Turner,GK,USA,USA,1,98,0,0.0,0,0.0,0,0.0,0,0.0,33,30.306,24,22.041,0,0.0,0,0.0,0,0.0,2,1.837,0,0.0,9,8.265,0,0.0,0,0.0,0,0.0,0,0.0,0,0.0,0,0.0,72.73,0.9385365817186139,-3.299301718397802,0.8729626568180986,-0.7706684086513302
324,Miles Gordon Robinson,DEF,USA,USA,1,98,0,0.0,0,0.0,1,0.918,0,0.0,58,53.265,54,49.592,0,0.0,2,1.837,3,2.755,11,10.102,3,2.755,7,6.429,1,0.918,1,0.918,1,0.918,2,1.837,0,0.0,0,0.0,93.1,3.811973806087777,0.9672271005426272,-0.3263633094946388,-0.17360801543836454
334,Mc,DEF,USA,USA,1,98,0,0.0,0,0.0,0,0.0,0,0.0,51,46.837,47,43.163,0,0.0,1,0.918,1,0.918,11,10.102,0,0.0,8,7.347,3,2.755,2,1.837,0,0.0,1,0.918,1,0.918,0,0.0,92.16,3.0977032071538235,0.042530623757640704,1.6326103259810565,-0.9833750131702502
1157,Dean Bradley Henderson,GK,England,England,1,98,0,0.0,0,0.0,0,0.0,0,0.0,41,37.653,32,29.388,0,0.0,0,0.0,0,0.0,0,0.0,0,0.0,4,3.673,0,0.0,0,0.0,0,0.0,0,0.0,0,0.0,0,0.0,78.05,0.13529106828730733,-3.479270186666977,0.617079049793734,-1.0969727808126295
1190,Igor Matanovic,FWD,Croatia,Croatia,3,97,0,0.0,0,0.0,4,3.711,2,1.856,14,12.99,11,10.206,0,0.0,5,4.639,0,0.0,0,0.0,2,1.856,1,0.928,4,3.711,4,3.711,5,4.639,4,3.711,3,2.784,1,0.928,78.57,-4.20382920832989,4.06677795984392,2.1281714215542387,2.0920116293229274
84,ě pán Chaloupek,DEF,Czechia,Czechia,1,96,0,0.0,0,0.0,0,0.0,0,0.0,22,20.625,15,14.062,0,0.0,5,4.688,1,0.938,8,7.5,4,3.75,9,8.438,3,2.812,3,2.812,0,0.0,1,0.938,0,0.0,0,0.0,68.18,2.9475886130524973,0.7710054229434886,2.0047257049118166,1.9194185446639844
474,Seko Mohamed Fofana,MID,Côte d'Ivoire,Côte d'Ivoire,2,96,0,0.0,0,0.0,5,4.688,1,0.938,45,42.188,38,35.625,0,0.0,0,0.0,0,0.0,3,2.812,3,2.812,6,5.625,0,0.0,0,0.0,0,0.0,1,0.938,0,0.0,0,0.0,84.44,-0.6702842276335331,-0.32521367288996944,0.08593549662109636,-1.3028085655873989
599,Abdelmouhib Chamakh,GK,Tunisia,Tunisia,1,96,0,0.0,0,0.0,0,0.0,0,0.0,23,21.562,16,15.0,0,0.0,0,0.0,0,0.0,0,0.0,0,0.0,5,4.688,0,0.0,0,0.0,0,0.0,0,0.0,0,0.0,0,0.0,69.57,-0.195972959452343,-3.7172588237179265,1.0786493609379588,-0.3960796923312212
978,Oussama Benbot,GK,Algeria,Algeria,1,96,0,0.0,0,0.0,0,0.0,0,0.0,25,23.438,18,16.875,0,0.0,0,0.0,0,0.0,0,0.0,0,0.0,3,2.812,0,0.0,0,0.0,0,0.0,0,0.0,1,0.938,0,0.0,72.0,-0.6687440664137758,-3.515465486645468,0.8143287737561635,-0.3349025627253868
671,Saber Abdelmohsen Mahmoud,MID,Egypt,Egypt,2,95,1,0.947,0,0.0,3,2.842,1,0.947,34,32.211,30,28.421,1,0.947,3,2.842,0,0.0,0,0.0,0,0.0,0,0.0,0,0.0,0,0.0,1,0.947,2,1.895,1,0.947,0,0.0,88.24,-3.458727497299092,-0.05815544416231801,-0.1258009875371023,-1.0297474417348143
319,Giovanni Alejandro Reyna,MID,USA,USA,4,94,1,0.957,0,0.0,2,1.915,1,0.957,65,62.234,54,51.702,1,0.957,0,0.0,0,0.0,1,0.957,4,3.83,2,1.915,2,1.915,2,1.915,4,3.83,1,0.957,3,2.872,0,0.0,83.08,-1.832578135847539,2.1994334924950043,-0.4702592297666736,-2.045352515137823
99,David Doudera,DEF,Czechia,Czechia,1,94,0,0.0,0,0.0,4,3.83,0,0.0,47,45.0,34,32.553,4,3.83,1,0.957,0,0.0,0,0.0,2,1.915,1,0.957,0,0.0,0,0.0,2,1.915,0,0.0,1,0.957,0,0.0,72.34,-1.7396354559765164,-1.2716561747711768,-1.1658381146186991,-0.8985971360380801
923,Egil Selvik,GK,Norway,Norway,1,94,0,0.0,0,0.0,0,0.0,0,0.0,31,29.681,20,19.149,0,0.0,0,0.0,0,0.0,0,0.0,0,0.0,6,5.745,0,0.0,0,0.0,0,0.0,0,0.0,0,0.0,0,0.0,64.52,0.18499141435528912,-3.570175566642428,0.8737838005568017,-0.6885703759990621
925,Fredrik André Bjorkan,DEF,Norway,Norway,1,94,0,0.0,0,0.0,0,0.0,0,0.0,21,20.106,19,18.191,0,0.0,1,0.957,3,2.872,1,0.957,2,1.915,3,2.872,0,0.0,0,0.0,1,0.957,0,0.0,0,0.0,0,0.0,90.48,0.903345888926713,-2.2295100533709276,-0.07238533835922165,0.18116108092115948
929,Thelonious Gerard Aasgaard,MID,Norway,Norway,1,94,1,0.957,0,0.0,2,1.915,1,0.957,43,41.17,38,36.383,0,0.0,4,3.83,2,1.915,0,0.0,6,5.745,6,5.745,1,0.957,1,0.957,2,1.915,0,0.0,3,2.872,0,0.0,88.37,-0.6882895004634503,2.3149322859035006,-1.423813606682586,-0.43263331291264734
921,Jørgen Strand Strand Larsen,FWD,Norway,Norway,1,94,0,0.0,0,0.0,2,1.915,1,0.957,21,20.106,16,15.319,0,0.0,1,0.957,0,0.0,0,0.0,2,1.915,1,0.957,5,4.787,4,3.83,0,0.0,0,0.0,2,1.915,1,0.957,76.19,-2.1834792792255113,1.118970409417458,3.7583475482620656,-0.4085835072632998
778,Fabricio Wagner Pina,DEF,Cabo Verde,Cabo Verde,1,94,0,0.0,0,0.0,1,0.957,0,0.0,38,36.383,30,28.723,3,2.872,0,0.0,1,0.957,4,3.83,5,4.787,8,7.66,2,1.915,2,1.915,4,3.83,1,0.957,3,2.872,0,0.0,78.95,1.0406084589039892,1.1678787286963417,-0.46776134593814966,0.8882558388828572
697,Mohammad Ghorbani,MID,IR Iran,IR Iran,1,94,0,0.0,0,0.0,2,1.915,1,0.957,19,18.191,16,15.319,0,0.0,7,6.702,1,0.957,5,4.787,4,3.83,5,4.787,1,0.957,1,0.957,1,0.957,2,1.915,1,0.957,0,0.0,84.21,0.1619047274216554,1.3273659234686639,-0.004096554739823284,2.467686415883492
950,Exequiel Alejandro Palacios,MID,Argentina,Argentina,1,94,0,0.0,0,0.0,0,0.0,0,0.0,94,90.0,89,85.213,0,0.0,4,3.83,1,0.957,3,2.872,4,3.83,5,4.787,0,0.0,0,0.0,0,0.0,1,0.957,1,0.957,0,0.0,94.68,3.2812284897976123,-0.02986317482153809,-2.3858784479602178,-1.2096235241506674
793,Meshari Nawaf Bu Washl,DEF,Saudi Arabia,Saudi Arabia,2,93,0,0.0,0,0.0,0,0.0,0,0.0,46,44.516,35,33.871,0,0.0,4,3.871,2,1.935,9,8.71,3,2.903,5,4.839,0,0.0,0,0.0,1,0.968,1,0.968,1,0.968,0,0.0,76.09,2.689695104599617,-0.24896513454361427,-0.886690035941681,0.8715214718279249
679,Ehsan Hajisafi,DEF,IR Iran,IR Iran,2,93,0,0.0,0,0.0,1,0.968,0,0.0,20,19.355,11,10.645,2,1.935,3,2.903,2,1.935,3,2.903,0,0.0,4,3.871,2,1.935,2,1.935,4,3.871,2,1.935,1,0.968,0,0.0,55.0,0.01580814972873809,0.21942099668663662,0.5956950580994737,1.3072915332842079
646,Alexis Jesse Saelemaekers,MID,Belgium,Belgium,4,93,1,0.968,0,0.0,4,3.871,1,0.968,42,40.645,33,31.935,2,1.935,2,1.935,0,0.0,0,0.0,1,0.968,2,1.935,0,0.0,0,0.0,8,7.742,0,0.0,2,1.935,2,1.935,78.57,-5.345984753388457,1.1576186745140262,-0.5146994810247353,-2.041191327872134
45,Nkosinathi Emmanuel Sibisi,DEF,South Africa,South Africa,1,92,0,0.0,0,0.0,0,0.0,0,0.0,52,50.87,42,41.087,0,0.0,0,0.0,2,1.957,2,1.957,0,0.0,5,4.891,0,0.0,0,0.0,0,0.0,1,0.978,0,0.0,0,0.0,80.77,1.7022385457791562,-2.101813030199316,-0.2097197990330218,-1.3012060260589586
823,Matías Nicolas Vina,DEF,Uruguay,Uruguay,1,92,0,0.0,0,0.0,0,0.0,0,0.0,29,28.37,23,22.5,2,1.957,0,0.0,0,0.0,1,0.978,0,0.0,1,0.978,1,0.978,1,0.978,2,1.957,0,0.0,1,0.978,1,0.978,79.31,-1.512651928538514,-2.256565083342583,1.3281031435476154,-0.5452297681070919
813,Diego Nicolás De La Cruz,MID,Uruguay,Uruguay,3,92,0,0.0,0,0.0,4,3.913,2,1.957,55,53.804,45,44.022,4,3.913,3,2.935,1,0.978,2,1.957,3,2.935,8,7.826,1,0.978,1,0.978,2,1.957,2,1.957,3,2.935,0,0.0,81.82,-1.0922001674297626,3.033590728954022,-1.8946087455446161,-0.49504517554703664
693,Arya Yousefi,DEF,IR Iran,IR Iran,1,92,0,0.0,0,0.0,1,0.978,1,0.978,18,17.609,16,15.652,0,0.0,0,0.0,1,0.978,1,0.978,1,0.978,2,1.957,0,0.0,0,0.0,2,1.957,0,0.0,1,0.978,0,0.0,88.89,-1.4337324747097158,-2.0694859214518844,0.372001648402943,-0.4716124093138191
1044,Tomás Tomas Araujo,DEF,Portugal,Portugal,1,92,0,0.0,0,0.0,0,0.0,0,0.0,102,99.783,98,95.87,0,0.0,0,0.0,2,1.957,3,2.935,2,1.957,6,5.87,1,0.978,1,0.978,1,0.978,1,0.978,0,0.0,0,0.0,96.08,4.0484457459478,0.012358304097961396,-1.4715012635146647,-3.2553169090650522
1220,Ernest Nuamah Nuamah,FWD,Ghana,Ghana,3,92,0,0.0,1,0.978,0,0.0,0,0.0,29,28.37,20,19.565,0,0.0,2,1.957,0,0.0,0,0.0,1,0.978,4,3.913,2,1.957,2,1.957,11,10.761,2,1.957,2,1.957,0,0.0,68.97,-1.9364259213793122,0.5266607505722427,-1.153309311994657,0.24976561106708
335,Joseph Michael Scally,DEF,USA,USA,2,92,0,0.0,0,0.0,0,0.0,0,0.0,53,51.848,46,45.0,4,3.913,1,0.978,4,3.913,2,1.957,1,0.978,8,7.826,3,2.935,3,2.935,0,0.0,0,0.0,2,1.957,1,0.978,86.79,2.2158706346772328,1.4273496913527894,0.33207674913957025,-1.3846133200782234
1231,Tomas Abdiel Rodriguez,FWD,Panama,Panama,2,92,0,0.0,0,0.0,1,0.978,1,0.978,9,8.804,7,6.848,0,0.0,0,0.0,0,0.0,0,0.0,2,1.957,2,1.957,1,0.978,1,0.978,0,0.0,3,2.935,1,0.978,0,0.0,77.78,-1.878878518609142,-0.8622603252376129,1.594101362116039,1.4615780081218848
1140,Deiver Machado,DEF,Colombia,Colombia,1,92,0,0.0,0,0.0,0,0.0,0,0.0,23,22.5,22,21.522,2,1.957,3,2.935,0,0.0,3,2.935,2,1.957,1,0.978,0,0.0,0,0.0,1,0.978,1,0.978,2,1.957,0,0.0,95.65,-0.6260877258014995,-1.6941798789965883,-0.4397301497424563,1.4682049435585516
696,Shahriyar Moghanloo,FWD,IR Iran,IR Iran,3,91,0,0.0,0,0.0,3,2.967,0,0.0,25,24.725,15,14.835,2,1.978,5,4.945,0,0.0,1,0.989,3,2.967,7,6.923,12,11.868,12,11.868,1,0.989,1,0.989,1,0.989,1,0.989,60.0,0.7725307600909548,6.942494217875452,7.786291026845938,0.8082756966800693
363,Isidro Miguel Pitta,FWD,Paraguay,Paraguay,1,91,0,0.0,0,0.0,0,0.0,0,0.0,4,3.956,3,2.967,1,0.989,0,0.0,0,0.0,1,0.989,0,0.0,0,0.0,4,3.956,4,3.956,0,0.0,2,1.978,0,0.0,2,1.978,75.0,-2.205434079006816,-0.28582036776196146,5.233551434760056,0.9431092187618784
499,Jordy Jose Alcivar,MID,Ecuador,Ecuador,1,91,0,0.0,0,0.0,1,0.989,0,0.0,33,32.637,31,30.659,1,0.989,1,0.989,3,2.967,0,0.0,0,0.0,4,3.956,0,0.0,0,0.0,0,0.0,1,0.989,0,0.0,0,0.0,93.94,0.8054751785434058,-1.7586111216605105,-0.4453866271790826,-0.5879168177141069
312,Mc,DEF,Scotland,Scotland,1,91,0,0.0,0,0.0,0,0.0,0,0.0,52,51.429,49,48.462,0,0.0,0,0.0,1,0.989,4,3.956,5,4.945,5,4.945,2,1.978,2,1.978,0,0.0,0,0.0,0,0.0,0,0.0,94.23,2.786180931532043,-0.30894751463572523,0.8133335986928957,-0.7728305393584026
414,Oguz Aydin,FWD,Türkiye,Türkiye,1,91,0,0.0,0,0.0,0,0.0,0,0.0,46,45.495,39,38.571,3,2.967,8,7.912,0,0.0,4,3.956,3,2.967,1,0.989,0,0.0,0,0.0,2,1.978,0,0.0,2,1.978,0,0.0,84.78,0.3984234904236662,-0.5675289266084961,-2.0954474291371046,1.5500903179614605
128,Promise Oluwatobi Emmanuel David,FWD,Canada,Canada,4,90,1,1.0,1,1.0,5,5.0,3,3.0,16,16.0,8,8.0,0,0.0,4,4.0,0,0.0,1,1.0,3,3.0,5,5.0,3,3.0,3,3.0,0,0.0,4,4.0,2,2.0,0,0.0,50.0,-5.259276002428649,5.7377726604660815,0.84964342376835,-0.8349721522660227
232,IBANEZRoger Roger,DEF,Brazil,Brazil,1,90,0,0.0,0,0.0,0,0.0,0,0.0,22,22.0,22,22.0,0,0.0,4,4.0,1,1.0,1,1.0,0,0.0,1,1.0,1,1.0,1,1.0,3,3.0,2,2.0,1,1.0,0,0.0,100.0,-0.42934034562961854,-1.0246616765182224,0.2662520635241597,1.4492679135632325
465,Riechedly Guillermo Bazoer,DEF,Curaçao,Curaçao,1,90,0,0.0,0,0.0,0,0.0,0,0.0,36,36.0,31,31.0,0,0.0,4,4.0,0,0.0,3,3.0,5,5.0,4,4.0,0,0.0,0,0.0,0,0.0,2,2.0,0,0.0,0,0.0,86.11,1.3778168832965059,-0.9097158259916005,-0.38416154221592025,2.0429516547818665
454,Juniffer Naigelino Hansen,FWD,Curaçao,Curaçao,1,90,0,0.0,0,0.0,1,1.0,1,1.0,6,6.0,5,5.0,0,0.0,2,2.0,0,0.0,2,2.0,0,0.0,2,2.0,0,0.0,0,0.0,1,1.0,0,0.0,0,0.0,0,0.0,83.33,-1.74511255828456,-2.6910205058915566,1.2144936602319751,0.13421367656695884
562,Tsuyoshi Watanabe,DEF,Japan,Japan,2,90,0,0.0,0,0.0,0,0.0,0,0.0,34,34.0,31,31.0,2,2.0,3,3.0,0,0.0,7,7.0,2,2.0,5,5.0,3,3.0,3,3.0,1,1.0,0,0.0,1,1.0,0,0.0,91.18,1.7368282877282113,0.21750291317060527,1.6321182839769395,0.22050872085388226
501,Pervis Josue Estupinan,DEF,Ecuador,Ecuador,2,90,0,0.0,0,0.0,0,0.0,0,0.0,61,61.0,55,55.0,3,3.0,5,5.0,2,2.0,5,5.0,1,1.0,5,5.0,1,1.0,1,1.0,0,0.0,3,3.0,0,0.0,0,0.0,90.16,2.760170920493241,0.8273511772333106,-1.1369921733708133,0.5152328479023025
604,Dylan Daniel Mahmoud Bronn,DEF,Tunisia,Tunisia,1,90,0,0.0,0,0.0,0,0.0,0,0.0,20,20.0,16,16.0,0,0.0,0,0.0,0,0.0,8,8.0,1,1.0,3,3.0,0,0.0,0,0.0,0,0.0,1,1.0,0,0.0,0,0.0,80.0,0.7714783775946759,-2.569124278601785,1.3504172458237247,0.43006319081345146
154,Arjan Malic,DEF,Bosnia and Herzegovina,Bosnia and Herzegovina,1,90,0,0.0,0,0.0,0,0.0,0,0.0,27,27.0,25,25.0,2,2.0,2,2.0,0,0.0,2,2.0,0,0.0,1,1.0,0,0.0,0,0.0,3,3.0,1,1.0,1,1.0,0,0.0,92.59,-0.8834464263349391,-2.31467285152946,-0.2987863744406625,0.5065291816805658
470,Ousmane Diomande,DEF,Côte d'Ivoire,Côte d'Ivoire,1,90,0,0.0,0,0.0,0,0.0,0,0.0,74,74.0,72,72.0,0,0.0,0,0.0,2,2.0,2,2.0,1,1.0,4,4.0,1,1.0,1,1.0,1,1.0,0,0.0,0,0.0,0,0.0,97.3,2.70654340354143,-1.1038498047873786,-0.5910481470017499,-2.7966770703099404
481,Christopher Tea Domoraud Operi,DEF,Côte d'Ivoire,Côte d'Ivoire,1,90,0,0.0,0,0.0,0,0.0,0,0.0,78,78.0,70,70.0,1,1.0,4,4.0,1,1.0,2,2.0,3,3.0,3,3.0,0,0.0,0,0.0,1,1.0,2,2.0,0,0.0,0,0.0,89.74,2.326719427103398,-0.26770070598225754,-2.0154812269695923,-0.3373678256015242
607,Hazem Mastouri,FWD,Tunisia,Tunisia,1,90,1,1.0,0,0.0,3,3.0,2,2.0,10,10.0,7,7.0,1,1.0,2,2.0,1,1.0,0,0.0,0,0.0,3,3.0,3,3.0,3,3.0,1,1.0,2,2.0,2,2.0,0,0.0,70.0,-3.9303441110888713,2.656101131158878,2.182356262613715,-0.8345668174756913
910,Dhia Jirjis Frans,DEF,Iraq,Iraq,1,90,0,0.0,0,0.0,0,0.0,0,0.0,28,28.0,26,26.0,1,1.0,4,4.0,2,2.0,5,5.0,3,3.0,4,4.0,1,1.0,1,1.0,0,0.0,2,2.0,0,0.0,0,0.0,92.86,1.9894332877018388,0.005864475306453447,0.1281382081881813,1.722442074708023
1226,Fidel Escobar,DEF,Panama,Panama,1,90,0,0.0,0,0.0,0,0.0,0,0.0,27,27.0,20,20.0,1,1.0,5,5.0,1,1.0,8,8.0,4,4.0,5,5.0,0,0.0,0,0.0,1,1.0,1,1.0,0,0.0,0,0.0,74.07,2.0897682254788688,-0.650433503474676,-0.4159948091314644,2.0720658304779676
