player_id,player_name,position,team,nationality,matches,minutes,total_goals,goals_p90,goals_p90_shrunk,total_assists,assists_p90,assists_p90_shrunk,total_shots,shots_p90,shots_p90_shrunk,total_shots_on_target,shots_on_target_p90,shots_on_target_p90_shrunk,total_passes,passes_p90,passes_p90_shrunk,total_accurate_passes,accurate_passes_p90,accurate_passes_p90_shrunk,total_crosses,crosses_p90,crosses_p90_shrunk,total_tackles,tackles_p90,tackles_p90_shrunk,total_interceptions,interceptions_p90,interceptions_p90_shrunk,total_clearances,clearances_p90,clearances_p90_shrunk,total_blocks,blocks_p90,blocks_p90_shrunk,total_recoveries,recoveries_p90,recoveries_p90_shrunk,total_duels_won,duels_won_p90,duels_won_p90_shrunk,total_aerial_duels_won,aerial_duels_won_p90,aerial_duels_won_p90_shrunk,total_dribbles_attempted,dribbles_attempted_p90,dribbles_attempted_p90_shrunk,total_fouls_committed,fouls_committed_p90,fouls_committed_p90_shrunk,total_fouls_won,fouls_won_p90,fouls_won_p90_shrunk,total_offsides,offsides_p90,offsides_p90_shrunk,pass_accuracy_pct
959,Damián Emiliano Martinez,GK,Argentina,Argentina,8,835,0,0.0,0.0,0,0.0,0.0,0,0.0,0.0,0,0.0,0.0,268,28.886,21.828,195,21.018,15.882,0,0.0,0.0,0,0.0,0.0,0,0.0,0.0,0,0.0,0.0,0,0.0,0.0,47,5.066,3.828,0,0.0,0.0,0,0.0,0.0,0,0.0,0.0,0,0.0,0.0,1,0.108,0.081,0,0.0,0.0,72.76
956,Alexis Mac Allister,MID,Argentina,Argentina,8,775,1,0.116,0.086,0,0.0,0.0,13,1.51,1.12,4,0.465,0.344,430,49.935,37.033,393,45.639,33.847,1,0.116,0.086,37,4.297,3.187,5,0.581,0.431,15,1.742,1.292,19,2.206,1.636,24,2.787,2.067,6,0.697,0.517,6,0.697,0.517,5,0.581,0.431,9,1.045,0.775,12,1.394,1.033,0,0.0,0.0,91.4
751,Unai Simon,GK,Spain,Spain,8,773,0,0.0,0.0,0,0.0,0.0,0,0.0,0.0,0,0.0,0.0,314,36.559,27.095,253,29.457,21.831,0,0.0,0.0,0,0.0,0.0,0,0.0,0.0,7,0.815,0.604,0,0.0,0.0,71,8.266,6.127,0,0.0,0.0,0,0.0,0.0,0,0.0,0.0,0,0.0,0.0,3,0.349,0.259,0,0.0,0.0,80.57
750,Pau Cubarsi,DEF,Spain,Spain,8,773,0,0.0,0.0,0,0.0,0.0,4,0.466,0.345,2,0.233,0.173,690,80.336,59.54,668,77.775,57.641,1,0.116,0.086,12,1.397,1.035,12,1.397,1.035,35,4.075,3.02,15,1.746,1.294,50,5.821,4.314,21,2.445,1.812,17,1.979,1.467,14,1.63,1.208,4,0.466,0.345,5,0.582,0.431,0,0.0,0.0,96.81
752,Marc Cucurella,DEF,Spain,Spain,8,773,0,0.0,0.0,2,0.233,0.173,5,0.582,0.431,3,0.349,0.259,474,55.188,40.901,433,50.414,37.363,15,1.746,1.294,18,2.096,1.553,13,1.514,1.122,12,1.397,1.035,16,1.863,1.381,33,3.842,2.848,5,0.582,0.431,4,0.466,0.345,6,0.699,0.518,8,0.931,0.69,5,0.582,0.431,4,0.466,0.345,91.35
946,Lionel Andrés Messi,FWD,Argentina,Argentina,8,765,8,0.941,0.696,2,0.235,0.174,35,4.118,3.043,18,2.118,1.565,367,43.176,31.913,288,33.882,25.043,46,5.412,4.0,14,1.647,1.217,0,0.0,0.0,2,0.235,0.174,5,0.588,0.435,12,1.412,1.043,2,0.235,0.174,1,0.118,0.087,61,7.176,5.304,3,0.353,0.261,20,2.353,1.739,5,0.588,0.435,78.47
742,Aymeric Laporte,DEF,Spain,Spain,8,752,0,0.0,0.0,1,0.12,0.088,5,0.598,0.44,2,0.239,0.176,660,78.989,58.121,618,73.963,54.423,0,0.0,0.0,4,0.479,0.352,11,1.316,0.969,37,4.428,3.258,8,0.957,0.705,45,5.386,3.963,25,2.992,2.202,24,2.872,2.114,17,2.035,1.497,5,0.598,0.44,4,0.479,0.352,0,0.0,0.0,93.64
744,Rodrigo Rodri,MID,Spain,Spain,8,746,0,0.0,0.0,0,0.0,0.0,7,0.845,0.62,0,0.0,0.0,799,96.394,70.778,747,90.121,66.171,3,0.362,0.266,31,3.74,2.746,8,0.965,0.709,19,2.292,1.683,17,2.051,1.506,48,5.791,4.252,13,1.568,1.152,13,1.568,1.152,12,1.448,1.063,11,1.327,0.974,9,1.086,0.797,1,0.121,0.089,93.49
848,Mike Peterson Maignan,GK,France,France,8,746,0,0.0,0.0,0,0.0,0.0,0,0.0,0.0,0,0.0,0.0,225,27.145,19.931,179,21.595,15.856,0,0.0,0.0,0,0.0,0.0,1,0.121,0.089,1,0.121,0.089,0,0.0,0.0,42,5.067,3.72,0,0.0,0.0,0,0.0,0.0,0,0.0,0.0,0,0.0,0.0,2,0.241,0.177,0,0.0,0.0,79.56
842,Kylian Mbappe,FWD,France,France,8,720,10,1.25,0.909,4,0.5,0.364,41,5.125,3.727,23,2.875,2.091,232,29.0,21.091,201,25.125,18.273,10,1.25,0.909,8,1.0,0.727,1,0.125,0.091,0,0.0,0.0,6,0.75,0.545,8,1.0,0.727,2,0.25,0.182,1,0.125,0.091,74,9.25,6.727,6,0.75,0.545,8,1.0,0.727,7,0.875,0.636,86.64
960,Enzo Jeremías Fernandez,MID,Argentina,Argentina,7,714,2,0.252,0.183,0,0.0,0.0,12,1.513,1.098,4,0.504,0.366,519,65.42,47.47,480,60.504,43.902,5,0.63,0.457,24,3.025,2.195,7,0.882,0.64,8,1.008,0.732,8,1.008,0.732,15,1.891,1.372,6,0.756,0.549,6,0.756,0.549,16,2.017,1.463,12,1.513,1.098,6,0.756,0.549,1,0.126,0.091,92.49
1150,Keaninkin Marc-Isreal Guehi,DEF,England,England,8,685,0,0.0,0.0,0,0.0,0.0,1,0.131,0.094,0,0.0,0.0,532,69.898,50.136,514,67.533,48.44,0,0.0,0.0,2,0.263,0.188,7,0.92,0.66,24,3.153,2.262,17,2.234,1.602,39,5.124,3.675,13,1.708,1.225,12,1.577,1.131,13,1.708,1.225,4,0.526,0.377,13,1.708,1.225,0,0.0,0.0,96.62
1145,Jordan Lee Pickford,GK,England,England,7,680,0,0.0,0.0,0,0.0,0.0,0,0.0,0.0,0,0.0,0.0,265,35.074,25.105,190,25.147,18.0,0,0.0,0.0,0,0.0,0.0,0,0.0,0.0,4,0.529,0.379,0,0.0,0.0,37,4.897,3.505,0,0.0,0.0,0,0.0,0.0,0,0.0,0.0,0,0.0,0.0,4,0.529,0.379,0,0.0,0.0,71.7
747,Lamine Yamal Yamal,FWD,Spain,Spain,8,676,1,0.133,0.095,0,0.0,0.0,27,3.595,2.569,12,1.598,1.142,265,35.281,25.211,225,29.956,21.406,40,5.325,3.805,22,2.929,2.093,3,0.399,0.285,0,0.0,0.0,12,1.598,1.142,13,1.731,1.237,0,0.0,0.0,0,0.0,0.0,86,11.45,8.182,14,1.864,1.332,9,1.198,0.856,7,0.932,0.666,84.91
836,Dayotchanculle Oswald Upamecano,DEF,France,France,8,675,0,0.0,0.0,0,0.0,0.0,4,0.533,0.381,2,0.267,0.19,443,59.067,42.19,409,54.533,38.952,0,0.0,0.0,20,2.667,1.905,15,2.0,1.429,25,3.333,2.381,23,3.067,2.19,46,6.133,4.381,15,2.0,1.429,11,1.467,1.048,4,0.533,0.381,7,0.933,0.667,4,0.533,0.381,0,0.0,0.0,92.33
1146,Ezri Ngoyo Konsa,DEF,England,England,8,675,1,0.133,0.095,0,0.0,0.0,3,0.4,0.286,2,0.267,0.19,488,65.067,46.476,469,62.533,44.667,3,0.4,0.286,9,1.2,0.857,9,1.2,0.857,20,2.667,1.905,15,2.0,1.429,34,4.533,3.238,13,1.733,1.238,11,1.467,1.048,8,1.067,0.762,8,1.067,0.762,11,1.467,1.048,0,0.0,0.0,96.11
843,Michael Akpovie Olise,FWD,France,France,8,671,0,0.0,0.0,7,0.939,0.67,20,2.683,1.913,5,0.671,0.478,417,55.931,39.883,362,48.554,34.623,20,2.683,1.913,21,2.817,2.009,1,0.134,0.096,0,0.0,0.0,14,1.878,1.339,10,1.341,0.956,1,0.134,0.096,1,0.134,0.096,47,6.304,4.495,5,0.671,0.478,16,2.146,1.53,0,0.0,0.0,86.81
1153,Harry Edward Kane,FWD,England,England,7,666,6,0.811,0.577,1,0.135,0.096,23,3.108,2.212,12,1.622,1.154,99,13.378,9.519,73,9.865,7.019,3,0.405,0.288,7,0.946,0.673,0,0.0,0.0,8,1.081,0.769,8,1.081,0.769,7,0.946,0.673,13,1.757,1.25,13,1.757,1.25,9,1.216,0.865,8,1.081,0.769,9,1.216,0.865,2,0.27,0.192,73.74
749,Mikel Oyarzabal,FWD,Spain,Spain,8,664,5,0.678,0.482,1,0.136,0.096,23,3.117,2.216,12,1.627,1.156,149,20.196,14.358,124,16.807,11.949,8,1.084,0.771,11,1.491,1.06,1,0.136,0.096,4,0.542,0.385,11,1.491,1.06,9,1.22,0.867,6,0.813,0.578,6,0.813,0.578,8,1.084,0.771,4,0.542,0.385,5,0.678,0.482,1,0.136,0.096,83.22
1148,Declan Rice,MID,England,England,7,656,1,0.137,0.097,2,0.274,0.194,6,0.823,0.583,3,0.412,0.292,340,46.646,33.045,312,42.805,30.324,40,5.488,3.888,10,1.372,0.972,10,1.372,0.972,3,0.412,0.292,12,1.646,1.166,20,2.744,1.944,2,0.274,0.194,2,0.274,0.194,9,1.235,0.875,4,0.549,0.389,0,0.0,0.0,1,0.137,0.097,91.76
846,Adrien Thibault Marie Rabiot,MID,France,France,7,652,0,0.0,0.0,1,0.138,0.098,9,1.242,0.879,1,0.138,0.098,351,48.451,34.262,323,44.586,31.529,2,0.276,0.195,25,3.451,2.44,10,1.38,0.976,16,2.209,1.562,16,2.209,1.562,29,4.003,2.831,14,1.933,1.367,14,1.933,1.367,17,2.347,1.659,13,1.794,1.269,4,0.552,0.39,1,0.138,0.098,92.02
1152,Elliot Junior Anderson,MID,England,England,8,649,0,0.0,0.0,1,0.139,0.098,7,0.971,0.686,1,0.139,0.098,445,61.71,43.58,396,54.915,38.781,6,0.832,0.588,37,5.131,3.624,9,1.248,0.881,25,3.467,2.448,17,2.357,1.665,43,5.963,4.211,22,3.051,2.155,22,3.051,2.155,9,1.248,0.881,9,1.248,0.881,13,1.803,1.273,0,0.0,0.0,88.99
942,Lisandro Martinez,DEF,Argentina,Argentina,7,641,1,0.14,0.099,0,0.0,0.0,4,0.562,0.395,2,0.281,0.198,450,63.183,44.457,422,59.251,41.69,3,0.421,0.296,18,2.527,1.778,5,0.702,0.494,38,5.335,3.754,8,1.123,0.79,27,3.791,2.667,9,1.264,0.889,9,1.264,0.889,10,1.404,0.988,7,0.983,0.692,4,0.562,0.395,0,0.0,0.0,93.78
949,Cristian Gabriel Romero,DEF,Argentina,Argentina,7,639,1,0.141,0.099,0,0.0,0.0,3,0.423,0.297,1,0.141,0.099,430,60.563,42.574,415,58.451,41.089,0,0.0,0.0,22,3.099,2.178,10,1.408,0.99,22,3.099,2.178,20,2.817,1.98,45,6.338,4.455,17,2.394,1.683,17,2.394,1.683,8,1.127,0.792,9,1.268,0.891,3,0.423,0.297,0,0.0,0.0,96.51
1154,Jude Victor William Bellingham,MID,England,England,8,639,7,0.986,0.693,1,0.141,0.099,19,2.676,1.881,13,1.831,1.287,231,32.535,22.871,191,26.901,18.911,9,1.268,0.891,17,2.394,1.683,2,0.282,0.198,9,1.268,0.891,11,1.549,1.089,17,2.394,1.683,6,0.845,0.594,5,0.704,0.495,31,4.366,3.069,9,1.268,0.891,17,2.394,1.683,1,0.141,0.099,82.68
837,Jules Olivier Kounde,DEF,France,France,8,621,0,0.0,0.0,0,0.0,0.0,2,0.29,0.202,0,0.0,0.0,353,51.159,35.657,314,45.507,31.717,15,2.174,1.515,19,2.754,1.919,6,0.87,0.606,20,2.899,2.02,20,2.899,2.02,24,3.478,2.424,12,1.739,1.212,12,1.739,1.212,10,1.449,1.01,6,0.87,0.606,5,0.725,0.505,1,0.145,0.101,88.95
945,Julián Alvarez,FWD,Argentina,Argentina,8,619,1,0.145,0.101,0,0.0,0.0,11,1.599,1.114,5,0.727,0.506,215,31.26,21.766,183,26.607,18.526,1,0.145,0.101,10,1.454,1.012,1,0.145,0.101,5,0.727,0.506,14,2.036,1.417,8,1.163,0.81,4,0.582,0.405,4,0.582,0.405,9,1.309,0.911,11,1.599,1.114,4,0.582,0.405,2,0.291,0.202,85.12
183,Gregor Kobel,GK,Switzerland,Switzerland,6,612,0,0.0,0.0,0,0.0,0.0,0,0.0,0.0,0,0.0,0.0,255,37.5,26.02,190,27.941,19.388,0,0.0,0.0,0,0.0,0.0,0,0.0,0.0,1,0.147,0.102,0,0.0,0.0,33,4.853,3.367,0,0.0,0.0,0,0.0,0.0,0,0.0,0.0,0,0.0,0.0,3,0.441,0.306,0,0.0,0.0,74.51
186,Nico Elvedi,DEF,Switzerland,Switzerland,6,612,0,0.0,0.0,0,0.0,0.0,3,0.441,0.306,0,0.0,0.0,438,64.412,44.694,406,59.706,41.429,0,0.0,0.0,9,1.324,0.918,14,2.059,1.429,51,7.5,5.204,13,1.912,1.327,42,6.176,4.286,18,2.647,1.837,15,2.206,1.531,23,3.382,2.347,5,0.735,0.51,6,0.882,0.612,0,0.0,0.0,92.69
187,Manuel Obafemi Akanji,DEF,Switzerland,Switzerland,6,612,0,0.0,0.0,0,0.0,0.0,1,0.147,0.102,1,0.147,0.102,479,70.441,48.878,444,65.294,45.306,0,0.0,0.0,13,1.912,1.327,9,1.324,0.918,37,5.441,3.776,8,1.176,0.816,34,5.0,3.469,13,1.912,1.327,10,1.471,1.02,17,2.5,1.735,4,0.588,0.408,4,0.588,0.408,0,0.0,0.0,92.69
192,Granit Xhaka,MID,Switzerland,Switzerland,6,612,1,0.147,0.102,1,0.147,0.102,9,1.324,0.918,2,0.294,0.204,470,69.118,47.959,427,62.794,43.571,4,0.588,0.408,13,1.912,1.327,3,0.441,0.306,9,1.324,0.918,12,1.765,1.224,14,2.059,1.429,8,1.176,0.816,8,1.176,0.816,14,2.059,1.429,4,0.588,0.408,12,1.765,1.224,0,0.0,0.0,90.85
190,Remo Marco Freuler,MID,Switzerland,Switzerland,6,601,0,0.0,0.0,0,0.0,0.0,2,0.3,0.207,1,0.15,0.103,324,48.519,33.479,299,44.775,30.896,5,0.749,0.517,19,2.845,1.963,4,0.599,0.413,16,2.396,1.653,15,2.246,1.55,16,2.396,1.653,8,1.198,0.827,8,1.198,0.827,5,0.749,0.517,8,1.198,0.827,3,0.449,0.31,1,0.15,0.103,92.28
839,Masour Ousmane Dembele,FWD,France,France,8,597,6,0.905,0.623,2,0.302,0.208,20,3.015,2.076,10,1.508,1.038,297,44.774,30.83,236,35.578,24.498,36,5.427,3.737,13,1.96,1.349,2,0.302,0.208,1,0.151,0.104,3,0.452,0.311,6,0.905,0.623,2,0.302,0.208,2,0.302,0.208,18,2.714,1.869,0,0.0,0.0,4,0.603,0.415,3,0.452,0.311,79.46
628,Brandon Erik Mechele,DEF,Belgium,Belgium,6,587,0,0.0,0.0,0,0.0,0.0,5,0.767,0.525,1,0.153,0.105,399,61.175,41.902,369,56.576,38.751,0,0.0,0.0,11,1.687,1.155,13,1.993,1.365,43,6.593,4.516,11,1.687,1.155,38,5.826,3.991,18,2.76,1.89,17,2.606,1.785,15,2.3,1.575,9,1.38,0.945,2,0.307,0.21,0,0.0,0.0,92.48
235,Yassine Bounou,GK,Morocco,Morocco,6,581,0,0.0,0.0,0,0.0,0.0,0,0.0,0.0,0,0.0,0.0,211,32.685,22.315,142,21.997,15.018,0,0.0,0.0,0,0.0,0.0,1,0.155,0.106,1,0.155,0.106,0,0.0,0.0,38,5.886,4.019,1,0.155,0.106,1,0.155,0.106,0,0.0,0.0,0,0.0,0.0,4,0.62,0.423,0,0.0,0.0,67.3
236,Achraf Hakimi,DEF,Morocco,Morocco,6,581,1,0.155,0.106,1,0.155,0.106,14,2.169,1.481,4,0.62,0.423,449,69.552,47.485,402,62.272,42.515,38,5.886,4.019,23,3.563,2.432,6,0.929,0.635,9,1.394,0.952,11,1.704,1.163,28,4.337,2.961,6,0.929,0.635,5,0.775,0.529,34,5.267,3.596,7,1.084,0.74,16,2.478,1.692,0,0.0,0.0,89.53
740,Pedro Antonio Porro,DEF,Spain,Spain,6,579,2,0.311,0.212,0,0.0,0.0,7,1.088,0.742,3,0.466,0.318,420,65.285,44.523,379,58.912,40.177,19,2.953,2.014,29,4.508,3.074,11,1.71,1.166,10,1.554,1.06,19,2.953,2.014,39,6.062,4.134,8,1.244,0.848,8,1.244,0.848,6,0.933,0.636,10,1.554,1.06,9,1.399,0.954,0,0.0,0.0,90.24
258,Neil Yoni El Aynaoui,MID,Morocco,Morocco,6,571,0,0.0,0.0,0,0.0,0.0,7,1.103,0.749,2,0.315,0.214,433,68.249,46.338,405,63.835,43.341,0,0.0,0.0,37,5.832,3.96,4,0.63,0.428,19,2.995,2.033,16,2.522,1.712,34,5.359,3.639,3,0.473,0.321,3,0.473,0.321,8,1.261,0.856,15,2.364,1.605,7,1.103,0.749,0,0.0,0.0,93.53
625,Thibaut Nicolas Courtois,GK,Belgium,Belgium,6,563,0,0.0,0.0,1,0.16,0.108,0,0.0,0.0,0,0.0,0.0,198,31.652,21.393,144,23.02,15.558,0,0.0,0.0,0,0.0,0.0,0,0.0,0.0,2,0.32,0.216,0,0.0,0.0,38,6.075,4.106,0,0.0,0.0,0,0.0,0.0,0,0.0,0.0,0,0.0,0.0,0,0.0,0.0,0,0.0,0.0,72.73
962,Nahuel Molina,DEF,Argentina,Argentina,7,535,0,0.0,0.0,0,0.0,0.0,1,0.168,0.112,0,0.0,0.0,276,46.43,30.857,234,39.364,26.161,6,1.009,0.671,22,3.701,2.46,4,0.673,0.447,16,2.692,1.789,14,2.355,1.565,27,4.542,3.019,4,0.673,0.447,3,0.505,0.335,2,0.336,0.224,3,0.505,0.335,0,0.0,0.0,1,0.168,0.112,84.78
195,Ricardo Ivan Rodriguez,DEF,Switzerland,Switzerland,6,532,0,0.0,0.0,1,0.169,0.112,1,0.169,0.112,0,0.0,0.0,295,49.906,33.105,243,41.109,27.269,17,2.876,1.908,15,2.538,1.683,1,0.169,0.112,19,3.214,2.132,10,1.692,1.122,21,3.553,2.357,12,2.03,1.347,12,2.03,1.347,4,0.677,0.449,11,1.861,1.234,2,0.338,0.224,0,0.0,0.0,82.37
748,Pedro Pedri,MID,Spain,Spain,8,512,0,0.0,0.0,0,0.0,0.0,5,0.879,0.575,2,0.352,0.23,469,82.441,53.977,420,73.828,48.338,14,2.461,1.611,22,3.867,2.532,8,1.406,0.921,8,1.406,0.921,29,5.098,3.338,26,4.57,2.992,4,0.703,0.46,4,0.703,0.46,20,3.516,2.302,4,0.703,0.46,5,0.879,0.575,1,0.176,0.115,89.55
634,Leandro Trossard,FWD,Belgium,Belgium,6,510,2,0.353,0.231,2,0.353,0.231,17,3.0,1.962,3,0.529,0.346,199,35.118,22.962,171,30.176,19.731,11,1.941,1.269,2,0.353,0.231,4,0.706,0.462,5,0.882,0.577,15,2.647,1.731,14,2.471,1.615,5,0.882,0.577,4,0.706,0.462,17,3.0,1.962,4,0.706,0.462,8,1.412,0.923,1,0.176,0.115,85.93
189,Breel Donald Embolo,FWD,Switzerland,Switzerland,6,509,2,0.354,0.231,2,0.354,0.231,10,1.768,1.155,5,0.884,0.578,72,12.731,8.318,56,9.902,6.47,1,0.177,0.116,7,1.238,0.809,1,0.177,0.116,5,0.884,0.578,11,1.945,1.271,10,1.768,1.155,7,1.238,0.809,6,1.061,0.693,5,0.884,0.578,9,1.591,1.04,11,1.945,1.271,4,0.707,0.462,77.78
673,Abdelaziz Mohame Mostafa,GK,Egypt,Egypt,5,503,0,0.0,0.0,0,0.0,0.0,0,0.0,0.0,0,0.0,0.0,147,26.302,17.115,114,20.398,13.273,0,0.0,0.0,0,0.0,0.0,0,0.0,0.0,2,0.358,0.233,0,0.0,0.0,29,5.189,3.376,0,0.0,0.0,0,0.0,0.0,0,0.0,0.0,0,0.0,0.0,5,0.895,0.582,0,0.0,0.0,77.55
653,Hany Gamal Mohamed Hany,DEF,Egypt,Egypt,5,503,0,0.0,0.0,1,0.179,0.116,4,0.716,0.466,0,0.0,0.0,282,50.457,32.833,245,43.837,28.525,17,3.042,1.979,24,4.294,2.794,7,1.252,0.815,31,5.547,3.609,12,2.147,1.397,26,4.652,3.027,7,1.252,0.815,7,1.252,0.815,8,1.431,0.931,2,0.358,0.233,1,0.179,0.116,0,0.0,0.0,86.88
911,Ørjan Haskjold Nyland,GK,Norway,Norway,5,502,0,0.0,0.0,0,0.0,0.0,0,0.0,0.0,0,0.0,0.0,204,36.574,23.782,138,24.741,16.088,0,0.0,0.0,0,0.0,0.0,0,0.0,0.0,1,0.179,0.117,0,0.0,0.0,29,5.199,3.381,0,0.0,0.0,0,0.0,0.0,0,0.0,0.0,0,0.0,0.0,0,0.0,0.0,0,0.0,0.0,67.65
913,Kristoffer Vassbakk Köpp Ajer,DEF,Norway,Norway,5,502,0,0.0,0.0,0,0.0,0.0,2,0.359,0.233,1,0.179,0.117,273,48.944,31.826,256,45.896,29.845,2,0.359,0.233,14,2.51,1.632,10,1.793,1.166,39,6.992,4.547,15,2.689,1.749,36,6.454,4.197,24,4.303,2.798,20,3.586,2.332,12,2.151,1.399,2,0.359,0.233,1,0.179,0.117,0,0.0,0.0,93.77
918,Sander Gard Bolin Berge,MID,Norway,Norway,5,502,0,0.0,0.0,0,0.0,0.0,0,0.0,0.0,0,0.0,0.0,425,76.195,49.547,412,73.865,48.031,2,0.359,0.233,10,1.793,1.166,7,1.255,0.816,18,3.227,2.098,10,1.793,1.166,17,3.048,1.982,5,0.896,0.583,5,0.896,0.583,2,0.359,0.233,6,1.076,0.699,2,0.359,0.233,0,0.0,0.0,96.94
919,Erling Braut Haaland,FWD,Norway,Norway,5,502,7,1.255,0.816,0,0.0,0.0,20,3.586,2.332,13,2.331,1.516,47,8.426,5.479,34,6.096,3.964,1,0.179,0.117,0,0.0,0.0,1,0.179,0.117,5,0.896,0.583,9,1.614,1.049,8,1.434,0.933,21,3.765,2.448,18,3.227,2.098,8,1.434,0.933,5,0.896,0.583,3,0.538,0.35,0,0.0,0.0,72.34
738,Daniel Olmo,FWD,Spain,Spain,8,501,0,0.0,0.0,2,0.359,0.233,13,2.335,1.518,2,0.359,0.233,229,41.138,26.732,207,37.186,24.163,2,0.359,0.233,14,2.515,1.634,2,0.359,0.233,1,0.18,0.117,10,1.796,1.167,15,2.695,1.751,3,0.539,0.35,3,0.539,0.35,30,5.389,3.502,6,1.078,0.7,10,1.796,1.167,0,0.0,0.0,90.39
943,Rodrigo Javier De Paul,MID,Argentina,Argentina,7,501,0,0.0,0.0,1,0.18,0.117,2,0.359,0.233,1,0.18,0.117,327,58.743,38.171,300,53.892,35.019,13,2.335,1.518,13,2.335,1.518,3,0.539,0.35,5,0.898,0.584,14,2.515,1.634,12,2.156,1.401,1,0.18,0.117,0,0.0,0.0,10,1.796,1.167,2,0.359,0.233,5,0.898,0.584,1,0.18,0.117,91.74
350,Orlando Daniel Gill,GK,Paraguay,Paraguay,5,500,0,0.0,0.0,0,0.0,0.0,0,0.0,0.0,0,0.0,0.0,159,28.62,18.584,68,12.24,7.948,0,0.0,0.0,0,0.0,0.0,0,0.0,0.0,2,0.36,0.234,0,0.0,0.0,45,8.1,5.26,0,0.0,0.0,0,0.0,0.0,0,0.0,0.0,0,0.0,0.0,3,0.54,0.351,0,0.0,0.0,42.77
353,Gustavo Raul Gomez,DEF,Paraguay,Paraguay,5,500,0,0.0,0.0,0,0.0,0.0,2,0.36,0.234,0,0.0,0.0,91,16.38,10.636,80,14.4,9.351,0,0.0,0.0,5,0.9,0.584,2,0.36,0.234,38,6.84,4.442,18,3.24,2.104,27,4.86,3.156,10,1.8,1.169,10,1.8,1.169,0,0.0,0.0,3,0.54,0.351,2,0.36,0.234,1,0.18,0.117,87.91
352,Adrián Andrés Cubas,MID,Paraguay,Paraguay,5,500,0,0.0,0.0,0,0.0,0.0,1,0.18,0.117,0,0.0,0.0,117,21.06,13.675,97,17.46,11.338,0,0.0,0.0,45,8.1,5.26,3,0.54,0.351,26,4.68,3.039,33,5.94,3.857,36,6.48,4.208,3,0.54,0.351,3,0.54,0.351,1,0.18,0.117,14,2.52,1.636,3,0.54,0.351,0,0.0,0.0,82.91
645,Timothy Castagne,DEF,Belgium,Belgium,6,495,0,0.0,0.0,0,0.0,0.0,3,0.545,0.353,1,0.182,0.118,263,47.818,30.941,230,41.818,27.059,20,3.636,2.353,19,3.455,2.235,9,1.636,1.059,15,2.727,1.765,15,2.727,1.765,28,5.091,3.294,7,1.273,0.824,7,1.273,0.824,3,0.545,0.353,7,1.273,0.824,2,0.364,0.235,0,0.0,0.0,87.45
1130,Camilo Andres Vargas,GK,Colombia,Colombia,5,495,0,0.0,0.0,0,0.0,0.0,0,0.0,0.0,0,0.0,0.0,202,36.727,23.765,157,28.545,18.471,0,0.0,0.0,0,0.0,0.0,0,0.0,0.0,2,0.364,0.235,0,0.0,0.0,20,3.636,2.353,0,0.0,0.0,0,0.0,0.0,0,0.0,0.0,0,0.0,0.0,0,0.0,0.0,0,0.0,0.0,77.72
1141,Davinson Sanchez,DEF,Colombia,Colombia,5,495,0,0.0,0.0,0,0.0,0.0,6,1.091,0.706,2,0.364,0.235,361,65.636,42.471,324,58.909,38.118,0,0.0,0.0,11,2.0,1.294,6,1.091,0.706,41,7.455,4.824,15,2.727,1.765,32,5.818,3.765,14,2.545,1.647,11,2.0,1.294,8,1.455,0.941,6,1.091,0.706,5,0.909,0.588,1,0.182,0.118,89.75
849,William Alain André Gabriel Saliba,DEF,France,France,6,494,0,0.0,0.0,0,0.0,0.0,1,0.182,0.118,0,0.0,0.0,315,57.389,37.107,307,55.931,36.165,0,0.0,0.0,9,1.64,1.06,7,1.275,0.825,28,5.101,3.298,15,2.733,1.767,31,5.648,3.652,12,2.186,1.414,12,2.186,1.414,3,0.547,0.353,4,0.729,0.471,0,0.0,0.0,0,0.0,0.0,97.46
927,Torbjørn Lysaker Heggem,DEF,Norway,Norway,5,493,0,0.0,0.0,0,0.0,0.0,1,0.183,0.118,1,0.183,0.118,301,54.949,35.505,282,51.481,33.263,0,0.0,0.0,9,1.643,1.062,1,0.183,0.118,15,2.738,1.769,12,2.191,1.415,13,2.373,1.533,7,1.278,0.826,6,1.095,0.708,8,1.46,0.944,2,0.365,0.236,0,0.0,0.0,0,0.0,0.0,93.69
1121,Jhon Janer Lucumi,DEF,Colombia,Colombia,5,493,0,0.0,0.0,0,0.0,0.0,2,0.365,0.236,0,0.0,0.0,285,52.028,33.617,262,47.83,30.904,0,0.0,0.0,4,0.73,0.472,6,1.095,0.708,24,4.381,2.831,5,0.913,0.59,21,3.834,2.477,12,2.191,1.415,9,1.643,1.062,4,0.73,0.472,5,0.913,0.59,0,0.0,0.0,0,0.0,0.0,91.93
941,Leandro Daniel Paredes,MID,Argentina,Argentina,7,491,0,0.0,0.0,0,0.0,0.0,4,0.733,0.473,1,0.183,0.118,565,103.564,66.82,532,97.515,62.917,2,0.367,0.237,16,2.933,1.892,2,0.367,0.237,16,2.933,1.892,16,2.933,1.892,24,4.399,2.838,4,0.733,0.473,4,0.733,0.473,17,3.116,2.011,9,1.65,1.064,3,0.55,0.355,0,0.0,0.0,94.16
652,Ahmed Ibrahim Yasser,DEF,Egypt,Egypt,5,489,1,0.184,0.119,0,0.0,0.0,1,0.184,0.119,1,0.184,0.119,260,47.853,30.83,239,43.988,28.34,0,0.0,0.0,17,3.129,2.016,0,0.0,0.0,39,7.178,4.625,11,2.025,1.304,38,6.994,4.506,18,3.313,2.134,17,3.129,2.016,3,0.552,0.356,6,1.104,0.711,3,0.552,0.356,0,0.0,0.0,91.92
1125,Luis Fernando Diaz,FWD,Colombia,Colombia,5,489,1,0.184,0.119,1,0.184,0.119,19,3.497,2.253,6,1.104,0.711,166,30.552,19.684,145,26.687,17.194,6,1.104,0.711,9,1.656,1.067,3,0.552,0.356,1,0.184,0.119,4,0.736,0.474,4,0.736,0.474,3,0.552,0.356,2,0.368,0.237,20,3.681,2.372,7,1.288,0.83,9,1.656,1.067,9,1.656,1.067,87.35
237,Noussair Mazraoui,DEF,Morocco,Morocco,6,488,0,0.0,0.0,0,0.0,0.0,0,0.0,0.0,0,0.0,0.0,275,50.717,32.652,251,46.291,29.802,4,0.738,0.475,16,2.951,1.9,3,0.553,0.356,28,5.164,3.325,20,3.689,2.375,31,5.717,3.681,16,2.951,1.9,16,2.951,1.9,12,2.213,1.425,4,0.738,0.475,6,1.107,0.712,0,0.0,0.0,91.27
920,Martín Odegaard,MID,Norway,Norway,5,487,0,0.0,0.0,3,0.554,0.357,9,1.663,1.07,3,0.554,0.357,367,67.823,43.633,322,59.507,38.283,16,2.957,1.902,16,2.957,1.902,2,0.37,0.238,1,0.185,0.119,6,1.109,0.713,11,2.033,1.308,1,0.185,0.119,1,0.185,0.119,17,3.142,2.021,3,0.554,0.357,4,0.739,0.476,0,0.0,0.0,87.74
939,Nicolás Alejandro Tagliafico,DEF,Argentina,Argentina,7,487,0,0.0,0.0,0,0.0,0.0,0,0.0,0.0,0,0.0,0.0,217,40.103,25.799,190,35.113,22.589,4,0.739,0.476,14,2.587,1.664,3,0.554,0.357,12,2.218,1.427,13,2.402,1.546,19,3.511,2.259,12,2.218,1.427,10,1.848,1.189,4,0.739,0.476,9,1.663,1.07,16,2.957,1.902,2,0.37,0.238,87.56
743,Alejandro Baena,MID,Spain,Spain,7,486,1,0.185,0.119,1,0.185,0.119,12,2.222,1.429,5,0.926,0.595,218,40.37,25.952,178,32.963,21.19,44,8.148,5.238,22,4.074,2.619,1,0.185,0.119,3,0.556,0.357,12,2.222,1.429,16,2.963,1.905,2,0.37,0.238,2,0.37,0.238,14,2.593,1.667,13,2.407,1.548,7,1.296,0.833,2,0.37,0.238,81.65
632,Youri Marion Tielemans,MID,Belgium,Belgium,5,483,2,0.373,0.239,0,0.0,0.0,11,2.05,1.315,3,0.559,0.359,255,47.516,30.478,221,41.18,26.414,14,2.609,1.673,14,2.609,1.673,3,0.559,0.359,4,0.745,0.478,13,2.422,1.554,18,3.354,2.151,7,1.304,0.837,7,1.304,0.837,7,1.304,0.837,7,1.304,0.837,10,1.863,1.195,1,0.186,0.12,86.67
248,Issa Laye Lucas Jean Diop,DEF,Morocco,Morocco,5,477,1,0.189,0.12,0,0.0,0.0,1,0.189,0.12,1,0.189,0.12,326,61.509,39.277,299,56.415,36.024,0,0.0,0.0,2,0.377,0.241,5,0.943,0.602,35,6.604,4.217,16,3.019,1.928,27,5.094,3.253,11,2.075,1.325,9,1.698,1.084,2,0.377,0.241,4,0.755,0.482,1,0.189,0.12,0,0.0,0.0,91.72
1147,Nico Oreilly,DEF,England,England,7,476,0,0.0,0.0,0,0.0,0.0,7,1.324,0.845,1,0.189,0.121,216,40.84,26.059,200,37.815,24.129,6,1.134,0.724,13,2.458,1.568,6,1.134,0.724,14,2.647,1.689,13,2.458,1.568,21,3.971,2.534,10,1.891,1.206,9,1.702,1.086,11,2.08,1.327,6,1.134,0.724,4,0.756,0.483,0,0.0,0.0,92.59
1132,Gustavo Adolfo Puerta,DEF,Colombia,Colombia,5,476,0,0.0,0.0,1,0.189,0.121,14,2.647,1.689,5,0.945,0.603,290,54.832,34.987,264,49.916,31.85,2,0.378,0.241,9,1.702,1.086,2,0.378,0.241,10,1.891,1.206,12,2.269,1.448,17,3.214,2.051,4,0.756,0.483,4,0.756,0.483,9,1.702,1.086,9,1.702,1.086,8,1.513,0.965,0,0.0,0.0,91.03
835,Lucas Digne,DEF,France,France,6,473,0,0.0,0.0,0,0.0,0.0,2,0.381,0.242,1,0.19,0.121,283,53.848,34.28,252,47.949,30.525,17,3.235,2.059,8,1.522,0.969,7,1.332,0.848,21,3.996,2.544,11,2.093,1.332,21,3.996,2.544,14,2.664,1.696,13,2.474,1.575,5,0.951,0.606,7,1.332,0.848,2,0.381,0.242,0,0.0,0.0,89.05
1041,Diogo Diogo Costa,GK,Portugal,Portugal,5,472,0,0.0,0.0,0,0.0,0.0,0,0.0,0.0,0,0.0,0.0,125,23.835,15.162,98,18.686,11.887,0,0.0,0.0,0,0.0,0.0,0,0.0,0.0,2,0.381,0.243,0,0.0,0.0,26,4.958,3.154,0,0.0,0.0,0,0.0,0.0,0,0.0,0.0,0,0.0,0.0,1,0.191,0.121,0,0.0,0.0,78.4
1053,Renato Renato Veiga,DEF,Portugal,Portugal,5,472,0,0.0,0.0,0,0.0,0.0,2,0.381,0.243,0,0.0,0.0,336,64.068,40.755,320,61.017,38.814,0,0.0,0.0,7,1.335,0.849,10,1.907,1.213,26,4.958,3.154,11,2.097,1.334,34,6.483,4.124,13,2.479,1.577,12,2.288,1.456,8,1.525,0.97,5,0.953,0.606,3,0.572,0.364,0,0.0,0.0,95.24
658,Ashour Metwaly Emam,MID,Egypt,Egypt,5,469,2,0.384,0.244,0,0.0,0.0,10,1.919,1.218,2,0.384,0.244,207,39.723,25.21,176,33.774,21.434,3,0.576,0.365,9,1.727,1.096,0,0.0,0.0,2,0.384,0.244,14,2.687,1.705,9,1.727,1.096,6,1.151,0.731,5,0.959,0.609,18,3.454,2.192,2,0.384,0.244,13,2.495,1.583,0,0.0,0.0,85.02
320,Mc,MID,USA,USA,5,468,0,0.0,0.0,0,0.0,0.0,5,0.962,0.61,1,0.192,0.122,220,42.308,26.829,173,33.269,21.098,11,2.115,1.341,11,2.115,1.341,0,0.0,0.0,10,1.923,1.22,5,0.962,0.61,5,0.962,0.61,4,0.769,0.488,4,0.769,0.488,12,2.308,1.463,8,1.538,0.976,2,0.385,0.244,0,0.0,0.0,78.64
209,Ramsés Alisson,GK,Brazil,Brazil,5,468,0,0.0,0.0,0,0.0,0.0,0,0.0,0.0,0,0.0,0.0,132,25.385,16.098,107,20.577,13.049,0,0.0,0.0,0,0.0,0.0,0,0.0,0.0,2,0.385,0.244,0,0.0,0.0,26,5.0,3.171,0,0.0,0.0,0,0.0,0.0,1,0.192,0.122,0,0.0,0.0,0,0.0,0.0,0,0.0,0.0,81.06
211,Gabriel Gabriel Magalhaes,DEF,Brazil,Brazil,5,468,0,0.0,0.0,1,0.192,0.122,1,0.192,0.122,0,0.0,0.0,431,82.885,52.561,413,79.423,50.366,0,0.0,0.0,9,1.731,1.098,5,0.962,0.61,20,3.846,2.439,10,1.923,1.22,21,4.038,2.561,19,3.654,2.317,16,3.077,1.951,2,0.385,0.244,1,0.192,0.122,3,0.577,0.366,0,0.0,0.0,95.82
212,MARQUINHOSMarcos,DEF,Brazil,Brazil,5,468,0,0.0,0.0,0,0.0,0.0,2,0.385,0.244,0,0.0,0.0,380,73.077,46.341,367,70.577,44.756,1,0.192,0.122,7,1.346,0.854,5,0.962,0.61,24,4.615,2.927,8,1.538,0.976,29,5.577,3.537,7,1.346,0.854,7,1.346,0.854,1,0.192,0.122,0,0.0,0.0,2,0.385,0.244,1,0.192,0.122,96.58
244,Brahim Diaz,FWD,Morocco,Morocco,6,468,0,0.0,0.0,3,0.577,0.366,6,1.154,0.732,1,0.192,0.122,165,31.731,20.122,142,27.308,17.317,8,1.538,0.976,7,1.346,0.854,2,0.385,0.244,0,0.0,0.0,7,1.346,0.854,7,1.346,0.854,0,0.0,0.0,0,0.0,0.0,33,6.346,4.024,3,0.577,0.366,10,1.923,1.22,0,0.0,0.0,86.06
257,Bilal El Khannouss,MID,Morocco,Morocco,6,467,0,0.0,0.0,0,0.0,0.0,6,1.156,0.733,4,0.771,0.488,238,45.867,29.064,186,35.846,22.714,14,2.698,1.71,17,3.276,2.076,2,0.385,0.244,3,0.578,0.366,5,0.964,0.611,14,2.698,1.71,5,0.964,0.611,5,0.964,0.611,18,3.469,2.198,5,0.964,0.611,6,1.156,0.733,0,0.0,0.0,78.15
916,Patrick Berg,MID,Norway,Norway,6,466,0,0.0,0.0,2,0.386,0.245,3,0.579,0.367,0,0.0,0.0,174,33.605,21.277,161,31.094,19.688,13,2.511,1.59,17,3.283,2.079,1,0.193,0.122,9,1.738,1.101,13,2.511,1.59,9,1.738,1.101,1,0.193,0.122,1,0.193,0.122,11,2.124,1.345,4,0.773,0.489,2,0.386,0.245,0,0.0,0.0,92.53
120,Maxime Crepeau,GK,Canada,Canada,5,465,0,0.0,0.0,0,0.0,0.0,0,0.0,0.0,0,0.0,0.0,123,23.806,15.061,92,17.806,11.265,0,0.0,0.0,0,0.0,0.0,0,0.0,0.0,2,0.387,0.245,0,0.0,0.0,24,4.645,2.939,0,0.0,0.0,0,0.0,0.0,0,0.0,0.0,1,0.194,0.122,1,0.194,0.122,0,0.0,0.0,74.8
106,Alistair William Johnston,DEF,Canada,Canada,5,465,0,0.0,0.0,0,0.0,0.0,5,0.968,0.612,2,0.387,0.245,240,46.452,29.388,184,35.613,22.531,24,4.645,2.939,10,1.935,1.224,6,1.161,0.735,23,4.452,2.816,10,1.935,1.224,29,5.613,3.551,15,2.903,1.837,14,2.71,1.714,7,1.355,0.857,5,0.968,0.612,4,0.774,0.49,0,0.0,0.0,76.67
852,Désiré Nonka-Maho Doue,FWD,France,France,8,463,1,0.194,0.123,0,0.0,0.0,13,2.527,1.596,8,1.555,0.982,196,38.099,24.065,167,32.462,20.505,5,0.972,0.614,19,3.693,2.333,1,0.194,0.123,3,0.583,0.368,15,2.916,1.842,12,2.333,1.473,4,0.778,0.491,3,0.583,0.368,40,7.775,4.911,4,0.778,0.491,8,1.555,0.982,0,0.0,0.0,85.2
224,Douglas Douglas Santos,DEF,Brazil,Brazil,5,459,0,0.0,0.0,0,0.0,0.0,2,0.392,0.247,0,0.0,0.0,275,53.922,33.951,256,50.196,31.605,6,1.176,0.741,29,5.686,3.58,8,1.569,0.988,12,2.353,1.481,12,2.353,1.481,22,4.314,2.716,1,0.196,0.123,1,0.196,0.123,1,0.196,0.123,3,0.588,0.37,2,0.392,0.247,1,0.196,0.123,93.09
215,José Vinicius,FWD,Brazil,Brazil,5,459,4,0.784,0.494,1,0.196,0.123,17,3.333,2.099,11,2.157,1.358,142,27.843,17.531,116,22.745,14.321,15,2.941,1.852,7,1.373,0.864,1,0.196,0.123,0,0.0,0.0,2,0.392,0.247,6,1.176,0.741,1,0.196,0.123,1,0.196,0.123,53,10.392,6.543,4,0.784,0.494,10,1.961,1.235,3,0.588,0.37,81.69
1,José Raúl Rangel,GK,Mexico,Mexico,5,457,0,0.0,0.0,0,0.0,0.0,0,0.0,0.0,0,0.0,0.0,155,30.525,19.188,120,23.632,14.856,0,0.0,0.0,0,0.0,0.0,0,0.0,0.0,0,0.0,0.0,0,0.0,0.0,32,6.302,3.961,0,0.0,0.0,0,0.0,0.0,0,0.0,0.0,1,0.197,0.124,0,0.0,0.0,0,0.0,0.0,77.42
1047,Ronaldo Cristiano Ronaldo,FWD,Portugal,Portugal,5,455,3,0.593,0.372,0,0.0,0.0,18,3.56,2.234,9,1.78,1.117,99,19.582,12.29,86,17.011,10.676,1,0.198,0.124,5,0.989,0.621,1,0.198,0.124,2,0.396,0.248,2,0.396,0.248,2,0.396,0.248,2,0.396,0.248,2,0.396,0.248,2,0.396,0.248,2,0.396,0.248,5,0.989,0.621,6,1.187,0.745,86.87
669,Attia Fahim Marawan Attia,MID,Egypt,Egypt,5,453,0,0.0,0.0,0,0.0,0.0,4,0.795,0.498,0,0.0,0.0,357,70.927,44.44,313,62.185,38.963,8,1.589,0.996,20,3.974,2.49,1,0.199,0.124,25,4.967,3.112,12,2.384,1.494,15,2.98,1.867,1,0.199,0.124,1,0.199,0.124,4,0.795,0.498,8,1.589,0.996,1,0.199,0.124,0,0.0,0.0,87.68
629,Maxim Peter De Cuyper,DEF,Belgium,Belgium,6,449,0,0.0,0.0,0,0.0,0.0,10,2.004,1.252,6,1.203,0.751,246,49.31,30.793,203,40.69,25.41,16,3.207,2.003,13,2.606,1.627,7,1.403,0.876,11,2.205,1.377,10,2.004,1.252,19,3.808,2.378,5,1.002,0.626,4,0.802,0.501,5,1.002,0.626,7,1.403,0.876,2,0.401,0.25,0,0.0,0.0,82.52
342,Juan Jose Caceres,DEF,Paraguay,Paraguay,5,448,0,0.0,0.0,0,0.0,0.0,2,0.402,0.251,1,0.201,0.125,129,25.915,16.17,80,16.071,10.028,9,1.808,1.128,39,7.835,4.889,4,0.804,0.501,33,6.629,4.136,20,4.018,2.507,25,5.022,3.134,13,2.612,1.63,12,2.411,1.504,11,2.21,1.379,9,1.808,1.128,6,1.205,0.752,0,0.0,0.0,62.02
25,Roberto Carlos Alvarado,FWD,Mexico,Mexico,5,444,0,0.0,0.0,2,0.405,0.252,5,1.014,0.63,0,0.0,0.0,201,40.743,25.336,163,33.041,20.546,34,6.892,4.286,10,2.027,1.261,4,0.811,0.504,10,2.027,1.261,6,1.216,0.756,13,2.635,1.639,2,0.405,0.252,1,0.203,0.126,12,2.432,1.513,3,0.608,0.378,5,1.014,0.63,1,0.203,0.126,81.09
915,David Møller Moller Wolfe,DEF,Norway,Norway,5,444,0,0.0,0.0,1,0.203,0.126,0,0.0,0.0,0,0.0,0.0,186,37.703,23.445,162,32.838,20.42,7,1.419,0.882,10,2.027,1.261,5,1.014,0.63,13,2.635,1.639,9,1.824,1.134,19,3.851,2.395,9,1.824,1.134,7,1.419,0.882,8,1.622,1.008,7,1.419,0.882,2,0.405,0.252,0,0.0,0.0,87.1
838,Emmanuel Boris Kone,MID,France,France,5,443,0,0.0,0.0,0,0.0,0.0,6,1.219,0.757,2,0.406,0.252,263,53.431,33.198,242,49.165,30.547,1,0.203,0.126,19,3.86,2.398,6,1.219,0.757,3,0.609,0.379,9,1.828,1.136,18,3.657,2.272,4,0.813,0.505,4,0.813,0.505,14,2.844,1.767,6,1.219,0.757,7,1.422,0.884,0,0.0,0.0,92.02
242,Azz-Eddine Ounahi,MID,Morocco,Morocco,6,440,2,0.409,0.254,0,0.0,0.0,5,1.023,0.634,3,0.614,0.38,315,64.432,39.93,281,57.477,35.62,6,1.227,0.761,4,0.818,0.507,2,0.409,0.254,2,0.409,0.254,3,0.614,0.38,5,1.023,0.634,1,0.205,0.127,1,0.205,0.127,29,5.932,3.676,3,0.614,0.38,7,1.432,0.887,0,0.0,0.0,89.21
126,Richmond Mamah Laryea,DEF,Canada,Canada,5,438,0,0.0,0.0,0,0.0,0.0,2,0.411,0.254,1,0.205,0.127,202,41.507,25.678,167,34.315,21.229,4,0.822,0.508,13,2.671,1.653,5,1.027,0.636,6,1.233,0.763,7,1.438,0.89,18,3.699,2.288,3,0.616,0.381,2,0.411,0.254,15,3.082,1.907,8,1.644,1.017,14,2.877,1.78,1,0.205,0.127,82.67
641,Charles Marc De Ketelaere,FWD,Belgium,Belgium,5,438,3,0.616,0.381,0,0.0,0.0,6,1.233,0.763,5,1.027,0.636,91,18.699,11.568,72,14.795,9.153,5,1.027,0.636,14,2.877,1.78,0,0.0,0.0,5,1.027,0.636,15,3.082,1.907,12,2.466,1.525,18,3.699,2.288,17,3.493,2.161,10,2.055,1.271,2,0.411,0.254,3,0.616,0.381,2,0.411,0.254,79.12
213,Henrique,MID,Brazil,Brazil,5,437,1,0.206,0.127,0,0.0,0.0,4,0.824,0.509,2,0.412,0.255,224,46.133,28.515,200,41.19,25.46,4,0.824,0.509,24,4.943,3.055,7,1.442,0.891,19,3.913,2.419,14,2.883,1.782,34,7.002,4.328,9,1.854,1.146,9,1.854,1.146,5,1.03,0.636,6,1.236,0.764,6,1.236,0.764,0,0.0,0.0,89.29
660,Hamed Mahrous Mohamed Salah,FWD,Egypt,Egypt,5,437,1,0.206,0.127,3,0.618,0.382,9,1.854,1.146,4,0.824,0.509,136,28.009,17.313,112,23.066,14.257,16,3.295,2.037,3,0.618,0.382,1,0.206,0.127,0,0.0,0.0,6,1.236,0.764,6,1.236,0.764,6,1.236,0.764,5,1.03,0.636,20,4.119,2.546,5,1.03,0.636,13,2.677,1.655,1,0.206,0.127,82.35
1048,Miguel Bruno,MID,Portugal,Portugal,5,436,0,0.0,0.0,1,0.206,0.127,9,1.858,1.147,3,0.619,0.382,278,57.385,35.439,239,49.335,30.467,22,4.541,2.805,19,3.922,2.422,1,0.206,0.127,3,0.619,0.382,11,2.271,1.402,14,2.89,1.785,6,1.239,0.765,6,1.239,0.765,8,1.651,1.02,2,0.413,0.255,8,1.651,1.02,1,0.206,0.127,85.97
114,Jonathan Christian David,FWD,Canada,Canada,5,433,3,0.624,0.384,0,0.0,0.0,18,3.741,2.304,8,1.663,1.024,103,21.409,13.186,76,15.797,9.73,6,1.247,0.768,6,1.247,0.768,4,0.831,0.512,2,0.416,0.256,4,0.831,0.512,5,1.039,0.64,5,1.039,0.64,4,0.831,0.512,2,0.416,0.256,5,1.039,0.64,5,1.039,0.64,0,0.0,0.0,73.79
216,GUIMARAESBruno Bruno,MID,Brazil,Brazil,5,428,0,0.0,0.0,2,0.421,0.258,8,1.682,1.032,2,0.421,0.258,200,42.056,25.788,161,33.855,20.759,12,2.523,1.547,19,3.995,2.45,3,0.631,0.387,6,1.262,0.774,5,1.051,0.645,19,3.995,2.45,4,0.841,0.516,4,0.841,0.516,6,1.262,0.774,4,0.841,0.516,7,1.472,0.903,0,0.0,0.0,80.5
1134,Jefferson Andrés Lerma,MID,Colombia,Colombia,5,425,0,0.0,0.0,0,0.0,0.0,5,1.059,0.647,1,0.212,0.129,274,58.024,35.482,242,51.247,31.338,2,0.424,0.259,6,1.271,0.777,1,0.212,0.129,17,3.6,2.201,7,1.482,0.906,19,4.024,2.46,16,3.388,2.072,16,3.388,2.072,6,1.271,0.777,6,1.271,0.777,5,1.059,0.647,0,0.0,0.0,88.32
1169,Tehuti Djed-Hotep Spence,DEF,England,England,8,424,0,0.0,0.0,0,0.0,0.0,2,0.425,0.259,2,0.425,0.259,201,42.665,26.066,177,37.571,22.954,9,1.91,1.167,22,4.67,2.853,5,1.061,0.648,18,3.821,2.334,16,3.396,2.075,21,4.458,2.723,2,0.425,0.259,2,0.425,0.259,18,3.821,2.334,3,0.637,0.389,5,1.061,0.648,0,0.0,0.0,88.06
221,Luiz Danilo,DEF,Brazil,Brazil,5,422,0,0.0,0.0,0,0.0,0.0,1,0.213,0.13,0,0.0,0.0,294,62.701,38.237,262,55.877,34.075,7,1.493,0.91,10,2.133,1.301,3,0.64,0.39,23,4.905,2.991,11,2.346,1.431,14,2.986,1.821,6,1.28,0.78,6,1.28,0.78,3,0.64,0.39,7,1.493,0.91,1,0.213,0.13,1,0.213,0.13,89.12
16,Julián Andrés Quinones,FWD,Mexico,Mexico,5,418,4,0.861,0.523,1,0.215,0.131,14,3.014,1.831,6,1.292,0.785,135,29.067,17.66,111,23.9,14.52,4,0.861,0.523,6,1.292,0.785,1,0.215,0.131,2,0.431,0.262,6,1.292,0.785,7,1.507,0.916,4,0.861,0.523,4,0.861,0.523,9,1.938,1.177,5,1.077,0.654,7,1.507,0.916,1,0.215,0.131,82.22
193,Dan Ndoye,FWD,Switzerland,Switzerland,6,411,2,0.438,0.264,0,0.0,0.0,16,3.504,2.115,8,1.752,1.057,92,20.146,12.159,73,15.985,9.648,13,2.847,1.718,14,3.066,1.85,2,0.438,0.264,3,0.657,0.396,14,3.066,1.85,11,2.409,1.454,6,1.314,0.793,6,1.314,0.793,22,4.818,2.907,5,1.095,0.661,16,3.504,2.115,4,0.876,0.529,79.35
1065,Alexandre Nuno,DEF,Portugal,Portugal,5,410,1,0.22,0.132,0,0.0,0.0,3,0.659,0.397,1,0.22,0.132,282,61.902,37.324,239,52.463,31.632,21,4.61,2.779,20,4.39,2.647,9,1.976,1.191,6,1.317,0.794,12,2.634,1.588,25,5.488,3.309,3,0.659,0.397,3,0.659,0.397,26,5.707,3.441,3,0.659,0.397,12,2.634,1.588,1,0.22,0.132,84.75
344,Júnior Osmar Ignacio Alonso,DEF,Paraguay,Paraguay,5,409,0,0.0,0.0,0,0.0,0.0,3,0.66,0.398,1,0.22,0.133,116,25.526,15.376,69,15.183,9.146,1,0.22,0.133,15,3.301,1.988,5,1.1,0.663,12,2.641,1.591,21,4.621,2.784,22,4.841,2.916,4,0.88,0.53,4,0.88,0.53,2,0.44,0.265,3,0.66,0.398,3,0.66,0.398,1,0.22,0.133,59.48
1060,Pedro Joao Cancelo,DEF,Portugal,Portugal,5,409,0,0.0,0.0,1,0.22,0.133,3,0.66,0.398,0,0.0,0.0,184,40.489,24.389,160,35.208,21.208,12,2.641,1.591,12,2.641,1.591,3,0.66,0.398,13,2.861,1.723,11,2.421,1.458,11,2.421,1.458,3,0.66,0.398,3,0.66,0.398,12,2.641,1.591,6,1.32,0.795,2,0.44,0.265,1,0.22,0.133,86.96
1162,Anthony Michael Gordon,FWD,England,England,6,409,1,0.22,0.133,2,0.44,0.265,6,1.32,0.795,4,0.88,0.53,113,24.866,14.978,96,21.125,12.725,10,2.2,1.325,19,4.181,2.518,2,0.44,0.265,4,0.88,0.53,9,1.98,1.193,7,1.54,0.928,1,0.22,0.133,0,0.0,0.0,34,7.482,4.507,4,0.88,0.53,10,2.2,1.325,0,0.0,0.0,84.96
1055,Pedro Joao Neves,MID,Portugal,Portugal,5,408,1,0.221,0.133,0,0.0,0.0,3,0.662,0.398,1,0.221,0.133,261,57.574,34.646,247,54.485,32.788,2,0.441,0.265,18,3.971,2.389,5,1.103,0.664,3,0.662,0.398,8,1.765,1.062,12,2.647,1.593,3,0.662,0.398,3,0.662,0.398,6,1.324,0.796,1,0.221,0.133,4,0.882,0.531,0,0.0,0.0,94.64
1120,Daniel Munoz,DEF,Colombia,Colombia,5,408,2,0.441,0.265,0,0.0,0.0,3,0.662,0.398,2,0.441,0.265,213,46.985,28.274,194,42.794,25.752,9,1.985,1.195,11,2.426,1.46,4,0.882,0.531,14,3.088,1.858,11,2.426,1.46,14,3.088,1.858,5,1.103,0.664,5,1.103,0.664,2,0.441,0.265,9,1.985,1.195,1,0.221,0.133,3,0.662,0.398,91.08
111,Stephen Eustaquio,MID,Canada,Canada,5,405,1,0.222,0.133,0,0.0,0.0,4,0.889,0.533,1,0.222,0.133,281,62.444,37.467,244,54.222,32.533,42,9.333,5.6,14,3.111,1.867,4,0.889,0.533,5,1.111,0.667,8,1.778,1.067,16,3.556,2.133,3,0.667,0.4,2,0.444,0.267,5,1.111,0.667,2,0.444,0.267,7,1.556,0.933,0,0.0,0.0,86.83
328,Alexander Michael Freeman,DEF,USA,USA,5,404,1,0.223,0.134,0,0.0,0.0,4,0.891,0.534,1,0.223,0.134,283,63.045,37.789,256,57.03,34.184,4,0.891,0.534,17,3.787,2.27,3,0.668,0.401,18,4.01,2.404,16,3.564,2.136,23,5.124,3.071,17,3.787,2.27,16,3.564,2.136,25,5.569,3.338,1,0.223,0.134,1,0.223,0.134,0,0.0,0.0,90.46
873,Krepin Diatta,DEF,Senegal,Senegal,4,404,0,0.0,0.0,0,0.0,0.0,1,0.223,0.134,0,0.0,0.0,283,63.045,37.789,255,56.807,34.05,10,2.228,1.335,14,3.119,1.869,7,1.559,0.935,16,3.564,2.136,3,0.668,0.401,26,5.792,3.472,6,1.337,0.801,6,1.337,0.801,17,3.787,2.27,4,0.891,0.534,6,1.337,0.801,0,0.0,0.0,90.11
877,Moussa Niakhate,DEF,Senegal,Senegal,4,404,0,0.0,0.0,1,0.223,0.134,1,0.223,0.134,0,0.0,0.0,290,64.604,38.724,271,60.371,36.187,2,0.446,0.267,3,0.668,0.401,4,0.891,0.534,24,5.347,3.205,10,2.228,1.335,24,5.347,3.205,13,2.896,1.736,12,2.673,1.602,6,1.337,0.801,3,0.668,0.401,6,1.337,0.801,0,0.0,0.0,93.45
1135,Johan Andrés Mojica,DEF,Colombia,Colombia,4,403,0,0.0,0.0,0,0.0,0.0,3,0.67,0.401,2,0.447,0.267,202,45.112,27.013,161,35.955,21.53,12,2.68,1.605,7,1.563,0.936,5,1.117,0.669,20,4.467,2.675,7,1.563,0.936,21,4.69,2.808,8,1.787,1.07,8,1.787,1.07,1,0.223,0.134,1,0.223,0.134,7,1.563,0.936,1,0.223,0.134,79.7
361,Matias Galarza,MID,Paraguay,Paraguay,4,402,1,0.224,0.134,1,0.224,0.134,2,0.448,0.268,1,0.224,0.134,113,25.299,15.134,82,18.358,10.982,4,0.896,0.536,40,8.955,5.357,6,1.343,0.804,7,1.567,0.938,17,3.806,2.277,22,4.925,2.946,4,0.896,0.536,3,0.672,0.402,8,1.791,1.071,10,2.239,1.339,9,2.015,1.205,0,0.0,0.0,72.57
1058,Pedro Pedro Neto,FWD,Portugal,Portugal,5,401,0,0.0,0.0,1,0.224,0.134,1,0.224,0.134,0,0.0,0.0,155,34.788,20.79,137,30.748,18.376,13,2.918,1.744,7,1.571,0.939,4,0.898,0.537,1,0.224,0.134,2,0.449,0.268,7,1.571,0.939,2,0.449,0.268,2,0.449,0.268,20,4.489,2.683,4,0.898,0.537,4,0.898,0.537,0,0.0,0.0,88.39
755,José Vozinha,GK,Cabo Verde,Cabo Verde,4,400,0,0.0,0.0,0,0.0,0.0,0,0.0,0.0,0,0.0,0.0,166,37.35,22.299,117,26.325,15.716,0,0.0,0.0,0,0.0,0.0,1,0.225,0.134,0,0.0,0.0,0,0.0,0.0,41,9.225,5.507,0,0.0,0.0,0,0.0,0.0,1,0.225,0.134,0,0.0,0.0,3,0.675,0.403,0,0.0,0.0,70.48
757,Alberto Diney,DEF,Cabo Verde,Cabo Verde,4,400,0,0.0,0.0,0,0.0,0.0,4,0.9,0.537,2,0.45,0.269,195,43.875,26.194,158,35.55,21.224,0,0.0,0.0,17,3.825,2.284,5,1.125,0.672,40,9.0,5.373,11,2.475,1.478,29,6.525,3.896,12,2.7,1.612,12,2.7,1.612,4,0.9,0.537,2,0.45,0.269,0,0.0,0.0,0,0.0,0.0,81.03
758,Carlos Pico Lopes,DEF,Cabo Verde,Cabo Verde,4,400,0,0.0,0.0,0,0.0,0.0,2,0.45,0.269,0,0.0,0.0,182,40.95,24.448,153,34.425,20.552,0,0.0,0.0,11,2.475,1.478,5,1.125,0.672,29,6.525,3.896,18,4.05,2.418,33,7.425,4.433,9,2.025,1.209,9,2.025,1.209,6,1.35,0.806,0,0.0,0.0,3,0.675,0.403,0,0.0,0.0,84.07
357,Julio Cesar Enciso,FWD,Paraguay,Paraguay,5,399,1,0.226,0.135,2,0.451,0.269,8,1.805,1.076,1,0.226,0.135,68,15.338,9.148,55,12.406,7.399,7,1.579,0.942,13,2.932,1.749,1,0.226,0.135,0,0.0,0.0,7,1.579,0.942,9,2.03,1.211,5,1.128,0.673,3,0.677,0.404,33,7.444,4.439,3,0.677,0.404,9,2.03,1.211,0,0.0,0.0,80.88
367,Alessandro Circati,DEF,Australia,Australia,4,399,0,0.0,0.0,0,0.0,0.0,3,0.677,0.404,0,0.0,0.0,221,49.85,29.731,177,39.925,23.812,1,0.226,0.135,16,3.609,2.152,8,1.805,1.076,23,5.188,3.094,10,2.256,1.345,32,7.218,4.305,15,3.383,2.018,14,3.158,1.883,8,1.805,1.076,5,1.128,0.673,4,0.902,0.538,0,0.0,0.0,80.09
383,Harry James Souttar,DEF,Australia,Australia,4,399,0,0.0,0.0,0,0.0,0.0,1,0.226,0.135,1,0.226,0.135,199,44.887,26.771,171,38.571,23.004,0,0.0,0.0,3,0.677,0.404,2,0.451,0.269,27,6.09,3.632,19,4.286,2.556,24,5.414,3.229,24,5.414,3.229,24,5.414,3.229,3,0.677,0.404,8,1.805,1.076,1,0.226,0.135,0,0.0,0.0,85.93
377,Aiden Connor Oneill,MID,Australia,Australia,4,399,0,0.0,0.0,0,0.0,0.0,2,0.451,0.269,0,0.0,0.0,172,38.797,23.139,142,32.03,19.103,8,1.805,1.076,12,2.707,1.614,3,0.677,0.404,15,3.383,2.018,6,1.353,0.807,12,2.707,1.614,2,0.451,0.269,2,0.451,0.269,10,2.256,1.345,2,0.451,0.269,8,1.805,1.076,0,0.0,0.0,82.56
382,Patrick Thomas Beach,GK,Australia,Australia,4,397,0,0.0,0.0,0,0.0,0.0,0,0.0,0.0,0,0.0,0.0,122,27.657,16.462,79,17.909,10.66,0,0.0,0.0,0,0.0,0.0,0,0.0,0.0,0,0.0,0.0,0,0.0,0.0,28,6.348,3.778,0,0.0,0.0,0,0.0,0.0,0,0.0,0.0,0,0.0,0.0,0,0.0,0.0,0,0.0,0.0,64.75
417,Manuel Peter Neuer,GK,Germany,Germany,4,396,0,0.0,0.0,0,0.0,0.0,0,0.0,0.0,0,0.0,0.0,129,29.318,17.432,118,26.818,15.946,0,0.0,0.0,0,0.0,0.0,0,0.0,0.0,1,0.227,0.135,0,0.0,0.0,29,6.591,3.919,0,0.0,0.0,0,0.0,0.0,0,0.0,0.0,0,0.0,0.0,2,0.455,0.27,0,0.0,0.0,91.47
23,Jesús Daniel Gallardo,DEF,Mexico,Mexico,5,395,0,0.0,0.0,0,0.0,0.0,4,0.911,0.541,0,0.0,0.0,167,38.051,22.602,140,31.899,18.947,19,4.329,2.571,8,1.823,1.083,6,1.367,0.812,23,5.241,3.113,13,2.962,1.759,26,5.924,3.519,8,1.823,1.083,8,1.823,1.083,9,2.051,1.218,7,1.595,0.947,3,0.684,0.406,0,0.0,0.0,83.83
917,Alexander Sorloth,FWD,Norway,Norway,5,395,0,0.0,0.0,0,0.0,0.0,5,1.139,0.677,0,0.0,0.0,110,25.063,14.887,88,20.051,11.91,5,1.139,0.677,8,1.823,1.083,2,0.456,0.271,3,0.684,0.406,2,0.456,0.271,5,1.139,0.677,15,3.418,2.03,14,3.19,1.895,14,3.19,1.895,6,1.367,0.812,2,0.456,0.271,2,0.456,0.271,80.0
521,Bart Verbruggen,GK,Netherlands,Netherlands,4,394,0,0.0,0.0,0,0.0,0.0,0,0.0,0.0,0,0.0,0.0,123,28.096,16.672,89,20.33,12.063,0,0.0,0.0,0,0.0,0.0,0,0.0,0.0,0,0.0,0.0,0,0.0,0.0,21,4.797,2.846,0,0.0,0.0,0,0.0,0.0,0,0.0,0.0,0,0.0,0.0,0,0.0,0.0,0,0.0,0.0,72.36
524,Virgil Van Dijk,DEF,Netherlands,Netherlands,4,394,1,0.228,0.136,0,0.0,0.0,2,0.457,0.271,2,0.457,0.271,347,79.264,47.033,330,75.381,44.729,0,0.0,0.0,3,0.685,0.407,11,2.513,1.491,26,5.939,3.524,4,0.914,0.542,23,5.254,3.117,15,3.426,2.033,14,3.198,1.898,3,0.685,0.407,2,0.457,0.271,2,0.457,0.271,0,0.0,0.0,95.1
526,Paul Jan-Paul Van Hecke,DEF,Netherlands,Netherlands,4,394,1,0.228,0.136,0,0.0,0.0,3,0.685,0.407,2,0.457,0.271,360,82.234,48.795,335,76.523,45.407,1,0.228,0.136,14,3.198,1.898,3,0.685,0.407,21,4.797,2.846,9,2.056,1.22,25,5.711,3.389,18,4.112,2.44,18,4.112,2.44,3,0.685,0.407,4,0.914,0.542,2,0.457,0.271,0,0.0,0.0,93.06
542,Denzel Justus Morris Dumfries,DEF,Netherlands,Netherlands,4,394,0,0.0,0.0,2,0.457,0.271,5,1.142,0.678,2,0.457,0.271,179,40.888,24.262,147,33.579,19.925,17,3.883,2.304,8,1.827,1.084,0,0.0,0.0,11,2.513,1.491,11,2.513,1.491,12,2.741,1.627,12,2.741,1.627,12,2.741,1.627,7,1.599,0.949,6,1.371,0.813,3,0.685,0.407,1,0.228,0.136,82.12
844,Bradley Jean-Manuel Essolisa Barcola,FWD,France,France,8,394,3,0.685,0.407,0,0.0,0.0,10,2.284,1.355,5,1.142,0.678,117,26.726,15.858,106,24.213,14.367,7,1.599,0.949,17,3.883,2.304,4,0.914,0.542,3,0.685,0.407,9,2.056,1.22,9,2.056,1.22,7,1.599,0.949,7,1.599,0.949,30,6.853,4.066,5,1.142,0.678,1,0.228,0.136,1,0.228,0.136,90.6
369,Jordan Jacob Bos,DEF,Australia,Australia,4,392,0,0.0,0.0,0,0.0,0.0,5,1.148,0.68,2,0.459,0.272,107,24.566,14.547,94,21.582,12.779,8,1.837,1.088,11,2.526,1.495,2,0.459,0.272,5,1.148,0.68,7,1.607,0.952,9,2.066,1.224,7,1.607,0.952,7,1.607,0.952,19,4.362,2.583,4,0.918,0.544,4,0.918,0.544,0,0.0,0.0,87.85
655,Abdelaziz Moustafa Ramy Rabia,DEF,Egypt,Egypt,5,391,0,0.0,0.0,0,0.0,0.0,1,0.23,0.136,1,0.23,0.136,244,56.164,33.222,224,51.56,30.499,0,0.0,0.0,15,3.453,2.042,5,1.151,0.681,24,5.524,3.268,10,2.302,1.362,21,4.834,2.859,14,3.223,1.906,14,3.223,1.906,8,1.841,1.089,3,0.691,0.408,2,0.46,0.272,0,0.0,0.0,91.8
1151,Bukayo Ayoyinka Saka,FWD,England,England,7,387,3,0.698,0.411,3,0.698,0.411,13,3.023,1.781,7,1.628,0.959,101,23.488,13.836,81,18.837,11.096,23,5.349,3.151,16,3.721,2.192,0,0.0,0.0,1,0.233,0.137,10,2.326,1.37,12,2.791,1.644,1,0.233,0.137,1,0.233,0.137,21,4.884,2.877,4,0.93,0.548,9,2.093,1.233,4,0.93,0.548,80.2
631,Kevin De Bruyne,MID,Belgium,Belgium,5,386,1,0.233,0.137,0,0.0,0.0,20,4.663,2.744,5,1.166,0.686,185,43.135,25.381,153,35.674,20.991,21,4.896,2.881,10,2.332,1.372,0,0.0,0.0,1,0.233,0.137,6,1.399,0.823,5,1.166,0.686,4,0.933,0.549,4,0.933,0.549,13,3.031,1.784,2,0.466,0.274,4,0.933,0.549,0,0.0,0.0,82.7
989,Alexander Schlager,GK,Austria,Austria,4,386,0,0.0,0.0,0,0.0,0.0,0,0.0,0.0,0,0.0,0.0,123,28.679,16.875,106,24.715,14.543,0,0.0,0.0,0,0.0,0.0,1,0.233,0.137,2,0.466,0.274,0,0.0,0.0,19,4.43,2.607,0,0.0,0.0,0,0.0,0.0,0,0.0,0.0,0,0.0,0.0,1,0.233,0.137,0,0.0,0.0,86.18
994,Nicolas Seiwald,MID,Austria,Austria,4,386,0,0.0,0.0,1,0.233,0.137,3,0.699,0.412,0,0.0,0.0,153,35.674,20.991,141,32.876,19.345,3,0.699,0.412,18,4.197,2.47,3,0.699,0.412,7,1.632,0.96,5,1.166,0.686,15,3.497,2.058,3,0.699,0.412,3,0.699,0.412,3,0.699,0.412,1,0.233,0.137,1,0.233,0.137,0,0.0,0.0,92.16
997,Marcel Sabitzer,MID,Austria,Austria,4,386,1,0.233,0.137,0,0.0,0.0,5,1.166,0.686,2,0.466,0.274,126,29.378,17.287,94,21.917,12.896,30,6.995,4.116,11,2.565,1.509,1,0.233,0.137,4,0.933,0.549,5,1.166,0.686,6,1.399,0.823,1,0.233,0.137,1,0.233,0.137,6,1.399,0.823,2,0.466,0.274,3,0.699,0.412,1,0.233,0.137,74.6
1008,Konrad Laimer,MID,Austria,Austria,4,386,0,0.0,0.0,0,0.0,0.0,1,0.233,0.137,0,0.0,0.0,150,34.974,20.579,130,30.311,17.835,7,1.632,0.96,20,4.663,2.744,5,1.166,0.686,2,0.466,0.274,8,1.865,1.098,14,3.264,1.921,0,0.0,0.0,0,0.0,0.0,7,1.632,0.96,6,1.399,0.823,3,0.699,0.412,3,0.699,0.412,86.67
108,Luc De Fougerolles,DEF,Canada,Canada,5,385,0,0.0,0.0,0,0.0,0.0,3,0.701,0.412,1,0.234,0.137,191,44.649,26.244,170,39.74,23.359,1,0.234,0.137,12,2.805,1.649,4,0.935,0.55,30,7.013,4.122,6,1.403,0.824,43,10.052,5.908,19,4.442,2.611,17,3.974,2.336,8,1.87,1.099,8,1.87,1.099,8,1.87,1.099,0,0.0,0.0,89.01
240,Ayyoub Bouaddi,MID,Morocco,Morocco,5,384,0,0.0,0.0,0,0.0,0.0,3,0.703,0.413,0,0.0,0.0,264,61.875,36.33,237,55.547,32.615,0,0.0,0.0,18,4.219,2.477,8,1.875,1.101,6,1.406,0.826,10,2.344,1.376,18,4.219,2.477,2,0.469,0.275,2,0.469,0.275,14,3.281,1.927,3,0.703,0.413,6,1.406,0.826,0,0.0,0.0,89.77
245,Ismael Saibari,MID,Morocco,Morocco,5,384,3,0.703,0.413,0,0.0,0.0,10,2.344,1.376,3,0.703,0.413,95,22.266,13.073,80,18.75,11.009,7,1.641,0.963,11,2.578,1.514,1,0.234,0.138,3,0.703,0.413,3,0.703,0.413,7,1.641,0.963,7,1.641,0.963,6,1.406,0.826,11,2.578,1.514,8,1.875,1.101,3,0.703,0.413,3,0.703,0.413,84.21
1129,Jhon Adolfo Arias,MID,Colombia,Colombia,5,384,1,0.234,0.138,0,0.0,0.0,9,2.109,1.239,4,0.938,0.55,240,56.25,33.028,227,53.203,31.239,6,1.406,0.826,23,5.391,3.165,3,0.703,0.413,2,0.469,0.275,8,1.875,1.101,18,4.219,2.477,2,0.469,0.275,1,0.234,0.138,21,4.922,2.89,5,1.172,0.688,2,0.469,0.275,0,0.0,0.0,94.58
3,César Jasib Montes,DEF,Mexico,Mexico,4,383,0,0.0,0.0,0,0.0,0.0,1,0.235,0.138,1,0.235,0.138,170,39.948,23.43,156,36.658,21.501,2,0.47,0.276,3,0.705,0.413,1,0.235,0.138,31,7.285,4.273,4,0.94,0.551,18,4.23,2.481,10,2.35,1.378,10,2.35,1.378,1,0.235,0.138,4,0.94,0.551,3,0.705,0.413,0,0.0,0.0,91.76
336,Matthew Andrew Geary Freese,GK,USA,USA,4,382,0,0.0,0.0,0,0.0,0.0,0,0.0,0.0,0,0.0,0.0,95,22.382,13.113,63,14.843,8.696,0,0.0,0.0,0,0.0,0.0,0,0.0,0.0,0,0.0,0.0,0,0.0,0.0,23,5.419,3.175,0,0.0,0.0,0,0.0,0.0,0,0.0,0.0,0,0.0,0.0,2,0.471,0.276,0,0.0,0.0,66.32
315,Christopher Jeffrey Richards,DEF,USA,USA,4,382,0,0.0,0.0,0,0.0,0.0,1,0.236,0.138,0,0.0,0.0,291,68.56,40.169,277,65.262,38.236,0,0.0,0.0,7,1.649,0.966,3,0.707,0.414,27,6.361,3.727,13,3.063,1.794,29,6.832,4.003,19,4.476,2.623,17,4.005,2.347,2,0.471,0.276,8,1.885,1.104,3,0.707,0.414,0,0.0,0.0,95.19
325,Timothy Michael Ream,DEF,USA,USA,4,382,0,0.0,0.0,0,0.0,0.0,0,0.0,0.0,0,0.0,0.0,298,70.209,41.135,281,66.204,38.788,0,0.0,0.0,5,1.178,0.69,6,1.414,0.828,26,6.126,3.589,11,2.592,1.518,18,4.241,2.485,4,0.942,0.552,4,0.942,0.552,5,1.178,0.69,0,0.0,0.0,2,0.471,0.276,0,0.0,0.0,94.3
1063,Vitor Vitinha,MID,Portugal,Portugal,5,381,0,0.0,0.0,1,0.236,0.138,4,0.945,0.553,0,0.0,0.0,403,95.197,55.714,379,89.528,52.396,0,0.0,0.0,12,2.835,1.659,6,1.417,0.829,3,0.709,0.415,1,0.236,0.138,6,1.417,0.829,1,0.236,0.138,1,0.236,0.138,15,3.543,2.074,4,0.945,0.553,5,1.181,0.691,0,0.0,0.0,94.04
121,Tajon Trevor Buchanan,FWD,Canada,Canada,5,380,0,0.0,0.0,0,0.0,0.0,6,1.421,0.831,3,0.711,0.415,95,22.5,13.154,76,18.0,10.523,17,4.026,2.354,20,4.737,2.769,1,0.237,0.138,2,0.474,0.277,10,2.368,1.385,8,1.895,1.108,1,0.237,0.138,1,0.237,0.138,23,5.447,3.185,5,1.184,0.692,8,1.895,1.108,2,0.474,0.277,80.0
1043,Rúben Ruben Dias,DEF,Portugal,Portugal,4,380,0,0.0,0.0,0,0.0,0.0,0,0.0,0.0,0,0.0,0.0,249,58.974,34.477,233,55.184,32.262,0,0.0,0.0,7,1.658,0.969,3,0.711,0.415,23,5.447,3.185,9,2.132,1.246,26,6.158,3.6,16,3.789,2.215,14,3.316,1.938,2,0.474,0.277,6,1.421,0.831,3,0.711,0.415,0,0.0,0.0,93.57
5,Johan Felipe Vasquez,DEF,Mexico,Mexico,4,379,0,0.0,0.0,0,0.0,0.0,1,0.237,0.139,0,0.0,0.0,237,56.28,32.866,221,52.48,30.647,0,0.0,0.0,6,1.425,0.832,1,0.237,0.139,25,5.937,3.467,6,1.425,0.832,18,4.274,2.496,13,3.087,1.803,12,2.85,1.664,6,1.425,0.832,0,0.0,0.0,2,0.475,0.277,0,0.0,0.0,93.25
667,Mostafa Ahmed Mohanad Lashin,MID,Egypt,Egypt,4,379,0,0.0,0.0,0,0.0,0.0,2,0.475,0.277,0,0.0,0.0,191,45.356,26.487,169,40.132,23.436,2,0.475,0.277,33,7.836,4.576,2,0.475,0.277,6,1.425,0.832,20,4.749,2.773,22,5.224,3.051,5,1.187,0.693,5,1.187,0.693,4,0.95,0.555,5,1.187,0.693,3,0.712,0.416,0,0.0,0.0,88.48
930,Antonio Eromonsele Nordby Nusa,FWD,Norway,Norway,6,379,1,0.237,0.139,0,0.0,0.0,6,1.425,0.832,2,0.475,0.277,83,19.71,11.51,62,14.723,8.598,7,1.662,0.971,7,1.662,0.971,1,0.237,0.139,4,0.95,0.555,5,1.187,0.693,4,0.95,0.555,1,0.237,0.139,1,0.237,0.139,38,9.024,5.27,1,0.237,0.139,5,1.187,0.693,2,0.475,0.277,74.7
329,Malik Leon Tillman,MID,USA,USA,5,378,2,0.476,0.278,1,0.238,0.139,8,1.905,1.111,4,0.952,0.556,163,38.81,22.639,129,30.714,17.917,15,3.571,2.083,17,4.048,2.361,6,1.429,0.833,5,1.19,0.694,14,3.333,1.944,20,4.762,2.778,6,1.429,0.833,5,1.19,0.694,22,5.238,3.056,3,0.714,0.417,13,3.095,1.806,0,0.0,0.0,79.14
420,Jonathan Glao Tah,DEF,Germany,Germany,4,378,0,0.0,0.0,0,0.0,0.0,1,0.238,0.139,1,0.238,0.139,375,89.286,52.083,364,86.667,50.556,1,0.238,0.139,6,1.429,0.833,1,0.238,0.139,13,3.095,1.806,10,2.381,1.389,19,4.524,2.639,4,0.952,0.556,2,0.476,0.278,4,0.952,0.556,5,1.19,0.694,1,0.238,0.139,0,0.0,0.0,97.07
1210,Gideon Mensah,DEF,Ghana,Ghana,4,378,0,0.0,0.0,0,0.0,0.0,0,0.0,0.0,0,0.0,0.0,182,43.333,25.278,156,37.143,21.667,3,0.714,0.417,14,3.333,1.944,7,1.667,0.972,23,5.476,3.194,7,1.667,0.972,20,4.762,2.778,6,1.429,0.833,6,1.429,0.833,3,0.714,0.417,2,0.476,0.278,3,0.714,0.417,0,0.0,0.0,85.71
1207,Antoine Serlom Semenyo,MID,Ghana,Ghana,4,378,0,0.0,0.0,0,0.0,0.0,6,1.429,0.833,0,0.0,0.0,68,16.19,9.444,52,12.381,7.222,5,1.19,0.694,11,2.619,1.528,0,0.0,0.0,0,0.0,0.0,3,0.714,0.417,9,2.143,1.25,7,1.667,0.972,7,1.667,0.972,18,4.286,2.5,6,1.429,0.833,4,0.952,0.556,4,0.952,0.556,76.47
131,Nikola Vasilj,GK,Bosnia and Herzegovina,Bosnia and Herzegovina,4,375,0,0.0,0.0,0,0.0,0.0,0,0.0,0.0,0,0.0,0.0,155,37.2,21.628,94,22.56,13.116,0,0.0,0.0,0,0.0,0.0,0,0.0,0.0,3,0.72,0.419,0,0.0,0.0,30,7.2,4.186,0,0.0,0.0,0,0.0,0.0,0,0.0,0.0,0,0.0,0.0,0,0.0,0.0,0,0.0,0.0,60.65
661,Mohamed Zaky Mostafa Zico,MID,Egypt,Egypt,5,375,2,0.48,0.279,1,0.24,0.14,8,1.92,1.116,3,0.72,0.419,83,19.92,11.581,57,13.68,7.953,2,0.48,0.279,23,5.52,3.209,2,0.48,0.279,8,1.92,1.116,7,1.68,0.977,9,2.16,1.256,5,1.2,0.698,5,1.2,0.698,4,0.96,0.558,6,1.44,0.837,5,1.2,0.698,2,0.48,0.279,68.67
876,Ismaila Sarr,FWD,Senegal,Senegal,4,374,4,0.963,0.559,1,0.241,0.14,17,4.091,2.376,6,1.444,0.839,73,17.567,10.202,57,13.717,7.966,2,0.481,0.28,4,0.963,0.559,3,0.722,0.419,3,0.722,0.419,4,0.963,0.559,7,1.684,0.978,9,2.166,1.258,9,2.166,1.258,13,3.128,1.817,1,0.241,0.14,9,2.166,1.258,2,0.481,0.28,78.08
1171,Dominik Livakovic,GK,Croatia,Croatia,4,374,0,0.0,0.0,0,0.0,0.0,0,0.0,0.0,0,0.0,0.0,129,31.043,18.028,95,22.861,13.276,0,0.0,0.0,0,0.0,0.0,0,0.0,0.0,0,0.0,0.0,0,0.0,0.0,23,5.535,3.214,0,0.0,0.0,0,0.0,0.0,0,0.0,0.0,0,0.0,0.0,1,0.241,0.14,0,0.0,0.0,73.64
1172,Josip Stanisic,DEF,Croatia,Croatia,4,374,0,0.0,0.0,2,0.481,0.28,0,0.0,0.0,0,0.0,0.0,162,38.984,22.64,140,33.69,19.565,5,1.203,0.699,10,2.406,1.398,4,0.963,0.559,14,3.369,1.957,9,2.166,1.258,12,2.888,1.677,6,1.444,0.839,6,1.444,0.839,3,0.722,0.419,0,0.0,0.0,4,0.963,0.559,1,0.241,0.14,86.42
1176,Josip Sutalo,DEF,Croatia,Croatia,4,374,0,0.0,0.0,0,0.0,0.0,1,0.241,0.14,0,0.0,0.0,267,64.251,37.314,241,57.995,33.68,0,0.0,0.0,5,1.203,0.699,7,1.684,0.978,19,4.572,2.655,8,1.925,1.118,17,4.091,2.376,8,1.925,1.118,8,1.925,1.118,7,1.684,0.978,2,0.481,0.28,1,0.241,0.14,0,0.0,0.0,90.26
1184,Ivan Perisic,FWD,Croatia,Croatia,4,374,1,0.241,0.14,0,0.0,0.0,2,0.481,0.28,2,0.481,0.28,150,36.096,20.963,132,31.765,18.447,19,4.572,2.655,11,2.647,1.537,1,0.241,0.14,14,3.369,1.957,12,2.888,1.677,12,2.888,1.677,8,1.925,1.118,8,1.925,1.118,5,1.203,0.699,4,0.963,0.559,1,0.241,0.14,0,0.0,0.0,88.0
868,Sadio Mane,FWD,Senegal,Senegal,4,372,0,0.0,0.0,1,0.242,0.14,6,1.452,0.841,3,0.726,0.421,129,31.21,18.084,106,25.645,14.86,22,5.323,3.084,9,2.177,1.262,2,0.484,0.28,1,0.242,0.14,7,1.694,0.981,11,2.661,1.542,4,0.968,0.561,4,0.968,0.561,30,7.258,4.206,4,0.968,0.561,10,2.419,1.402,3,0.726,0.421,82.17
531,Cody Mathès Gakpo,FWD,Netherlands,Netherlands,4,371,3,0.728,0.421,1,0.243,0.14,10,2.426,1.404,6,1.456,0.842,100,24.259,14.041,79,19.164,11.092,10,2.426,1.404,4,0.97,0.562,1,0.243,0.14,3,0.728,0.421,4,0.97,0.562,4,0.97,0.562,8,1.941,1.123,8,1.941,1.123,15,3.639,2.106,3,0.728,0.421,3,0.728,0.421,3,0.728,0.421,79.0
495,Hernán Ismael Galindez,GK,Ecuador,Ecuador,4,370,0,0.0,0.0,0,0.0,0.0,0,0.0,0.0,0,0.0,0.0,105,25.541,14.766,70,17.027,9.844,0,0.0,0.0,0,0.0,0.0,0,0.0,0.0,1,0.243,0.141,0,0.0,0.0,18,4.378,2.531,0,0.0,0.0,0,0.0,0.0,0,0.0,0.0,0,0.0,0.0,0,0.0,0.0,0,0.0,0.0,66.67
500,Willian Joel Pacho,DEF,Ecuador,Ecuador,4,370,0,0.0,0.0,0,0.0,0.0,1,0.243,0.141,1,0.243,0.141,238,57.892,33.469,217,52.784,30.516,0,0.0,0.0,7,1.703,0.984,3,0.73,0.422,16,3.892,2.25,13,3.162,1.828,29,7.054,4.078,13,3.162,1.828,12,2.919,1.688,6,1.459,0.844,3,0.73,0.422,2,0.486,0.281,0,0.0,0.0,91.18
509,Pedro Jeampierre Vite,MID,Ecuador,Ecuador,4,370,0,0.0,0.0,1,0.243,0.141,4,0.973,0.562,1,0.243,0.141,297,72.243,41.766,269,65.432,37.828,7,1.703,0.984,26,6.324,3.656,5,1.216,0.703,6,1.459,0.844,5,1.216,0.703,22,5.351,3.094,5,1.216,0.703,5,1.216,0.703,5,1.216,0.703,2,0.486,0.281,5,1.216,0.703,0,0.0,0.0,90.57
517,Moisés Isaac Caicedo,MID,Ecuador,Ecuador,4,370,0,0.0,0.0,1,0.243,0.141,4,0.973,0.562,1,0.243,0.141,295,71.757,41.484,264,64.216,37.125,16,3.892,2.25,18,4.378,2.531,3,0.73,0.422,9,2.189,1.266,10,2.432,1.406,22,5.351,3.094,4,0.973,0.562,3,0.73,0.422,4,0.973,0.562,5,1.216,0.703,4,0.973,0.562,0,0.0,0.0,89.49
513,Gonzalo Jordy Plata,FWD,Ecuador,Ecuador,4,370,1,0.243,0.141,0,0.0,0.0,8,1.946,1.125,5,1.216,0.703,147,35.757,20.672,118,28.703,16.594,9,2.189,1.266,11,2.676,1.547,2,0.486,0.281,1,0.243,0.141,9,2.189,1.266,12,2.919,1.688,3,0.73,0.422,3,0.73,0.422,23,5.595,3.234,5,1.216,0.703,4,0.973,0.562,0,0.0,0.0,80.27
840,Aurélien Djani Tchouameni,MID,France,France,4,370,0,0.0,0.0,1,0.243,0.141,3,0.73,0.422,0,0.0,0.0,254,61.784,35.719,239,58.135,33.609,2,0.486,0.281,24,5.838,3.375,3,0.73,0.422,11,2.676,1.547,13,3.162,1.828,23,5.595,3.234,9,2.189,1.266,9,2.189,1.266,1,0.243,0.141,4,0.973,0.562,3,0.73,0.422,0,0.0,0.0,94.09
574,Gustaf Johan Lagerbielke,DEF,Sweden,Sweden,4,369,0,0.0,0.0,0,0.0,0.0,3,0.732,0.423,1,0.244,0.141,206,50.244,29.014,173,42.195,24.366,1,0.244,0.141,13,3.171,1.831,2,0.488,0.282,29,7.073,4.085,9,2.195,1.268,26,6.341,3.662,11,2.683,1.549,10,2.439,1.408,2,0.488,0.282,1,0.244,0.141,3,0.732,0.423,1,0.244,0.141,83.98
589,Viktor Einar Gyokeres,FWD,Sweden,Sweden,4,369,1,0.244,0.141,1,0.244,0.141,12,2.927,1.69,6,1.463,0.845,70,17.073,9.859,48,11.707,6.761,1,0.244,0.141,4,0.976,0.563,0,0.0,0.0,4,0.976,0.563,4,0.976,0.563,3,0.732,0.423,11,2.683,1.549,6,1.463,0.845,4,0.976,0.563,4,0.976,0.563,7,1.707,0.986,1,0.244,0.141,68.57
547,Zion Suzuki,GK,Japan,Japan,4,368,0,0.0,0.0,0,0.0,0.0,0,0.0,0.0,0,0.0,0.0,109,26.658,15.376,76,18.587,10.721,0,0.0,0.0,0,0.0,0.0,0,0.0,0.0,2,0.489,0.282,0,0.0,0.0,24,5.87,3.386,0,0.0,0.0,0,0.0,0.0,0,0.0,0.0,0,0.0,0.0,1,0.245,0.141,0,0.0,0.0,69.72
567,Hiroki Ito,DEF,Japan,Japan,4,368,0,0.0,0.0,0,0.0,0.0,1,0.245,0.141,0,0.0,0.0,199,48.668,28.072,178,43.533,25.11,10,2.446,1.411,15,3.668,2.116,2,0.489,0.282,22,5.38,3.103,8,1.957,1.129,16,3.913,2.257,6,1.467,0.846,6,1.467,0.846,2,0.489,0.282,7,1.712,0.987,0,0.0,0.0,0,0.0,0.0,89.45
1067,Lionel Nzau Mpasi,GK,Congo DR,Congo DR,4,368,0,0.0,0.0,0,0.0,0.0,0,0.0,0.0,0,0.0,0.0,139,33.995,19.608,94,22.989,13.26,0,0.0,0.0,0,0.0,0.0,0,0.0,0.0,1,0.245,0.141,0,0.0,0.0,23,5.625,3.245,0,0.0,0.0,0,0.0,0.0,0,0.0,0.0,0,0.0,0.0,0,0.0,0.0,0,0.0,0.0,67.63
1070,Axel Tuanzebe,DEF,Congo DR,Congo DR,4,368,0,0.0,0.0,0,0.0,0.0,0,0.0,0.0,0,0.0,0.0,155,37.908,21.865,140,34.239,19.749,0,0.0,0.0,5,1.223,0.705,4,0.978,0.564,24,5.87,3.386,9,2.201,1.27,16,3.913,2.257,3,0.734,0.423,3,0.734,0.423,5,1.223,0.705,3,0.734,0.423,3,0.734,0.423,0,0.0,0.0,90.32
1088,Mangulu Chancel Mbemba,DEF,Congo DR,Congo DR,4,368,0,0.0,0.0,0,0.0,0.0,1,0.245,0.141,0,0.0,0.0,162,39.62,22.853,130,31.793,18.339,4,0.978,0.564,6,1.467,0.846,3,0.734,0.423,23,5.625,3.245,9,2.201,1.27,19,4.647,2.68,6,1.467,0.846,6,1.467,0.846,5,1.223,0.705,1,0.245,0.141,3,0.734,0.423,0,0.0,0.0,80.25
1086,Yoane Wissa,FWD,Congo DR,Congo DR,4,368,3,0.734,0.423,0,0.0,0.0,11,2.69,1.552,3,0.734,0.423,69,16.875,9.734,60,14.674,8.464,2,0.489,0.282,1,0.245,0.141,0,0.0,0.0,2,0.489,0.282,4,0.978,0.564,6,1.467,0.846,6,1.467,0.846,6,1.467,0.846,8,1.957,1.129,5,1.223,0.705,9,2.201,1.27,1,0.245,0.141,86.96
117,Derek Austin Cornelius,DEF,Canada,Canada,4,367,0,0.0,0.0,0,0.0,0.0,5,1.226,0.706,1,0.245,0.141,170,41.689,24.019,151,37.03,21.334,1,0.245,0.141,9,2.207,1.272,3,0.736,0.424,26,6.376,3.673,9,2.207,1.272,32,7.847,4.521,18,4.414,2.543,18,4.414,2.543,0,0.0,0.0,4,0.981,0.565,3,0.736,0.424,0,0.0,0.0,88.82
433,Florian Richard Wirtz,MID,Germany,Germany,4,367,0,0.0,0.0,3,0.736,0.424,10,2.452,1.413,1,0.245,0.141,271,66.458,38.289,223,54.687,31.507,12,2.943,1.695,14,3.433,1.978,1,0.245,0.141,1,0.245,0.141,10,2.452,1.413,14,3.433,1.978,2,0.49,0.283,2,0.49,0.283,25,6.131,3.532,1,0.245,0.141,3,0.736,0.424,1,0.245,0.141,82.29
469,Yahia Fofana,GK,Côte d'Ivoire,Côte d'Ivoire,4,367,0,0.0,0.0,0,0.0,0.0,0,0.0,0.0,0,0.0,0.0,114,27.956,16.107,74,18.147,10.455,0,0.0,0.0,0,0.0,0.0,0,0.0,0.0,0,0.0,0.0,0,0.0,0.0,26,6.376,3.673,0,0.0,0.0,0,0.0,0.0,0,0.0,0.0,0,0.0,0.0,3,0.736,0.424,0,0.0,0.0,64.91
924,Fredrik Aursnes,MID,Norway,Norway,6,367,0,0.0,0.0,0,0.0,0.0,2,0.49,0.283,0,0.0,0.0,178,43.651,25.149,158,38.747,22.323,4,0.981,0.565,23,5.64,3.25,3,0.736,0.424,12,2.943,1.695,4,0.981,0.565,16,3.924,2.261,6,1.471,0.848,6,1.471,0.848,4,0.981,0.565,5,1.226,0.706,3,0.736,0.424,0,0.0,0.0,88.76
964,Aissa Mandi,DEF,Algeria,Algeria,4,367,0,0.0,0.0,0,0.0,0.0,0,0.0,0.0,0,0.0,0.0,382,93.678,53.972,357,87.548,50.44,0,0.0,0.0,4,0.981,0.565,1,0.245,0.141,23,5.64,3.25,5,1.226,0.706,18,4.414,2.543,7,1.717,0.989,7,1.717,0.989,4,0.981,0.565,0,0.0,0.0,5,1.226,0.706,0,0.0,0.0,93.46
983,Selmane Rami Bensebaini,DEF,Algeria,Algeria,4,367,0,0.0,0.0,0,0.0,0.0,2,0.49,0.283,0,0.0,0.0,385,94.414,54.396,359,88.038,50.722,0,0.0,0.0,10,2.452,1.413,8,1.962,1.13,13,3.188,1.837,11,2.698,1.554,23,5.64,3.25,10,2.452,1.413,9,2.207,1.272,6,1.471,0.848,1,0.245,0.141,5,1.226,0.706,0,0.0,0.0,93.25
972,Fares Chaibi,MID,Algeria,Algeria,4,367,0,0.0,0.0,0,0.0,0.0,9,2.207,1.272,3,0.736,0.424,244,59.837,34.474,220,53.951,31.083,7,1.717,0.989,11,2.698,1.554,0,0.0,0.0,5,1.226,0.706,11,2.698,1.554,9,2.207,1.272,6,1.471,0.848,4,0.981,0.565,10,2.452,1.413,3,0.736,0.424,2,0.49,0.283,1,0.245,0.141,90.16
575,Victor Jörgen Lindelof,DEF,Sweden,Sweden,4,366,0,0.0,0.0,0,0.0,0.0,2,0.492,0.283,0,0.0,0.0,200,49.18,28.302,190,46.721,26.887,0,0.0,0.0,5,1.23,0.708,2,0.492,0.283,18,4.426,2.547,3,0.738,0.425,15,3.689,2.123,6,1.475,0.849,5,1.23,0.708,6,1.475,0.849,3,0.738,0.425,0,0.0,0.0,0,0.0,0.0,95.0
863,Idrissa Gana Gueye,MID,Senegal,Senegal,4,366,0,0.0,0.0,0,0.0,0.0,5,1.23,0.708,1,0.246,0.142,270,66.393,38.208,243,59.754,34.387,1,0.246,0.142,12,2.951,1.698,2,0.492,0.283,4,0.984,0.566,7,1.721,0.991,15,3.689,2.123,4,0.984,0.566,4,0.984,0.566,5,1.23,0.708,2,0.492,0.283,2,0.492,0.283,0,0.0,0.0,90.0
317,Antonee Robinson,DEF,USA,USA,4,365,0,0.0,0.0,0,0.0,0.0,0,0.0,0.0,0,0.0,0.0,221,54.493,31.323,181,44.63,25.654,18,4.438,2.551,22,5.425,3.118,5,1.233,0.709,15,3.699,2.126,8,1.973,1.134,20,4.932,2.835,6,1.479,0.85,5,1.233,0.709,20,4.932,2.835,4,0.986,0.567,1,0.247,0.142,0,0.0,0.0,81.9
27,Ronwen Hayden Williams,GK,South Africa,South Africa,4,364,0,0.0,0.0,0,0.0,0.0,0,0.0,0.0,0,0.0,0.0,237,58.599,33.644,179,44.258,25.41,0,0.0,0.0,0,0.0,0.0,1,0.247,0.142,1,0.247,0.142,0,0.0,0.0,20,4.945,2.839,0,0.0,0.0,0,0.0,0.0,0,0.0,0.0,0,0.0,0.0,0,0.0,0.0,0,0.0,0.0,75.53
40,Mbekezeli Mfanufikile Mbokazi,DEF,South Africa,South Africa,4,364,0,0.0,0.0,0,0.0,0.0,4,0.989,0.568,1,0.247,0.142,213,52.665,30.237,185,45.742,26.262,2,0.495,0.284,17,4.203,2.413,9,2.225,1.278,21,5.192,2.981,6,1.484,0.852,22,5.44,3.123,7,1.731,0.994,7,1.731,0.994,10,2.473,1.42,3,0.742,0.426,5,1.236,0.71,1,0.247,0.142,86.85
46,Khuliso Johnson Mudau,DEF,South Africa,South Africa,4,364,0,0.0,0.0,0,0.0,0.0,0,0.0,0.0,0,0.0,0.0,187,46.236,26.546,168,41.538,23.849,5,1.236,0.71,12,2.967,1.703,8,1.978,1.136,19,4.698,2.697,10,2.473,1.42,19,4.698,2.697,0,0.0,0.0,0,0.0,0.0,11,2.72,1.562,4,0.989,0.568,10,2.473,1.42,1,0.247,0.142,89.84
47,Ime Daniel Okon,DEF,South Africa,South Africa,4,364,0,0.0,0.0,0,0.0,0.0,1,0.247,0.142,0,0.0,0.0,280,69.231,39.748,257,63.544,36.483,0,0.0,0.0,3,0.742,0.426,3,0.742,0.426,18,4.451,2.555,7,1.731,0.994,24,5.934,3.407,10,2.473,1.42,10,2.473,1.42,4,0.989,0.568,1,0.247,0.142,0,0.0,0.0,0,0.0,0.0,91.79
188,Denis Lemi Zakaria,MID,Switzerland,Switzerland,4,364,0,0.0,0.0,0,0.0,0.0,5,1.236,0.71,2,0.495,0.284,185,45.742,26.262,160,39.56,22.713,14,3.462,1.987,11,2.72,1.562,9,2.225,1.278,7,1.731,0.994,9,2.225,1.278,23,5.687,3.265,6,1.484,0.852,4,0.989,0.568,12,2.967,1.703,4,0.989,0.568,0,0.0,0.0,1,0.247,0.142,86.49
6,Erik Antonio Lira,MID,Mexico,Mexico,4,363,0,0.0,0.0,1,0.248,0.142,0,0.0,0.0,0,0.0,0.0,199,49.339,28.294,182,45.124,25.877,2,0.496,0.284,13,3.223,1.848,4,0.992,0.569,5,1.24,0.711,7,1.736,0.995,13,3.223,1.848,2,0.496,0.284,1,0.248,0.142,4,0.992,0.569,3,0.744,0.427,4,0.992,0.569,0,0.0,0.0,91.46
140,Ermedin Demirovic,FWD,Bosnia and Herzegovina,Bosnia and Herzegovina,4,363,0,0.0,0.0,0,0.0,0.0,4,0.992,0.569,4,0.992,0.569,39,9.669,5.545,29,7.19,4.123,0,0.0,0.0,6,1.488,0.853,0,0.0,0.0,7,1.736,0.995,6,1.488,0.853,4,0.992,0.569,11,2.727,1.564,10,2.479,1.422,5,1.24,0.711,11,2.727,1.564,3,0.744,0.427,1,0.248,0.142,74.36
581,Alexander Isak,FWD,Sweden,Sweden,4,362,1,0.249,0.142,3,0.746,0.427,8,1.989,1.139,6,1.492,0.854,81,20.138,11.535,65,16.16,9.256,4,0.994,0.57,5,1.243,0.712,0,0.0,0.0,1,0.249,0.142,3,0.746,0.427,5,1.243,0.712,3,0.746,0.427,2,0.497,0.285,7,1.74,0.997,4,0.994,0.57,1,0.249,0.142,5,1.243,0.712,80.25
1164,Azuka Tristan Madueke,FWD,England,England,5,362,0,0.0,0.0,0,0.0,0.0,6,1.492,0.854,1,0.249,0.142,94,23.37,13.386,82,20.387,11.677,22,5.47,3.133,4,0.994,0.57,1,0.249,0.142,1,0.249,0.142,7,1.74,0.997,2,0.497,0.285,2,0.497,0.285,2,0.497,0.285,22,5.47,3.133,2,0.497,0.285,3,0.746,0.427,1,0.249,0.142,87.23
1161,Morgan Elliot Rogers,MID,England,England,7,362,0,0.0,0.0,1,0.249,0.142,3,0.746,0.427,1,0.249,0.142,121,30.083,17.231,102,25.359,14.525,6,1.492,0.854,11,2.735,1.566,0,0.0,0.0,3,0.746,0.427,7,1.74,0.997,7,1.74,0.997,7,1.74,0.997,7,1.74,0.997,13,3.232,1.851,5,1.243,0.712,5,1.243,0.712,2,0.497,0.285,84.3
1128,James David Rodriguez,MID,Colombia,Colombia,5,362,0,0.0,0.0,0,0.0,0.0,6,1.492,0.854,3,0.746,0.427,237,58.923,33.75,199,49.475,28.339,17,4.227,2.421,5,1.243,0.712,0,0.0,0.0,0,0.0,0.0,4,0.994,0.57,3,0.746,0.427,0,0.0,0.0,0,0.0,0.0,3,0.746,0.427,0,0.0,0.0,5,1.243,0.712,0,0.0,0.0,83.97
2,Jorge Eduardo Sanchez,DEF,Mexico,Mexico,4,362,0,0.0,0.0,1,0.249,0.142,1,0.249,0.142,1,0.249,0.142,131,32.569,18.655,121,30.083,17.231,5,1.243,0.712,14,3.481,1.994,1,0.249,0.142,5,1.243,0.712,14,3.481,1.994,12,2.983,1.709,1,0.249,0.142,1,0.249,0.142,8,1.989,1.139,5,1.243,0.712,1,0.249,0.142,1,0.249,0.142,92.37
316,Tyler Shaan Adams,MID,USA,USA,4,361,0,0.0,0.0,0,0.0,0.0,0,0.0,0.0,0,0.0,0.0,231,57.59,32.948,211,52.604,30.095,0,0.0,0.0,16,3.989,2.282,4,0.997,0.571,22,5.485,3.138,6,1.496,0.856,25,6.233,3.566,6,1.496,0.856,5,1.247,0.713,4,0.997,0.571,5,1.247,0.713,6,1.496,0.856,0,0.0,0.0,91.34
1068,Wan Wan-Bissaka,DEF,Congo DR,Congo DR,4,361,0,0.0,0.0,0,0.0,0.0,0,0.0,0.0,0,0.0,0.0,137,34.155,19.54,109,27.175,15.547,7,1.745,0.998,10,2.493,1.426,9,2.244,1.284,29,7.23,4.136,5,1.247,0.713,21,5.235,2.995,4,0.997,0.571,4,0.997,0.571,10,2.493,1.426,1,0.249,0.143,1,0.249,0.143,1,0.249,0.143,79.56
422,Joshua Walter Kimmich,DEF,Germany,Germany,4,359,0,0.0,0.0,2,0.501,0.286,5,1.253,0.715,1,0.251,0.143,368,92.256,52.655,336,84.234,48.076,25,6.267,3.577,12,3.008,1.717,7,1.755,1.002,8,2.006,1.145,8,2.006,1.145,24,6.017,3.434,3,0.752,0.429,3,0.752,0.429,3,0.752,0.429,0,0.0,0.0,7,1.755,1.002,0,0.0,0.0,91.3
984,Ibrahim Maza,MID,Algeria,Algeria,4,359,0,0.0,0.0,0,0.0,0.0,11,2.758,1.574,3,0.752,0.429,141,35.348,20.175,111,27.827,15.882,1,0.251,0.143,11,2.758,1.574,1,0.251,0.143,1,0.251,0.143,4,1.003,0.572,5,1.253,0.715,3,0.752,0.429,3,0.752,0.429,26,6.518,3.72,1,0.251,0.143,5,1.253,0.715,0,0.0,0.0,78.72
423,Kai Lukas Havertz,FWD,Germany,Germany,4,357,3,0.756,0.431,0,0.0,0.0,12,3.025,1.722,7,1.765,1.005,117,29.496,16.794,101,25.462,14.498,3,0.756,0.431,6,1.513,0.861,2,0.504,0.287,2,0.504,0.287,6,1.513,0.861,4,1.008,0.574,16,4.034,2.297,16,4.034,2.297,8,2.017,1.148,3,0.756,0.431,4,1.008,0.574,1,0.252,0.144,86.32
760,Lenini Kevin Pina,MID,Cabo Verde,Cabo Verde,4,357,1,0.252,0.144,0,0.0,0.0,5,1.261,0.718,1,0.252,0.144,156,39.328,22.392,134,33.782,19.234,1,0.252,0.144,21,5.294,3.014,1,0.252,0.144,13,3.277,1.866,12,3.025,1.722,30,7.563,4.306,7,1.765,1.005,7,1.765,1.005,6,1.513,0.861,5,1.261,0.718,3,0.756,0.431,0,0.0,0.0,85.9
314,Sergiño Gianni Dest,DEF,USA,USA,5,354,0,0.0,0.0,1,0.254,0.144,3,0.763,0.433,1,0.254,0.144,102,25.932,14.712,89,22.627,12.837,7,1.78,1.01,4,1.017,0.577,1,0.254,0.144,0,0.0,0.0,7,1.78,1.01,4,1.017,0.577,0,0.0,0.0,0,0.0,0.0,20,5.085,2.885,2,0.508,0.288,4,1.017,0.577,0,0.0,0.0,87.25
476,Franck Yannick Kessie,MID,Côte d'Ivoire,Côte d'Ivoire,4,354,1,0.254,0.144,0,0.0,0.0,4,1.017,0.577,2,0.508,0.288,188,47.797,27.115,165,41.949,23.798,4,1.017,0.577,14,3.559,2.019,0,0.0,0.0,2,0.508,0.288,4,1.017,0.577,7,1.78,1.01,2,0.508,0.288,2,0.508,0.288,5,1.271,0.721,7,1.78,1.01,2,0.508,0.288,1,0.254,0.144,87.77
647,Nicolas Thierry Raskin,MID,Belgium,Belgium,6,354,0,0.0,0.0,0,0.0,0.0,2,0.508,0.288,1,0.254,0.144,230,58.475,33.173,197,50.085,28.413,8,2.034,1.154,18,4.576,2.596,1,0.254,0.144,12,3.051,1.731,11,2.797,1.587,17,4.322,2.452,5,1.271,0.721,5,1.271,0.721,3,0.763,0.433,12,3.051,1.731,3,0.763,0.433,0,0.0,0.0,85.65
439,Felix Kalu Nmecha,MID,Germany,Germany,4,352,1,0.256,0.145,0,0.0,0.0,8,2.045,1.158,3,0.767,0.434,131,33.494,18.955,120,30.682,17.363,2,0.511,0.289,24,6.136,3.473,3,0.767,0.434,8,2.045,1.158,7,1.79,1.013,24,6.136,3.473,5,1.278,0.723,5,1.278,0.723,14,3.58,2.026,3,0.767,0.434,3,0.767,0.434,0,0.0,0.0,91.6
951,Nicolas Ivan Gonzalez,MID,Argentina,Argentina,7,351,0,0.0,0.0,0,0.0,0.0,7,1.795,1.014,1,0.256,0.145,109,27.949,15.797,90,23.077,13.043,9,2.308,1.304,8,2.051,1.159,4,1.026,0.58,13,3.333,1.884,2,0.513,0.29,10,2.564,1.449,13,3.333,1.884,12,3.077,1.739,18,4.615,2.609,4,1.026,0.58,3,0.769,0.435,2,0.513,0.29,82.57
528,Ryan Jiro Gravenberch,MID,Netherlands,Netherlands,4,350,0,0.0,0.0,2,0.514,0.29,5,1.286,0.726,0,0.0,0.0,126,32.4,18.29,111,28.543,16.113,5,1.286,0.726,9,2.314,1.306,5,1.286,0.726,1,0.257,0.145,11,2.829,1.597,13,3.343,1.887,3,0.771,0.435,3,0.771,0.435,12,3.086,1.742,5,1.286,0.726,3,0.771,0.435,0,0.0,0.0,88.1
672,Mohamed Abdelsalam Omar,FWD,Egypt,Egypt,5,350,0,0.0,0.0,0,0.0,0.0,11,2.829,1.597,1,0.257,0.145,77,19.8,11.177,65,16.714,9.435,5,1.286,0.726,3,0.771,0.435,2,0.514,0.29,0,0.0,0.0,4,1.029,0.581,5,1.286,0.726,2,0.514,0.29,1,0.257,0.145,18,4.629,2.613,3,0.771,0.435,8,2.057,1.161,0,0.0,0.0,84.42
993,Stefan Posch,DEF,Austria,Austria,4,350,0,0.0,0.0,0,0.0,0.0,3,0.771,0.435,0,0.0,0.0,132,33.943,19.161,98,25.2,14.226,2,0.514,0.29,22,5.657,3.194,1,0.257,0.145,18,4.629,2.613,13,3.343,1.887,12,3.086,1.742,9,2.314,1.306,9,2.314,1.306,3,0.771,0.435,7,1.8,1.016,3,0.771,0.435,0,0.0,0.0,74.24
32,Aubrey Maphosa Modiba,DEF,South Africa,South Africa,4,348,0,0.0,0.0,0,0.0,0.0,5,1.293,0.728,1,0.259,0.146,139,35.948,20.243,115,29.741,16.748,8,2.069,1.165,15,3.879,2.184,2,0.517,0.291,8,2.069,1.165,11,2.845,1.602,7,1.81,1.019,0,0.0,0.0,0,0.0,0.0,6,1.552,0.874,4,1.034,0.583,6,1.552,0.874,2,0.517,0.291,82.73
252,Chadi Riad,DEF,Morocco,Morocco,4,348,0,0.0,0.0,0,0.0,0.0,1,0.259,0.146,0,0.0,0.0,226,58.448,32.913,212,54.828,30.874,0,0.0,0.0,7,1.81,1.019,2,0.517,0.291,17,4.397,2.476,8,2.069,1.165,25,6.466,3.641,9,2.328,1.311,5,1.293,0.728,7,1.81,1.019,0,0.0,0.0,1,0.259,0.146,0,0.0,0.0,93.81
372,Connor Isaac Metcalfe,MID,Australia,Australia,4,347,1,0.259,0.146,0,0.0,0.0,5,1.297,0.729,2,0.519,0.292,80,20.749,11.669,65,16.859,9.481,8,2.075,1.167,9,2.334,1.313,2,0.519,0.292,5,1.297,0.729,12,3.112,1.75,15,3.89,2.188,6,1.556,0.875,6,1.556,0.875,3,0.778,0.438,1,0.259,0.146,0,0.0,0.0,0,0.0,0.0,81.25
497,Piero Martin Hincapie,DEF,Ecuador,Ecuador,4,347,0,0.0,0.0,0,0.0,0.0,3,0.778,0.438,0,0.0,0.0,189,49.02,27.569,160,41.499,23.339,15,3.89,2.188,23,5.965,3.355,6,1.556,0.875,16,4.15,2.334,7,1.816,1.021,29,7.522,4.23,12,3.112,1.75,11,2.853,1.605,7,1.816,1.021,5,1.297,0.729,4,1.037,0.583,0,0.0,0.0,84.66
590,Yasin Ayari,MID,Sweden,Sweden,4,347,2,0.519,0.292,0,0.0,0.0,7,1.816,1.021,3,0.778,0.438,107,27.752,15.608,84,21.787,12.253,17,4.409,2.48,12,3.112,1.75,2,0.519,0.292,5,1.297,0.729,10,2.594,1.459,18,4.669,2.626,6,1.556,0.875,6,1.556,0.875,11,2.853,1.605,4,1.037,0.583,8,2.075,1.167,0,0.0,0.0,78.5
135,Sead Kolasinac,DEF,Bosnia and Herzegovina,Bosnia and Herzegovina,4,345,0,0.0,0.0,1,0.261,0.146,0,0.0,0.0,0,0.0,0.0,173,45.13,25.317,141,36.783,20.634,9,2.348,1.317,15,3.913,2.195,6,1.565,0.878,14,3.652,2.049,8,2.087,1.171,22,5.739,3.22,5,1.304,0.732,5,1.304,0.732,5,1.304,0.732,6,1.565,0.878,4,1.043,0.585,0,0.0,0.0,81.5
1149,John Stones,DEF,England,England,5,345,0,0.0,0.0,0,0.0,0.0,1,0.261,0.146,0,0.0,0.0,184,48.0,26.927,178,46.435,26.049,0,0.0,0.0,3,0.783,0.439,2,0.522,0.293,20,5.217,2.927,8,2.087,1.171,13,3.391,1.902,10,2.609,1.463,10,2.609,1.463,3,0.783,0.439,1,0.261,0.146,1,0.261,0.146,0,0.0,0.0,96.74
649,Nathan Ngoy,DEF,Belgium,Belgium,4,344,0,0.0,0.0,0,0.0,0.0,1,0.262,0.147,0,0.0,0.0,219,57.297,32.101,205,53.634,30.049,0,0.0,0.0,8,2.093,1.173,8,2.093,1.173,23,6.017,3.371,12,3.14,1.759,22,5.756,3.225,6,1.57,0.879,4,1.047,0.586,12,3.14,1.759,6,1.57,0.879,1,0.262,0.147,0,0.0,0.0,93.61
992,Xaver Schlager,MID,Austria,Austria,4,343,0,0.0,0.0,1,0.262,0.147,1,0.262,0.147,0,0.0,0.0,138,36.21,20.261,130,34.111,19.086,1,0.262,0.147,21,5.51,3.083,4,1.05,0.587,7,1.837,1.028,15,3.936,2.202,16,4.198,2.349,4,1.05,0.587,4,1.05,0.587,11,2.886,1.615,6,1.574,0.881,0,0.0,0.0,0,0.0,0.0,94.2
774,Isaac Ryan,FWD,Cabo Verde,Cabo Verde,4,337,0,0.0,0.0,0,0.0,0.0,6,1.602,0.89,0,0.0,0.0,82,21.899,12.158,70,18.694,10.379,5,1.335,0.741,11,2.938,1.631,0,0.0,0.0,11,2.938,1.631,5,1.335,0.741,9,2.404,1.334,6,1.602,0.89,6,1.602,0.89,11,2.938,1.631,1,0.267,0.148,2,0.534,0.297,2,0.534,0.297,85.37
479,Yan Diomande,FWD,Côte d'Ivoire,Côte d'Ivoire,4,335,0,0.0,0.0,1,0.269,0.149,4,1.075,0.595,0,0.0,0.0,142,38.149,21.124,127,34.119,18.893,21,5.642,3.124,14,3.761,2.083,2,0.537,0.298,0,0.0,0.0,10,2.687,1.488,14,3.761,2.083,3,0.806,0.446,3,0.806,0.446,32,8.597,4.76,2,0.537,0.298,7,1.881,1.041,0,0.0,0.0,89.44
1074,Samuel Alain Moutoussamy,MID,Congo DR,Congo DR,4,335,0,0.0,0.0,0,0.0,0.0,3,0.806,0.446,0,0.0,0.0,147,39.493,21.868,122,32.776,18.149,1,0.269,0.149,23,6.179,3.421,1,0.269,0.149,4,1.075,0.595,7,1.881,1.041,17,4.567,2.529,2,0.537,0.298,1,0.269,0.149,4,1.075,0.595,8,2.149,1.19,1,0.269,0.149,0,0.0,0.0,82.99
577,Gabriel Johan Gudmundsson,DEF,Sweden,Sweden,4,334,0,0.0,0.0,0,0.0,0.0,0,0.0,0.0,0,0.0,0.0,147,39.611,21.904,112,30.18,16.689,5,1.347,0.745,10,2.695,1.49,0,0.0,0.0,14,3.772,2.086,13,3.503,1.937,15,4.042,2.235,6,1.617,0.894,6,1.617,0.894,4,1.078,0.596,5,1.347,0.745,7,1.886,1.043,0,0.0,0.0,76.19
979,Rafik Belghali,DEF,Algeria,Algeria,4,334,1,0.269,0.149,0,0.0,0.0,3,0.808,0.447,1,0.269,0.149,183,49.311,27.268,168,45.269,25.033,5,1.347,0.745,10,2.695,1.49,1,0.269,0.149,5,1.347,0.745,9,2.425,1.341,10,2.695,1.49,2,0.539,0.298,2,0.539,0.298,8,2.156,1.192,4,1.078,0.596,2,0.539,0.298,0,0.0,0.0,91.8
1143,Luis Javier Suarez,FWD,Colombia,Colombia,5,334,0,0.0,0.0,1,0.269,0.149,9,2.425,1.341,0,0.0,0.0,53,14.281,7.897,39,10.509,5.811,3,0.808,0.447,8,2.156,1.192,0,0.0,0.0,1,0.269,0.149,4,1.078,0.596,6,1.617,0.894,6,1.617,0.894,4,1.078,0.596,6,1.617,0.894,7,1.886,1.043,8,2.156,1.192,1,0.269,0.149,73.58
561,Daichi Kamada,MID,Japan,Japan,4,333,2,0.541,0.299,0,0.0,0.0,3,0.811,0.448,2,0.541,0.299,200,54.054,29.851,170,45.946,25.373,4,1.081,0.597,12,3.243,1.791,2,0.541,0.299,3,0.811,0.448,7,1.892,1.045,6,1.622,0.896,0,0.0,0.0,0,0.0,0.0,3,0.811,0.448,2,0.541,0.299,4,1.081,0.597,1,0.27,0.149,85.0
736,Fabian Ruiz,MID,Spain,Spain,8,333,1,0.27,0.149,0,0.0,0.0,8,2.162,1.194,2,0.541,0.299,297,80.27,44.328,266,71.892,39.701,7,1.892,1.045,11,2.973,1.642,2,0.541,0.299,5,1.351,0.746,6,1.622,0.896,9,2.432,1.343,2,0.541,0.299,2,0.541,0.299,8,2.162,1.194,1,0.27,0.149,3,0.811,0.448,0,0.0,0.0,89.56
541,Frenkie De Jong,MID,Netherlands,Netherlands,4,332,0,0.0,0.0,0,0.0,0.0,1,0.271,0.15,0,0.0,0.0,243,65.873,36.329,224,60.723,33.488,0,0.0,0.0,19,5.151,2.841,7,1.898,1.047,8,2.169,1.196,6,1.627,0.897,15,4.066,2.243,1,0.271,0.15,1,0.271,0.15,7,1.898,1.047,6,1.627,0.897,6,1.627,0.897,0,0.0,0.0,92.18
341,Omar Federico Alderete,DEF,Paraguay,Paraguay,4,331,0,0.0,0.0,0,0.0,0.0,1,0.272,0.15,0,0.0,0.0,97,26.375,14.526,70,19.033,10.483,0,0.0,0.0,1,0.272,0.15,2,0.544,0.3,37,10.06,5.541,7,1.903,1.048,12,3.263,1.797,10,2.719,1.498,9,2.447,1.348,1,0.272,0.15,2,0.544,0.3,3,0.816,0.449,0,0.0,0.0,72.16
564,Ayase Ueda,FWD,Japan,Japan,4,331,2,0.544,0.3,1,0.272,0.15,9,2.447,1.348,4,1.088,0.599,35,9.517,5.241,26,7.069,3.894,1,0.272,0.15,4,1.088,0.599,0,0.0,0.0,1,0.272,0.15,0,0.0,0.0,2,0.544,0.3,12,3.263,1.797,11,2.991,1.647,4,1.088,0.599,6,1.631,0.899,4,1.088,0.599,1,0.272,0.15,74.29
1168,Reece Lewis James,DEF,England,England,5,331,0,0.0,0.0,0,0.0,0.0,1,0.272,0.15,0,0.0,0.0,188,51.118,28.153,173,47.039,25.907,11,2.991,1.647,11,2.991,1.647,3,0.816,0.449,10,2.719,1.498,10,2.719,1.498,14,3.807,2.097,7,1.903,1.048,5,1.36,0.749,3,0.816,0.449,3,0.816,0.449,1,0.272,0.15,0,0.0,0.0,92.02
1180,Luka Modric,MID,Croatia,Croatia,4,331,0,0.0,0.0,1,0.272,0.15,1,0.272,0.15,0,0.0,0.0,248,67.432,37.138,225,61.178,33.694,9,2.447,1.348,15,4.079,2.246,4,1.088,0.599,5,1.36,0.749,5,1.36,0.749,9,2.447,1.348,0,0.0,0.0,0,0.0,0.0,5,1.36,0.749,4,1.088,0.599,3,0.816,0.449,0,0.0,0.0,90.73
148,Nikola Katic,DEF,Bosnia and Herzegovina,Bosnia and Herzegovina,4,328,0,0.0,0.0,0,0.0,0.0,2,0.549,0.301,0,0.0,0.0,165,45.274,24.833,148,40.61,22.274,0,0.0,0.0,15,4.116,2.258,1,0.274,0.151,24,6.585,3.612,18,4.939,2.709,20,5.488,3.01,17,4.665,2.559,16,4.39,2.408,1,0.274,0.151,4,1.098,0.602,0,0.0,0.0,0,0.0,0.0,89.7
435,Leroy Aziz Sane,MID,Germany,Germany,4,328,1,0.274,0.151,0,0.0,0.0,6,1.646,0.903,2,0.549,0.301,189,51.86,28.445,161,44.177,24.231,11,3.018,1.656,8,2.195,1.204,1,0.274,0.151,3,0.823,0.452,9,2.47,1.355,8,2.195,1.204,1,0.274,0.151,0,0.0,0.0,24,6.585,3.612,3,0.823,0.452,2,0.549,0.301,1,0.274,0.151,85.19
9,Raúl Alonso Jimenez,FWD,Mexico,Mexico,4,327,3,0.826,0.452,0,0.0,0.0,18,4.954,2.714,7,1.927,1.055,66,18.165,9.95,48,13.211,7.236,1,0.275,0.151,5,1.376,0.754,0,0.0,0.0,1,0.275,0.151,4,1.101,0.603,4,1.101,0.603,17,4.679,2.563,15,4.128,2.261,3,0.826,0.452,7,1.927,1.055,2,0.55,0.302,2,0.55,0.302,72.73
644,Hans Vanaken,MID,Belgium,Belgium,6,326,1,0.276,0.151,0,0.0,0.0,5,1.38,0.755,1,0.276,0.151,164,45.276,24.765,153,42.239,23.104,3,0.828,0.453,8,2.209,1.208,1,0.276,0.151,1,0.276,0.151,12,3.313,1.812,11,3.037,1.661,5,1.38,0.755,5,1.38,0.755,3,0.828,0.453,0,0.0,0.0,6,1.656,0.906,0,0.0,0.0,93.29
958,Lautaro Javier Martinez,FWD,Argentina,Argentina,7,326,3,0.828,0.453,0,0.0,0.0,10,2.761,1.51,4,1.104,0.604,71,19.601,10.721,60,16.564,9.06,2,0.552,0.302,14,3.865,2.114,1,0.276,0.151,4,1.104,0.604,6,1.656,0.906,7,1.933,1.057,2,0.552,0.302,2,0.552,0.302,6,1.656,0.906,8,2.209,1.208,5,1.38,0.755,2,0.552,0.302,84.51
1186,Martin Baturina,MID,Croatia,Croatia,4,326,1,0.276,0.151,0,0.0,0.0,3,0.828,0.453,1,0.276,0.151,93,25.675,14.044,80,22.086,12.081,10,2.761,1.51,9,2.485,1.359,0,0.0,0.0,3,0.828,0.453,9,2.485,1.359,11,3.037,1.661,5,1.38,0.755,5,1.38,0.755,16,4.417,2.416,1,0.276,0.151,14,3.865,2.114,0,0.0,0.0,86.02
332,Folarin Jolaoluwa Balogun,FWD,USA,USA,4,324,3,0.833,0.455,0,0.0,0.0,14,3.889,2.121,5,1.389,0.758,44,12.222,6.667,30,8.333,4.545,6,1.667,0.909,4,1.111,0.606,0,0.0,0.0,0,0.0,0.0,4,1.111,0.606,2,0.556,0.303,3,0.833,0.455,2,0.556,0.303,9,2.5,1.364,3,0.833,0.455,8,2.222,1.212,3,0.833,0.455,68.18
348,Miguel Angel Almiron,MID,Paraguay,Paraguay,4,320,0,0.0,0.0,0,0.0,0.0,4,1.125,0.61,0,0.0,0.0,67,18.844,10.22,49,13.781,7.475,4,1.125,0.61,21,5.906,3.203,2,0.562,0.305,7,1.969,1.068,8,2.25,1.22,11,3.094,1.678,5,1.406,0.763,3,0.844,0.458,18,5.062,2.746,2,0.562,0.305,7,1.969,1.068,0,0.0,0.0,73.13
421,Aleksandar Pavlovic,MID,Germany,Germany,4,319,0,0.0,0.0,0,0.0,0.0,4,1.129,0.611,1,0.282,0.153,260,73.354,39.728,240,67.712,36.672,1,0.282,0.153,10,2.821,1.528,2,0.564,0.306,3,0.846,0.458,8,2.257,1.222,7,1.975,1.07,2,0.564,0.306,1,0.282,0.153,5,1.411,0.764,13,3.668,1.986,4,1.129,0.611,0,0.0,0.0,92.31
635,Jeremy Baffour Doku,FWD,Belgium,Belgium,5,318,0,0.0,0.0,0,0.0,0.0,3,0.849,0.459,1,0.283,0.153,90,25.472,13.776,74,20.943,11.327,11,3.113,1.684,9,2.547,1.378,3,0.849,0.459,1,0.283,0.153,7,1.981,1.071,9,2.547,1.378,1,0.283,0.153,0,0.0,0.0,53,15.0,8.112,4,1.132,0.612,18,5.094,2.755,0,0.0,0.0,82.22
851,Théo Bernard François Hernandez,DEF,France,France,5,318,0,0.0,0.0,0,0.0,0.0,3,0.849,0.459,0,0.0,0.0,149,42.17,22.806,139,39.34,21.276,5,1.415,0.765,7,1.981,1.071,5,1.415,0.765,5,1.415,0.765,7,1.981,1.071,18,5.094,2.755,7,1.981,1.071,7,1.981,1.071,6,1.698,0.918,2,0.566,0.306,4,1.132,0.612,0,0.0,0.0,93.29
1006,Romano Schmid,MID,Austria,Austria,4,317,1,0.284,0.153,0,0.0,0.0,2,0.568,0.307,1,0.284,0.153,91,25.836,13.952,65,18.454,9.966,4,1.136,0.613,13,3.691,1.993,0,0.0,0.0,2,0.568,0.307,9,2.555,1.38,4,1.136,0.613,1,0.284,0.153,1,0.284,0.153,4,1.136,0.613,3,0.852,0.46,4,1.136,0.613,0,0.0,0.0,71.43
1092,Arthur Fuka Masuaku,DEF,Congo DR,Congo DR,4,317,0,0.0,0.0,0,0.0,0.0,0,0.0,0.0,0,0.0,0.0,169,47.981,25.911,141,40.032,21.618,14,3.975,2.147,10,2.839,1.533,3,0.852,0.46,9,2.555,1.38,6,1.703,0.92,11,3.123,1.687,3,0.852,0.46,3,0.852,0.46,10,2.839,1.533,0,0.0,0.0,4,1.136,0.613,0,0.0,0.0,83.43
503,John Yeboah,FWD,Ecuador,Ecuador,4,315,0,0.0,0.0,0,0.0,0.0,8,2.286,1.231,3,0.857,0.462,104,29.714,16.0,85,24.286,13.077,9,2.571,1.385,11,3.143,1.692,2,0.571,0.308,1,0.286,0.154,5,1.429,0.769,7,2.0,1.077,1,0.286,0.154,1,0.286,0.154,15,4.286,2.308,0,0.0,0.0,4,1.143,0.615,0,0.0,0.0,81.73
961,Facundo Axel Medina,DEF,Argentina,Argentina,5,311,0,0.0,0.0,1,0.289,0.155,0,0.0,0.0,0,0.0,0.0,163,47.17,25.25,150,43.408,23.236,5,1.447,0.775,13,3.762,2.014,4,1.158,0.62,14,4.051,2.169,7,2.026,1.084,17,4.92,2.633,2,0.579,0.31,2,0.579,0.31,0,0.0,0.0,3,0.868,0.465,2,0.579,0.31,1,0.289,0.155,92.02
204,Fabian Rieder,MID,Switzerland,Switzerland,5,310,0,0.0,0.0,0,0.0,0.0,7,2.032,1.086,2,0.581,0.31,87,25.258,13.5,71,20.613,11.017,16,4.645,2.483,15,4.355,2.328,1,0.29,0.155,0,0.0,0.0,8,2.323,1.241,7,2.032,1.086,0,0.0,0.0,0,0.0,0.0,8,2.323,1.241,3,0.871,0.466,6,1.742,0.931,0,0.0,0.0,81.61
559,Keito Nakamura,MID,Japan,Japan,4,310,1,0.29,0.155,2,0.581,0.31,5,1.452,0.776,2,0.581,0.31,117,33.968,18.155,100,29.032,15.517,9,2.613,1.397,10,2.903,1.552,5,1.452,0.776,2,0.581,0.31,5,1.452,0.776,10,2.903,1.552,2,0.581,0.31,2,0.581,0.31,10,2.903,1.552,3,0.871,0.466,1,0.29,0.155,1,0.29,0.155,85.47
346,Diego Alexander Gomez,MID,Paraguay,Paraguay,4,309,0,0.0,0.0,0,0.0,0.0,6,1.748,0.933,0,0.0,0.0,101,29.417,15.699,80,23.301,12.435,2,0.583,0.311,27,7.864,4.197,8,2.33,1.244,9,2.621,1.399,17,4.951,2.642,28,8.155,4.352,10,2.913,1.554,10,2.913,1.554,7,2.039,1.088,5,1.456,0.777,1,0.291,0.155,0,0.0,0.0,79.21
515,Alan Steven Franco,MID,Ecuador,Ecuador,4,308,0,0.0,0.0,0,0.0,0.0,0,0.0,0.0,0,0.0,0.0,148,43.247,23.045,140,40.909,21.799,4,1.169,0.623,12,3.506,1.869,3,0.877,0.467,13,3.799,2.024,6,1.753,0.934,18,5.26,2.803,7,2.045,1.09,5,1.461,0.779,6,1.753,0.934,7,2.045,1.09,0,0.0,0.0,0,0.0,0.0,94.59
776,MOREIRASteven Steven,DEF,Cabo Verde,Cabo Verde,4,307,0,0.0,0.0,0,0.0,0.0,2,0.586,0.312,0,0.0,0.0,109,31.954,17.002,88,25.798,13.726,4,1.173,0.624,5,1.466,0.78,2,0.586,0.312,9,2.638,1.404,6,1.759,0.936,10,2.932,1.56,2,0.586,0.312,2,0.586,0.312,4,1.173,0.624,0,0.0,0.0,2,0.586,0.312,0,0.0,0.0,80.73
1205,Jordan Pierre Ayew,FWD,Ghana,Ghana,4,303,0,0.0,0.0,0,0.0,0.0,0,0.0,0.0,0,0.0,0.0,47,13.96,7.382,33,9.802,5.183,9,2.673,1.414,7,2.079,1.099,0,0.0,0.0,1,0.297,0.157,4,1.188,0.628,3,0.891,0.471,8,2.376,1.257,7,2.079,1.099,3,0.891,0.471,7,2.079,1.099,7,2.079,1.099,1,0.297,0.157,70.21
735,Ferran Torres,FWD,Spain,Spain,8,302,1,0.298,0.157,0,0.0,0.0,14,4.172,2.203,4,1.192,0.629,86,25.629,13.531,63,18.775,9.913,6,1.788,0.944,3,0.894,0.472,1,0.298,0.157,2,0.596,0.315,6,1.788,0.944,3,0.894,0.472,7,2.086,1.101,6,1.788,0.944,11,3.278,1.731,6,1.788,0.944,4,1.192,0.629,3,0.894,0.472,73.26
1187,Petar Sucic,MID,Croatia,Croatia,4,302,1,0.298,0.157,1,0.298,0.157,3,0.894,0.472,2,0.596,0.315,127,37.848,19.983,110,32.781,17.308,6,1.788,0.944,22,6.556,3.462,2,0.596,0.315,2,0.596,0.315,3,0.894,0.472,8,2.384,1.259,1,0.298,0.157,1,0.298,0.157,11,3.278,1.731,7,2.086,1.101,6,1.788,0.944,1,0.298,0.157,86.61
234,Vitor Rayan,FWD,Brazil,Brazil,4,296,0,0.0,0.0,1,0.304,0.159,5,1.52,0.795,2,0.608,0.318,99,30.101,15.742,93,28.277,14.788,10,3.041,1.59,11,3.345,1.749,1,0.304,0.159,1,0.304,0.159,5,1.52,0.795,8,2.432,1.272,7,2.128,1.113,7,2.128,1.113,9,2.736,1.431,5,1.52,0.795,4,1.216,0.636,1,0.304,0.159,93.94
981,Nabil Bentaleb,MID,Algeria,Algeria,4,294,0,0.0,0.0,0,0.0,0.0,1,0.306,0.16,0,0.0,0.0,280,85.714,44.681,255,78.061,40.691,1,0.306,0.16,10,3.061,1.596,4,1.224,0.638,9,2.755,1.436,5,1.531,0.798,14,4.286,2.234,2,0.612,0.319,2,0.612,0.319,5,1.531,0.798,2,0.612,0.319,3,0.918,0.479,0,0.0,0.0,91.07
1222,Marvin Elom Senaya,DEF,Ghana,Ghana,4,293,0,0.0,0.0,0,0.0,0.0,2,0.614,0.32,0,0.0,0.0,91,27.952,14.547,75,23.038,11.989,8,2.457,1.279,28,8.601,4.476,3,0.922,0.48,19,5.836,3.037,8,2.457,1.279,17,5.222,2.718,5,1.536,0.799,4,1.229,0.639,5,1.536,0.799,6,1.843,0.959,4,1.229,0.639,0,0.0,0.0,82.42
217,Matheus Matheus Cunha,FWD,Brazil,Brazil,5,292,3,0.925,0.48,0,0.0,0.0,11,3.39,1.762,5,1.541,0.801,90,27.74,14.413,78,24.041,12.491,5,1.541,0.801,8,2.466,1.281,2,0.616,0.32,5,1.541,0.801,7,2.158,1.121,8,2.466,1.281,2,0.616,0.32,2,0.616,0.32,14,4.315,2.242,1,0.308,0.16,3,0.925,0.48,1,0.308,0.16,86.67
507,Enner Remberto Valencia,FWD,Ecuador,Ecuador,4,291,0,0.0,0.0,0,0.0,0.0,10,3.093,1.604,6,1.856,0.963,40,12.371,6.417,33,10.206,5.294,1,0.309,0.16,2,0.619,0.321,1,0.309,0.16,0,0.0,0.0,2,0.619,0.321,2,0.619,0.321,4,1.237,0.642,4,1.237,0.642,4,1.237,0.642,4,1.237,0.642,7,2.165,1.123,2,0.619,0.321,82.5
977,Rayan Ait-Nouri,DEF,Algeria,Algeria,4,290,0,0.0,0.0,0,0.0,0.0,1,0.31,0.161,0,0.0,0.0,211,65.483,33.911,190,58.966,30.536,9,2.793,1.446,14,4.345,2.25,3,0.931,0.482,11,3.414,1.768,8,2.483,1.286,16,4.966,2.571,1,0.31,0.161,1,0.31,0.161,34,10.552,5.464,6,1.862,0.964,4,1.241,0.643,0,0.0,0.0,90.05
199,Ruben Estephan Vargas,FWD,Switzerland,Switzerland,6,289,2,0.623,0.322,1,0.311,0.161,6,1.869,0.966,4,1.246,0.644,88,27.405,14.168,65,20.242,10.465,24,7.474,3.864,11,3.426,1.771,0,0.0,0.0,2,0.623,0.322,4,1.246,0.644,5,1.557,0.805,3,0.934,0.483,3,0.934,0.483,20,6.228,3.22,6,1.869,0.966,6,1.869,0.966,2,0.623,0.322,73.86
767,CABRALSidny Sidny Lopes,DEF,Cabo Verde,Cabo Verde,3,289,1,0.311,0.161,0,0.0,0.0,4,1.246,0.644,2,0.623,0.322,105,32.699,16.905,87,27.093,14.007,11,3.426,1.771,10,3.114,1.61,4,1.246,0.644,15,4.671,2.415,9,2.803,1.449,21,6.54,3.381,2,0.623,0.322,2,0.623,0.322,16,4.983,2.576,2,0.623,0.322,9,2.803,1.449,0,0.0,0.0,82.86
228,Lucas Lucas Paqueta,MID,Brazil,Brazil,4,288,0,0.0,0.0,0,0.0,0.0,5,1.562,0.806,1,0.312,0.161,190,59.375,30.645,162,50.625,26.129,5,1.562,0.806,20,6.25,3.226,2,0.625,0.323,6,1.875,0.968,5,1.562,0.806,13,4.062,2.097,4,1.25,0.645,4,1.25,0.645,5,1.562,0.806,3,0.938,0.484,6,1.875,0.968,0,0.0,0.0,85.26
434,Nathaniel Christopher Brown,DEF,Germany,Germany,3,288,1,0.312,0.161,1,0.312,0.161,3,0.938,0.484,2,0.625,0.323,131,40.938,21.129,115,35.938,18.548,19,5.938,3.065,18,5.625,2.903,2,0.625,0.323,4,1.25,0.645,10,3.125,1.613,12,3.75,1.935,1,0.312,0.161,1,0.312,0.161,7,2.188,1.129,4,1.25,0.645,1,0.312,0.161,0,0.0,0.0,87.79
1200,Jonas Adjei Adjetey,DEF,Ghana,Ghana,3,288,0,0.0,0.0,0,0.0,0.0,2,0.625,0.323,1,0.312,0.161,120,37.5,19.355,105,32.812,16.935,0,0.0,0.0,7,2.188,1.129,3,0.938,0.484,16,5.0,2.581,7,2.188,1.129,13,4.062,2.097,3,0.938,0.484,3,0.938,0.484,2,0.625,0.323,1,0.312,0.161,0,0.0,0.0,0,0.0,0.0,87.5
149,Kerim Alajbegovic,FWD,Bosnia and Herzegovina,Bosnia and Herzegovina,4,287,1,0.314,0.162,0,0.0,0.0,4,1.254,0.646,1,0.314,0.162,90,28.223,14.542,69,21.638,11.149,16,5.017,2.585,5,1.568,0.808,2,0.627,0.323,3,0.941,0.485,4,1.254,0.646,6,1.882,0.969,0,0.0,0.0,0,0.0,0.0,27,8.467,4.363,4,1.254,0.646,6,1.882,0.969,1,0.314,0.162,76.67
1015,Mo'ien Hasan Yazeed Abulaila,GK,Jordan,Jordan,3,287,0,0.0,0.0,0,0.0,0.0,0,0.0,0.0,0,0.0,0.0,66,20.697,10.664,42,13.171,6.786,0,0.0,0.0,0,0.0,0.0,0,0.0,0.0,0,0.0,0.0,0,0.0,0.0,16,5.017,2.585,0,0.0,0.0,0,0.0,0.0,0,0.0,0.0,0,0.0,0.0,0,0.0,0.0,0,0.0,0.0,63.64
1019,Mousa Mahmoud Yazan Alarab,DEF,Jordan,Jordan,3,287,0,0.0,0.0,0,0.0,0.0,0,0.0,0.0,0,0.0,0.0,106,33.24,17.127,94,29.477,15.189,0,0.0,0.0,10,3.136,1.616,1,0.314,0.162,27,8.467,4.363,7,2.195,1.131,18,5.645,2.908,11,3.449,1.777,10,3.136,1.616,8,2.509,1.293,4,1.254,0.646,0,0.0,0.0,0,0.0,0.0,88.68
1022,Mahmoud Ali Noor Alrawabdeh,MID,Jordan,Jordan,3,287,0,0.0,0.0,1,0.314,0.162,1,0.314,0.162,0,0.0,0.0,111,34.808,17.935,84,26.341,13.573,0,0.0,0.0,13,4.077,2.101,3,0.941,0.485,4,1.254,0.646,7,2.195,1.131,16,5.017,2.585,1,0.314,0.162,0,0.0,0.0,8,2.509,1.293,1,0.314,0.162,0,0.0,0.0,0,0.0,0.0,75.68
664,Fathy Abdelhalim Hamdy Fathy,MID,Egypt,Egypt,4,286,0,0.0,0.0,0,0.0,0.0,0,0.0,0.0,0,0.0,0.0,130,40.909,21.043,119,37.448,19.263,1,0.315,0.162,11,3.462,1.781,0,0.0,0.0,9,2.832,1.457,7,2.203,1.133,12,3.776,1.942,7,2.203,1.133,7,2.203,1.133,1,0.315,0.162,3,0.944,0.486,2,0.629,0.324,1,0.315,0.162,91.54
137,Amar Dedic,DEF,Bosnia and Herzegovina,Bosnia and Herzegovina,3,285,0,0.0,0.0,0,0.0,0.0,2,0.632,0.324,1,0.316,0.162,99,31.263,16.054,80,25.263,12.973,0,0.0,0.0,12,3.789,1.946,4,1.263,0.649,15,4.737,2.432,11,3.474,1.784,16,5.053,2.595,4,1.263,0.649,4,1.263,0.649,15,4.737,2.432,6,1.895,0.973,3,0.947,0.486,0,0.0,0.0,80.81
703,Maxime Teremoana Crocombe,GK,New Zealand,New Zealand,3,285,0,0.0,0.0,0,0.0,0.0,0,0.0,0.0,0,0.0,0.0,107,33.789,17.351,78,24.632,12.649,0,0.0,0.0,0,0.0,0.0,0,0.0,0.0,0,0.0,0.0,0,0.0,0.0,22,6.947,3.568,0,0.0,0.0,0,0.0,0.0,0,0.0,0.0,0,0.0,0.0,1,0.316,0.162,0,0.0,0.0,72.9
718,Finn Surman,DEF,New Zealand,New Zealand,3,285,1,0.316,0.162,0,0.0,0.0,2,0.632,0.324,1,0.316,0.162,145,45.789,23.514,135,42.632,21.892,0,0.0,0.0,7,2.211,1.135,2,0.632,0.324,22,6.947,3.568,15,4.737,2.432,21,6.632,3.405,6,1.895,0.973,4,1.263,0.649,5,1.579,0.811,4,1.263,0.649,2,0.632,0.324,0,0.0,0.0,93.1
710,Marko Seufatu Nikola Stamenic,MID,New Zealand,New Zealand,3,285,0,0.0,0.0,0,0.0,0.0,3,0.947,0.486,0,0.0,0.0,171,54.0,27.73,156,49.263,25.297,2,0.632,0.324,17,5.368,2.757,2,0.632,0.324,8,2.526,1.297,14,4.421,2.27,15,4.737,2.432,2,0.632,0.324,2,0.632,0.324,5,1.579,0.811,4,1.263,0.649,0,0.0,0.0,0,0.0,0.0,91.23
711,Christopher Grant Wood,FWD,New Zealand,New Zealand,3,285,0,0.0,0.0,2,0.632,0.324,5,1.579,0.811,2,0.632,0.324,47,14.842,7.622,36,11.368,5.838,0,0.0,0.0,2,0.632,0.324,0,0.0,0.0,2,0.632,0.324,0,0.0,0.0,0,0.0,0.0,15,4.737,2.432,14,4.421,2.27,2,0.632,0.324,2,0.632,0.324,1,0.316,0.162,4,1.263,0.649,76.6
322,Christian Mate Pulisic,FWD,USA,USA,4,284,0,0.0,0.0,1,0.317,0.162,4,1.268,0.65,2,0.634,0.325,81,25.669,13.159,71,22.5,11.534,6,1.901,0.975,5,1.585,0.812,0,0.0,0.0,1,0.317,0.162,4,1.268,0.65,2,0.634,0.325,0,0.0,0.0,0,0.0,0.0,29,9.19,4.711,1,0.317,0.162,8,2.535,1.3,2,0.634,0.325,87.65
485,Guela Maho-Lewis Doue,DEF,Côte d'Ivoire,Côte d'Ivoire,4,284,0,0.0,0.0,0,0.0,0.0,1,0.317,0.162,0,0.0,0.0,163,51.655,26.48,143,45.317,23.231,11,3.486,1.787,12,3.803,1.949,2,0.634,0.325,9,2.852,1.462,14,4.437,2.274,17,5.387,2.762,6,1.901,0.975,6,1.901,0.975,5,1.585,0.812,6,1.901,0.975,5,1.585,0.812,0,0.0,0.0,87.73
1214,Jerome Opoku,DEF,Ghana,Ghana,3,284,0,0.0,0.0,0,0.0,0.0,0,0.0,0.0,0,0.0,0.0,115,36.444,18.682,95,30.106,15.433,0,0.0,0.0,3,0.951,0.487,3,0.951,0.487,13,4.12,2.112,4,1.268,0.65,10,3.169,1.625,5,1.585,0.812,4,1.268,0.65,2,0.634,0.325,2,0.634,0.325,4,1.268,0.65,0,0.0,0.0,82.61
1173,Marin Pongracic,DEF,Croatia,Croatia,3,284,0,0.0,0.0,0,0.0,0.0,1,0.317,0.162,0,0.0,0.0,200,63.38,32.491,182,57.676,29.567,0,0.0,0.0,3,0.951,0.487,3,0.951,0.487,27,8.556,4.386,5,1.585,0.812,10,3.169,1.625,6,1.901,0.975,4,1.268,0.65,9,2.852,1.462,3,0.951,0.487,0,0.0,0.0,0,0.0,0.0,91.0
764,Gregory Jamiro Monteiro,MID,Cabo Verde,Cabo Verde,4,283,0,0.0,0.0,0,0.0,0.0,5,1.59,0.814,1,0.318,0.163,106,33.71,17.251,87,27.668,14.159,6,1.908,0.976,11,3.498,1.79,4,1.272,0.651,1,0.318,0.163,7,2.226,1.139,10,3.18,1.627,0,0.0,0.0,0,0.0,0.0,7,2.226,1.139,4,1.272,0.651,2,0.636,0.325,0,0.0,0.0,82.08
1023,Iyad Ali Ali Olwan,FWD,Jordan,Jordan,3,283,1,0.318,0.163,0,0.0,0.0,6,1.908,0.976,3,0.954,0.488,48,15.265,7.812,36,11.449,5.859,8,2.544,1.302,2,0.636,0.325,3,0.954,0.488,1,0.318,0.163,2,0.636,0.325,5,1.59,0.814,4,1.272,0.651,3,0.954,0.488,16,5.088,2.604,1,0.318,0.163,4,1.272,0.651,1,0.318,0.163,75.0
1199,Caleb Marfo Yirenkyi,MID,Ghana,Ghana,4,282,1,0.319,0.163,0,0.0,0.0,2,0.638,0.326,1,0.319,0.163,70,22.34,11.413,62,19.787,10.109,1,0.319,0.163,9,2.872,1.467,3,0.957,0.489,5,1.596,0.815,6,1.915,0.978,11,3.511,1.793,0,0.0,0.0,0,0.0,0.0,2,0.638,0.326,7,2.234,1.141,3,0.957,0.489,0,0.0,0.0,88.57
1094,Abdukodir Khusanov,DEF,Uzbekistan,Uzbekistan,3,282,0,0.0,0.0,0,0.0,0.0,0,0.0,0.0,0,0.0,0.0,98,31.277,15.978,81,25.851,13.207,0,0.0,0.0,10,3.191,1.63,5,1.596,0.815,12,3.83,1.957,8,2.553,1.304,17,5.426,2.772,2,0.638,0.326,2,0.638,0.326,0,0.0,0.0,6,1.915,0.978,0,0.0,0.0,0,0.0,0.0,82.65
1105,Sherzod Nasrullaev,DEF,Uzbekistan,Uzbekistan,3,282,0,0.0,0.0,0,0.0,0.0,1,0.319,0.163,1,0.319,0.163,48,15.319,7.826,35,11.17,5.707,3,0.957,0.489,6,1.915,0.978,2,0.638,0.326,5,1.596,0.815,4,1.277,0.652,10,3.191,1.63,3,0.957,0.489,3,0.957,0.489,4,1.277,0.652,3,0.957,0.489,2,0.638,0.326,0,0.0,0.0,72.92
556,Ritsu Doan,MID,Japan,Japan,4,281,0,0.0,0.0,0,0.0,0.0,1,0.32,0.163,0,0.0,0.0,105,33.63,17.151,89,28.505,14.537,5,1.601,0.817,7,2.242,1.143,1,0.32,0.163,7,2.242,1.143,10,3.203,1.633,8,2.562,1.307,2,0.641,0.327,2,0.641,0.327,4,1.281,0.653,6,1.922,0.98,4,1.281,0.653,0,0.0,0.0,84.76
663,Mohamed Aboelfetouh Ahmed Fatouh,DEF,Egypt,Egypt,3,281,0,0.0,0.0,0,0.0,0.0,1,0.32,0.163,1,0.32,0.163,182,58.292,29.728,163,52.206,26.624,7,2.242,1.143,12,3.843,1.96,2,0.641,0.327,8,2.562,1.307,3,0.961,0.49,14,4.484,2.287,3,0.961,0.49,3,0.961,0.49,4,1.281,0.653,2,0.641,0.327,3,0.961,0.49,0,0.0,0.0,89.56
996,David Alaba,DEF,Austria,Austria,4,281,0,0.0,0.0,1,0.32,0.163,2,0.641,0.327,0,0.0,0.0,222,71.103,36.261,198,63.416,32.341,1,0.32,0.163,4,1.281,0.653,2,0.641,0.327,14,4.484,2.287,6,1.922,0.98,15,4.804,2.45,4,1.281,0.653,3,0.961,0.49,3,0.961,0.49,2,0.641,0.327,0,0.0,0.0,0,0.0,0.0,89.19
1244,Orlando Mosquera,GK,Panama,Panama,3,281,0,0.0,0.0,0,0.0,0.0,0,0.0,0.0,0,0.0,0.0,103,32.989,16.824,74,23.701,12.087,0,0.0,0.0,0,0.0,0.0,0,0.0,0.0,1,0.32,0.163,0,0.0,0.0,18,5.765,2.94,1,0.32,0.163,1,0.32,0.163,0,0.0,0.0,0,0.0,0.0,0,0.0,0.0,0,0.0,0.0,71.84
1225,Jose Angel Cordoba,DEF,Panama,Panama,3,281,0,0.0,0.0,0,0.0,0.0,0,0.0,0.0,0,0.0,0.0,183,58.612,29.891,169,54.128,27.604,1,0.32,0.163,9,2.883,1.47,7,2.242,1.143,18,5.765,2.94,3,0.961,0.49,17,5.445,2.777,3,0.961,0.49,2,0.641,0.327,2,0.641,0.327,5,1.601,0.817,1,0.32,0.163,0,0.0,0.0,92.35
1238,Andres Alberto Andrade,DEF,Panama,Panama,3,281,0,0.0,0.0,0,0.0,0.0,0,0.0,0.0,0,0.0,0.0,178,57.011,29.074,147,47.082,24.011,8,2.562,1.307,13,4.164,2.123,6,1.922,0.98,15,4.804,2.45,11,3.523,1.797,29,9.288,4.737,11,3.523,1.797,11,3.523,1.797,0,0.0,0.0,4,1.281,0.653,0,0.0,0.0,0,0.0,0.0,82.58
1245,Michael Amir Murillo,DEF,Panama,Panama,3,281,0,0.0,0.0,0,0.0,0.0,5,1.601,0.817,1,0.32,0.163,112,35.872,18.294,88,28.185,14.374,8,2.562,1.307,11,3.523,1.797,0,0.0,0.0,9,2.883,1.47,6,1.922,0.98,9,2.883,1.47,6,1.922,0.98,6,1.922,0.98,14,4.484,2.287,1,0.32,0.163,7,2.242,1.143,1,0.32,0.163,78.57
79,Mat ě j Kovar,GK,Czechia,Czechia,3,280,0,0.0,0.0,0,0.0,0.0,0,0.0,0.0,0,0.0,0.0,97,31.179,15.873,62,19.929,10.145,0,0.0,0.0,0,0.0,0.0,0,0.0,0.0,1,0.321,0.164,0,0.0,0.0,18,5.786,2.945,0,0.0,0.0,0,0.0,0.0,0,0.0,0.0,0,0.0,0.0,0,0.0,0.0,0,0.0,0.0,63.92
82,Robin Hranac,DEF,Czechia,Czechia,3,280,0,0.0,0.0,0,0.0,0.0,0,0.0,0.0,0,0.0,0.0,116,37.286,18.982,104,33.429,17.018,1,0.321,0.164,6,1.929,0.982,3,0.964,0.491,8,2.571,1.309,5,1.607,0.818,10,3.214,1.636,6,1.929,0.982,6,1.929,0.982,0,0.0,0.0,6,1.929,0.982,0,0.0,0.0,0,0.0,0.0,89.66
83,Vladimír Coufal,DEF,Czechia,Czechia,3,280,0,0.0,0.0,1,0.321,0.164,1,0.321,0.164,0,0.0,0.0,110,35.357,18.0,79,25.393,12.927,20,6.429,3.273,6,1.929,0.982,4,1.286,0.655,4,1.286,0.655,2,0.643,0.327,7,2.25,1.145,3,0.964,0.491,3,0.964,0.491,3,0.964,0.491,4,1.286,0.655,3,0.964,0.491,1,0.321,0.164,71.82
85,Ladislav Krejci,DEF,Czechia,Czechia,3,280,1,0.321,0.164,0,0.0,0.0,5,1.607,0.818,1,0.321,0.164,160,51.429,26.182,135,43.393,22.091,2,0.643,0.327,13,4.179,2.127,3,0.964,0.491,13,4.179,2.127,4,1.286,0.655,16,5.143,2.618,14,4.5,2.291,12,3.857,1.964,1,0.321,0.164,6,1.929,0.982,2,0.643,0.327,0,0.0,0.0,84.38
1034,Mahmoud Saleh Mohannad Abutaha,MID,Jordan,Jordan,3,280,0,0.0,0.0,0,0.0,0.0,1,0.321,0.164,0,0.0,0.0,87,27.964,14.236,59,18.964,9.655,6,1.929,0.982,17,5.464,2.782,8,2.571,1.309,11,3.536,1.8,12,3.857,1.964,21,6.75,3.436,3,0.964,0.491,2,0.643,0.327,9,2.893,1.473,2,0.643,0.327,1,0.321,0.164,0,0.0,0.0,67.82
413,Ugurcan Cakir,GK,Türkiye,Türkiye,3,279,0,0.0,0.0,0,0.0,0.0,0,0.0,0.0,0,0.0,0.0,98,31.613,16.066,77,24.839,12.623,0,0.0,0.0,0,0.0,0.0,0,0.0,0.0,4,1.29,0.656,0,0.0,0.0,9,2.903,1.475,0,0.0,0.0,0,0.0,0.0,0,0.0,0.0,0,0.0,0.0,0,0.0,0.0,0,0.0,0.0,78.57
398,Arda Guler,FWD,Türkiye,Türkiye,3,279,1,0.323,0.164,0,0.0,0.0,12,3.871,1.967,4,1.29,0.656,198,63.871,32.459,170,54.839,27.869,14,4.516,2.295,11,3.548,1.803,0,0.0,0.0,1,0.323,0.164,4,1.29,0.656,4,1.29,0.656,3,0.968,0.492,3,0.968,0.492,20,6.452,3.279,3,0.968,0.492,10,3.226,1.639,2,0.645,0.328,85.86
498,Joel Leandro Ordonez,DEF,Ecuador,Ecuador,3,279,0,0.0,0.0,0,0.0,0.0,2,0.645,0.328,0,0.0,0.0,113,36.452,18.525,101,32.581,16.557,0,0.0,0.0,10,3.226,1.639,1,0.323,0.164,19,6.129,3.115,5,1.613,0.82,12,3.871,1.967,6,1.935,0.984,6,1.935,0.984,2,0.645,0.328,1,0.323,0.164,1,0.323,0.164,0,0.0,0.0,89.38
829,Nestor Fernando Muslera,GK,Uruguay,Uruguay,3,279,0,0.0,0.0,0,0.0,0.0,0,0.0,0.0,0,0.0,0.0,71,22.903,11.639,57,18.387,9.344,0,0.0,0.0,0,0.0,0.0,0,0.0,0.0,0,0.0,0.0,0,0.0,0.0,12,3.871,1.967,0,0.0,0.0,0,0.0,0.0,0,0.0,0.0,0,0.0,0.0,0,0.0,0.0,0,0.0,0.0,80.28
809,Sebastián Enzo Caceres,DEF,Uruguay,Uruguay,3,279,0,0.0,0.0,0,0.0,0.0,3,0.968,0.492,0,0.0,0.0,172,55.484,28.197,154,49.677,25.246,1,0.323,0.164,6,1.935,0.984,2,0.645,0.328,15,4.839,2.459,7,2.258,1.148,20,6.452,3.279,11,3.548,1.803,10,3.226,1.639,6,1.935,0.984,2,0.645,0.328,2,0.645,0.328,0,0.0,0.0,89.53
819,Guillermo Varela,DEF,Uruguay,Uruguay,3,279,0,0.0,0.0,0,0.0,0.0,2,0.645,0.328,0,0.0,0.0,134,43.226,21.967,119,38.387,19.508,10,3.226,1.639,4,1.29,0.656,2,0.645,0.328,14,4.516,2.295,8,2.581,1.311,18,5.806,2.951,10,3.226,1.639,10,3.226,1.639,2,0.645,0.328,1,0.323,0.164,1,0.323,0.164,0,0.0,0.0,88.81
822,Mathías Olivera,DEF,Uruguay,Uruguay,3,279,0,0.0,0.0,0,0.0,0.0,1,0.323,0.164,0,0.0,0.0,226,72.903,37.049,213,68.71,34.918,3,0.968,0.492,12,3.871,1.967,2,0.645,0.328,8,2.581,1.311,8,2.581,1.311,22,7.097,3.607,10,3.226,1.639,9,2.903,1.475,15,4.839,2.459,3,0.968,0.492,0,0.0,0.0,0,0.0,0.0,94.25
812,Rodrigo Bentancur,MID,Uruguay,Uruguay,3,279,0,0.0,0.0,0,0.0,0.0,4,1.29,0.656,0,0.0,0.0,174,56.129,28.525,157,50.645,25.738,3,0.968,0.492,13,4.194,2.131,9,2.903,1.475,14,4.516,2.295,11,3.548,1.803,19,6.129,3.115,6,1.935,0.984,6,1.935,0.984,9,2.903,1.475,7,2.258,1.148,5,1.613,0.82,0,0.0,0.0,90.23
1236,Carlos Miguel Harvey,DEF,Panama,Panama,3,279,0,0.0,0.0,0,0.0,0.0,5,1.613,0.82,0,0.0,0.0,107,34.516,17.541,85,27.419,13.934,1,0.323,0.164,14,4.516,2.295,5,1.613,0.82,7,2.258,1.148,6,1.935,0.984,16,5.161,2.623,7,2.258,1.148,7,2.258,1.148,8,2.581,1.311,8,2.581,1.311,3,0.968,0.492,0,0.0,0.0,79.44
1201,Thomas Teye Partey,MID,Ghana,Ghana,3,279,0,0.0,0.0,0,0.0,0.0,2,0.645,0.328,0,0.0,0.0,152,49.032,24.918,134,43.226,21.967,0,0.0,0.0,10,3.226,1.639,2,0.645,0.328,6,1.935,0.984,6,1.935,0.984,10,3.226,1.639,2,0.645,0.328,2,0.645,0.328,10,3.226,1.639,2,0.645,0.328,5,1.613,0.82,0,0.0,0.0,88.16
261,Johny Placide,GK,Haiti,Haiti,3,278,0,0.0,0.0,0,0.0,0.0,0,0.0,0.0,0,0.0,0.0,105,33.993,17.245,67,21.691,11.004,0,0.0,0.0,0,0.0,0.0,1,0.324,0.164,0,0.0,0.0,0,0.0,0.0,15,4.856,2.464,0,0.0,0.0,0,0.0,0.0,0,0.0,0.0,0,0.0,0.0,0,0.0,0.0,0,0.0,0.0,63.81
264,Ricardo Ade,DEF,Haiti,Haiti,3,278,0,0.0,0.0,0,0.0,0.0,4,1.295,0.657,1,0.324,0.164,136,44.029,22.336,121,39.173,19.872,0,0.0,0.0,7,2.266,1.15,3,0.971,0.493,19,6.151,3.12,7,2.266,1.15,13,4.209,2.135,6,1.942,0.985,6,1.942,0.985,3,0.971,0.493,6,1.942,0.985,4,1.295,0.657,0,0.0,0.0,88.97
265,Hannes Piterson Delcroix,DEF,Haiti,Haiti,3,278,0,0.0,0.0,0,0.0,0.0,0,0.0,0.0,0,0.0,0.0,151,48.885,24.799,146,47.266,23.978,1,0.324,0.164,7,2.266,1.15,5,1.619,0.821,19,6.151,3.12,10,3.237,1.642,20,6.475,3.285,7,2.266,1.15,5,1.619,0.821,1,0.324,0.164,1,0.324,0.164,2,0.647,0.328,0,0.0,0.0,96.69
268,Martin Yves Roberns Didier Experience,DEF,Haiti,Haiti,3,278,0,0.0,0.0,0,0.0,0.0,1,0.324,0.164,0,0.0,0.0,111,35.935,18.23,93,30.108,15.274,6,1.942,0.985,21,6.799,3.449,3,0.971,0.493,9,2.914,1.478,10,3.237,1.642,15,4.856,2.464,3,0.971,0.493,3,0.971,0.493,8,2.59,1.314,7,2.266,1.15,6,1.942,0.985,0,0.0,0.0,83.78
570,Kaishu Sano,MID,Japan,Japan,3,278,1,0.324,0.164,1,0.324,0.164,1,0.324,0.164,1,0.324,0.164,131,42.41,21.515,124,40.144,20.365,1,0.324,0.164,8,2.59,1.314,5,1.619,0.821,7,2.266,1.15,6,1.942,0.985,11,3.561,1.807,4,1.295,0.657,4,1.295,0.657,5,1.619,0.821,4,1.295,0.657,1,0.324,0.164,0,0.0,0.0,94.66
475,Odilon Dorgeless Kossounou,DEF,Côte d'Ivoire,Côte d'Ivoire,4,278,0,0.0,0.0,0,0.0,0.0,0,0.0,0.0,0,0.0,0.0,149,48.237,24.471,141,45.647,23.157,0,0.0,0.0,7,2.266,1.15,11,3.561,1.807,11,3.561,1.807,5,1.619,0.821,18,5.827,2.956,3,0.971,0.493,2,0.647,0.328,1,0.324,0.164,0,0.0,0.0,1,0.324,0.164,0,0.0,0.0,94.63
1155,Marcus Rashford,FWD,England,England,5,278,1,0.324,0.164,1,0.324,0.164,12,3.885,1.971,5,1.619,0.821,103,33.345,16.916,91,29.46,14.945,18,5.827,2.956,5,1.619,0.821,0,0.0,0.0,1,0.324,0.164,1,0.324,0.164,0,0.0,0.0,1,0.324,0.164,1,0.324,0.164,16,5.18,2.628,5,1.619,0.821,1,0.324,0.164,1,0.324,0.164,88.35
1178,Mateo Kovacic,MID,Croatia,Croatia,4,278,0,0.0,0.0,0,0.0,0.0,5,1.619,0.821,4,1.295,0.657,208,67.338,34.161,198,64.101,32.518,0,0.0,0.0,10,3.237,1.642,2,0.647,0.328,2,0.647,0.328,6,1.942,0.985,8,2.59,1.314,1,0.324,0.164,1,0.324,0.164,9,2.914,1.478,3,0.971,0.493,3,0.971,0.493,0,0.0,0.0,95.19
471,N'clomande Ghislain Konan,DEF,Côte d'Ivoire,Côte d'Ivoire,3,277,0,0.0,0.0,0,0.0,0.0,4,1.3,0.658,0,0.0,0.0,149,48.412,24.516,124,40.289,20.402,9,2.924,1.481,8,2.599,1.316,2,0.65,0.329,12,3.899,1.974,6,1.949,0.987,10,3.249,1.645,1,0.325,0.165,1,0.325,0.165,13,4.224,2.139,0,0.0,0.0,1,0.325,0.165,0,0.0,0.0,83.22
488,Emmanuel Elysee Djedje Agbadou,DEF,Côte d'Ivoire,Côte d'Ivoire,3,277,0,0.0,0.0,0,0.0,0.0,3,0.975,0.494,1,0.325,0.165,154,50.036,25.338,142,46.137,23.364,0,0.0,0.0,12,3.899,1.974,4,1.3,0.658,16,5.199,2.633,8,2.599,1.316,15,4.874,2.468,11,3.574,1.81,11,3.574,1.81,2,0.65,0.329,0,0.0,0.0,0,0.0,0.0,0,0.0,0.0,92.21
889,Hashim Rahman Akam Hashim,DEF,Iraq,Iraq,3,277,0,0.0,0.0,0,0.0,0.0,1,0.325,0.165,0,0.0,0.0,148,48.087,24.351,126,40.939,20.731,0,0.0,0.0,7,2.274,1.152,2,0.65,0.329,22,7.148,3.62,13,4.224,2.139,17,5.523,2.797,2,0.65,0.329,2,0.65,0.329,10,3.249,1.645,0,0.0,0.0,3,0.975,0.494,0,0.0,0.0,85.14
907,Ghazi Salih Merchas,DEF,Iraq,Iraq,3,277,0,0.0,0.0,0,0.0,0.0,1,0.325,0.165,0,0.0,0.0,141,45.812,23.199,115,37.365,18.921,3,0.975,0.494,23,7.473,3.784,5,1.625,0.823,8,2.599,1.316,9,2.924,1.481,22,7.148,3.62,0,0.0,0.0,0,0.0,0.0,9,2.924,1.481,3,0.975,0.494,8,2.599,1.316,0,0.0,0.0,81.56
53,Seunggyu Kim,GK,Korea Republic,South Korea,3,276,0,0.0,0.0,0,0.0,0.0,0,0.0,0.0,0,0.0,0.0,116,37.826,19.121,85,27.717,14.011,0,0.0,0.0,0,0.0,0.0,0,0.0,0.0,3,0.978,0.495,0,0.0,0.0,20,6.522,3.297,0,0.0,0.0,0,0.0,0.0,0,0.0,0.0,0,0.0,0.0,0,0.0,0.0,0,0.0,0.0,73.28
54,Hanbeom Lee,DEF,Korea Republic,South Korea,3,276,0,0.0,0.0,0,0.0,0.0,2,0.652,0.33,0,0.0,0.0,200,65.217,32.967,183,59.674,30.165,2,0.652,0.33,8,2.609,1.319,3,0.978,0.495,16,5.217,2.637,7,2.283,1.154,21,6.848,3.462,13,4.239,2.143,13,4.239,2.143,3,0.978,0.495,7,2.283,1.154,2,0.652,0.33,0,0.0,0.0,91.5
55,Gihyuk Lee,MID,Korea Republic,South Korea,3,276,0,0.0,0.0,0,0.0,0.0,0,0.0,0.0,0,0.0,0.0,236,76.957,38.901,217,70.761,35.769,4,1.304,0.659,6,1.957,0.989,7,2.283,1.154,29,9.457,4.78,7,2.283,1.154,27,8.804,4.451,15,4.891,2.473,14,4.565,2.308,4,1.304,0.659,2,0.652,0.33,1,0.326,0.165,0,0.0,0.0,91.95
71,Kangin Lee,MID,Korea Republic,South Korea,3,276,0,0.0,0.0,1,0.326,0.165,4,1.304,0.659,1,0.326,0.165,159,51.848,26.209,140,45.652,23.077,20,6.522,3.297,6,1.957,0.989,0,0.0,0.0,0,0.0,0.0,2,0.652,0.33,0,0.0,0.0,2,0.652,0.33,2,0.652,0.33,15,4.891,2.473,1,0.326,0.165,7,2.283,1.154,0,0.0,0.0,88.05
157,Ibrahim Mahmoud Abunada,GK,Qatar,Qatar,3,276,0,0.0,0.0,0,0.0,0.0,0,0.0,0.0,0,0.0,0.0,93,30.326,15.33,50,16.304,8.242,0,0.0,0.0,0,0.0,0.0,0,0.0,0.0,0,0.0,0.0,0,0.0,0.0,20,6.522,3.297,0,0.0,0.0,0,0.0,0.0,0,0.0,0.0,1,0.326,0.165,1,0.326,0.165,0,0.0,0.0,53.76
158,Miguel Pedro,DEF,Qatar,Qatar,3,276,0,0.0,0.0,0,0.0,0.0,3,0.978,0.495,1,0.326,0.165,78,25.435,12.857,59,19.239,9.725,2,0.652,0.33,10,3.261,1.648,4,1.304,0.659,17,5.543,2.802,10,3.261,1.648,18,5.87,2.967,3,0.978,0.495,3,0.978,0.495,3,0.978,0.495,1,0.326,0.165,7,2.283,1.154,0,0.0,0.0,75.64
160,Gueye Issa Laye,DEF,Qatar,Qatar,3,276,0,0.0,0.0,0,0.0,0.0,1,0.326,0.165,0,0.0,0.0,90,29.348,14.835,85,27.717,14.011,0,0.0,0.0,5,1.63,0.824,3,0.978,0.495,21,6.848,3.462,4,1.304,0.659,11,3.587,1.813,7,2.283,1.154,6,1.957,0.989,2,0.652,0.33,0,0.0,0.0,3,0.978,0.495,0,0.0,0.0,94.44
172,KHOUKHIBoualem Boualem,DEF,Qatar,Qatar,3,276,0,0.0,0.0,0,0.0,0.0,2,0.652,0.33,0,0.0,0.0,117,38.152,19.286,94,30.652,15.495,1,0.326,0.165,7,2.283,1.154,4,1.304,0.659,27,8.804,4.451,14,4.565,2.308,15,4.891,2.473,6,1.957,0.989,5,1.63,0.824,2,0.652,0.33,2,0.652,0.33,1,0.326,0.165,0,0.0,0.0,80.34
287,Angus Fraser James Gunn,GK,Scotland,Scotland,3,276,0,0.0,0.0,0,0.0,0.0,0,0.0,0.0,0,0.0,0.0,119,38.804,19.615,90,29.348,14.835,0,0.0,0.0,0,0.0,0.0,1,0.326,0.165,1,0.326,0.165,0,0.0,0.0,26,8.478,4.286,0,0.0,0.0,0,0.0,0.0,0,0.0,0.0,0,0.0,0.0,0,0.0,0.0,0,0.0,0.0,75.63
289,Andrew Henry Robertson,DEF,Scotland,Scotland,3,276,0,0.0,0.0,0,0.0,0.0,0,0.0,0.0,0,0.0,0.0,153,49.891,25.22,124,40.435,20.44,11,3.587,1.813,3,0.978,0.495,2,0.652,0.33,7,2.283,1.154,2,0.652,0.33,5,1.63,0.824,1,0.326,0.165,1,0.326,0.165,2,0.652,0.33,3,0.978,0.495,1,0.326,0.165,0,0.0,0.0,81.05
299,Jack William Hendry,DEF,Scotland,Scotland,3,276,0,0.0,0.0,0,0.0,0.0,0,0.0,0.0,0,0.0,0.0,180,58.696,29.67,171,55.761,28.187,0,0.0,0.0,2,0.652,0.33,3,0.978,0.495,11,3.587,1.813,6,1.957,0.989,10,3.261,1.648,2,0.652,0.33,2,0.652,0.33,8,2.609,1.319,1,0.326,0.165,3,0.978,0.495,0,0.0,0.0,95.0
290,Mc,MID,Scotland,Scotland,3,276,0,0.0,0.0,0,0.0,0.0,8,2.609,1.319,3,0.978,0.495,96,31.304,15.824,87,28.37,14.341,0,0.0,0.0,5,1.63,0.824,0,0.0,0.0,3,0.978,0.495,4,1.304,0.659,5,1.63,0.824,4,1.304,0.659,4,1.304,0.659,7,2.283,1.154,3,0.978,0.495,0,0.0,0.0,0,0.0,0.0,90.62
305,Lewis Ferguson,MID,Scotland,Scotland,3,276,0,0.0,0.0,0,0.0,0.0,2,0.652,0.33,1,0.326,0.165,201,65.543,33.132,185,60.326,30.495,9,2.935,1.484,18,5.87,2.967,3,0.978,0.495,7,2.283,1.154,10,3.261,1.648,20,6.522,3.297,6,1.957,0.989,6,1.957,0.989,4,1.304,0.659,5,1.63,0.824,10,3.261,1.648,0,0.0,0.0,92.04
600,Ali Abdi,DEF,Tunisia,Tunisia,3,276,0,0.0,0.0,0,0.0,0.0,1,0.326,0.165,0,0.0,0.0,74,24.13,12.198,51,16.63,8.407,5,1.63,0.824,20,6.522,3.297,2,0.652,0.33,9,2.935,1.484,5,1.63,0.824,15,4.891,2.473,4,1.304,0.659,4,1.304,0.659,5,1.63,0.824,4,1.304,0.659,1,0.326,0.165,0,0.0,0.0,68.92
601,Montassar Omar Talbi,DEF,Tunisia,Tunisia,3,276,0,0.0,0.0,0,0.0,0.0,1,0.326,0.165,0,0.0,0.0,113,36.848,18.626,107,34.891,17.637,0,0.0,0.0,6,1.957,0.989,4,1.304,0.659,12,3.913,1.978,9,2.935,1.484,13,4.239,2.143,5,1.63,0.824,5,1.63,0.824,0,0.0,0.0,1,0.326,0.165,1,0.326,0.165,0,0.0,0.0,94.69
608,Hannibal Mejbri,MID,Tunisia,Tunisia,3,276,0,0.0,0.0,1,0.326,0.165,3,0.978,0.495,1,0.326,0.165,123,40.109,20.275,94,30.652,15.495,9,2.935,1.484,15,4.891,2.473,2,0.652,0.33,0,0.0,0.0,1,0.326,0.165,8,2.609,1.319,3,0.978,0.495,3,0.978,0.495,11,3.587,1.813,4,1.304,0.659,15,4.891,2.473,0,0.0,0.0,76.42
801,Khalil Mohammed Alowais,GK,Saudi Arabia,Saudi Arabia,3,276,0,0.0,0.0,0,0.0,0.0,0,0.0,0.0,0,0.0,0.0,93,30.326,15.33,53,17.283,8.736,0,0.0,0.0,0,0.0,0.0,0,0.0,0.0,0,0.0,0.0,0,0.0,0.0,11,3.587,1.813,0,0.0,0.0,0,0.0,0.0,0,0.0,0.0,0,0.0,0.0,1,0.326,0.165,0,0.0,0.0,56.99
792,Abdullah Saud Abdulhamid,DEF,Saudi Arabia,Saudi Arabia,3,276,0,0.0,0.0,0,0.0,0.0,2,0.652,0.33,0,0.0,0.0,113,36.848,18.626,88,28.696,14.505,4,1.304,0.659,18,5.87,2.967,2,0.652,0.33,11,3.587,1.813,6,1.957,0.989,12,3.913,1.978,4,1.304,0.659,4,1.304,0.659,5,1.63,0.824,4,1.304,0.659,2,0.652,0.33,0,0.0,0.0,77.88
795,Mohammed Abdullah Alkhaibari,MID,Saudi Arabia,Saudi Arabia,3,276,0,0.0,0.0,0,0.0,0.0,1,0.326,0.165,0,0.0,0.0,58,18.913,9.56,48,15.652,7.912,0,0.0,0.0,3,0.978,0.495,0,0.0,0.0,3,0.978,0.495,6,1.957,0.989,5,1.63,0.824,1,0.326,0.165,1,0.326,0.165,2,0.652,0.33,0,0.0,0.0,2,0.652,0.33,0,0.0,0.0,82.76
677,Ali Reza Beiranvand,GK,IR Iran,IR Iran,3,276,0,0.0,0.0,0,0.0,0.0,0,0.0,0.0,0,0.0,0.0,93,30.326,15.33,62,20.217,10.22,0,0.0,0.0,0,0.0,0.0,1,0.326,0.165,0,0.0,0.0,0,0.0,0.0,27,8.804,4.451,0,0.0,0.0,0,0.0,0.0,2,0.652,0.33,0,0.0,0.0,1,0.326,0.165,0,0.0,0.0,66.67
680,Shojae Khalilzadeh,DEF,IR Iran,IR Iran,3,276,0,0.0,0.0,0,0.0,0.0,2,0.652,0.33,0,0.0,0.0,141,45.978,23.242,118,38.478,19.451,0,0.0,0.0,13,4.239,2.143,2,0.652,0.33,27,8.804,4.451,9,2.935,1.484,8,2.609,1.319,11,3.587,1.813,10,3.261,1.648,1,0.326,0.165,4,1.304,0.659,0,0.0,0.0,1,0.326,0.165,83.69
695,Ali Nemati,DEF,IR Iran,IR Iran,3,276,0,0.0,0.0,0,0.0,0.0,1,0.326,0.165,0,0.0,0.0,129,42.065,21.264,114,37.174,18.791,3,0.978,0.495,8,2.609,1.319,2,0.652,0.33,26,8.478,4.286,6,1.957,0.989,18,5.87,2.967,7,2.283,1.154,7,2.283,1.154,3,0.978,0.495,3,0.978,0.495,0,0.0,0.0,1,0.326,0.165,88.37
699,Ramin Rezaeian,DEF,IR Iran,IR Iran,3,276,2,0.652,0.33,1,0.326,0.165,4,1.304,0.659,2,0.652,0.33,98,31.957,16.154,68,22.174,11.209,17,5.543,2.802,9,2.935,1.484,2,0.652,0.33,2,0.652,0.33,3,0.978,0.495,7,2.283,1.154,4,1.304,0.659,4,1.304,0.659,5,1.63,0.824,2,0.652,0.33,3,0.978,0.495,1,0.326,0.165,69.39
1106,Eldor Shomurodov,FWD,Uzbekistan,Uzbekistan,3,276,1,0.326,0.165,0,0.0,0.0,4,1.304,0.659,2,0.652,0.33,72,23.478,11.868,52,16.957,8.571,1,0.326,0.165,8,2.609,1.319,1,0.326,0.165,2,0.652,0.33,5,1.63,0.824,5,1.63,0.824,13,4.239,2.143,11,3.587,1.813,9,2.935,1.484,8,2.609,1.319,4,1.304,0.659,1,0.326,0.165,72.22
197,Djibril Ibrahima Sow,MID,Switzerland,Switzerland,4,275,0,0.0,0.0,0,0.0,0.0,2,0.655,0.33,1,0.327,0.165,97,31.745,16.018,83,27.164,13.706,4,1.309,0.661,3,0.982,0.495,1,0.327,0.165,0,0.0,0.0,3,0.982,0.495,3,0.982,0.495,1,0.327,0.165,1,0.327,0.165,0,0.0,0.0,5,1.636,0.826,4,1.309,0.661,0,0.0,0.0,85.57
30,Teboho Mokoena,MID,South Africa,South Africa,3,274,1,0.328,0.165,0,0.0,0.0,4,1.314,0.662,2,0.657,0.331,196,64.38,32.426,176,57.81,29.118,3,0.985,0.496,12,3.942,1.985,4,1.314,0.662,4,1.314,0.662,8,2.628,1.324,17,5.584,2.812,5,1.642,0.827,5,1.642,0.827,2,0.657,0.331,3,0.985,0.496,6,1.971,0.993,0,0.0,0.0,89.8
404,Abdülker Bardakci,DEF,Türkiye,Türkiye,3,274,0,0.0,0.0,0,0.0,0.0,3,0.985,0.496,1,0.328,0.165,242,79.489,40.037,222,72.92,36.728,6,1.971,0.993,14,4.599,2.316,4,1.314,0.662,15,4.927,2.482,6,1.971,0.993,21,6.898,3.474,10,3.285,1.654,8,2.628,1.324,5,1.642,0.827,1,0.328,0.165,3,0.985,0.496,0,0.0,0.0,91.74
426,Jamal Musiala,MID,Germany,Germany,4,273,1,0.33,0.166,0,0.0,0.0,6,1.978,0.994,1,0.33,0.166,104,34.286,17.238,86,28.352,14.254,8,2.637,1.326,13,4.286,2.155,2,0.659,0.331,0,0.0,0.0,5,1.648,0.829,9,2.967,1.492,0,0.0,0.0,0,0.0,0.0,24,7.912,3.978,5,1.648,0.829,11,3.626,1.823,0,0.0,0.0,82.69
443,Eloy Victor Room,GK,Curaçao,Curaçao,3,271,0,0.0,0.0,0,0.0,0.0,0,0.0,0.0,0,0.0,0.0,89,29.557,14.806,48,15.941,7.985,0,0.0,0.0,0,0.0,0.0,0,0.0,0.0,0,0.0,0.0,0,0.0,0.0,22,7.306,3.66,0,0.0,0.0,0,0.0,0.0,0,0.0,0.0,0,0.0,0.0,0,0.0,0.0,0,0.0,0.0,53.93
447,Sherel Constancio Floranus,DEF,Curaçao,Curaçao,3,271,0,0.0,0.0,0,0.0,0.0,2,0.664,0.333,0,0.0,0.0,112,37.196,18.632,95,31.55,15.804,0,0.0,0.0,12,3.985,1.996,2,0.664,0.333,9,2.989,1.497,11,3.653,1.83,9,2.989,1.497,3,0.996,0.499,3,0.996,0.499,2,0.664,0.333,2,0.664,0.333,0,0.0,0.0,1,0.332,0.166,84.82
460,Armando Maria Obispo,DEF,Curaçao,Curaçao,3,271,0,0.0,0.0,0,0.0,0.0,0,0.0,0.0,0,0.0,0.0,97,32.214,16.137,87,28.893,14.473,0,0.0,0.0,5,1.661,0.832,9,2.989,1.497,13,4.317,2.163,14,4.649,2.329,20,6.642,3.327,6,1.993,0.998,5,1.661,0.832,2,0.664,0.333,1,0.332,0.166,0,0.0,0.0,1,0.332,0.166,89.69
452,Leandro Jones Johan Bacuna,MID,Curaçao,Curaçao,3,271,0,0.0,0.0,0,0.0,0.0,6,1.993,0.998,1,0.332,0.166,125,41.513,20.795,108,35.867,17.967,4,1.328,0.665,11,3.653,1.83,4,1.328,0.665,9,2.989,1.497,3,0.996,0.499,14,4.649,2.329,4,1.328,0.665,4,1.328,0.665,11,3.653,1.83,3,0.996,0.499,3,0.996,0.499,0,0.0,0.0,86.4
486,Ibrahim Sangare,MID,Côte d'Ivoire,Côte d'Ivoire,4,271,0,0.0,0.0,0,0.0,0.0,1,0.332,0.166,0,0.0,0.0,190,63.1,31.608,172,57.122,28.614,1,0.332,0.166,24,7.97,3.993,2,0.664,0.333,9,2.989,1.497,13,4.317,2.163,17,5.646,2.828,5,1.661,0.832,5,1.661,0.832,5,1.661,0.832,2,0.664,0.333,4,1.328,0.665,0,0.0,0.0,90.53
682,Saeid Ezatolahi,MID,IR Iran,IR Iran,3,271,0,0.0,0.0,0,0.0,0.0,6,1.993,0.998,2,0.664,0.333,99,32.878,16.47,78,25.904,12.976,0,0.0,0.0,14,4.649,2.329,4,1.328,0.665,12,3.985,1.996,14,4.649,2.329,27,8.967,4.492,11,3.653,1.83,11,3.653,1.83,4,1.328,0.665,7,2.325,1.165,4,1.328,0.665,0,0.0,0.0,78.79
713,Elijah Henry Just,MID,New Zealand,New Zealand,3,271,3,0.996,0.499,0,0.0,0.0,7,2.325,1.165,5,1.661,0.832,99,32.878,16.47,85,28.229,14.14,1,0.332,0.166,10,3.321,1.664,1,0.332,0.166,3,0.996,0.499,8,2.657,1.331,6,1.993,0.998,1,0.332,0.166,1,0.332,0.166,15,4.982,2.495,3,0.996,0.499,2,0.664,0.333,0,0.0,0.0,85.86
985,Luca Zinedine Zidane,GK,Algeria,Algeria,3,271,0,0.0,0.0,0,0.0,0.0,0,0.0,0.0,0,0.0,0.0,104,34.539,17.301,91,30.221,15.139,0,0.0,0.0,0,0.0,0.0,1,0.332,0.166,0,0.0,0.0,0,0.0,0.0,15,4.982,2.495,0,0.0,0.0,0,0.0,0.0,0,0.0,0.0,0,0.0,0.0,0,0.0,0.0,0,0.0,0.0,87.5
535,Micky Van De Ven,DEF,Netherlands,Netherlands,3,270,0,0.0,0.0,0,0.0,0.0,3,1.0,0.5,1,0.333,0.167,117,39.0,19.5,105,35.0,17.5,3,1.0,0.5,9,3.0,1.5,2,0.667,0.333,7,2.333,1.167,6,2.0,1.0,8,2.667,1.333,4,1.333,0.667,4,1.333,0.667,4,1.333,0.667,5,1.667,0.833,1,0.333,0.167,0,0.0,0.0,89.74
768,Deroy Deroy Duarte,MID,Cabo Verde,Cabo Verde,4,270,1,0.333,0.167,0,0.0,0.0,3,1.0,0.5,2,0.667,0.333,101,33.667,16.833,87,29.0,14.5,1,0.333,0.167,14,4.667,2.333,1,0.333,0.167,8,2.667,1.333,10,3.333,1.667,8,2.667,1.333,5,1.667,0.833,5,1.667,0.833,0,0.0,0.0,4,1.333,0.667,1,0.333,0.167,0,0.0,0.0,86.14
270,Jean Ricner Bellegarde,MID,Haiti,Haiti,3,269,0,0.0,0.0,0,0.0,0.0,6,2.007,1.002,0,0.0,0.0,130,43.494,21.707,112,37.472,18.701,12,4.015,2.004,10,3.346,1.67,1,0.335,0.167,3,1.004,0.501,7,2.342,1.169,10,3.346,1.67,1,0.335,0.167,1,0.335,0.167,9,3.011,1.503,4,1.338,0.668,5,1.673,0.835,0,0.0,0.0,86.15
969,Riyad Karim Mahrez,FWD,Algeria,Algeria,4,269,2,0.669,0.334,2,0.669,0.334,6,2.007,1.002,3,1.004,0.501,147,49.182,24.545,127,42.491,21.206,9,3.011,1.503,12,4.015,2.004,1,0.335,0.167,2,0.669,0.334,6,2.007,1.002,4,1.338,0.668,1,0.335,0.167,1,0.335,0.167,6,2.007,1.002,1,0.335,0.167,7,2.342,1.169,1,0.335,0.167,86.39
1035,Mahmoud Ahmed Nizar Alrashdan,MID,Jordan,Jordan,3,269,1,0.335,0.167,0,0.0,0.0,2,0.669,0.334,1,0.335,0.167,80,26.766,13.358,62,20.743,10.353,0,0.0,0.0,20,6.691,3.34,4,1.338,0.668,6,2.007,1.002,11,3.68,1.837,13,4.349,2.171,4,1.338,0.668,4,1.338,0.668,10,3.346,1.67,5,1.673,0.835,4,1.338,0.668,0,0.0,0.0,77.5
134,Tarik Muharemovic,DEF,Bosnia and Herzegovina,Bosnia and Herzegovina,3,268,0,0.0,0.0,0,0.0,0.0,1,0.336,0.167,0,0.0,0.0,153,51.381,25.595,132,44.328,22.082,0,0.0,0.0,6,2.015,1.004,4,1.343,0.669,38,12.761,6.357,12,4.03,2.007,24,8.06,4.015,13,4.366,2.175,13,4.366,2.175,2,0.672,0.335,5,1.679,0.836,2,0.672,0.335,0,0.0,0.0,86.27
7,Luis Francisco Romo,MID,Mexico,Mexico,4,268,1,0.336,0.167,1,0.336,0.167,3,1.007,0.502,1,0.336,0.167,106,35.597,17.732,93,31.231,15.558,2,0.672,0.335,10,3.358,1.673,1,0.336,0.167,5,1.679,0.836,6,2.015,1.004,8,2.687,1.338,4,1.343,0.669,3,1.007,0.502,0,0.0,0.0,1,0.336,0.167,3,1.007,0.502,0,0.0,0.0,87.74
1017,Mousa Musallam Abdallah Nasib,DEF,Jordan,Jordan,3,266,0,0.0,0.0,0,0.0,0.0,0,0.0,0.0,0,0.0,0.0,97,32.82,16.287,70,23.684,11.754,0,0.0,0.0,9,3.045,1.511,3,1.015,0.504,19,6.429,3.19,12,4.06,2.015,23,7.782,3.862,7,2.368,1.175,5,1.692,0.84,1,0.338,0.168,1,0.338,0.168,1,0.338,0.168,0,0.0,0.0,72.16
1037,Manel Farhan Ehsan Haddad,DEF,Jordan,Jordan,3,266,0,0.0,0.0,1,0.338,0.168,1,0.338,0.168,0,0.0,0.0,73,24.699,12.257,54,18.271,9.067,7,2.368,1.175,10,3.383,1.679,2,0.677,0.336,6,2.03,1.007,13,4.398,2.183,9,3.045,1.511,1,0.338,0.168,1,0.338,0.168,4,1.353,0.672,3,1.015,0.504,1,0.338,0.168,0,0.0,0.0,73.97
277,Danley Jean Jacques,MID,Haiti,Haiti,3,265,0,0.0,0.0,0,0.0,0.0,0,0.0,0.0,0,0.0,0.0,116,39.396,19.514,102,34.642,17.159,2,0.679,0.336,16,5.434,2.692,0,0.0,0.0,10,3.396,1.682,9,3.057,1.514,14,4.755,2.355,3,1.019,0.505,3,1.019,0.505,4,1.358,0.673,5,1.698,0.841,3,1.019,0.505,0,0.0,0.0,87.93
991,Kevin Danso,DEF,Austria,Austria,4,265,0,0.0,0.0,0,0.0,0.0,1,0.34,0.168,0,0.0,0.0,164,55.698,27.589,147,49.925,24.729,1,0.34,0.168,8,2.717,1.346,1,0.34,0.168,15,5.094,2.523,9,3.057,1.514,9,3.057,1.514,8,2.717,1.346,8,2.717,1.346,6,2.038,1.009,1,0.34,0.168,2,0.679,0.336,0,0.0,0.0,89.63
58,Inbeom Hwang,MID,Korea Republic,South Korea,3,264,1,0.341,0.169,1,0.341,0.169,4,1.364,0.674,2,0.682,0.337,218,74.318,36.742,193,65.795,32.528,3,1.023,0.506,6,2.045,1.011,3,1.023,0.506,4,1.364,0.674,5,1.705,0.843,9,3.068,1.517,3,1.023,0.506,3,1.023,0.506,3,1.023,0.506,1,0.341,0.169,1,0.341,0.169,0,0.0,0.0,88.53
685,Mehdi Taremi,FWD,IR Iran,IR Iran,3,264,0,0.0,0.0,0,0.0,0.0,5,1.705,0.843,2,0.682,0.337,71,24.205,11.966,58,19.773,9.775,2,0.682,0.337,6,2.045,1.011,2,0.682,0.337,4,1.364,0.674,1,0.341,0.169,4,1.364,0.674,14,4.773,2.36,14,4.773,2.36,11,3.75,1.854,3,1.023,0.506,5,1.705,0.843,2,0.682,0.337,81.69
381,Nestory Irankunda,FWD,Australia,Australia,4,263,1,0.342,0.169,0,0.0,0.0,6,2.053,1.013,2,0.684,0.338,44,15.057,7.43,32,10.951,5.403,1,0.342,0.169,1,0.342,0.169,1,0.342,0.169,2,0.684,0.338,2,0.684,0.338,4,1.369,0.675,10,3.422,1.689,10,3.422,1.689,8,2.738,1.351,4,1.369,0.675,5,1.711,0.844,0,0.0,0.0,72.73
1204,Kwasi Sibo,MID,Ghana,Ghana,4,263,0,0.0,0.0,0,0.0,0.0,0,0.0,0.0,0,0.0,0.0,93,31.825,15.704,88,30.114,14.859,0,0.0,0.0,8,2.738,1.351,0,0.0,0.0,5,1.711,0.844,4,1.369,0.675,4,1.369,0.675,3,1.027,0.507,3,1.027,0.507,2,0.684,0.338,7,2.395,1.182,1,0.342,0.169,0,0.0,0.0,94.62
116,Tanitoluwa Oluwatimilehin Oluwaseyi,FWD,Canada,Canada,5,262,0,0.0,0.0,0,0.0,0.0,8,2.748,1.353,4,1.374,0.677,41,14.084,6.936,27,9.275,4.568,4,1.374,0.677,11,3.779,1.861,2,0.687,0.338,0,0.0,0.0,2,0.687,0.338,8,2.748,1.353,15,5.153,2.538,14,4.809,2.368,7,2.405,1.184,5,1.718,0.846,5,1.718,0.846,1,0.344,0.169,65.85
418,Antonio Ruediger,DEF,Germany,Germany,4,262,0,0.0,0.0,0,0.0,0.0,1,0.344,0.169,0,0.0,0.0,246,84.504,41.617,230,79.008,38.91,1,0.344,0.169,4,1.374,0.677,5,1.718,0.846,11,3.779,1.861,6,2.061,1.015,18,6.183,3.045,9,3.092,1.523,8,2.748,1.353,1,0.344,0.169,1,0.344,0.169,0,0.0,0.0,0,0.0,0.0,93.5
712,Sarpreet Singh,MID,New Zealand,New Zealand,3,262,0,0.0,0.0,0,0.0,0.0,4,1.374,0.677,2,0.687,0.338,76,26.107,12.857,58,19.924,9.812,7,2.405,1.184,2,0.687,0.338,1,0.344,0.169,3,1.031,0.508,8,2.748,1.353,5,1.718,0.846,4,1.374,0.677,3,1.031,0.508,4,1.374,0.677,2,0.687,0.338,2,0.687,0.338,0,0.0,0.0,76.32
931,Andreas Rædergård Schjelderup,MID,Norway,Norway,6,262,1,0.344,0.169,2,0.687,0.338,3,1.031,0.508,2,0.687,0.338,104,35.725,17.594,89,30.573,15.056,7,2.405,1.184,13,4.466,2.199,2,0.687,0.338,3,1.031,0.508,4,1.374,0.677,9,3.092,1.523,1,0.344,0.169,1,0.344,0.169,15,5.153,2.538,2,0.687,0.338,3,1.031,0.508,0,0.0,0.0,85.58
340,Victor Gustavo Velazquez,DEF,Paraguay,Paraguay,5,261,0,0.0,0.0,0,0.0,0.0,0,0.0,0.0,0,0.0,0.0,80,27.586,13.559,57,19.655,9.661,4,1.379,0.678,5,1.724,0.847,3,1.034,0.508,18,6.207,3.051,5,1.724,0.847,10,3.448,1.695,7,2.414,1.186,7,2.414,1.186,1,0.345,0.169,2,0.69,0.339,0,0.0,0.0,0,0.0,0.0,71.25
293,Mc,MID,Scotland,Scotland,3,261,1,0.345,0.169,0,0.0,0.0,3,1.034,0.508,1,0.345,0.169,55,18.966,9.322,47,16.207,7.966,9,3.103,1.525,4,1.379,0.678,0,0.0,0.0,1,0.345,0.169,3,1.034,0.508,4,1.379,0.678,2,0.69,0.339,2,0.69,0.339,11,3.793,1.864,2,0.69,0.339,11,3.793,1.864,0,0.0,0.0,85.45
1080,Noah Junior Sadiki,MID,Congo DR,Congo DR,4,261,0,0.0,0.0,0,0.0,0.0,0,0.0,0.0,0,0.0,0.0,116,40.0,19.661,103,35.517,17.458,1,0.345,0.169,17,5.862,2.881,1,0.345,0.169,5,1.724,0.847,11,3.793,1.864,10,3.448,1.695,0,0.0,0.0,0,0.0,0.0,10,3.448,1.695,2,0.69,0.339,3,1.034,0.508,0,0.0,0.0,88.79
31,Thalente Wandile Mbatha,MID,South Africa,South Africa,4,260,0,0.0,0.0,0,0.0,0.0,4,1.385,0.679,1,0.346,0.17,97,33.577,16.472,82,28.385,13.925,4,1.385,0.679,11,3.808,1.868,3,1.038,0.509,8,2.769,1.358,10,3.462,1.698,12,4.154,2.038,5,1.731,0.849,3,1.038,0.509,3,1.038,0.509,4,1.385,0.679,0,0.0,0.0,0,0.0,0.0,84.54
33,Oswin Reagan Appollis,FWD,South Africa,South Africa,4,260,0,0.0,0.0,0,0.0,0.0,4,1.385,0.679,1,0.346,0.17,99,34.269,16.811,82,28.385,13.925,7,2.423,1.189,7,2.423,1.189,1,0.346,0.17,0,0.0,0.0,6,2.077,1.019,6,2.077,1.019,1,0.346,0.17,1,0.346,0.17,10,3.462,1.698,1,0.346,0.17,2,0.692,0.34,0,0.0,0.0,82.83
1233,Edgar Yoel Barcenas,MID,Panama,Panama,3,260,0,0.0,0.0,0,0.0,0.0,2,0.692,0.34,0,0.0,0.0,109,37.731,18.509,96,33.231,16.302,5,1.731,0.849,5,1.731,0.849,3,1.038,0.509,4,1.385,0.679,2,0.692,0.34,12,4.154,2.038,7,2.423,1.189,7,2.423,1.189,8,2.769,1.358,3,1.038,0.509,3,1.038,0.509,0,0.0,0.0,88.07
1097,Rustamjon Ashurmatov,DEF,Uzbekistan,Uzbekistan,3,260,0,0.0,0.0,0,0.0,0.0,0,0.0,0.0,0,0.0,0.0,123,42.577,20.887,101,34.962,17.151,0,0.0,0.0,5,1.731,0.849,3,1.038,0.509,27,9.346,4.585,13,4.5,2.208,15,5.192,2.547,9,3.115,1.528,9,3.115,1.528,0,0.0,0.0,1,0.346,0.17,0,0.0,0.0,0,0.0,0.0,82.11
164,Junior Edmilson,FWD,Qatar,Qatar,3,259,0,0.0,0.0,1,0.347,0.17,3,1.042,0.51,2,0.695,0.34,41,14.247,6.975,33,11.467,5.614,4,1.39,0.681,5,1.737,0.851,1,0.347,0.17,4,1.39,0.681,3,1.042,0.51,8,2.78,1.361,1,0.347,0.17,1,0.347,0.17,5,1.737,0.851,4,1.39,0.681,2,0.695,0.34,1,0.347,0.17,80.49
74,Youngwoo Seol,DEF,Korea Republic,South Korea,3,257,0,0.0,0.0,0,0.0,0.0,2,0.7,0.342,0,0.0,0.0,123,43.074,21.006,113,39.572,19.298,11,3.852,1.879,5,1.751,0.854,2,0.7,0.342,6,2.101,1.025,3,1.051,0.512,7,2.451,1.195,1,0.35,0.171,1,0.35,0.171,3,1.051,0.512,1,0.35,0.171,2,0.7,0.342,4,1.401,0.683,91.87
826,Maximiliano Javier Araujo,MID,Uruguay,Uruguay,3,256,2,0.703,0.342,0,0.0,0.0,4,1.406,0.684,3,1.055,0.513,57,20.039,9.753,50,17.578,8.555,18,6.328,3.08,4,1.406,0.684,2,0.703,0.342,1,0.352,0.171,3,1.055,0.513,7,2.461,1.198,1,0.352,0.171,1,0.352,0.171,14,4.922,2.395,2,0.703,0.342,7,2.461,1.198,6,2.109,1.027,87.72
449,Juninho Gracielo Bacuna,MID,Curaçao,Curaçao,3,255,0,0.0,0.0,0,0.0,0.0,5,1.765,0.857,1,0.353,0.171,75,26.471,12.857,60,21.176,10.286,5,1.765,0.857,17,6.0,2.914,2,0.706,0.343,2,0.706,0.343,17,6.0,2.914,10,3.529,1.714,3,1.059,0.514,3,1.059,0.514,20,7.059,3.429,6,2.118,1.029,3,1.059,0.514,0,0.0,0.0,80.0
708,Joe Zen Robert Bell,MID,New Zealand,New Zealand,3,255,0,0.0,0.0,0,0.0,0.0,1,0.353,0.171,0,0.0,0.0,143,50.471,24.514,120,42.353,20.571,0,0.0,0.0,7,2.471,1.2,3,1.059,0.514,10,3.529,1.714,4,1.412,0.686,12,4.235,2.057,5,1.765,0.857,4,1.412,0.686,2,0.706,0.343,3,1.059,0.514,0,0.0,0.0,0,0.0,0.0,83.92
900,Fouad Aboud Amir Alammari,MID,Iraq,Iraq,3,254,0,0.0,0.0,1,0.354,0.172,0,0.0,0.0,0,0.0,0.0,125,44.291,21.469,99,35.079,17.004,7,2.48,1.202,9,3.189,1.546,3,1.063,0.515,7,2.48,1.202,10,3.543,1.718,16,5.669,2.748,2,0.709,0.344,2,0.709,0.344,1,0.354,0.172,3,1.063,0.515,0,0.0,0.0,0,0.0,0.0,79.2
557,Daizen Maeda,MID,Japan,Japan,3,253,1,0.356,0.172,0,0.0,0.0,2,0.711,0.344,1,0.356,0.172,30,10.672,5.163,28,9.96,4.818,3,1.067,0.516,10,3.557,1.721,1,0.356,0.172,7,2.49,1.205,5,1.779,0.86,4,1.423,0.688,2,0.711,0.344,2,0.711,0.344,7,2.49,1.205,2,0.711,0.344,1,0.356,0.172,1,0.356,0.172,93.33
866,Lamine Camara,MID,Senegal,Senegal,4,253,0,0.0,0.0,1,0.356,0.172,3,1.067,0.516,0,0.0,0.0,131,46.601,22.543,117,41.621,20.134,8,2.846,1.377,7,2.49,1.205,0,0.0,0.0,10,3.557,1.721,6,2.134,1.033,11,3.913,1.893,4,1.423,0.688,3,1.067,0.516,7,2.49,1.205,5,1.779,0.86,3,1.067,0.516,0,0.0,0.0,89.31
544,Crysencio Jilbert Sylverio Cir Summerville,FWD,Netherlands,Netherlands,4,252,2,0.714,0.345,2,0.714,0.345,2,0.714,0.345,2,0.714,0.345,67,23.929,11.552,56,20.0,9.655,8,2.857,1.379,8,2.857,1.379,1,0.357,0.172,0,0.0,0.0,6,2.143,1.034,5,1.786,0.862,2,0.714,0.345,2,0.714,0.345,13,4.643,2.241,2,0.714,0.345,5,1.786,0.862,1,0.357,0.172,83.58
618,Yan Valery,DEF,Tunisia,Tunisia,3,252,0,0.0,0.0,0,0.0,0.0,0,0.0,0.0,0,0.0,0.0,80,28.571,13.793,54,19.286,9.31,7,2.5,1.207,9,3.214,1.552,0,0.0,0.0,10,3.571,1.724,5,1.786,0.862,9,3.214,1.552,5,1.786,0.862,4,1.429,0.69,4,1.429,0.69,4,1.429,0.69,0,0.0,0.0,1,0.357,0.172,67.5
615,Ellyes Joris Skhiri,MID,Tunisia,Tunisia,3,252,0,0.0,0.0,0,0.0,0.0,0,0.0,0.0,0,0.0,0.0,109,38.929,18.793,99,35.357,17.069,0,0.0,0.0,7,2.5,1.207,4,1.429,0.69,12,4.286,2.069,9,3.214,1.552,12,4.286,2.069,2,0.714,0.345,2,0.714,0.345,2,0.714,0.345,0,0.0,0.0,1,0.357,0.172,0,0.0,0.0,90.83
971,Amine Ferid Gouiri,FWD,Algeria,Algeria,4,252,1,0.357,0.172,0,0.0,0.0,3,1.071,0.517,2,0.714,0.345,58,20.714,10.0,51,18.214,8.793,1,0.357,0.172,5,1.786,0.862,0,0.0,0.0,1,0.357,0.172,0,0.0,0.0,2,0.714,0.345,1,0.357,0.172,1,0.357,0.172,2,0.714,0.345,1,0.357,0.172,1,0.357,0.172,0,0.0,0.0,87.93
858,Maxence Guy Lacroix,DEF,France,France,3,252,0,0.0,0.0,0,0.0,0.0,0,0.0,0.0,0,0.0,0.0,130,46.429,22.414,125,44.643,21.552,0,0.0,0.0,8,2.857,1.379,2,0.714,0.345,6,2.143,1.034,10,3.571,1.724,18,6.429,3.103,9,3.214,1.552,9,3.214,1.552,4,1.429,0.69,5,1.786,0.862,0,0.0,0.0,1,0.357,0.172,96.15
56,Minjae Kim,DEF,Korea Republic,South Korea,3,251,0,0.0,0.0,0,0.0,0.0,1,0.359,0.173,1,0.359,0.173,226,81.036,39.04,221,79.243,38.177,0,0.0,0.0,3,1.076,0.518,5,1.793,0.864,11,3.944,1.9,6,2.151,1.036,20,7.171,3.455,8,2.869,1.382,8,2.869,1.382,3,1.076,0.518,2,0.717,0.345,1,0.359,0.173,0,0.0,0.0,97.79
60,Seungho Paik,MID,Korea Republic,South Korea,3,251,0,0.0,0.0,0,0.0,0.0,0,0.0,0.0,0,0.0,0.0,152,54.502,26.257,135,48.406,23.321,1,0.359,0.173,3,1.076,0.518,0,0.0,0.0,9,3.227,1.555,3,1.076,0.518,6,2.151,1.036,3,1.076,0.518,3,1.076,0.518,1,0.359,0.173,1,0.359,0.173,2,0.717,0.345,0,0.0,0.0,88.82
940,Gonzalo Ariel Montiel,DEF,Argentina,Argentina,6,250,0,0.0,0.0,0,0.0,0.0,1,0.36,0.173,0,0.0,0.0,100,36.0,17.308,81,29.16,14.019,5,1.8,0.865,7,2.52,1.212,3,1.08,0.519,6,2.16,1.038,8,2.88,1.385,9,3.24,1.558,2,0.72,0.346,0,0.0,0.0,0,0.0,0.0,4,1.44,0.692,2,0.72,0.346,0,0.0,0.0,81.0
684,Mohammad Mohebbi,MID,IR Iran,IR Iran,3,249,1,0.361,0.173,0,0.0,0.0,2,0.723,0.347,1,0.361,0.173,69,24.94,11.965,49,17.711,8.497,1,0.361,0.173,8,2.892,1.387,1,0.361,0.173,6,2.169,1.04,6,2.169,1.04,9,3.253,1.561,13,4.699,2.254,13,4.699,2.254,3,1.084,0.52,1,0.361,0.173,1,0.361,0.173,0,0.0,0.0,71.01
1099,Otabek Shukurov,MID,Uzbekistan,Uzbekistan,3,249,0,0.0,0.0,0,0.0,0.0,2,0.723,0.347,0,0.0,0.0,117,42.289,20.289,103,37.229,17.861,1,0.361,0.173,12,4.337,2.081,1,0.361,0.173,7,2.53,1.214,8,2.892,1.387,9,3.253,1.561,4,1.446,0.694,4,1.446,0.694,8,2.892,1.387,2,0.723,0.347,5,1.807,0.867,0,0.0,0.0,88.03
463,Tahith Jose Girigorio Djorkaef Chong,MID,Curaçao,Curaçao,3,247,0,0.0,0.0,0,0.0,0.0,4,1.457,0.696,2,0.729,0.348,61,22.227,10.619,51,18.583,8.878,0,0.0,0.0,5,1.822,0.87,4,1.457,0.696,0,0.0,0.0,2,0.729,0.348,9,3.279,1.567,3,1.093,0.522,2,0.729,0.348,20,7.287,3.482,3,1.093,0.522,13,4.737,2.263,0,0.0,0.0,83.61
790,Mohammed Salem Aldawsari,FWD,Saudi Arabia,Saudi Arabia,3,247,0,0.0,0.0,0,0.0,0.0,3,1.093,0.522,0,0.0,0.0,81,29.514,14.101,58,21.134,10.097,2,0.729,0.348,13,4.737,2.263,1,0.364,0.174,1,0.364,0.174,2,0.729,0.348,4,1.457,0.696,0,0.0,0.0,0,0.0,0.0,9,3.279,1.567,3,1.093,0.522,4,1.457,0.696,1,0.364,0.174,71.6
1012,Paul Wanner,MID,Austria,Austria,4,247,0,0.0,0.0,0,0.0,0.0,1,0.364,0.174,0,0.0,0.0,80,29.15,13.926,68,24.777,11.838,1,0.364,0.174,10,3.644,1.741,4,1.457,0.696,1,0.364,0.174,7,2.551,1.219,11,4.008,1.915,5,1.822,0.87,4,1.457,0.696,15,5.466,2.611,4,1.457,0.696,2,0.729,0.348,0,0.0,0.0,85.0
784,Ali Abdulelah Alamri,DEF,Saudi Arabia,Saudi Arabia,3,246,1,0.366,0.174,0,0.0,0.0,4,1.463,0.698,2,0.732,0.349,99,36.22,17.267,81,29.634,14.128,1,0.366,0.174,4,1.463,0.698,2,0.732,0.349,15,5.488,2.616,7,2.561,1.221,15,5.488,2.616,3,1.098,0.523,3,1.098,0.523,1,0.366,0.174,1,0.366,0.174,0,0.0,0.0,0,0.0,0.0,81.82
789,Tariq Feras,FWD,Saudi Arabia,Saudi Arabia,3,246,0,0.0,0.0,0,0.0,0.0,0,0.0,0.0,0,0.0,0.0,51,18.659,8.895,32,11.707,5.581,0,0.0,0.0,5,1.829,0.872,0,0.0,0.0,2,0.732,0.349,7,2.561,1.221,2,0.732,0.349,9,3.293,1.57,7,2.561,1.221,2,0.732,0.349,2,0.732,0.349,3,1.098,0.523,0,0.0,0.0,62.75
955,Nicolas Hernan Gonzalo Otamendi,DEF,Argentina,Argentina,6,246,0,0.0,0.0,0,0.0,0.0,1,0.366,0.174,0,0.0,0.0,180,65.854,31.395,172,62.927,30.0,0,0.0,0.0,6,2.195,1.047,2,0.732,0.349,17,6.22,2.965,5,1.829,0.872,17,6.22,2.965,13,4.756,2.267,12,4.39,2.093,5,1.829,0.872,4,1.463,0.698,4,1.463,0.698,1,0.366,0.174,95.56
1072,Ngal’ayel Mukau,MID,Congo DR,Congo DR,4,246,0,0.0,0.0,0,0.0,0.0,1,0.366,0.174,0,0.0,0.0,69,25.244,12.035,60,21.951,10.465,0,0.0,0.0,7,2.561,1.221,4,1.463,0.698,6,2.195,1.047,4,1.463,0.698,9,3.293,1.57,0,0.0,0.0,0,0.0,0.0,4,1.463,0.698,3,1.098,0.523,4,1.463,0.698,1,0.366,0.174,86.96
4,Edson Omar Alvarez,DEF,Mexico,Mexico,4,245,0,0.0,0.0,0,0.0,0.0,2,0.735,0.35,0,0.0,0.0,153,56.204,26.738,138,50.694,24.117,2,0.735,0.35,15,5.51,2.621,1,0.367,0.175,14,5.143,2.447,2,0.735,0.35,11,4.041,1.922,5,1.837,0.874,5,1.837,0.874,2,0.735,0.35,5,1.837,0.874,2,0.735,0.35,0,0.0,0.0,90.2
144,Ivan Sunjic,MID,Bosnia and Herzegovina,Bosnia and Herzegovina,4,245,0,0.0,0.0,0,0.0,0.0,1,0.367,0.175,1,0.367,0.175,102,37.469,17.825,88,32.327,15.379,1,0.367,0.175,11,4.041,1.922,0,0.0,0.0,3,1.102,0.524,3,1.102,0.524,4,1.469,0.699,2,0.735,0.35,2,0.735,0.35,1,0.367,0.175,7,2.571,1.223,0,0.0,0.0,0,0.0,0.0,86.27
1228,Cristian Jesus Martinez,MID,Panama,Panama,3,245,0,0.0,0.0,0,0.0,0.0,1,0.367,0.175,0,0.0,0.0,78,28.653,13.631,57,20.939,9.961,12,4.408,2.097,15,5.51,2.621,0,0.0,0.0,4,1.469,0.699,3,1.102,0.524,5,1.837,0.874,4,1.469,0.699,4,1.469,0.699,4,1.469,0.699,5,1.837,0.874,5,1.837,0.874,1,0.367,0.175,73.08
38,Thapelo Maseko,FWD,South Africa,South Africa,3,245,1,0.367,0.175,0,0.0,0.0,8,2.939,1.398,1,0.367,0.175,49,18.0,8.563,37,13.592,6.466,2,0.735,0.35,10,3.673,1.748,3,1.102,0.524,0,0.0,0.0,6,2.204,1.049,8,2.939,1.398,0,0.0,0.0,0,0.0,0.0,20,7.347,3.495,4,1.469,0.699,10,3.673,1.748,0,0.0,0.0,75.51
881,Mory Diaw,GK,Senegal,Senegal,3,245,0,0.0,0.0,0,0.0,0.0,0,0.0,0.0,0,0.0,0.0,95,34.898,16.602,64,23.51,11.184,0,0.0,0.0,0,0.0,0.0,0,0.0,0.0,0,0.0,0.0,0,0.0,0.0,19,6.98,3.32,0,0.0,0.0,0,0.0,0.0,0,0.0,0.0,0,0.0,0.0,2,0.735,0.35,0,0.0,0.0,67.37
136,Benjamin Tahirovic,MID,Bosnia and Herzegovina,Bosnia and Herzegovina,4,244,0,0.0,0.0,0,0.0,0.0,1,0.369,0.175,0,0.0,0.0,107,39.467,18.735,91,33.566,15.934,2,0.738,0.35,7,2.582,1.226,2,0.738,0.35,10,3.689,1.751,5,1.844,0.875,10,3.689,1.751,2,0.738,0.35,1,0.369,0.175,1,0.369,0.175,3,1.107,0.525,2,0.738,0.35,0,0.0,0.0,85.05
167,Hassan Akram,FWD,Qatar,Qatar,3,243,0,0.0,0.0,0,0.0,0.0,2,0.741,0.351,0,0.0,0.0,93,34.444,16.316,73,27.037,12.807,12,4.444,2.105,2,0.741,0.351,1,0.37,0.175,1,0.37,0.175,2,0.741,0.351,4,1.481,0.702,0,0.0,0.0,0,0.0,0.0,11,4.074,1.93,0,0.0,0.0,4,1.481,0.702,2,0.741,0.351,78.49
150,Esmir Bajraktarevic,FWD,Bosnia and Herzegovina,Bosnia and Herzegovina,4,242,0,0.0,0.0,0,0.0,0.0,3,1.116,0.527,2,0.744,0.352,71,26.405,12.48,58,21.57,10.195,8,2.975,1.406,4,1.488,0.703,3,1.116,0.527,4,1.488,0.703,8,2.975,1.406,10,3.719,1.758,1,0.372,0.176,1,0.372,0.176,11,4.091,1.934,1,0.372,0.176,2,0.744,0.352,0,0.0,0.0,81.69
354,Damián Josue Bobadilla,MID,Paraguay,Paraguay,4,242,0,0.0,0.0,0,0.0,0.0,0,0.0,0.0,0,0.0,0.0,32,11.901,5.625,24,8.926,4.219,1,0.372,0.176,12,4.463,2.109,2,0.744,0.352,11,4.091,1.934,8,2.975,1.406,8,2.975,1.406,0,0.0,0.0,0,0.0,0.0,0,0.0,0.0,1,0.372,0.176,1,0.372,0.176,0,0.0,0.0,75.0
161,Gaber Jassem,DEF,Qatar,Qatar,3,242,0,0.0,0.0,0,0.0,0.0,0,0.0,0.0,0,0.0,0.0,32,11.901,5.625,25,9.298,4.395,0,0.0,0.0,11,4.091,1.934,0,0.0,0.0,3,1.116,0.527,4,1.488,0.703,3,1.116,0.527,3,1.116,0.527,3,1.116,0.527,0,0.0,0.0,7,2.603,1.23,0,0.0,0.0,0,0.0,0.0,78.12
466,Deveron Lenny Fonville,DEF,Curaçao,Curaçao,3,242,0,0.0,0.0,0,0.0,0.0,0,0.0,0.0,0,0.0,0.0,66,24.545,11.602,55,20.455,9.668,0,0.0,0.0,8,2.975,1.406,4,1.488,0.703,6,2.231,1.055,8,2.975,1.406,9,3.347,1.582,1,0.372,0.176,1,0.372,0.176,13,4.835,2.285,2,0.744,0.352,3,1.116,0.527,0,0.0,0.0,83.33
869,Nicolas Jackson,FWD,Senegal,Senegal,4,242,0,0.0,0.0,0,0.0,0.0,7,2.603,1.23,3,1.116,0.527,45,16.736,7.91,36,13.388,6.328,1,0.372,0.176,7,2.603,1.23,0,0.0,0.0,2,0.744,0.352,4,1.488,0.703,4,1.488,0.703,9,3.347,1.582,9,3.347,1.582,4,1.488,0.703,2,0.744,0.352,0,0.0,0.0,5,1.86,0.879,80.0
623,Anis Slimane,MID,Tunisia,Tunisia,3,241,0,0.0,0.0,0,0.0,0.0,1,0.373,0.176,1,0.373,0.176,75,28.008,13.209,59,22.033,10.391,4,1.494,0.705,5,1.867,0.881,0,0.0,0.0,7,2.614,1.233,7,2.614,1.233,7,2.614,1.233,7,2.614,1.233,7,2.614,1.233,5,1.867,0.881,0,0.0,0.0,0,0.0,0.0,2,0.747,0.352,78.67
633,Romelu Lukaku,FWD,Belgium,Belgium,6,241,3,1.12,0.528,0,0.0,0.0,6,2.241,1.057,3,1.12,0.528,42,15.685,7.397,32,11.95,5.636,0,0.0,0.0,0,0.0,0.0,1,0.373,0.176,2,0.747,0.352,1,0.373,0.176,1,0.373,0.176,7,2.614,1.233,6,2.241,1.057,1,0.373,0.176,2,0.747,0.352,0,0.0,0.0,1,0.373,0.176,76.19
814,Federico Santiago Valverde,MID,Uruguay,Uruguay,3,241,0,0.0,0.0,1,0.373,0.176,10,3.734,1.761,2,0.747,0.352,120,44.813,21.135,98,36.598,17.26,8,2.988,1.409,7,2.614,1.233,2,0.747,0.352,2,0.747,0.352,6,2.241,1.057,6,2.241,1.057,1,0.373,0.176,1,0.373,0.176,7,2.614,1.233,1,0.373,0.176,0,0.0,0.0,0,0.0,0.0,81.67
487,Nicolas Pepe,FWD,Côte d'Ivoire,Côte d'Ivoire,4,240,2,0.75,0.353,0,0.0,0.0,6,2.25,1.059,3,1.125,0.529,109,40.875,19.235,93,34.875,16.412,10,3.75,1.765,12,4.5,2.118,0,0.0,0.0,0,0.0,0.0,4,1.5,0.706,5,1.875,0.882,7,2.625,1.235,7,2.625,1.235,14,5.25,2.471,1,0.375,0.176,1,0.375,0.176,1,0.375,0.176,85.32
124,Ali Ahmed,FWD,Canada,Canada,4,239,0,0.0,0.0,0,0.0,0.0,2,0.753,0.354,1,0.377,0.177,65,24.477,11.493,51,19.205,9.018,15,5.649,2.652,13,4.895,2.299,1,0.377,0.177,0,0.0,0.0,11,4.142,1.945,6,2.259,1.061,4,1.506,0.707,4,1.506,0.707,9,3.389,1.591,1,0.377,0.177,5,1.883,0.884,0,0.0,0.0,78.46
549,Shogo Taniguchi,DEF,Japan,Japan,3,239,0,0.0,0.0,0,0.0,0.0,0,0.0,0.0,0,0.0,0.0,127,47.824,22.456,122,45.941,21.572,1,0.377,0.177,1,0.377,0.177,0,0.0,0.0,26,9.791,4.597,5,1.883,0.884,12,4.519,2.122,5,1.883,0.884,4,1.506,0.707,2,0.753,0.354,2,0.753,0.354,1,0.377,0.177,0,0.0,0.0,96.06
451,Jürgen Leonardo Locadia,FWD,Curaçao,Curaçao,3,238,0,0.0,0.0,0,0.0,0.0,1,0.378,0.177,0,0.0,0.0,48,18.151,8.504,37,13.992,6.555,0,0.0,0.0,1,0.378,0.177,1,0.378,0.177,3,1.134,0.531,4,1.513,0.709,2,0.756,0.354,8,3.025,1.417,5,1.891,0.886,2,0.756,0.354,3,1.134,0.531,4,1.513,0.709,2,0.756,0.354,77.08
884,Pape Alassane Gueye,MID,Senegal,Senegal,4,237,2,0.759,0.355,1,0.38,0.178,8,3.038,1.42,3,1.139,0.533,161,61.139,28.58,138,52.405,24.497,3,1.139,0.533,11,4.177,1.953,2,0.759,0.355,4,1.519,0.71,7,2.658,1.243,12,4.557,2.13,3,1.139,0.533,3,1.139,0.533,5,1.899,0.888,4,1.519,0.71,2,0.759,0.355,0,0.0,0.0,85.71
1229,Jose Luis Rodriguez,MID,Panama,Panama,3,237,0,0.0,0.0,0,0.0,0.0,3,1.139,0.533,1,0.38,0.178,48,18.228,8.521,35,13.291,6.213,16,6.076,2.84,15,5.696,2.663,0,0.0,0.0,0,0.0,0.0,0,0.0,0.0,4,1.519,0.71,2,0.759,0.355,2,0.759,0.355,12,4.557,2.13,4,1.519,0.71,2,0.759,0.355,0,0.0,0.0,72.92
926,Marcus Holmgren Holmgren Pedersen,DEF,Norway,Norway,4,237,1,0.38,0.178,0,0.0,0.0,1,0.38,0.178,1,0.38,0.178,107,40.633,18.994,87,33.038,15.444,7,2.658,1.243,5,1.899,0.888,0,0.0,0.0,5,1.899,0.888,3,1.139,0.533,4,1.519,0.71,2,0.759,0.355,2,0.759,0.355,4,1.519,0.71,3,1.139,0.533,1,0.38,0.178,0,0.0,0.0,81.31
477,Ange-Yoan Laurent Bonny,FWD,Côte d'Ivoire,Côte d'Ivoire,4,236,0,0.0,0.0,0,0.0,0.0,1,0.381,0.178,1,0.381,0.178,30,11.441,5.336,26,9.915,4.625,3,1.144,0.534,6,2.288,1.067,1,0.381,0.178,4,1.525,0.711,3,1.144,0.534,8,3.051,1.423,5,1.907,0.889,2,0.763,0.356,2,0.763,0.356,1,0.381,0.178,3,1.144,0.534,1,0.381,0.178,86.67
892,Bayesh Kamil Ibrahim Bayesh,MID,Iraq,Iraq,3,236,0,0.0,0.0,0,0.0,0.0,1,0.381,0.178,0,0.0,0.0,48,18.305,8.538,40,15.254,7.115,1,0.381,0.178,11,4.195,1.957,1,0.381,0.178,3,1.144,0.534,8,3.051,1.423,10,3.814,1.779,7,2.669,1.245,6,2.288,1.067,14,5.339,2.49,3,1.144,0.534,5,1.907,0.889,0,0.0,0.0,83.33
627,Arthur Nicolas Theate,DEF,Belgium,Belgium,3,236,0,0.0,0.0,0,0.0,0.0,5,1.907,0.889,1,0.381,0.178,164,62.542,29.17,153,58.347,27.213,0,0.0,0.0,3,1.144,0.534,5,1.907,0.889,11,4.195,1.957,4,1.525,0.711,14,5.339,2.49,8,3.051,1.423,7,2.669,1.245,0,0.0,0.0,1,0.381,0.178,0,0.0,0.0,0,0.0,0.0,93.29
145,Amar Memic,MID,Bosnia and Herzegovina,Bosnia and Herzegovina,4,235,0,0.0,0.0,0,0.0,0.0,3,1.149,0.535,1,0.383,0.178,52,19.915,9.267,39,14.936,6.95,5,1.915,0.891,7,2.681,1.248,4,1.532,0.713,7,2.681,1.248,5,1.915,0.891,9,3.447,1.604,5,1.915,0.891,5,1.915,0.891,9,3.447,1.604,4,1.532,0.713,3,1.149,0.535,0,0.0,0.0,75.0
538,Donyell Malen,FWD,Netherlands,Netherlands,3,235,0,0.0,0.0,0,0.0,0.0,4,1.532,0.713,2,0.766,0.356,34,13.021,6.059,27,10.34,4.812,8,3.064,1.426,0,0.0,0.0,0,0.0,0.0,0,0.0,0.0,1,0.383,0.178,1,0.383,0.178,2,0.766,0.356,1,0.383,0.178,15,5.745,2.673,0,0.0,0.0,2,0.766,0.356,0,0.0,0.0,79.41
932,Oscar Bobb,MID,Norway,Norway,6,235,0,0.0,0.0,0,0.0,0.0,4,1.532,0.713,2,0.766,0.356,111,42.511,19.782,102,39.064,18.178,2,0.766,0.356,10,3.83,1.782,2,0.766,0.356,1,0.383,0.178,6,2.298,1.069,7,2.681,1.248,1,0.383,0.178,0,0.0,0.0,11,4.213,1.96,1,0.383,0.178,4,1.532,0.713,0,0.0,0.0,91.89
450,Livano Shyron Liomar Comenencia,MID,Curaçao,Curaçao,3,234,1,0.385,0.179,0,0.0,0.0,5,1.923,0.893,2,0.769,0.357,62,23.846,11.071,50,19.231,8.929,1,0.385,0.179,7,2.692,1.25,6,2.308,1.071,5,1.923,0.893,18,6.923,3.214,19,7.308,3.393,2,0.769,0.357,2,0.769,0.357,8,3.077,1.429,4,1.538,0.714,1,0.385,0.179,0,0.0,0.0,80.65
1212,Benjamin Asare,GK,Ghana,Ghana,3,233,0,0.0,0.0,0,0.0,0.0,0,0.0,0.0,0,0.0,0.0,59,22.79,10.557,41,15.837,7.336,0,0.0,0.0,0,0.0,0.0,0,0.0,0.0,1,0.386,0.179,0,0.0,0.0,16,6.18,2.863,0,0.0,0.0,0,0.0,0.0,0,0.0,0.0,0,0.0,0.0,1,0.386,0.179,0,0.0,0.0,69.49
483,Amad Diallo,FWD,Côte d'Ivoire,Côte d'Ivoire,4,232,2,0.776,0.359,0,0.0,0.0,8,3.103,1.434,4,1.552,0.717,73,28.319,13.088,69,26.767,12.371,7,2.716,1.255,5,1.94,0.896,2,0.776,0.359,1,0.388,0.179,5,1.94,0.896,5,1.94,0.896,0,0.0,0.0,0,0.0,0.0,17,6.595,3.048,0,0.0,0.0,2,0.776,0.359,1,0.388,0.179,94.52
936,Julian Ryerson,FWD,Norway,Norway,4,232,0,0.0,0.0,0,0.0,0.0,0,0.0,0.0,0,0.0,0.0,149,57.802,26.713,131,50.819,23.486,14,5.431,2.51,20,7.759,3.586,2,0.776,0.359,8,3.103,1.434,0,0.0,0.0,10,3.879,1.793,1,0.388,0.179,1,0.388,0.179,5,1.94,0.896,6,2.328,1.076,1,0.388,0.179,0,0.0,0.0,87.92
39,Sphephelo S'miso Sithole,MID,South Africa,South Africa,3,231,0,0.0,0.0,0,0.0,0.0,0,0.0,0.0,0,0.0,0.0,129,50.26,23.174,109,42.468,19.581,0,0.0,0.0,8,3.117,1.437,3,1.169,0.539,6,2.338,1.078,11,4.286,1.976,19,7.403,3.413,7,2.727,1.257,7,2.727,1.257,1,0.39,0.18,5,1.948,0.898,1,0.39,0.18,0,0.0,0.0,84.5
820,Agustin Canobbio,MID,Uruguay,Uruguay,3,231,1,0.39,0.18,0,0.0,0.0,4,1.558,0.719,1,0.39,0.18,68,26.494,12.216,61,23.766,10.958,9,3.506,1.617,12,4.675,2.156,1,0.39,0.18,3,1.169,0.539,5,1.948,0.898,5,1.948,0.898,1,0.39,0.18,1,0.39,0.18,14,5.455,2.515,7,2.727,1.257,5,1.948,0.898,1,0.39,0.18,89.71
386,Jackson Alexander Irvine,MID,Australia,Australia,4,230,0,0.0,0.0,0,0.0,0.0,3,1.174,0.54,1,0.391,0.18,124,48.522,22.32,103,40.304,18.54,2,0.783,0.36,4,1.565,0.72,0,0.0,0.0,16,6.261,2.88,8,3.13,1.44,8,3.13,1.44,4,1.565,0.72,4,1.565,0.72,4,1.565,0.72,3,1.174,0.54,3,1.174,0.54,0,0.0,0.0,83.06
803,Ibrahim Mohamed,MID,Saudi Arabia,Saudi Arabia,3,230,0,0.0,0.0,0,0.0,0.0,3,1.174,0.54,2,0.783,0.36,104,40.696,18.72,97,37.957,17.46,1,0.391,0.18,12,4.696,2.16,2,0.783,0.36,6,2.348,1.08,5,1.957,0.9,10,3.913,1.8,8,3.13,1.44,8,3.13,1.44,3,1.174,0.54,5,1.957,0.9,0,0.0,0.0,0,0.0,0.0,93.27
321,Ricardo Daniel Pepi,FWD,USA,USA,5,227,0,0.0,0.0,0,0.0,0.0,5,1.982,0.905,0,0.0,0.0,38,15.066,6.881,33,13.084,5.976,1,0.396,0.181,5,1.982,0.905,0,0.0,0.0,0,0.0,0.0,3,1.189,0.543,3,1.189,0.543,6,2.379,1.087,5,1.982,0.905,4,1.586,0.724,5,1.982,0.905,3,1.189,0.543,2,0.793,0.362,86.84
539,Brian Ebenezer Adjei Brobbey,FWD,Netherlands,Netherlands,4,227,3,1.189,0.543,0,0.0,0.0,4,1.586,0.724,3,1.189,0.543,21,8.326,3.803,18,7.137,3.26,1,0.396,0.181,2,0.793,0.362,0,0.0,0.0,0,0.0,0.0,2,0.793,0.362,2,0.793,0.362,7,2.775,1.268,3,1.189,0.543,1,0.396,0.181,4,1.586,0.724,3,1.189,0.543,2,0.793,0.362,85.71
576,Isak Malcolm Kwaku Hien,DEF,Sweden,Sweden,3,226,0,0.0,0.0,0,0.0,0.0,0,0.0,0.0,0,0.0,0.0,128,50.973,23.226,122,48.584,22.137,0,0.0,0.0,5,1.991,0.907,4,1.593,0.726,14,5.575,2.54,3,1.195,0.544,20,7.965,3.629,13,5.177,2.359,9,3.584,1.633,0,0.0,0.0,3,1.195,0.544,3,1.195,0.544,0,0.0,0.0,95.31
704,Timothy John Payne,DEF,New Zealand,New Zealand,3,226,0,0.0,0.0,1,0.398,0.181,1,0.398,0.181,0,0.0,0.0,87,34.646,15.786,72,28.673,13.065,9,3.584,1.633,9,3.584,1.633,2,0.796,0.363,12,4.779,2.177,7,2.788,1.27,8,3.186,1.452,2,0.796,0.363,1,0.398,0.181,2,0.796,0.363,2,0.796,0.363,2,0.796,0.363,0,0.0,0.0,82.76
411,Barı ş Alper Yilmaz,FWD,Türkiye,Türkiye,3,225,1,0.4,0.182,0,0.0,0.0,2,0.8,0.364,1,0.4,0.182,38,15.2,6.909,29,11.6,5.273,15,6.0,2.727,3,1.2,0.545,0,0.0,0.0,0,0.0,0.0,1,0.4,0.182,0,0.0,0.0,3,1.2,0.545,1,0.4,0.182,10,4.0,1.818,4,1.6,0.727,1,0.4,0.182,2,0.8,0.364,76.32
1098,Akmal Mozgovoy,MID,Uzbekistan,Uzbekistan,3,225,0,0.0,0.0,1,0.4,0.182,1,0.4,0.182,0,0.0,0.0,79,31.6,14.364,65,26.0,11.818,0,0.0,0.0,4,1.6,0.727,4,1.6,0.727,4,1.6,0.727,6,2.4,1.091,9,3.6,1.636,0,0.0,0.0,0,0.0,0.0,3,1.2,0.545,0,0.0,0.0,3,1.2,0.545,0,0.0,0.0,82.28
583,Anthony David Junior Elanga,FWD,Sweden,Sweden,4,224,2,0.804,0.364,0,0.0,0.0,3,1.205,0.547,3,1.205,0.547,76,30.536,13.846,60,24.107,10.931,12,4.821,2.186,0,0.0,0.0,0,0.0,0.0,1,0.402,0.182,1,0.402,0.182,1,0.402,0.182,1,0.402,0.182,0,0.0,0.0,10,4.018,1.822,0,0.0,0.0,7,2.812,1.275,1,0.402,0.182,78.95
275,Ruben Fritzner Providence,FWD,Haiti,Haiti,3,223,0,0.0,0.0,0,0.0,0.0,4,1.614,0.73,1,0.404,0.183,48,19.372,8.763,42,16.951,7.667,7,2.825,1.278,9,3.632,1.643,0,0.0,0.0,3,1.211,0.548,3,1.211,0.548,2,0.807,0.365,0,0.0,0.0,0,0.0,0.0,14,5.65,2.556,3,1.211,0.548,5,2.018,0.913,0,0.0,0.0,87.5
715,Liberato Gianpaolo Cacace,DEF,New Zealand,New Zealand,3,223,0,0.0,0.0,0,0.0,0.0,1,0.404,0.183,1,0.404,0.183,88,35.516,16.065,75,30.269,13.692,6,2.422,1.095,7,2.825,1.278,4,1.614,0.73,9,3.632,1.643,6,2.422,1.095,13,5.247,2.373,2,0.807,0.365,2,0.807,0.365,8,3.229,1.46,1,0.404,0.183,5,2.018,0.913,0,0.0,0.0,85.23
1114,Abbosbek Fayzullaev,MID,Uzbekistan,Uzbekistan,3,223,1,0.404,0.183,0,0.0,0.0,3,1.211,0.548,2,0.807,0.365,36,14.529,6.572,24,9.686,4.381,8,3.229,1.46,16,6.457,2.921,2,0.807,0.365,7,2.825,1.278,6,2.422,1.095,9,3.632,1.643,0,0.0,0.0,0,0.0,0.0,3,1.211,0.548,6,2.422,1.095,4,1.614,0.73,0,0.0,0.0,66.67
872,Ismail Joshua Jakobs,DEF,Senegal,Senegal,3,222,0,0.0,0.0,0,0.0,0.0,1,0.405,0.183,0,0.0,0.0,117,47.432,21.402,106,42.973,19.39,19,7.703,3.476,10,4.054,1.829,2,0.811,0.366,9,3.649,1.646,6,2.432,1.098,12,4.865,2.195,6,2.432,1.098,5,2.027,0.915,2,0.811,0.366,2,0.811,0.366,0,0.0,0.0,0,0.0,0.0,90.6
707,Michael Joseph Boxall,DEF,New Zealand,New Zealand,3,221,0,0.0,0.0,0,0.0,0.0,0,0.0,0.0,0,0.0,0.0,115,46.833,21.079,104,42.353,19.063,1,0.407,0.183,6,2.443,1.1,5,2.036,0.916,18,7.33,3.299,11,4.48,2.016,23,9.367,4.216,5,2.036,0.916,5,2.036,0.916,5,2.036,0.916,2,0.814,0.367,2,0.814,0.367,0,0.0,0.0,90.43
380,Aziz Behich,DEF,Australia,Australia,3,220,0,0.0,0.0,0,0.0,0.0,1,0.409,0.184,1,0.409,0.184,82,33.545,15.061,60,24.545,11.02,6,2.455,1.102,9,3.682,1.653,2,0.818,0.367,7,2.864,1.286,6,2.455,1.102,7,2.864,1.286,1,0.409,0.184,1,0.409,0.184,5,2.045,0.918,1,0.409,0.184,4,1.636,0.735,0,0.0,0.0,73.17
593,Alexander Olof Bernhardsson,DEF,Sweden,Sweden,3,220,0,0.0,0.0,0,0.0,0.0,1,0.409,0.184,1,0.409,0.184,67,27.409,12.306,51,20.864,9.367,3,1.227,0.551,9,3.682,1.653,2,0.818,0.367,12,4.909,2.204,7,2.864,1.286,10,4.091,1.837,3,1.227,0.551,3,1.227,0.551,12,4.909,2.204,2,0.818,0.367,4,1.636,0.735,0,0.0,0.0,76.12
401,Kenan Yildiz,FWD,Türkiye,Türkiye,3,219,0,0.0,0.0,0,0.0,0.0,14,5.753,2.577,1,0.411,0.184,121,49.726,22.27,108,44.384,19.877,8,3.288,1.472,4,1.644,0.736,1,0.411,0.184,0,0.0,0.0,5,2.055,0.92,5,2.055,0.92,0,0.0,0.0,0,0.0,0.0,19,7.808,3.497,2,0.822,0.368,4,1.644,0.736,0,0.0,0.0,89.26
19,Gilberto Rafael Mora,MID,Mexico,Mexico,4,218,0,0.0,0.0,0,0.0,0.0,5,2.064,0.922,0,0.0,0.0,87,35.917,16.045,79,32.615,14.57,5,2.064,0.922,3,1.239,0.553,2,0.826,0.369,0,0.0,0.0,2,0.826,0.369,4,1.651,0.738,1,0.413,0.184,1,0.413,0.184,11,4.541,2.029,3,1.239,0.553,3,1.239,0.553,0,0.0,0.0,90.8
514,Nilson David Angulo,FWD,Ecuador,Ecuador,4,218,1,0.413,0.184,0,0.0,0.0,2,0.826,0.369,2,0.826,0.369,78,32.202,14.385,63,26.009,11.619,8,3.303,1.475,8,3.303,1.475,5,2.064,0.922,0,0.0,0.0,3,1.239,0.553,6,2.477,1.107,3,1.239,0.553,3,1.239,0.553,24,9.908,4.426,4,1.651,0.738,3,1.239,0.553,0,0.0,0.0,80.77
373,Mohamed Toure,FWD,Australia,Australia,3,217,0,0.0,0.0,0,0.0,0.0,4,1.659,0.739,1,0.415,0.185,16,6.636,2.957,12,4.977,2.218,2,0.829,0.37,3,1.244,0.554,0,0.0,0.0,0,0.0,0.0,2,0.829,0.37,2,0.829,0.37,5,2.074,0.924,5,2.074,0.924,8,3.318,1.478,4,1.659,0.739,2,0.829,0.37,1,0.415,0.185,75.0
560,Junya Ito,MID,Japan,Japan,4,217,1,0.415,0.185,0,0.0,0.0,3,1.244,0.554,1,0.415,0.185,85,35.253,15.708,65,26.959,12.012,17,7.051,3.142,4,1.659,0.739,1,0.415,0.185,4,1.659,0.739,6,2.488,1.109,4,1.659,0.739,2,0.829,0.37,2,0.829,0.37,15,6.221,2.772,2,0.829,0.37,5,2.074,0.924,0,0.0,0.0,76.47
43,Sekotori Evidence Makgopa,FWD,South Africa,South Africa,4,216,0,0.0,0.0,0,0.0,0.0,4,1.667,0.741,3,1.25,0.556,29,12.083,5.37,20,8.333,3.704,0,0.0,0.0,10,4.167,1.852,2,0.833,0.37,4,1.667,0.741,6,2.5,1.111,4,1.667,0.741,15,6.25,2.778,15,6.25,2.778,3,1.25,0.556,1,0.417,0.185,1,0.417,0.185,2,0.833,0.37,68.97
952,Thiago Ezequiel Almada,FWD,Argentina,Argentina,4,216,0,0.0,0.0,0,0.0,0.0,2,0.833,0.37,0,0.0,0.0,142,59.167,26.296,128,53.333,23.704,0,0.0,0.0,6,2.5,1.111,3,1.25,0.556,1,0.417,0.185,6,2.5,1.111,9,3.75,1.667,2,0.833,0.37,2,0.833,0.37,5,2.083,0.926,1,0.417,0.185,2,0.833,0.37,2,0.833,0.37,90.14
1024,Mohammad Mousa Mousa Altamari,FWD,Jordan,Jordan,3,216,1,0.417,0.185,1,0.417,0.185,8,3.333,1.481,3,1.25,0.556,36,15.0,6.667,28,11.667,5.185,1,0.417,0.185,3,1.25,0.556,0,0.0,0.0,0,0.0,0.0,2,0.833,0.37,1,0.417,0.185,3,1.25,0.556,3,1.25,0.556,12,5.0,2.222,2,0.833,0.37,3,1.25,0.556,1,0.417,0.185,77.78
36,Relebohile Mofokeng,FWD,South Africa,South Africa,3,216,0,0.0,0.0,0,0.0,0.0,3,1.25,0.556,1,0.417,0.185,54,22.5,10.0,44,18.333,8.148,2,0.833,0.37,8,3.333,1.481,0,0.0,0.0,1,0.417,0.185,6,2.5,1.111,2,0.833,0.37,0,0.0,0.0,0,0.0,0.0,1,0.417,0.185,3,1.25,0.556,2,0.833,0.37,0,0.0,0.0,81.48
15,Israel Reyes,DEF,Mexico,Mexico,4,215,0,0.0,0.0,0,0.0,0.0,2,0.837,0.371,0,0.0,0.0,102,42.698,18.928,93,38.93,17.258,2,0.837,0.371,3,1.256,0.557,2,0.837,0.371,9,3.767,1.67,8,3.349,1.485,12,5.023,2.227,5,2.093,0.928,5,2.093,0.928,0,0.0,0.0,1,0.419,0.186,0,0.0,0.0,0,0.0,0.0,91.18
785,Mohammed Hassan Altambakti,DEF,Saudi Arabia,Saudi Arabia,3,215,0,0.0,0.0,0,0.0,0.0,0,0.0,0.0,0,0.0,0.0,87,36.419,16.144,71,29.721,13.175,0,0.0,0.0,9,3.767,1.67,2,0.837,0.371,9,3.767,1.67,8,3.349,1.485,11,4.605,2.041,2,0.837,0.371,2,0.837,0.371,3,1.256,0.557,0,0.0,0.0,1,0.419,0.186,0,0.0,0.0,81.61
26,Brian Gutierrez,MID,Mexico,Mexico,4,214,0,0.0,0.0,0,0.0,0.0,6,2.523,1.116,0,0.0,0.0,60,25.234,11.157,53,22.29,9.855,6,2.523,1.116,6,2.523,1.116,2,0.841,0.372,4,1.682,0.744,0,0.0,0.0,3,1.262,0.558,2,0.841,0.372,2,0.841,0.372,5,2.103,0.93,5,2.103,0.93,3,1.262,0.558,0,0.0,0.0,88.33
734,Mikel Merino,MID,Spain,Spain,8,213,2,0.845,0.373,0,0.0,0.0,5,2.113,0.932,3,1.268,0.559,101,42.676,18.82,89,37.606,16.584,1,0.423,0.186,11,4.648,2.05,2,0.845,0.373,4,1.69,0.745,6,2.535,1.118,9,3.803,1.677,13,5.493,2.422,12,5.07,2.236,3,1.268,0.559,6,2.535,1.118,8,3.38,1.491,0,0.0,0.0,88.12
786,Essa Nasser Aldawsari,MID,Saudi Arabia,Saudi Arabia,3,213,0,0.0,0.0,0,0.0,0.0,1,0.423,0.186,0,0.0,0.0,107,45.211,19.938,92,38.873,17.143,1,0.423,0.186,16,6.761,2.981,2,0.845,0.373,6,2.535,1.118,11,4.648,2.05,12,5.07,2.236,3,1.268,0.559,3,1.268,0.559,12,5.07,2.236,7,2.958,1.304,2,0.845,0.373,0,0.0,0.0,85.98
389,Lucas Herrington,DEF,Australia,Australia,2,213,0,0.0,0.0,0,0.0,0.0,0,0.0,0.0,0,0.0,0.0,106,44.789,19.752,101,42.676,18.82,0,0.0,0.0,1,0.423,0.186,4,1.69,0.745,21,8.873,3.913,1,0.423,0.186,18,7.606,3.354,8,3.38,1.491,8,3.38,1.491,1,0.423,0.186,2,0.845,0.373,0,0.0,0.0,0,0.0,0.0,95.28
260,Anass Salah Eddine,DEF,Morocco,Morocco,4,212,0,0.0,0.0,0,0.0,0.0,1,0.425,0.187,0,0.0,0.0,166,70.472,30.996,152,64.528,28.382,3,1.274,0.56,8,3.396,1.494,2,0.849,0.373,3,1.274,0.56,5,2.123,0.934,16,6.792,2.988,3,1.274,0.56,3,1.274,0.56,1,0.425,0.187,3,1.274,0.56,2,0.849,0.373,0,0.0,0.0,91.57
494,Christ Ravynel Inao Oulai,MID,Côte d'Ivoire,Côte d'Ivoire,4,211,0,0.0,0.0,0,0.0,0.0,2,0.853,0.374,0,0.0,0.0,125,53.318,23.389,115,49.052,21.518,0,0.0,0.0,15,6.398,2.807,6,2.559,1.123,4,1.706,0.748,6,2.559,1.123,13,5.545,2.432,3,1.28,0.561,3,1.28,0.561,15,6.398,2.807,3,1.28,0.561,5,2.133,0.936,0,0.0,0.0,92.0
690,Seyed Saman Ghoddos,MID,IR Iran,IR Iran,3,211,0,0.0,0.0,0,0.0,0.0,4,1.706,0.748,0,0.0,0.0,64,27.299,11.975,45,19.194,8.42,1,0.427,0.187,11,4.692,2.058,3,1.28,0.561,9,3.839,1.684,6,2.559,1.123,9,3.839,1.684,3,1.28,0.561,2,0.853,0.374,5,2.133,0.936,3,1.28,0.561,0,0.0,0.0,1,0.427,0.187,70.31
681,Milad Mohammadi,DEF,IR Iran,IR Iran,3,210,0,0.0,0.0,0,0.0,0.0,1,0.429,0.188,1,0.429,0.188,80,34.286,15.0,66,28.286,12.375,4,1.714,0.75,12,5.143,2.25,3,1.286,0.562,9,3.857,1.688,4,1.714,0.75,13,5.571,2.438,3,1.286,0.562,3,1.286,0.562,11,4.714,2.062,1,0.429,0.188,1,0.429,0.188,2,0.857,0.375,82.5
191,Johan Kula Manzambi,MID,Switzerland,Switzerland,4,209,3,1.292,0.564,2,0.861,0.376,6,2.584,1.127,3,1.292,0.564,54,23.254,10.146,43,18.517,8.079,7,3.014,1.315,6,2.584,1.127,0,0.0,0.0,2,0.861,0.376,2,0.861,0.376,1,0.431,0.188,2,0.861,0.376,1,0.431,0.188,16,6.89,3.006,3,1.292,0.564,3,1.292,0.564,1,0.431,0.188,79.63
815,Darwin Gabriel Nunez,FWD,Uruguay,Uruguay,3,209,0,0.0,0.0,0,0.0,0.0,2,0.861,0.376,0,0.0,0.0,25,10.766,4.697,20,8.612,3.758,3,1.292,0.564,3,1.292,0.564,2,0.861,0.376,0,0.0,0.0,0,0.0,0.0,4,1.722,0.752,4,1.722,0.752,4,1.722,0.752,3,1.292,0.564,1,0.431,0.188,1,0.431,0.188,2,0.861,0.376,80.0
1181,Ante Budimir,FWD,Croatia,Croatia,3,208,1,0.433,0.188,0,0.0,0.0,3,1.298,0.565,1,0.433,0.188,10,4.327,1.883,6,2.596,1.13,0,0.0,0.0,4,1.731,0.753,0,0.0,0.0,1,0.433,0.188,2,0.865,0.377,2,0.865,0.377,7,3.029,1.318,7,3.029,1.318,1,0.433,0.188,6,2.596,1.13,4,1.731,0.753,0,0.0,0.0,60.0
619,Mohamed Amine Ben Hmida,DEF,Tunisia,Tunisia,3,207,0,0.0,0.0,0,0.0,0.0,0,0.0,0.0,0,0.0,0.0,98,42.609,18.491,81,35.217,15.283,0,0.0,0.0,15,6.522,2.83,5,2.174,0.943,19,8.261,3.585,8,3.478,1.509,16,6.957,3.019,1,0.435,0.189,1,0.435,0.189,4,1.739,0.755,3,1.304,0.566,1,0.435,0.189,0,0.0,0.0,82.65
831,Juan Manuel Sanabria,MID,Uruguay,Uruguay,3,207,0,0.0,0.0,0,0.0,0.0,3,1.304,0.566,0,0.0,0.0,103,44.783,19.434,89,38.696,16.792,12,5.217,2.264,12,5.217,2.264,4,1.739,0.755,8,3.478,1.509,4,1.739,0.755,12,5.217,2.264,1,0.435,0.189,1,0.435,0.189,1,0.435,0.189,1,0.435,0.189,0,0.0,0.0,1,0.435,0.189,86.41
326,Sebastian Matthew Berhalter,MID,USA,USA,5,206,1,0.437,0.189,1,0.437,0.189,3,1.311,0.567,1,0.437,0.189,136,59.417,25.714,114,49.806,21.555,9,3.932,1.702,9,3.932,1.702,3,1.311,0.567,8,3.495,1.513,5,2.184,0.945,13,5.68,2.458,7,3.058,1.324,6,2.621,1.134,2,0.874,0.378,5,2.184,0.945,6,2.621,1.134,0,0.0,0.0,83.82
1051,João Joao Felix,FWD,Portugal,Portugal,3,204,0,0.0,0.0,0,0.0,0.0,6,2.647,1.139,1,0.441,0.19,60,26.471,11.392,47,20.735,8.924,4,1.765,0.759,15,6.618,2.848,1,0.441,0.19,0,0.0,0.0,8,3.529,1.519,7,3.088,1.329,3,1.324,0.57,2,0.882,0.38,15,6.618,2.848,3,1.324,0.57,6,2.647,1.139,0,0.0,0.0,78.33
113,Cyle Christopher Larin,FWD,Canada,Canada,4,202,2,0.891,0.381,0,0.0,0.0,9,4.01,1.716,4,1.782,0.763,23,10.248,4.386,20,8.911,3.814,0,0.0,0.0,3,1.337,0.572,1,0.446,0.191,1,0.446,0.191,0,0.0,0.0,1,0.446,0.191,5,2.228,0.953,3,1.337,0.572,2,0.891,0.381,5,2.228,0.953,1,0.446,0.191,3,1.337,0.572,86.96
534,Tijjani Martinus Jan Reijnders,MID,Netherlands,Netherlands,3,201,0,0.0,0.0,0,0.0,0.0,4,1.791,0.764,2,0.896,0.382,67,30.0,12.803,53,23.731,10.127,15,6.716,2.866,3,1.343,0.573,1,0.448,0.191,0,0.0,0.0,3,1.343,0.573,4,1.791,0.764,0,0.0,0.0,0,0.0,0.0,2,0.896,0.382,0,0.0,0.0,3,1.343,0.573,1,0.448,0.191,79.1
995,Marko Arnautovic,FWD,Austria,Austria,4,201,2,0.896,0.382,0,0.0,0.0,3,1.343,0.573,3,1.343,0.573,32,14.328,6.115,25,11.194,4.777,1,0.448,0.191,2,0.896,0.382,0,0.0,0.0,0,0.0,0.0,0,0.0,0.0,0,0.0,0.0,1,0.448,0.191,1,0.448,0.191,1,0.448,0.191,3,1.343,0.573,1,0.448,0.191,5,2.239,0.955,78.12
119,Moïse Bombito Bombito,DEF,Canada,Canada,3,201,0,0.0,0.0,0,0.0,0.0,1,0.448,0.191,1,0.448,0.191,111,49.701,21.21,96,42.985,18.344,0,0.0,0.0,2,0.896,0.382,2,0.896,0.382,5,2.239,0.955,1,0.448,0.191,6,2.687,1.146,4,1.791,0.764,4,1.791,0.764,1,0.448,0.191,2,0.896,0.382,0,0.0,0.0,0,0.0,0.0,86.49
1211,Elisha Owusu,MID,Ghana,Ghana,3,200,0,0.0,0.0,0,0.0,0.0,0,0.0,0.0,0,0.0,0.0,58,26.1,11.106,50,22.5,9.574,4,1.8,0.766,6,2.7,1.149,1,0.45,0.191,2,0.9,0.383,7,3.15,1.34,7,3.15,1.34,0,0.0,0.0,0,0.0,0.0,3,1.35,0.574,2,0.9,0.383,0,0.0,0.0,0,0.0,0.0,86.21
1170,Jarell Amorin Quansah,DEF,England,England,3,200,0,0.0,0.0,0,0.0,0.0,0,0.0,0.0,0,0.0,0.0,106,47.7,20.298,92,41.4,17.617,1,0.45,0.191,7,3.15,1.34,3,1.35,0.574,3,1.35,0.574,5,2.25,0.957,8,3.6,1.532,5,2.25,0.957,5,2.25,0.957,1,0.45,0.191,2,0.9,0.383,2,0.9,0.383,0,0.0,0.0,86.79
553,Ao Tanaka,MID,Japan,Japan,3,199,0,0.0,0.0,0,0.0,0.0,2,0.905,0.384,0,0.0,0.0,160,72.362,30.704,145,65.578,27.825,0,0.0,0.0,16,7.236,3.07,2,0.905,0.384,2,0.905,0.384,7,3.166,1.343,13,5.879,2.495,2,0.905,0.384,2,0.905,0.384,5,2.261,0.959,6,2.714,1.151,2,0.905,0.384,0,0.0,0.0,90.62
262,Carlens Jean Fedlaire Ruby Arcus,DEF,Haiti,Haiti,3,198,0,0.0,0.0,0,0.0,0.0,0,0.0,0.0,0,0.0,0.0,61,27.727,11.731,54,24.545,10.385,2,0.909,0.385,8,3.636,1.538,2,0.909,0.385,5,2.273,0.962,2,0.909,0.385,7,3.182,1.346,1,0.455,0.192,0,0.0,0.0,1,0.455,0.192,5,2.273,0.962,3,1.364,0.577,2,0.909,0.385,88.52
388,Paul Michael Junior Okon-Engstler,MID,Australia,Australia,4,198,0,0.0,0.0,1,0.455,0.192,0,0.0,0.0,0,0.0,0.0,89,40.455,17.115,77,35.0,14.808,1,0.455,0.192,11,5.0,2.115,4,1.818,0.769,9,4.091,1.731,7,3.182,1.346,15,6.818,2.885,5,2.273,0.962,5,2.273,0.962,4,1.818,0.769,3,1.364,0.577,2,0.909,0.385,0,0.0,0.0,86.52
827,Federico Sebastian Vinas,FWD,Uruguay,Uruguay,3,198,0,0.0,0.0,0,0.0,0.0,6,2.727,1.154,3,1.364,0.577,29,13.182,5.577,18,8.182,3.462,0,0.0,0.0,3,1.364,0.577,1,0.455,0.192,1,0.455,0.192,6,2.727,1.154,4,1.818,0.769,8,3.636,1.538,8,3.636,1.538,1,0.455,0.192,3,1.364,0.577,3,1.364,0.577,3,1.364,0.577,62.07
1003,Philipp Lienhart,DEF,Austria,Austria,2,198,0,0.0,0.0,0,0.0,0.0,1,0.455,0.192,0,0.0,0.0,140,63.636,26.923,128,58.182,24.615,0,0.0,0.0,3,1.364,0.577,0,0.0,0.0,13,5.909,2.5,4,1.818,0.769,3,1.364,0.577,2,0.909,0.385,2,0.909,0.385,4,1.818,0.769,0,0.0,0.0,0,0.0,0.0,0,0.0,0.0,91.43
787,Fahad Musab Aljuwayr,MID,Saudi Arabia,Saudi Arabia,3,197,0,0.0,0.0,0,0.0,0.0,0,0.0,0.0,0,0.0,0.0,79,36.091,15.225,64,29.239,12.334,7,3.198,1.349,5,2.284,0.964,1,0.457,0.193,0,0.0,0.0,1,0.457,0.193,3,1.371,0.578,0,0.0,0.0,0,0.0,0.0,4,1.827,0.771,1,0.457,0.193,1,0.457,0.193,2,0.914,0.385,81.01
1025,Burhan Shehadeh Odeh Fakhoury,FWD,Jordan,Jordan,3,197,0,0.0,0.0,0,0.0,0.0,2,0.914,0.385,1,0.457,0.193,21,9.594,4.047,17,7.766,3.276,1,0.457,0.193,4,1.827,0.771,2,0.914,0.385,0,0.0,0.0,2,0.914,0.385,4,1.827,0.771,1,0.457,0.193,1,0.457,0.193,4,1.827,0.771,2,0.914,0.385,3,1.371,0.578,1,0.457,0.193,80.95
280,Frantzdy Pierrot,FWD,Haiti,Haiti,3,195,0,0.0,0.0,0,0.0,0.0,3,1.385,0.581,1,0.462,0.194,17,7.846,3.29,13,6.0,2.516,0,0.0,0.0,0,0.0,0.0,0,0.0,0.0,4,1.846,0.774,1,0.462,0.194,1,0.462,0.194,9,4.154,1.742,8,3.692,1.548,2,0.923,0.387,5,2.308,0.968,4,1.846,0.774,2,0.923,0.387,76.47
639,Thomas Andre Meunier,DEF,Belgium,Belgium,3,195,0,0.0,0.0,1,0.462,0.194,2,0.923,0.387,1,0.462,0.194,116,53.538,22.452,98,45.231,18.968,8,3.692,1.548,6,2.769,1.161,0,0.0,0.0,15,6.923,2.903,6,2.769,1.161,17,7.846,3.29,8,3.692,1.548,8,3.692,1.548,5,2.308,0.968,9,4.154,1.742,0,0.0,0.0,0,0.0,0.0,84.48
856,Mathis Rayan Cherki,MID,France,France,7,195,0,0.0,0.0,0,0.0,0.0,1,0.462,0.194,1,0.462,0.194,104,48.0,20.129,89,41.077,17.226,3,1.385,0.581,3,1.385,0.581,1,0.462,0.194,0,0.0,0.0,2,0.923,0.387,2,0.923,0.387,0,0.0,0.0,0,0.0,0.0,6,2.769,1.161,2,0.923,0.387,2,0.923,0.387,0,0.0,0.0,85.58
864,Ismaila Pathe Ciss,MID,Senegal,Senegal,4,195,0,0.0,0.0,0,0.0,0.0,2,0.923,0.387,1,0.462,0.194,139,64.154,26.903,128,59.077,24.774,0,0.0,0.0,2,0.923,0.387,4,1.846,0.774,11,5.077,2.129,8,3.692,1.548,12,5.538,2.323,2,0.923,0.387,2,0.923,0.387,3,1.385,0.581,1,0.462,0.194,0,0.0,0.0,0,0.0,0.0,92.09
898,Aamar Iqbal Zidane,MID,Iraq,Iraq,3,195,0,0.0,0.0,0,0.0,0.0,0,0.0,0.0,0,0.0,0.0,128,59.077,24.774,118,54.462,22.839,1,0.462,0.194,9,4.154,1.742,0,0.0,0.0,1,0.462,0.194,3,1.385,0.581,1,0.462,0.194,1,0.462,0.194,0,0.0,0.0,8,3.692,1.548,1,0.462,0.194,2,0.923,0.387,0,0.0,0.0,92.19
96,Michal Sadilek,MID,Czechia,Czechia,3,194,1,0.464,0.194,0,0.0,0.0,7,3.247,1.358,3,1.392,0.582,84,38.969,16.293,69,32.01,13.384,11,5.103,2.134,6,2.784,1.164,3,1.392,0.582,1,0.464,0.194,2,0.928,0.388,6,2.784,1.164,0,0.0,0.0,0,0.0,0.0,0,0.0,0.0,0,0.0,0.0,3,1.392,0.582,0,0.0,0.0,82.14
733,Marcos Llorente,DEF,Spain,Spain,3,194,0,0.0,0.0,1,0.464,0.194,0,0.0,0.0,0,0.0,0.0,152,70.515,29.483,142,65.876,27.543,6,2.784,1.164,11,5.103,2.134,0,0.0,0.0,3,1.392,0.582,2,0.928,0.388,6,2.784,1.164,0,0.0,0.0,0,0.0,0.0,2,0.928,0.388,2,0.928,0.388,1,0.464,0.194,0,0.0,0.0,93.42
804,Saad Moteb Alharbi,DEF,Saudi Arabia,Saudi Arabia,3,194,0,0.0,0.0,0,0.0,0.0,0,0.0,0.0,0,0.0,0.0,77,35.722,14.935,57,26.443,11.056,2,0.928,0.388,1,0.464,0.194,5,2.32,0.97,9,4.175,1.746,4,1.856,0.776,9,4.175,1.746,2,0.928,0.388,2,0.928,0.388,4,1.856,0.776,0,0.0,0.0,4,1.856,0.776,0,0.0,0.0,74.03
1174,Joško Gvardiol,DEF,Croatia,Croatia,4,194,0,0.0,0.0,0,0.0,0.0,1,0.464,0.194,0,0.0,0.0,89,41.289,17.263,77,35.722,14.935,0,0.0,0.0,4,1.856,0.776,2,0.928,0.388,7,3.247,1.358,5,2.32,0.97,7,3.247,1.358,1,0.464,0.194,1,0.464,0.194,4,1.856,0.776,2,0.928,0.388,3,1.392,0.582,0,0.0,0.0,86.52
1083,Cedric Bakambu,FWD,Congo DR,Congo DR,3,193,0,0.0,0.0,0,0.0,0.0,3,1.399,0.583,0,0.0,0.0,23,10.725,4.471,16,7.461,3.11,1,0.466,0.194,3,1.399,0.583,0,0.0,0.0,1,0.466,0.194,2,0.933,0.389,2,0.933,0.389,7,3.264,1.361,7,3.264,1.361,3,1.399,0.583,2,0.933,0.389,1,0.466,0.194,4,1.865,0.778,69.57
953,Giuliano Simeone,FWD,Argentina,Argentina,3,193,0,0.0,0.0,0,0.0,0.0,1,0.466,0.194,0,0.0,0.0,82,38.238,15.94,70,32.642,13.607,6,2.798,1.166,8,3.731,1.555,1,0.466,0.194,2,0.933,0.389,6,2.798,1.166,10,4.663,1.944,4,1.865,0.778,4,1.865,0.778,4,1.865,0.778,9,4.197,1.749,1,0.466,0.194,1,0.466,0.194,85.37
93,Pavel Sulc,FWD,Czechia,Czechia,3,192,0,0.0,0.0,0,0.0,0.0,2,0.938,0.39,0,0.0,0.0,51,23.906,9.935,39,18.281,7.597,1,0.469,0.195,7,3.281,1.364,1,0.469,0.195,3,1.406,0.584,5,2.344,0.974,7,3.281,1.364,3,1.406,0.584,3,1.406,0.584,7,3.281,1.364,2,0.938,0.39,1,0.469,0.195,1,0.469,0.195,76.47
1183,Nikola Vlasic,MID,Croatia,Croatia,3,192,1,0.469,0.195,0,0.0,0.0,3,1.406,0.584,1,0.469,0.195,40,18.75,7.792,33,15.469,6.429,3,1.406,0.584,14,6.562,2.727,0,0.0,0.0,3,1.406,0.584,4,1.875,0.779,5,2.344,0.974,3,1.406,0.584,2,0.938,0.39,2,0.938,0.39,5,2.344,0.974,0,0.0,0.0,2,0.938,0.39,82.5
568,Takehiro Tomiyasu,DEF,Japan,Japan,3,191,0,0.0,0.0,0,0.0,0.0,1,0.471,0.195,0,0.0,0.0,127,59.843,24.794,109,51.361,21.28,1,0.471,0.195,4,1.885,0.781,2,0.942,0.39,13,6.126,2.538,5,2.356,0.976,13,6.126,2.538,7,3.298,1.367,7,3.298,1.367,2,0.942,0.39,5,2.356,0.976,2,0.942,0.39,0,0.0,0.0,85.83
1110,Abdulla Abdullaev,DEF,Uzbekistan,Uzbekistan,2,191,0,0.0,0.0,0,0.0,0.0,0,0.0,0.0,0,0.0,0.0,72,33.927,14.056,65,30.628,12.69,0,0.0,0.0,7,3.298,1.367,0,0.0,0.0,17,8.01,3.319,7,3.298,1.367,8,3.77,1.562,0,0.0,0.0,0,0.0,0.0,2,0.942,0.39,5,2.356,0.976,1,0.471,0.195,0,0.0,0.0,90.28
1116,Behruzjon Karimov,DEF,Uzbekistan,Uzbekistan,2,191,0,0.0,0.0,0,0.0,0.0,2,0.942,0.39,0,0.0,0.0,55,25.916,10.738,43,20.262,8.395,2,0.942,0.39,11,5.183,2.148,3,1.414,0.586,6,2.827,1.171,5,2.356,0.976,8,3.77,1.562,0,0.0,0.0,0,0.0,0.0,10,4.712,1.952,8,3.77,1.562,4,1.885,0.781,0,0.0,0.0,78.18
259,Redouane Halhal,DEF,Morocco,Morocco,2,191,0,0.0,0.0,0,0.0,0.0,0,0.0,0.0,0,0.0,0.0,119,56.073,23.232,113,53.246,22.061,0,0.0,0.0,4,1.885,0.781,2,0.942,0.39,6,2.827,1.171,1,0.471,0.195,5,2.356,0.976,9,4.241,1.757,7,3.298,1.367,3,1.414,0.586,3,1.414,0.586,5,2.356,0.976,1,0.471,0.195,94.96
281,Josue Jeremie Casimir,FWD,Haiti,Haiti,3,189,0,0.0,0.0,0,0.0,0.0,1,0.476,0.196,0,0.0,0.0,52,24.762,10.196,43,20.476,8.431,2,0.952,0.392,7,3.333,1.373,0,0.0,0.0,1,0.476,0.196,4,1.905,0.784,0,0.0,0.0,3,1.429,0.588,3,1.429,0.588,6,2.857,1.176,4,1.905,0.784,4,1.905,0.784,0,0.0,0.0,82.69
308,Nathan Kenneth Patterson,DEF,Scotland,Scotland,3,189,0,0.0,0.0,0,0.0,0.0,0,0.0,0.0,0,0.0,0.0,109,51.905,21.373,94,44.762,18.431,2,0.952,0.392,9,4.286,1.765,3,1.429,0.588,4,1.905,0.784,3,1.429,0.588,8,3.81,1.569,1,0.476,0.196,1,0.476,0.196,4,1.905,0.784,2,0.952,0.392,0,0.0,0.0,0,0.0,0.0,86.24
595,Bo Kristoffer Nordfeldt,GK,Sweden,Sweden,2,189,0,0.0,0.0,0,0.0,0.0,0,0.0,0.0,0,0.0,0.0,66,31.429,12.941,45,21.429,8.824,0,0.0,0.0,0,0.0,0.0,0,0.0,0.0,0,0.0,0.0,0,0.0,0.0,10,4.762,1.961,0,0.0,0.0,0,0.0,0.0,0,0.0,0.0,0,0.0,0.0,0,0.0,0.0,0,0.0,0.0,68.18
1197,Lawrence Ati Zigi,GK,Ghana,Ghana,2,189,0,0.0,0.0,0,0.0,0.0,0,0.0,0.0,0,0.0,0.0,52,24.762,10.196,39,18.571,7.647,0,0.0,0.0,0,0.0,0.0,0,0.0,0.0,0,0.0,0.0,0,0.0,0.0,10,4.762,1.961,0,0.0,0.0,0,0.0,0.0,0,0.0,0.0,0,0.0,0.0,1,0.476,0.196,0,0.0,0.0,75.0
999,Michael Gregoritsch,FWD,Austria,Austria,3,189,0,0.0,0.0,0,0.0,0.0,1,0.476,0.196,0,0.0,0.0,29,13.81,5.686,20,9.524,3.922,0,0.0,0.0,2,0.952,0.392,0,0.0,0.0,3,1.429,0.588,6,2.857,1.176,7,3.333,1.373,8,3.81,1.569,8,3.81,1.569,0,0.0,0.0,1,0.476,0.196,1,0.476,0.196,2,0.952,0.392,68.97
579,Lucas Erik Holger Bergvall,MID,Sweden,Sweden,4,188,0,0.0,0.0,0,0.0,0.0,2,0.957,0.393,0,0.0,0.0,88,42.128,17.293,80,38.298,15.721,2,0.957,0.393,7,3.351,1.376,2,0.957,0.393,5,2.394,0.983,1,0.479,0.197,6,2.872,1.179,2,0.957,0.393,2,0.957,0.393,4,1.915,0.786,7,3.351,1.376,4,1.915,0.786,0,0.0,0.0,90.91
241,Chemsdine Talbi,MID,Morocco,Morocco,5,187,0,0.0,0.0,0,0.0,0.0,2,0.963,0.394,0,0.0,0.0,54,25.989,10.635,47,22.62,9.256,9,4.332,1.772,2,0.963,0.394,1,0.481,0.197,2,0.963,0.394,6,2.888,1.182,5,2.406,0.985,1,0.481,0.197,1,0.481,0.197,9,4.332,1.772,0,0.0,0.0,1,0.481,0.197,0,0.0,0.0,87.04
811,Manuel Ugarte,MID,Uruguay,Uruguay,3,187,0,0.0,0.0,0,0.0,0.0,3,1.444,0.591,1,0.481,0.197,136,65.455,26.783,118,56.791,23.239,0,0.0,0.0,10,4.813,1.969,4,1.925,0.788,6,2.888,1.182,5,2.406,0.985,10,4.813,1.969,1,0.481,0.197,1,0.481,0.197,3,1.444,0.591,1,0.481,0.197,0,0.0,0.0,0,0.0,0.0,86.76
278,Wilson Isidor,FWD,Haiti,Haiti,3,186,1,0.484,0.197,0,0.0,0.0,5,2.419,0.987,2,0.968,0.395,21,10.161,4.145,18,8.71,3.553,0,0.0,0.0,3,1.452,0.592,0,0.0,0.0,1,0.484,0.197,5,2.419,0.987,4,1.935,0.789,5,2.419,0.987,5,2.419,0.987,2,0.968,0.395,3,1.452,0.592,2,0.968,0.395,1,0.484,0.197,85.71
303,Ben Gannon Gannon-Doak,FWD,Scotland,Scotland,3,186,0,0.0,0.0,0,0.0,0.0,4,1.935,0.789,0,0.0,0.0,52,25.161,10.263,47,22.742,9.276,7,3.387,1.382,3,1.452,0.592,2,0.968,0.395,1,0.484,0.197,3,1.452,0.592,4,1.935,0.789,0,0.0,0.0,0,0.0,0.0,10,4.839,1.974,3,1.452,0.592,1,0.484,0.197,0,0.0,0.0,90.38
385,Cameron Robert Burgess,DEF,Australia,Australia,2,186,0,0.0,0.0,0,0.0,0.0,0,0.0,0.0,0,0.0,0.0,56,27.097,11.053,45,21.774,8.882,0,0.0,0.0,7,3.387,1.382,0,0.0,0.0,7,3.387,1.382,3,1.452,0.592,9,4.355,1.776,5,2.419,0.987,5,2.419,0.987,1,0.484,0.197,0,0.0,0.0,0,0.0,0.0,0,0.0,0.0,80.36
602,Omar Rekik,DEF,Tunisia,Tunisia,2,186,1,0.484,0.197,0,0.0,0.0,1,0.484,0.197,1,0.484,0.197,93,45.0,18.355,77,37.258,15.197,2,0.968,0.395,5,2.419,0.987,2,0.968,0.395,12,5.806,2.368,6,2.903,1.184,6,2.903,1.184,3,1.452,0.592,3,1.452,0.592,3,1.452,0.592,0,0.0,0.0,1,0.484,0.197,1,0.484,0.197,82.8
1069,Steve Nkanu Kapuadi,DEF,Congo DR,Congo DR,2,186,0,0.0,0.0,0,0.0,0.0,1,0.484,0.197,0,0.0,0.0,55,26.613,10.855,46,22.258,9.079,0,0.0,0.0,2,0.968,0.395,2,0.968,0.395,5,2.419,0.987,4,1.935,0.789,4,1.935,0.789,1,0.484,0.197,1,0.484,0.197,1,0.484,0.197,2,0.968,0.395,0,0.0,0.0,0,0.0,0.0,83.64
143,Ivan Basic,MID,Bosnia and Herzegovina,Bosnia and Herzegovina,3,185,0,0.0,0.0,1,0.486,0.198,4,1.946,0.791,0,0.0,0.0,104,50.595,20.571,96,46.703,18.989,12,5.838,2.374,6,2.919,1.187,1,0.486,0.198,2,0.973,0.396,4,1.946,0.791,4,1.946,0.791,1,0.486,0.198,1,0.486,0.198,3,1.459,0.593,2,0.973,0.396,3,1.459,0.593,0,0.0,0.0,92.31
291,Grant Campbell Hanley,DEF,Scotland,Scotland,2,185,0,0.0,0.0,0,0.0,0.0,0,0.0,0.0,0,0.0,0.0,101,49.135,19.978,94,45.73,18.593,0,0.0,0.0,1,0.486,0.198,1,0.486,0.198,8,3.892,1.582,6,2.919,1.187,10,4.865,1.978,5,2.432,0.989,5,2.432,0.989,0,0.0,0.0,1,0.486,0.198,0,0.0,0.0,1,0.486,0.198,93.07
129,Nathan-Dylan Saliba,MID,Canada,Canada,3,185,1,0.486,0.198,1,0.486,0.198,3,1.459,0.593,1,0.486,0.198,93,45.243,18.396,79,38.432,15.626,4,1.946,0.791,11,5.351,2.176,2,0.973,0.396,6,2.919,1.187,5,2.432,0.989,14,6.811,2.769,3,1.459,0.593,3,1.459,0.593,6,2.919,1.187,5,2.432,0.989,2,0.973,0.396,0,0.0,0.0,84.95
151,Stjepan Radeljic,DEF,Bosnia and Herzegovina,Bosnia and Herzegovina,2,185,0,0.0,0.0,0,0.0,0.0,1,0.486,0.198,0,0.0,0.0,153,74.432,30.264,137,66.649,27.099,0,0.0,0.0,3,1.459,0.593,3,1.459,0.593,7,3.405,1.385,5,2.432,0.989,9,4.378,1.78,1,0.486,0.198,1,0.486,0.198,1,0.486,0.198,1,0.486,0.198,3,1.459,0.593,0,0.0,0.0,89.54
431,Nico Cédric Schlotterbeck,DEF,Germany,Germany,2,184,1,0.489,0.198,0,0.0,0.0,2,0.978,0.396,2,0.978,0.396,123,60.163,24.383,110,53.804,21.806,0,0.0,0.0,8,3.913,1.586,7,3.424,1.388,7,3.424,1.388,5,2.446,0.991,11,5.38,2.181,8,3.913,1.586,8,3.913,1.586,3,1.467,0.595,2,0.978,0.396,1,0.489,0.198,0,0.0,0.0,89.43
689,Mohammadhossein Kanani,DEF,IR Iran,IR Iran,2,184,0,0.0,0.0,0,0.0,0.0,1,0.489,0.198,1,0.489,0.198,34,16.63,6.74,33,16.141,6.542,0,0.0,0.0,3,1.467,0.595,1,0.489,0.198,9,4.402,1.784,7,3.424,1.388,6,2.935,1.189,2,0.978,0.396,2,0.978,0.396,2,0.978,0.396,1,0.489,0.198,0,0.0,0.0,0,0.0,0.0,97.06
657,Ahmed Ibrahim Trezeguet,FWD,Egypt,Egypt,4,184,1,0.489,0.198,0,0.0,0.0,8,3.913,1.586,3,1.467,0.595,81,39.62,16.057,68,33.261,13.48,3,1.467,0.595,5,2.446,0.991,2,0.978,0.396,6,2.935,1.189,5,2.446,0.991,3,1.467,0.595,1,0.489,0.198,1,0.489,0.198,11,5.38,2.181,3,1.467,0.595,2,0.978,0.396,0,0.0,0.0,83.95
1219,Derrick Luckassen,DEF,Ghana,Ghana,2,184,1,0.489,0.198,0,0.0,0.0,1,0.489,0.198,1,0.489,0.198,125,61.141,24.78,109,53.315,21.608,0,0.0,0.0,3,1.467,0.595,2,0.978,0.396,8,3.913,1.586,3,1.467,0.595,8,3.913,1.586,6,2.935,1.189,6,2.935,1.189,0,0.0,0.0,1,0.489,0.198,2,0.978,0.396,0,0.0,0.0,87.2
88,Patrik Schick,FWD,Czechia,Czechia,3,183,0,0.0,0.0,0,0.0,0.0,2,0.984,0.397,1,0.492,0.199,28,13.77,5.563,24,11.803,4.768,0,0.0,0.0,4,1.967,0.795,0,0.0,0.0,1,0.492,0.199,1,0.492,0.199,2,0.984,0.397,4,1.967,0.795,4,1.967,0.795,3,1.475,0.596,1,0.492,0.199,3,1.475,0.596,0,0.0,0.0,85.71
1104,Abduvakhid Nematov,GK,Uzbekistan,Uzbekistan,2,183,0,0.0,0.0,0,0.0,0.0,0,0.0,0.0,0,0.0,0.0,56,27.541,11.126,28,13.77,5.563,0,0.0,0.0,0,0.0,0.0,0,0.0,0.0,0,0.0,0.0,0,0.0,0.0,9,4.426,1.788,0,0.0,0.0,0,0.0,0.0,0,0.0,0.0,0,0.0,0.0,0,0.0,0.0,0,0.0,0.0,50.0
883,El Hadji Malick Diouf,DEF,Senegal,Senegal,3,182,0,0.0,0.0,0,0.0,0.0,0,0.0,0.0,0,0.0,0.0,89,44.011,17.721,74,36.593,14.735,9,4.451,1.792,9,4.451,1.792,3,1.484,0.597,13,6.429,2.588,5,2.473,0.996,10,4.945,1.991,4,1.978,0.796,3,1.484,0.597,1,0.495,0.199,2,0.989,0.398,0,0.0,0.0,0,0.0,0.0,83.15
393,Merih Demiral,DEF,Türkiye,Türkiye,2,181,0,0.0,0.0,0,0.0,0.0,6,2.983,1.197,2,0.994,0.399,124,61.657,24.745,119,59.171,23.747,1,0.497,0.2,4,1.989,0.798,2,0.994,0.399,17,8.453,3.392,3,1.492,0.599,14,6.961,2.794,12,5.967,2.395,11,5.47,2.195,2,0.994,0.399,2,0.994,0.399,1,0.497,0.2,3,1.492,0.599,95.97
400,Hakan Calhanoglu,MID,Türkiye,Türkiye,2,181,0,0.0,0.0,0,0.0,0.0,11,5.47,2.195,2,0.994,0.399,190,94.475,37.916,171,85.028,34.124,10,4.972,1.996,8,3.978,1.596,3,1.492,0.599,2,0.994,0.399,3,1.492,0.599,6,2.983,1.197,3,1.492,0.599,3,1.492,0.599,5,2.486,0.998,2,0.994,0.399,1,0.497,0.2,0,0.0,0.0,90.0
665,Hafez Ramadan Karim Hafez,DEF,Egypt,Egypt,3,181,0,0.0,0.0,0,0.0,0.0,1,0.497,0.2,0,0.0,0.0,113,56.188,22.55,99,49.227,19.756,2,0.994,0.399,9,4.475,1.796,4,1.989,0.798,7,3.481,1.397,2,0.994,0.399,7,3.481,1.397,3,1.492,0.599,3,1.492,0.599,3,1.492,0.599,1,0.497,0.2,2,0.994,0.399,0,0.0,0.0,87.61
893,Ibrahim Karim Ali Alhamadi,FWD,Iraq,Iraq,3,181,0,0.0,0.0,0,0.0,0.0,6,2.983,1.197,0,0.0,0.0,35,17.403,6.984,26,12.928,5.188,0,0.0,0.0,6,2.983,1.197,0,0.0,0.0,1,0.497,0.2,3,1.492,0.599,4,1.989,0.798,6,2.983,1.197,5,2.486,0.998,4,1.989,0.798,1,0.497,0.2,5,2.486,0.998,0,0.0,0.0,74.29
462,Joshua Benjamin Brenet,DEF,Curaçao,Curaçao,2,181,0,0.0,0.0,0,0.0,0.0,0,0.0,0.0,0,0.0,0.0,63,31.326,12.572,49,24.365,9.778,1,0.497,0.2,11,5.47,2.195,3,1.492,0.599,6,2.983,1.197,8,3.978,1.596,11,5.47,2.195,2,0.994,0.399,2,0.994,0.399,7,3.481,1.397,0,0.0,0.0,1,0.497,0.2,1,0.497,0.2,77.78
906,Basil Fadhil Ahmed,GK,Iraq,Iraq,2,181,0,0.0,0.0,0,0.0,0.0,0,0.0,0.0,0,0.0,0.0,71,35.304,14.169,42,20.884,8.381,0,0.0,0.0,0,0.0,0.0,0,0.0,0.0,0,0.0,0.0,0,0.0,0.0,9,4.475,1.796,0,0.0,0.0,0,0.0,0.0,0,0.0,0.0,0,0.0,0.0,1,0.497,0.2,0,0.0,0.0,59.15
1018,Ali Mohammad Husam Abudahab,DEF,Jordan,Jordan,2,181,0,0.0,0.0,0,0.0,0.0,0,0.0,0.0,0,0.0,0.0,58,28.84,11.574,43,21.381,8.581,0,0.0,0.0,11,5.47,2.195,0,0.0,0.0,7,3.481,1.397,7,3.481,1.397,7,3.481,1.397,3,1.492,0.599,3,1.492,0.599,0,0.0,0.0,2,0.994,0.399,1,0.497,0.2,0,0.0,0.0,74.14
1224,Cesar Rodolfo Blackman,DEF,Panama,Panama,2,180,0,0.0,0.0,0,0.0,0.0,2,1.0,0.4,1,0.5,0.2,79,39.5,15.8,69,34.5,13.8,0,0.0,0.0,7,3.5,1.4,1,0.5,0.2,3,1.5,0.6,4,2.0,0.8,7,3.5,1.4,5,2.5,1.0,5,2.5,1.0,5,2.5,1.0,2,1.0,0.4,2,1.0,0.4,1,0.5,0.2,87.34
614,Aymen Dahmen,GK,Tunisia,Tunisia,2,180,0,0.0,0.0,0,0.0,0.0,0,0.0,0.0,0,0.0,0.0,48,24.0,9.6,24,12.0,4.8,0,0.0,0.0,0,0.0,0.0,0,0.0,0.0,0,0.0,0.0,0,0.0,0.0,9,4.5,1.8,0,0.0,0.0,0,0.0,0.0,0,0.0,0.0,0,0.0,0.0,1,0.5,0.2,0,0.0,0.0,50.0
573,Jacob Mikael Widell Zetterstrom,GK,Sweden,Sweden,2,180,0,0.0,0.0,0,0.0,0.0,0,0.0,0.0,0,0.0,0.0,73,36.5,14.6,39,19.5,7.8,0,0.0,0.0,0,0.0,0.0,0,0.0,0.0,2,1.0,0.4,0,0.0,0.0,17,8.5,3.4,0,0.0,0.0,0,0.0,0.0,0,0.0,0.0,0,0.0,0.0,0,0.0,0.0,0,0.0,0.0,53.42
349,Mauricio Mauricio,MID,Paraguay,Paraguay,4,179,1,0.503,0.2,0,0.0,0.0,4,2.011,0.802,3,1.508,0.601,69,34.693,13.831,54,27.151,10.824,12,6.034,2.405,9,4.525,1.804,4,2.011,0.802,1,0.503,0.2,3,1.508,0.601,8,4.022,1.604,2,1.006,0.401,2,1.006,0.401,3,1.508,0.601,3,1.508,0.601,3,1.508,0.601,0,0.0,0.0,78.26
970,Houssem-Eddine Chaabane Aouar,MID,Algeria,Algeria,3,178,0,0.0,0.0,1,0.506,0.201,3,1.517,0.603,1,0.506,0.201,84,42.472,16.875,79,39.944,15.871,1,0.506,0.201,3,1.517,0.603,0,0.0,0.0,0,0.0,0.0,2,1.011,0.402,3,1.517,0.603,2,1.011,0.402,2,1.011,0.402,6,3.034,1.205,1,0.506,0.201,2,1.011,0.402,0,0.0,0.0,94.05
141,Edin Dzeko,FWD,Bosnia and Herzegovina,Bosnia and Herzegovina,3,177,0,0.0,0.0,0,0.0,0.0,3,1.525,0.604,0,0.0,0.0,48,24.407,9.664,33,16.78,6.644,2,1.017,0.403,1,0.508,0.201,0,0.0,0.0,4,2.034,0.805,1,0.508,0.201,3,1.525,0.604,4,2.034,0.805,4,2.034,0.805,2,1.017,0.403,1,0.508,0.201,2,1.017,0.403,0,0.0,0.0,68.75
397,Muhammed Kerem Akturkoglu,FWD,Türkiye,Türkiye,2,176,0,0.0,0.0,0,0.0,0.0,3,1.534,0.605,1,0.511,0.202,15,7.67,3.027,9,4.602,1.816,2,1.023,0.404,1,0.511,0.202,0,0.0,0.0,0,0.0,0.0,0,0.0,0.0,0,0.0,0.0,2,1.023,0.404,2,1.023,0.404,2,1.023,0.404,0,0.0,0.0,2,1.023,0.404,0,0.0,0.0,60.0
1057,Alexandre Rafael Leao,FWD,Portugal,Portugal,5,176,1,0.511,0.202,0,0.0,0.0,4,2.045,0.807,1,0.511,0.202,82,41.932,16.547,71,36.307,14.327,8,4.091,1.614,1,0.511,0.202,2,1.023,0.404,1,0.511,0.202,3,1.534,0.605,3,1.534,0.605,0,0.0,0.0,0,0.0,0.0,28,14.318,5.65,1,0.511,0.202,2,1.023,0.404,0,0.0,0.0,86.59
1235,Jiovany Javier Ramos,DEF,Panama,Panama,2,176,0,0.0,0.0,0,0.0,0.0,2,1.023,0.404,0,0.0,0.0,121,61.875,24.417,108,55.227,21.794,0,0.0,0.0,12,6.136,2.422,2,1.023,0.404,4,2.045,0.807,3,1.534,0.605,12,6.136,2.422,3,1.534,0.605,3,1.534,0.605,7,3.58,1.413,2,1.023,0.404,1,0.511,0.202,0,0.0,0.0,89.26
773,Dailon Dailon Livramento,FWD,Cabo Verde,Cabo Verde,3,175,0,0.0,0.0,0,0.0,0.0,1,0.514,0.202,0,0.0,0.0,19,9.771,3.843,15,7.714,3.034,3,1.543,0.607,2,1.029,0.404,0,0.0,0.0,1,0.514,0.202,0,0.0,0.0,0,0.0,0.0,9,4.629,1.82,7,3.6,1.416,3,1.543,0.607,1,0.514,0.202,1,0.514,0.202,2,1.029,0.404,78.95
769,Michael Laros Duarte,MID,Cabo Verde,Cabo Verde,4,174,0,0.0,0.0,0,0.0,0.0,3,1.552,0.608,3,1.552,0.608,41,21.207,8.311,33,17.069,6.689,2,1.034,0.405,4,2.069,0.811,1,0.517,0.203,3,1.552,0.608,3,1.552,0.608,7,3.621,1.419,1,0.517,0.203,1,0.517,0.203,10,5.172,2.027,0,0.0,0.0,2,1.034,0.405,0,0.0,0.0,80.49
976,Hicham Boudaoui,MID,Algeria,Algeria,3,174,0,0.0,0.0,0,0.0,0.0,0,0.0,0.0,0,0.0,0.0,86,44.483,17.432,83,42.931,16.824,0,0.0,0.0,11,5.69,2.23,3,1.552,0.608,3,1.552,0.608,0,0.0,0.0,5,2.586,1.014,2,1.034,0.405,2,1.034,0.405,2,1.034,0.405,4,2.069,0.811,1,0.517,0.203,0,0.0,0.0,96.51
306,Lawrence Shankland,FWD,Scotland,Scotland,2,173,0,0.0,0.0,0,0.0,0.0,4,2.081,0.813,0,0.0,0.0,34,17.688,6.907,20,10.405,4.063,0,0.0,0.0,4,2.081,0.813,0,0.0,0.0,3,1.561,0.609,0,0.0,0.0,2,1.04,0.406,8,4.162,1.625,7,3.642,1.422,0,0.0,0.0,5,2.601,1.016,3,1.561,0.609,1,0.52,0.203,58.82
596,Elliot Karl Stroud,DEF,Sweden,Sweden,4,173,0,0.0,0.0,0,0.0,0.0,1,0.52,0.203,0,0.0,0.0,49,25.491,9.955,38,19.769,7.72,6,3.121,1.219,3,1.561,0.609,0,0.0,0.0,4,2.081,0.813,3,1.561,0.609,3,1.561,0.609,1,0.52,0.203,1,0.52,0.203,6,3.121,1.219,3,1.561,0.609,1,0.52,0.203,0,0.0,0.0,77.55
185,Silvan Dominic Widmer,DEF,Switzerland,Switzerland,5,173,0,0.0,0.0,0,0.0,0.0,0,0.0,0.0,0,0.0,0.0,73,37.977,14.831,57,29.653,11.58,4,2.081,0.813,10,5.202,2.032,3,1.561,0.609,9,4.682,1.828,7,3.642,1.422,11,5.723,2.235,1,0.52,0.203,1,0.52,0.203,3,1.561,0.609,2,1.04,0.406,0,0.0,0.0,0,0.0,0.0,78.08
473,Wilfried Stephane Singo,DEF,Côte d'Ivoire,Côte d'Ivoire,2,172,0,0.0,0.0,1,0.523,0.204,2,1.047,0.407,0,0.0,0.0,92,48.14,18.733,79,41.337,16.086,1,0.523,0.204,4,2.093,0.814,4,2.093,0.814,11,5.756,2.24,6,3.14,1.222,10,5.233,2.036,4,2.093,0.814,4,2.093,0.814,14,7.326,2.851,3,1.57,0.611,1,0.523,0.204,0,0.0,0.0,85.87
525,Nathan Benjamin Ake,DEF,Netherlands,Netherlands,3,171,0,0.0,0.0,0,0.0,0.0,1,0.526,0.204,0,0.0,0.0,123,64.737,25.102,112,58.947,22.857,1,0.526,0.204,5,2.632,1.02,1,0.526,0.204,5,2.632,1.02,11,5.789,2.245,7,3.684,1.429,1,0.526,0.204,1,0.526,0.204,1,0.526,0.204,2,1.053,0.408,2,1.053,0.408,0,0.0,0.0,91.06
59,Heung Min Son,FWD,Korea Republic,South Korea,3,170,0,0.0,0.0,0,0.0,0.0,7,3.706,1.432,1,0.529,0.205,58,30.706,11.864,49,25.941,10.023,3,1.588,0.614,1,0.529,0.205,0,0.0,0.0,1,0.529,0.205,1,0.529,0.205,1,0.529,0.205,0,0.0,0.0,0,0.0,0.0,6,3.176,1.227,0,0.0,0.0,4,2.118,0.818,2,1.059,0.409,84.48
368,Jacob Michael Italiano,DEF,Australia,Australia,2,170,0,0.0,0.0,0,0.0,0.0,1,0.529,0.205,0,0.0,0.0,43,22.765,8.795,33,17.471,6.75,9,4.765,1.841,10,5.294,2.045,2,1.059,0.409,11,5.824,2.25,9,4.765,1.841,5,2.647,1.023,2,1.059,0.409,2,1.059,0.409,7,3.706,1.432,0,0.0,0.0,0,0.0,0.0,0,0.0,0.0,76.74
282,Jean-Kévin Duverne,DEF,Haiti,Haiti,2,170,0,0.0,0.0,0,0.0,0.0,1,0.529,0.205,0,0.0,0.0,69,36.529,14.114,59,31.235,12.068,2,1.059,0.409,10,5.294,2.045,4,2.118,0.818,4,2.118,0.818,9,4.765,1.841,14,7.412,2.864,0,0.0,0.0,0,0.0,0.0,7,3.706,1.432,2,1.059,0.409,1,0.529,0.205,1,0.529,0.205,85.51
351,Jose Maria Canale,DEF,Paraguay,Paraguay,4,170,0,0.0,0.0,0,0.0,0.0,0,0.0,0.0,0,0.0,0.0,27,14.294,5.523,18,9.529,3.682,1,0.529,0.205,6,3.176,1.227,1,0.529,0.205,13,6.882,2.659,7,3.706,1.432,11,5.824,2.25,2,1.059,0.409,2,1.059,0.409,0,0.0,0.0,1,0.529,0.205,2,1.059,0.409,0,0.0,0.0,66.67
243,Soufiane Rahimi,FWD,Morocco,Morocco,6,169,2,1.065,0.41,0,0.0,0.0,6,3.195,1.23,4,2.13,0.82,37,19.704,7.585,27,14.379,5.535,5,2.663,1.025,6,3.195,1.23,0,0.0,0.0,2,1.065,0.41,3,1.598,0.615,5,2.663,1.025,5,2.663,1.025,4,2.13,0.82,7,3.728,1.435,5,2.663,1.025,6,3.195,1.23,2,1.065,0.41,72.97
861,Kalidou Koulibaly,DEF,Senegal,Senegal,2,168,0,0.0,0.0,0,0.0,0.0,0,0.0,0.0,0,0.0,0.0,83,44.464,17.055,73,39.107,15.0,0,0.0,0.0,11,5.893,2.26,3,1.607,0.616,2,1.071,0.411,2,1.071,0.411,7,3.75,1.438,0,0.0,0.0,0,0.0,0.0,2,1.071,0.411,0,0.0,0.0,0,0.0,0.0,0,0.0,0.0,87.95
878,Ibrahim Mbaye,FWD,Senegal,Senegal,4,168,1,0.536,0.205,0,0.0,0.0,4,2.143,0.822,1,0.536,0.205,67,35.893,13.767,63,33.75,12.945,8,4.286,1.644,2,1.071,0.411,1,0.536,0.205,2,1.071,0.411,1,0.536,0.205,3,1.607,0.616,5,2.679,1.027,5,2.679,1.027,12,6.429,2.466,0,0.0,0.0,2,1.071,0.411,0,0.0,0.0,94.03
445,Juriën Godfried Juan Gaari,DEF,Curaçao,Curaçao,2,168,0,0.0,0.0,0,0.0,0.0,2,1.071,0.411,0,0.0,0.0,54,28.929,11.096,41,21.964,8.425,0,0.0,0.0,4,2.143,0.822,0,0.0,0.0,8,4.286,1.644,5,2.679,1.027,6,3.214,1.233,2,1.071,0.411,2,1.071,0.411,1,0.536,0.205,4,2.143,0.822,1,0.536,0.205,0,0.0,0.0,75.93
638,Dodi Lukebakio,FWD,Belgium,Belgium,3,168,0,0.0,0.0,0,0.0,0.0,7,3.75,1.438,1,0.536,0.205,55,29.464,11.301,44,23.571,9.041,7,3.75,1.438,3,1.607,0.616,0,0.0,0.0,0,0.0,0.0,6,3.214,1.233,2,1.071,0.411,3,1.607,0.616,3,1.607,0.616,17,9.107,3.493,1,0.536,0.205,2,1.071,0.411,0,0.0,0.0,80.0
775,Miguel Nuno Da Costa,MID,Cabo Verde,Cabo Verde,4,167,0,0.0,0.0,0,0.0,0.0,1,0.539,0.206,0,0.0,0.0,23,12.395,4.737,18,9.701,3.707,1,0.539,0.206,3,1.617,0.618,0,0.0,0.0,0,0.0,0.0,4,2.156,0.824,1,0.539,0.206,6,3.234,1.236,5,2.695,1.03,6,3.234,1.236,0,0.0,0.0,3,1.617,0.618,0,0.0,0.0,78.26
384,Cristian Volpato,FWD,Australia,Australia,3,167,0,0.0,0.0,0,0.0,0.0,4,2.156,0.824,1,0.539,0.206,66,35.569,13.593,52,28.024,10.709,13,7.006,2.677,4,2.156,0.824,1,0.539,0.206,0,0.0,0.0,3,1.617,0.618,3,1.617,0.618,3,1.617,0.618,2,1.078,0.412,24,12.934,4.943,1,0.539,0.206,2,1.078,0.412,0,0.0,0.0,78.79
90,Lukáš Cerv,MID,Czechia,Czechia,2,165,0,0.0,0.0,0,0.0,0.0,3,1.636,0.621,2,1.091,0.414,42,22.909,8.69,36,19.636,7.448,1,0.545,0.207,5,2.727,1.034,0,0.0,0.0,7,3.818,1.448,5,2.727,1.034,7,3.818,1.448,0,0.0,0.0,0,0.0,0.0,5,2.727,1.034,3,1.636,0.621,3,1.636,0.621,0,0.0,0.0,85.71
87,Adam Hlozek,FWD,Czechia,Czechia,3,164,0,0.0,0.0,0,0.0,0.0,3,1.646,0.622,1,0.549,0.207,26,14.268,5.392,18,9.878,3.733,1,0.549,0.207,3,1.646,0.622,0,0.0,0.0,0,0.0,0.0,2,1.098,0.415,1,0.549,0.207,4,2.195,0.829,4,2.195,0.829,8,4.39,1.659,4,2.195,0.829,4,2.195,0.829,0,0.0,0.0,69.23
392,Mehmet Zeki Celik,DEF,Türkiye,Türkiye,2,164,0,0.0,0.0,0,0.0,0.0,1,0.549,0.207,1,0.549,0.207,79,43.354,16.382,70,38.415,14.516,1,0.549,0.207,8,4.39,1.659,1,0.549,0.207,9,4.939,1.866,4,2.195,0.829,6,3.293,1.244,5,2.744,1.037,5,2.744,1.037,3,1.646,0.622,1,0.549,0.207,0,0.0,0.0,0,0.0,0.0,88.61
722,Mc,MID,New Zealand,New Zealand,3,164,0,0.0,0.0,0,0.0,0.0,4,2.195,0.829,3,1.646,0.622,93,51.037,19.286,78,42.805,16.175,2,1.098,0.415,9,4.939,1.866,2,1.098,0.415,1,0.549,0.207,1,0.549,0.207,5,2.744,1.037,4,2.195,0.829,4,2.195,0.829,2,1.098,0.415,4,2.195,0.829,1,0.549,0.207,0,0.0,0.0,83.87
887,Haydar Hussein Hussein,DEF,Iraq,Iraq,2,164,0,0.0,0.0,0,0.0,0.0,1,0.549,0.207,0,0.0,0.0,40,21.951,8.295,32,17.561,6.636,2,1.098,0.415,4,2.195,0.829,1,0.549,0.207,6,3.293,1.244,4,2.195,0.829,4,2.195,0.829,1,0.549,0.207,1,0.549,0.207,3,1.646,0.622,1,0.549,0.207,0,0.0,0.0,1,0.549,0.207,80.0
41,Iqraam Rayners,FWD,South Africa,South Africa,4,163,0,0.0,0.0,0,0.0,0.0,1,0.552,0.208,0,0.0,0.0,24,13.252,4.988,21,11.595,4.365,2,1.104,0.416,1,0.552,0.208,0,0.0,0.0,2,1.104,0.416,2,1.104,0.416,2,1.104,0.416,3,1.656,0.624,2,1.104,0.416,1,0.552,0.208,1,0.552,0.208,1,0.552,0.208,2,1.104,0.416,87.5
115,Liam Alan Millar,MID,Canada,Canada,3,163,0,0.0,0.0,0,0.0,0.0,1,0.552,0.208,0,0.0,0.0,67,36.994,13.926,50,27.607,10.393,10,5.521,2.079,9,4.969,1.871,0,0.0,0.0,0,0.0,0.0,7,3.865,1.455,4,2.209,0.831,3,1.656,0.624,3,1.656,0.624,15,8.282,3.118,3,1.656,0.624,1,0.552,0.208,0,0.0,0.0,74.63
1239,Jose Fajardo,FWD,Panama,Panama,3,163,0,0.0,0.0,0,0.0,0.0,1,0.552,0.208,0,0.0,0.0,18,9.939,3.741,11,6.074,2.286,0,0.0,0.0,11,6.074,2.286,0,0.0,0.0,0,0.0,0.0,2,1.104,0.416,0,0.0,0.0,1,0.552,0.208,1,0.552,0.208,0,0.0,0.0,4,2.209,0.831,3,1.656,0.624,1,0.552,0.208,61.11
606,Elias Saad,FWD,Tunisia,Tunisia,2,162,0,0.0,0.0,0,0.0,0.0,1,0.556,0.208,0,0.0,0.0,29,16.111,6.042,22,12.222,4.583,2,1.111,0.417,1,0.556,0.208,0,0.0,0.0,0,0.0,0.0,1,0.556,0.208,2,1.111,0.417,0,0.0,0.0,0,0.0,0.0,3,1.667,0.625,1,0.556,0.208,3,1.667,0.625,1,0.556,0.208,75.86
49,Jayden Oswin Adams,MID,South Africa,South Africa,3,161,0,0.0,0.0,0,0.0,0.0,0,0.0,0.0,0,0.0,0.0,44,24.596,9.188,40,22.36,8.353,0,0.0,0.0,3,1.677,0.626,0,0.0,0.0,3,1.677,0.626,5,2.795,1.044,2,1.118,0.418,0,0.0,0.0,0,0.0,0.0,0,0.0,0.0,0,0.0,0.0,0,0.0,0.0,0,0.0,0.0,90.91
410,Ferdi Erenay Kadioglu,DEF,Türkiye,Türkiye,2,161,0,0.0,0.0,0,0.0,0.0,1,0.559,0.209,0,0.0,0.0,175,97.826,36.543,161,90.0,33.619,4,2.236,0.835,4,2.236,0.835,3,1.677,0.626,7,3.913,1.462,1,0.559,0.209,8,4.472,1.671,1,0.559,0.209,1,0.559,0.209,6,3.354,1.253,0,0.0,0.0,3,1.677,0.626,0,0.0,0.0,92.0
1091,Edo Kayembe Kayembe,MID,Congo DR,Congo DR,3,160,0,0.0,0.0,0,0.0,0.0,2,1.125,0.419,1,0.562,0.209,41,23.062,8.581,35,19.688,7.326,2,1.125,0.419,10,5.625,2.093,2,1.125,0.419,1,0.562,0.209,1,0.562,0.209,7,3.938,1.465,1,0.562,0.209,1,0.562,0.209,4,2.25,0.837,5,2.812,1.047,3,1.688,0.628,0,0.0,0.0,85.37
65,Taeseok Lee,DEF,Korea Republic,South Korea,2,159,0,0.0,0.0,0,0.0,0.0,0,0.0,0.0,0,0.0,0.0,45,25.472,9.441,39,22.075,8.182,9,5.094,1.888,5,2.83,1.049,0,0.0,0.0,4,2.264,0.839,2,1.132,0.42,6,3.396,1.259,3,1.698,0.629,3,1.698,0.629,2,1.132,0.42,3,1.698,0.629,1,0.566,0.21,0,0.0,0.0,86.67
874,Edouard Osoque Mendy,GK,Senegal,Senegal,2,159,0,0.0,0.0,0,0.0,0.0,0,0.0,0.0,0,0.0,0.0,60,33.962,12.587,49,27.736,10.28,0,0.0,0.0,0,0.0,0.0,0,0.0,0.0,0,0.0,0.0,0,0.0,0.0,11,6.226,2.308,0,0.0,0.0,0,0.0,0.0,0,0.0,0.0,0,0.0,0.0,0,0.0,0.0,0,0.0,0.0,81.67
1050,Bernardo Bernardo Silva,MID,Portugal,Portugal,4,159,0,0.0,0.0,0,0.0,0.0,1,0.566,0.21,0,0.0,0.0,59,33.396,12.378,55,31.132,11.538,0,0.0,0.0,3,1.698,0.629,2,1.132,0.42,2,1.132,0.42,2,1.132,0.42,3,1.698,0.629,0,0.0,0.0,0,0.0,0.0,2,1.132,0.42,3,1.698,0.629,0,0.0,0.0,0,0.0,0.0,93.22
1196,Petar Musa,FWD,Croatia,Croatia,2,158,1,0.57,0.21,0,0.0,0.0,1,0.57,0.21,1,0.57,0.21,11,6.266,2.313,7,3.987,1.472,0,0.0,0.0,5,2.848,1.051,0,0.0,0.0,1,0.57,0.21,0,0.0,0.0,2,1.139,0.421,5,2.848,1.051,5,2.848,1.051,1,0.57,0.21,1,0.57,0.21,1,0.57,0.21,0,0.0,0.0,63.64
63,Hee Chan Hwang,MID,Korea Republic,South Korea,3,157,0,0.0,0.0,0,0.0,0.0,1,0.573,0.211,0,0.0,0.0,47,26.943,9.906,40,22.93,8.431,1,0.573,0.211,3,1.72,0.632,0,0.0,0.0,2,1.146,0.422,1,0.573,0.211,2,1.146,0.422,0,0.0,0.0,0,0.0,0.0,7,4.013,1.475,1,0.573,0.211,2,1.146,0.422,0,0.0,0.0,85.11
968,Ramiz Larbi Zerrouki,MID,Algeria,Algeria,3,157,0,0.0,0.0,0,0.0,0.0,0,0.0,0.0,0,0.0,0.0,105,60.191,22.131,97,55.605,20.445,0,0.0,0.0,3,1.72,0.632,3,1.72,0.632,4,2.293,0.843,4,2.293,0.843,7,4.013,1.475,2,1.146,0.422,2,1.146,0.422,0,0.0,0.0,4,2.293,0.843,0,0.0,0.0,0,0.0,0.0,92.38
202,Michel Aebischer,MID,Switzerland,Switzerland,4,156,0,0.0,0.0,0,0.0,0.0,2,1.154,0.423,1,0.577,0.211,76,43.846,16.056,66,38.077,13.944,6,3.462,1.268,6,3.462,1.268,2,1.154,0.423,5,2.885,1.056,2,1.154,0.423,8,4.615,1.69,0,0.0,0.0,0,0.0,0.0,3,1.731,0.634,3,1.731,0.634,2,1.154,0.423,0,0.0,0.0,86.84
888,Tahseen Abd Zaid Zaid,DEF,Iraq,Iraq,2,156,0,0.0,0.0,0,0.0,0.0,2,1.154,0.423,0,0.0,0.0,64,36.923,13.521,53,30.577,11.197,0,0.0,0.0,3,1.731,0.634,3,1.731,0.634,8,4.615,1.69,4,2.308,0.845,7,4.038,1.479,2,1.154,0.423,1,0.577,0.211,1,0.577,0.211,3,1.731,0.634,2,1.154,0.423,0,0.0,0.0,82.81
238,Sofyan Amrabat,MID,Morocco,Morocco,3,156,0,0.0,0.0,0,0.0,0.0,0,0.0,0.0,0,0.0,0.0,106,61.154,22.394,98,56.538,20.704,0,0.0,0.0,9,5.192,1.901,1,0.577,0.211,2,1.154,0.423,5,2.885,1.056,5,2.885,1.056,1,0.577,0.211,1,0.577,0.211,1,0.577,0.211,4,2.308,0.845,2,1.154,0.423,0,0.0,0.0,92.45
396,Orkun Kokcu,MID,Türkiye,Türkiye,3,155,0,0.0,0.0,0,0.0,0.0,3,1.742,0.635,0,0.0,0.0,85,49.355,18.0,60,34.839,12.706,6,3.484,1.271,10,5.806,2.118,2,1.161,0.424,3,1.742,0.635,4,2.323,0.847,4,2.323,0.847,0,0.0,0.0,0,0.0,0.0,5,2.903,1.059,2,1.161,0.424,4,2.323,0.847,0,0.0,0.0,70.59
176,Fathy Ahmed Fathy,MID,Qatar,Qatar,3,154,0,0.0,0.0,0,0.0,0.0,0,0.0,0.0,0,0.0,0.0,65,37.987,13.797,59,34.481,12.524,0,0.0,0.0,6,3.506,1.274,3,1.753,0.637,3,1.753,0.637,11,6.429,2.335,8,4.675,1.698,0,0.0,0.0,0,0.0,0.0,0,0.0,0.0,2,1.169,0.425,1,0.584,0.212,0,0.0,0.0,90.77
1004,Phillip Mwene,DEF,Austria,Austria,2,154,0,0.0,0.0,0,0.0,0.0,1,0.584,0.212,0,0.0,0.0,64,37.403,13.585,56,32.727,11.887,6,3.506,1.274,1,0.584,0.212,2,1.169,0.425,4,2.338,0.849,4,2.338,0.849,8,4.675,1.698,1,0.584,0.212,1,0.584,0.212,1,0.584,0.212,1,0.584,0.212,1,0.584,0.212,0,0.0,0.0,87.5
81,Tomáš Holes,DEF,Czechia,Czechia,2,154,0,0.0,0.0,0,0.0,0.0,0,0.0,0.0,0,0.0,0.0,66,38.571,14.009,55,32.143,11.675,0,0.0,0.0,4,2.338,0.849,2,1.169,0.425,6,3.506,1.274,9,5.26,1.91,12,7.013,2.547,1,0.584,0.212,1,0.584,0.212,2,1.169,0.425,2,1.169,0.425,2,1.169,0.425,0,0.0,0.0,83.33
442,Deniz Undav,FWD,Germany,Germany,4,153,3,1.765,0.638,2,1.176,0.426,6,3.529,1.277,4,2.353,0.851,31,18.235,6.596,23,13.529,4.894,2,1.176,0.426,2,1.176,0.426,0,0.0,0.0,0,0.0,0.0,0,0.0,0.0,0,0.0,0.0,1,0.588,0.213,0,0.0,0.0,1,0.588,0.213,3,1.765,0.638,0,0.0,0.0,0,0.0,0.0,74.19
548,Yukinari Sugawara,DEF,Japan,Japan,4,153,0,0.0,0.0,0,0.0,0.0,2,1.176,0.426,2,1.176,0.426,73,42.941,15.532,52,30.588,11.064,5,2.941,1.064,3,1.765,0.638,0,0.0,0.0,13,7.647,2.766,2,1.176,0.426,5,2.941,1.064,5,2.941,1.064,5,2.941,1.064,1,0.588,0.213,3,1.765,0.638,1,0.588,0.213,0,0.0,0.0,71.23
169,Mohamed Ayoub Aloui,DEF,Qatar,Qatar,2,152,0,0.0,0.0,0,0.0,0.0,0,0.0,0.0,0,0.0,0.0,28,16.579,5.972,11,6.513,2.346,1,0.592,0.213,7,4.145,1.493,2,1.184,0.427,11,6.513,2.346,8,4.737,1.706,5,2.961,1.066,2,1.184,0.427,2,1.184,0.427,1,0.592,0.213,1,0.592,0.213,0,0.0,0.0,0,0.0,0.0,39.29
611,Rani Khedira,MID,Tunisia,Tunisia,3,152,0,0.0,0.0,0,0.0,0.0,1,0.592,0.213,0,0.0,0.0,30,17.763,6.398,25,14.803,5.332,1,0.592,0.213,4,2.368,0.853,1,0.592,0.213,2,1.184,0.427,4,2.368,0.853,4,2.368,0.853,0,0.0,0.0,0,0.0,0.0,0,0.0,0.0,3,1.776,0.64,0,0.0,0.0,0,0.0,0.0,83.33
783,Mohammed Ali Lajami,DEF,Saudi Arabia,Saudi Arabia,3,152,0,0.0,0.0,0,0.0,0.0,0,0.0,0.0,0,0.0,0.0,68,40.263,14.502,56,33.158,11.943,0,0.0,0.0,7,4.145,1.493,3,1.776,0.64,16,9.474,3.412,11,6.513,2.346,16,9.474,3.412,4,2.368,0.853,4,2.368,0.853,2,1.184,0.427,0,0.0,0.0,2,1.184,0.427,0,0.0,0.0,82.35
196,Ardon Jashari,MID,Switzerland,Switzerland,3,150,0,0.0,0.0,0,0.0,0.0,2,1.2,0.429,0,0.0,0.0,30,18.0,6.429,25,15.0,5.357,1,0.6,0.214,3,1.8,0.643,0,0.0,0.0,1,0.6,0.214,0,0.0,0.0,1,0.6,0.214,1,0.6,0.214,1,0.6,0.214,2,1.2,0.429,2,1.2,0.429,1,0.6,0.214,0,0.0,0.0,83.33
879,Habib Mbacke Diarra,MID,Senegal,Senegal,3,150,2,1.2,0.429,0,0.0,0.0,4,2.4,0.857,2,1.2,0.429,54,32.4,11.571,52,31.2,11.143,1,0.6,0.214,5,3.0,1.071,1,0.6,0.214,3,1.8,0.643,4,2.4,0.857,5,3.0,1.071,1,0.6,0.214,1,0.6,0.214,3,1.8,0.643,2,1.2,0.429,2,1.2,0.429,0,0.0,0.0,96.3
1124,Richard Rios,MID,Colombia,Colombia,5,150,0,0.0,0.0,0,0.0,0.0,5,3.0,1.071,1,0.6,0.214,56,33.6,12.0,47,28.2,10.071,2,1.2,0.429,16,9.6,3.429,2,1.2,0.429,1,0.6,0.214,4,2.4,0.857,11,6.6,2.357,2,1.2,0.429,2,1.2,0.429,6,3.6,1.286,10,6.0,2.143,4,2.4,0.857,0,0.0,0.0,83.93
230,MARTINELLIGabriel Gabriel,FWD,Brazil,Brazil,4,150,1,0.6,0.214,0,0.0,0.0,2,1.2,0.429,1,0.6,0.214,65,39.0,13.929,59,35.4,12.643,3,1.8,0.643,0,0.0,0.0,2,1.2,0.429,2,1.2,0.429,4,2.4,0.857,5,3.0,1.071,0,0.0,0.0,0,0.0,0.0,4,2.4,0.857,4,2.4,0.857,3,1.8,0.643,0,0.0,0.0,90.77
112,Ismaël Kenneth Jordan Kone,MID,Canada,Canada,2,149,0,0.0,0.0,0,0.0,0.0,2,1.208,0.43,0,0.0,0.0,108,65.235,23.198,93,56.174,19.976,2,1.208,0.43,8,4.832,1.718,1,0.604,0.215,2,1.208,0.43,3,1.812,0.644,7,4.228,1.504,2,1.208,0.43,2,1.208,0.43,4,2.416,0.859,1,0.604,0.215,3,1.812,0.644,0,0.0,0.0,86.11
359,Gabriel Avalos,FWD,Paraguay,Paraguay,4,149,0,0.0,0.0,0,0.0,0.0,1,0.604,0.215,0,0.0,0.0,23,13.893,4.94,12,7.248,2.578,0,0.0,0.0,3,1.812,0.644,0,0.0,0.0,2,1.208,0.43,3,1.812,0.644,3,1.812,0.644,8,4.832,1.718,8,4.832,1.718,0,0.0,0.0,1,0.604,0.215,2,1.208,0.43,0,0.0,0.0,52.17
1073,Nathanaël Mbuku,MID,Congo DR,Congo DR,3,148,0,0.0,0.0,0,0.0,0.0,3,1.824,0.646,2,1.216,0.431,45,27.365,9.689,35,21.284,7.536,14,8.514,3.014,6,3.649,1.292,0,0.0,0.0,1,0.608,0.215,1,0.608,0.215,2,1.216,0.431,0,0.0,0.0,0,0.0,0.0,12,7.297,2.584,4,2.432,0.861,8,4.865,1.722,0,0.0,0.0,77.78
1075,Kibambe Brian Cipenga,FWD,Congo DR,Congo DR,2,148,1,0.608,0.215,0,0.0,0.0,6,3.649,1.292,1,0.608,0.215,47,28.581,10.12,28,17.027,6.029,11,6.689,2.368,7,4.257,1.507,1,0.608,0.215,0,0.0,0.0,1,0.608,0.215,3,1.824,0.646,1,0.608,0.215,1,0.608,0.215,19,11.554,4.091,2,1.216,0.431,1,0.608,0.215,1,0.608,0.215,59.57
296,Che Sac Everton Fred Adams,FWD,Scotland,Scotland,3,147,0,0.0,0.0,0,0.0,0.0,1,0.612,0.216,1,0.612,0.216,19,11.633,4.101,12,7.347,2.59,0,0.0,0.0,3,1.837,0.647,1,0.612,0.216,0,0.0,0.0,0,0.0,0.0,3,1.837,0.647,6,3.673,1.295,5,3.061,1.079,0,0.0,0.0,4,2.449,0.863,2,1.224,0.432,0,0.0,0.0,63.16
102,Alexandr Sojka,MID,Czechia,Czechia,3,146,0,0.0,0.0,1,0.616,0.216,0,0.0,0.0,0,0.0,0.0,65,40.068,14.062,52,32.055,11.25,5,3.082,1.082,4,2.466,0.865,1,0.616,0.216,4,2.466,0.865,6,3.699,1.298,5,3.082,1.082,1,0.616,0.216,1,0.616,0.216,4,2.466,0.865,0,0.0,0.0,2,1.233,0.433,0,0.0,0.0,80.0
100,Tomáš Soucek,MID,Czechia,Czechia,3,142,0,0.0,0.0,0,0.0,0.0,1,0.634,0.218,0,0.0,0.0,44,27.887,9.612,35,22.183,7.646,0,0.0,0.0,4,2.535,0.874,0,0.0,0.0,5,3.169,1.092,2,1.268,0.437,2,1.268,0.437,4,2.535,0.874,4,2.535,0.874,0,0.0,0.0,3,1.901,0.655,1,0.634,0.218,2,1.268,0.437,79.55
1042,SEMEDONélson Nelson,DEF,Portugal,Portugal,4,142,0,0.0,0.0,0,0.0,0.0,0,0.0,0.0,0,0.0,0.0,91,57.676,19.879,84,53.239,18.35,5,3.169,1.092,1,0.634,0.218,4,2.535,0.874,5,3.169,1.092,1,0.634,0.218,8,5.07,1.748,1,0.634,0.218,1,0.634,0.218,7,4.437,1.529,2,1.268,0.437,2,1.268,0.437,0,0.0,0.0,92.31
1203,Abdul Fatawu Fatawu,FWD,Ghana,Ghana,4,142,0,0.0,0.0,0,0.0,0.0,3,1.901,0.655,0,0.0,0.0,22,13.944,4.806,18,11.408,3.932,7,4.437,1.529,3,1.901,0.655,0,0.0,0.0,1,0.634,0.218,4,2.535,0.874,5,3.169,1.092,0,0.0,0.0,0,0.0,0.0,22,13.944,4.806,1,0.634,0.218,7,4.437,1.529,0,0.0,0.0,81.82
174,Hussain Sultan,DEF,Qatar,Qatar,2,142,0,0.0,0.0,0,0.0,0.0,0,0.0,0.0,0,0.0,0.0,42,26.62,9.175,33,20.915,7.209,3,1.901,0.655,4,2.535,0.874,1,0.634,0.218,8,5.07,1.748,7,4.437,1.529,4,2.535,0.874,0,0.0,0.0,0,0.0,0.0,0,0.0,0.0,2,1.268,0.437,0,0.0,0.0,0,0.0,0.0,78.57
761,Eduardo Jovane,MID,Cabo Verde,Cabo Verde,2,141,0,0.0,0.0,0,0.0,0.0,2,1.277,0.438,0,0.0,0.0,34,21.702,7.445,27,17.234,5.912,1,0.638,0.219,6,3.83,1.314,2,1.277,0.438,1,0.638,0.219,2,1.277,0.438,7,4.468,1.533,0,0.0,0.0,0,0.0,0.0,4,2.553,0.876,1,0.638,0.219,2,1.277,0.438,0,0.0,0.0,79.41
725,Ryan Jared Thomas,MID,New Zealand,New Zealand,3,141,0,0.0,0.0,0,0.0,0.0,0,0.0,0.0,0,0.0,0.0,25,15.957,5.474,18,11.489,3.942,1,0.638,0.219,6,3.83,1.314,0,0.0,0.0,1,0.638,0.219,3,1.915,0.657,5,3.191,1.095,2,1.277,0.438,2,1.277,0.438,0,0.0,0.0,3,1.915,0.657,3,1.915,0.657,0,0.0,0.0,72.0
1027,Nayef Ahmad Mahmoud Almardi,FWD,Jordan,Jordan,3,141,0,0.0,0.0,0,0.0,0.0,1,0.638,0.219,1,0.638,0.219,39,24.894,8.54,32,20.426,7.007,7,4.468,1.533,4,2.553,0.876,0,0.0,0.0,0,0.0,0.0,2,1.277,0.438,0,0.0,0.0,0,0.0,0.0,0,0.0,0.0,7,4.468,1.533,4,2.553,0.876,2,1.277,0.438,0,0.0,0.0,82.05
406,Ismailİsma Yuksek,MID,Türkiye,Türkiye,2,140,0,0.0,0.0,0,0.0,0.0,5,3.214,1.098,0,0.0,0.0,111,71.357,24.366,104,66.857,22.829,1,0.643,0.22,13,8.357,2.854,4,2.571,0.878,7,4.5,1.537,5,3.214,1.098,18,11.571,3.951,2,1.286,0.439,2,1.286,0.439,5,3.214,1.098,2,1.286,0.439,0,0.0,0.0,0,0.0,0.0,93.69
806,Waheeb Mohammed Abu Alshamat,DEF,Saudi Arabia,Saudi Arabia,3,140,0,0.0,0.0,0,0.0,0.0,1,0.643,0.22,1,0.643,0.22,64,41.143,14.049,51,32.786,11.195,3,1.929,0.659,6,3.857,1.317,0,0.0,0.0,6,3.857,1.317,8,5.143,1.756,3,1.929,0.659,1,0.643,0.22,1,0.643,0.22,1,0.643,0.22,2,1.286,0.439,1,0.643,0.22,0,0.0,0.0,79.69
896,Hasan Hachim Jalal Hassan,GK,Iraq,Iraq,2,140,0,0.0,0.0,0,0.0,0.0,0,0.0,0.0,0,0.0,0.0,51,32.786,11.195,33,21.214,7.244,0,0.0,0.0,0,0.0,0.0,0,0.0,0.0,2,1.286,0.439,0,0.0,0.0,11,7.071,2.415,0,0.0,0.0,0,0.0,0.0,0,0.0,0.0,0,0.0,0.0,1,0.643,0.22,0,0.0,0.0,64.71
1165,Eberechi Oluchi Eze,MID,England,England,4,140,0,0.0,0.0,0,0.0,0.0,4,2.571,0.878,0,0.0,0.0,81,52.071,17.78,75,48.214,16.463,1,0.643,0.22,0,0.0,0.0,0,0.0,0.0,2,1.286,0.439,1,0.643,0.22,0,0.0,0.0,1,0.643,0.22,1,0.643,0.22,7,4.5,1.537,1,0.643,0.22,3,1.929,0.659,0,0.0,0.0,92.59
588,Jesper Kewe Karlstrom,MID,Sweden,Sweden,2,139,0,0.0,0.0,0,0.0,0.0,1,0.647,0.22,0,0.0,0.0,37,23.957,8.142,31,20.072,6.822,0,0.0,0.0,6,3.885,1.32,2,1.295,0.44,7,4.532,1.54,2,1.295,0.44,9,5.827,1.98,3,1.942,0.66,3,1.942,0.66,2,1.295,0.44,3,1.942,0.66,0,0.0,0.0,0,0.0,0.0,83.78
1066,Francisco Francisco Conceicao,FWD,Portugal,Portugal,4,139,0,0.0,0.0,0,0.0,0.0,2,1.295,0.44,0,0.0,0.0,73,47.266,16.064,65,42.086,14.303,5,3.237,1.1,3,1.942,0.66,0,0.0,0.0,1,0.647,0.22,3,1.942,0.66,3,1.942,0.66,0,0.0,0.0,0,0.0,0.0,13,8.417,2.861,1,0.647,0.22,2,1.295,0.44,1,0.647,0.22,89.04
1002,Saša Kalajdzic,FWD,Austria,Austria,3,136,1,0.662,0.222,0,0.0,0.0,4,2.647,0.887,1,0.662,0.222,24,15.882,5.32,16,10.588,3.547,1,0.662,0.222,1,0.662,0.222,0,0.0,0.0,0,0.0,0.0,0,0.0,0.0,2,1.324,0.443,1,0.662,0.222,1,0.662,0.222,3,1.985,0.665,2,1.324,0.443,2,1.324,0.443,0,0.0,0.0,66.67
1185,Mario Pasalic,MID,Croatia,Croatia,4,135,0,0.0,0.0,0,0.0,0.0,4,2.667,0.889,1,0.667,0.222,50,33.333,11.111,45,30.0,10.0,0,0.0,0.0,7,4.667,1.556,1,0.667,0.222,1,0.667,0.222,4,2.667,0.889,4,2.667,0.889,2,1.333,0.444,2,1.333,0.444,1,0.667,0.222,2,1.333,0.444,0,0.0,0.0,1,0.667,0.222,90.0
1095,Khojiakbar Alijonov,DEF,Uzbekistan,Uzbekistan,2,135,0,0.0,0.0,0,0.0,0.0,0,0.0,0.0,0,0.0,0.0,41,27.333,9.111,27,18.0,6.0,4,2.667,0.889,10,6.667,2.222,2,1.333,0.444,2,1.333,0.444,7,4.667,1.556,8,5.333,1.778,0,0.0,0.0,0,0.0,0.0,7,4.667,1.556,2,1.333,0.444,1,0.667,0.222,0,0.0,0.0,65.85
70,Hyeongyu Oh,FWD,Korea Republic,South Korea,3,134,1,0.672,0.223,0,0.0,0.0,4,2.687,0.891,2,1.343,0.446,22,14.776,4.901,15,10.075,3.342,1,0.672,0.223,2,1.343,0.446,0,0.0,0.0,0,0.0,0.0,1,0.672,0.223,1,0.672,0.223,5,3.358,1.114,5,3.358,1.114,5,3.358,1.114,0,0.0,0.0,1,0.672,0.223,0,0.0,0.0,68.18
678,Saleh Hardani,DEF,IR Iran,IR Iran,2,134,0,0.0,0.0,0,0.0,0.0,0,0.0,0.0,0,0.0,0.0,29,19.478,6.46,21,14.104,4.678,1,0.672,0.223,6,4.03,1.337,3,2.015,0.668,4,2.687,0.891,5,3.358,1.114,8,5.373,1.782,0,0.0,0.0,0,0.0,0.0,1,0.672,0.223,0,0.0,0.0,2,1.343,0.446,0,0.0,0.0,72.41
771,Johnson Willy,MID,Cabo Verde,Cabo Verde,3,133,0,0.0,0.0,0,0.0,0.0,3,2.03,0.67,0,0.0,0.0,33,22.331,7.37,30,20.301,6.7,2,1.353,0.447,4,2.707,0.893,1,0.677,0.223,6,4.06,1.34,8,5.414,1.787,7,4.737,1.563,2,1.353,0.447,2,1.353,0.447,9,6.09,2.01,4,2.707,0.893,2,1.353,0.447,0,0.0,0.0,90.91
98,Jaroslav Zeleny,DEF,Czechia,Czechia,2,131,0,0.0,0.0,0,0.0,0.0,1,0.687,0.224,0,0.0,0.0,47,32.29,10.549,35,24.046,7.855,2,1.374,0.449,2,1.374,0.449,2,1.374,0.449,4,2.748,0.898,3,2.061,0.673,4,2.748,0.898,1,0.687,0.224,1,0.687,0.224,4,2.748,0.898,0,0.0,0.0,2,1.374,0.449,0,0.0,0.0,74.47
609,Ismael Seifallah Gharbi,MID,Tunisia,Tunisia,3,131,0,0.0,0.0,0,0.0,0.0,3,2.061,0.673,0,0.0,0.0,36,24.733,8.08,35,24.046,7.855,1,0.687,0.224,6,4.122,1.347,0,0.0,0.0,3,2.061,0.673,3,2.061,0.673,1,0.687,0.224,0,0.0,0.0,0,0.0,0.0,5,3.435,1.122,0,0.0,0.0,2,1.374,0.449,0,0.0,0.0,97.22
914,Leo Skiri Ostigard,DEF,Norway,Norway,4,131,1,0.687,0.224,0,0.0,0.0,3,2.061,0.673,1,0.687,0.224,84,57.71,18.853,69,47.405,15.486,0,0.0,0.0,4,2.748,0.898,1,0.687,0.224,6,4.122,1.347,2,1.374,0.449,7,4.809,1.571,5,3.435,1.122,5,3.435,1.122,1,0.687,0.224,2,1.374,0.449,1,0.687,0.224,0,0.0,0.0,82.14
219,Raphael Raphinha,FWD,Brazil,Brazil,2,130,0,0.0,0.0,0,0.0,0.0,3,2.077,0.675,2,1.385,0.45,44,30.462,9.9,30,20.769,6.75,10,6.923,2.25,6,4.154,1.35,0,0.0,0.0,0,0.0,0.0,3,2.077,0.675,1,0.692,0.225,2,1.385,0.45,2,1.385,0.45,6,4.154,1.35,1,0.692,0.225,2,1.385,0.45,2,1.385,0.45,68.18
582,Erik Benjamin Nygren,MID,Sweden,Sweden,4,130,0,0.0,0.0,0,0.0,0.0,1,0.692,0.225,0,0.0,0.0,50,34.615,11.25,46,31.846,10.35,6,4.154,1.35,3,2.077,0.675,2,1.385,0.45,0,0.0,0.0,2,1.385,0.45,2,1.385,0.45,2,1.385,0.45,2,1.385,0.45,2,1.385,0.45,3,2.077,0.675,0,0.0,0.0,0,0.0,0.0,92.0
901,Jasim Elaibi Ali Jasim,FWD,Iraq,Iraq,2,130,0,0.0,0.0,0,0.0,0.0,4,2.769,0.9,1,0.692,0.225,36,24.923,8.1,29,20.077,6.525,5,3.462,1.125,6,4.154,1.35,1,0.692,0.225,3,2.077,0.675,2,1.385,0.45,3,2.077,0.675,0,0.0,0.0,0,0.0,0.0,3,2.077,0.675,1,0.692,0.225,0,0.0,0.0,0,0.0,0.0,80.56
895,Ihab Ahmed Ahmed,FWD,Iraq,Iraq,3,130,0,0.0,0.0,0,0.0,0.0,0,0.0,0.0,0,0.0,0.0,16,11.077,3.6,13,9.0,2.925,1,0.692,0.225,4,2.769,0.9,0,0.0,0.0,1,0.692,0.225,1,0.692,0.225,1,0.692,0.225,1,0.692,0.225,1,0.692,0.225,0,0.0,0.0,0,0.0,0.0,1,0.692,0.225,0,0.0,0.0,81.25
179,Omer Assim Madibo,MID,Qatar,Qatar,2,129,0,0.0,0.0,0,0.0,0.0,0,0.0,0.0,0,0.0,0.0,33,23.023,7.444,27,18.837,6.09,0,0.0,0.0,5,3.488,1.128,0,0.0,0.0,6,4.186,1.353,9,6.279,2.03,6,4.186,1.353,0,0.0,0.0,0,0.0,0.0,2,1.395,0.451,2,1.395,0.451,1,0.698,0.226,0,0.0,0.0,81.82
1218,Kamal Deen Sulemana,FWD,Ghana,Ghana,2,129,0,0.0,0.0,0,0.0,0.0,1,0.698,0.226,0,0.0,0.0,31,21.628,6.992,27,18.837,6.09,4,2.791,0.902,5,3.488,1.128,1,0.698,0.226,1,0.698,0.226,1,0.698,0.226,4,2.791,0.902,0,0.0,0.0,0,0.0,0.0,11,7.674,2.481,2,1.395,0.451,1,0.698,0.226,1,0.698,0.226,87.1
127,Niko Kristian Sigur,DEF,Canada,Canada,3,129,0,0.0,0.0,0,0.0,0.0,1,0.698,0.226,0,0.0,0.0,64,44.651,14.436,52,36.279,11.729,4,2.791,0.902,3,2.093,0.677,2,1.395,0.451,4,2.791,0.902,3,2.093,0.677,5,3.488,1.128,2,1.395,0.451,2,1.395,0.451,1,0.698,0.226,5,3.488,1.128,1,0.698,0.226,0,0.0,0.0,81.25
550,Kou Itakura,DEF,Japan,Japan,2,129,0,0.0,0.0,0,0.0,0.0,0,0.0,0.0,0,0.0,0.0,110,76.744,24.812,107,74.651,24.135,0,0.0,0.0,1,0.698,0.226,1,0.698,0.226,13,9.07,2.932,0,0.0,0.0,8,5.581,1.805,6,4.186,1.353,6,4.186,1.353,0,0.0,0.0,1,0.698,0.226,0,0.0,0.0,0,0.0,0.0,97.27
1215,Inaki Williams,FWD,Ghana,Ghana,2,128,0,0.0,0.0,0,0.0,0.0,3,2.109,0.678,0,0.0,0.0,23,16.172,5.201,15,10.547,3.392,4,2.812,0.905,2,1.406,0.452,1,0.703,0.226,0,0.0,0.0,1,0.703,0.226,1,0.703,0.226,0,0.0,0.0,0,0.0,0.0,2,1.406,0.452,2,1.406,0.452,1,0.703,0.226,1,0.703,0.226,65.22
170,Elamin Homam,DEF,Qatar,Qatar,2,127,0,0.0,0.0,0,0.0,0.0,1,0.709,0.227,0,0.0,0.0,33,23.386,7.481,25,17.717,5.668,3,2.126,0.68,5,3.543,1.134,1,0.709,0.227,5,3.543,1.134,7,4.961,1.587,4,2.835,0.907,1,0.709,0.227,1,0.709,0.227,1,0.709,0.227,4,2.835,0.907,0,0.0,0.0,0,0.0,0.0,75.76
662,Yousry Fouad Haissem Hassan,FWD,Egypt,Egypt,2,127,0,0.0,0.0,1,0.709,0.227,1,0.709,0.227,0,0.0,0.0,41,29.055,9.295,35,24.803,7.935,9,6.378,2.04,3,2.126,0.68,0,0.0,0.0,1,0.709,0.227,1,0.709,0.227,2,1.417,0.453,1,0.709,0.227,1,0.709,0.227,18,12.756,4.081,2,1.417,0.453,2,1.417,0.453,0,0.0,0.0,85.37
387,Nishan Matthew Velupillay,FWD,Australia,Australia,2,125,0,0.0,0.0,0,0.0,0.0,0,0.0,0.0,0,0.0,0.0,12,8.64,2.734,6,4.32,1.367,0,0.0,0.0,4,2.88,0.911,1,0.72,0.228,0,0.0,0.0,2,1.44,0.456,2,1.44,0.456,1,0.72,0.228,1,0.72,0.228,3,2.16,0.684,1,0.72,0.228,0,0.0,0.0,0,0.0,0.0,50.0
834,Malo Arthur Gusto,DEF,France,France,5,125,0,0.0,0.0,0,0.0,0.0,0,0.0,0.0,0,0.0,0.0,76,54.72,17.316,69,49.68,15.722,3,2.16,0.684,14,10.08,3.19,2,1.44,0.456,3,2.16,0.684,6,4.32,1.367,6,4.32,1.367,1,0.72,0.228,0,0.0,0.0,2,1.44,0.456,4,2.88,0.911,2,1.44,0.456,0,0.0,0.0,90.79
1101,Odiljon Xamrobekov,MID,Uzbekistan,Uzbekistan,2,125,0,0.0,0.0,0,0.0,0.0,1,0.72,0.228,0,0.0,0.0,43,30.96,9.797,38,27.36,8.658,0,0.0,0.0,2,1.44,0.456,1,0.72,0.228,0,0.0,0.0,1,0.72,0.228,2,1.44,0.456,0,0.0,0.0,0,0.0,0.0,0,0.0,0.0,1,0.72,0.228,1,0.72,0.228,0,0.0,0.0,88.37
1111,Azizjon Ganiev,MID,Uzbekistan,Uzbekistan,2,125,0,0.0,0.0,0,0.0,0.0,1,0.72,0.228,0,0.0,0.0,59,42.48,13.443,48,34.56,10.937,6,4.32,1.367,11,7.92,2.506,0,0.0,0.0,1,0.72,0.228,1,0.72,0.228,5,3.6,1.139,0,0.0,0.0,0,0.0,0.0,2,1.44,0.456,2,1.44,0.456,1,0.72,0.228,0,0.0,0.0,81.36
95,Lukáš Provod,MID,Czechia,Czechia,3,124,0,0.0,0.0,0,0.0,0.0,1,0.726,0.228,0,0.0,0.0,48,34.839,10.964,37,26.855,8.452,2,1.452,0.457,6,4.355,1.371,0,0.0,0.0,4,2.903,0.914,2,1.452,0.457,4,2.903,0.914,3,2.177,0.685,2,1.452,0.457,4,2.903,0.914,2,1.452,0.457,1,0.726,0.228,1,0.726,0.228,77.08
1138,Juan Fernando Quintero,MID,Colombia,Colombia,4,124,0,0.0,0.0,1,0.726,0.228,4,2.903,0.914,0,0.0,0.0,89,64.597,20.33,74,53.71,16.904,12,8.71,2.741,0,0.0,0.0,1,0.726,0.228,0,0.0,0.0,0,0.0,0.0,1,0.726,0.228,1,0.726,0.228,1,0.726,0.228,1,0.726,0.228,0,0.0,0.0,1,0.726,0.228,0,0.0,0.0,83.15
309,Mc,MID,Scotland,Scotland,3,123,0,0.0,0.0,0,0.0,0.0,1,0.732,0.229,0,0.0,0.0,63,46.098,14.427,56,40.976,12.824,2,1.463,0.458,9,6.585,2.061,1,0.732,0.229,3,2.195,0.687,4,2.927,0.916,3,2.195,0.687,1,0.732,0.229,0,0.0,0.0,7,5.122,1.603,1,0.732,0.229,1,0.732,0.229,0,0.0,0.0,88.89
505,Kevin Jose Rodriguez,FWD,Ecuador,Ecuador,4,123,0,0.0,0.0,0,0.0,0.0,6,4.39,1.374,1,0.732,0.229,27,19.756,6.183,23,16.829,5.267,1,0.732,0.229,1,0.732,0.229,0,0.0,0.0,1,0.732,0.229,3,2.195,0.687,3,2.195,0.687,8,5.854,1.832,7,5.122,1.603,4,2.927,0.916,3,2.195,0.687,2,1.463,0.458,0,0.0,0.0,85.19
276,Lenny Alvin Pico Joseph,FWD,Haiti,Haiti,3,122,0,0.0,0.0,0,0.0,0.0,2,1.475,0.459,0,0.0,0.0,20,14.754,4.592,13,9.59,2.985,0,0.0,0.0,3,2.213,0.689,0,0.0,0.0,0,0.0,0.0,2,1.475,0.459,1,0.738,0.23,5,3.689,1.148,2,1.475,0.459,12,8.852,2.755,6,4.426,1.378,1,0.738,0.23,0,0.0,0.0,65.0
540,Teun Koopmeiners,MID,Netherlands,Netherlands,4,122,0,0.0,0.0,0,0.0,0.0,2,1.475,0.459,0,0.0,0.0,63,46.475,14.464,54,39.836,12.398,4,2.951,0.918,10,7.377,2.296,0,0.0,0.0,5,3.689,1.148,2,1.475,0.459,6,4.426,1.378,2,1.475,0.459,2,1.475,0.459,0,0.0,0.0,3,2.213,0.689,0,0.0,0.0,0,0.0,0.0,85.71
902,Hussein Ghadhban Aymen,FWD,Iraq,Iraq,2,122,1,0.738,0.23,0,0.0,0.0,3,2.213,0.689,1,0.738,0.23,16,11.803,3.673,12,8.852,2.755,0,0.0,0.0,0,0.0,0.0,0,0.0,0.0,1,0.738,0.23,2,1.475,0.459,2,1.475,0.459,11,8.115,2.526,11,8.115,2.526,0,0.0,0.0,2,1.475,0.459,1,0.738,0.23,0,0.0,0.0,75.0
745,Nicholas Williams,FWD,Spain,Spain,6,121,0,0.0,0.0,1,0.744,0.23,4,2.975,0.921,2,1.488,0.46,50,37.19,11.509,45,33.471,10.358,9,6.694,2.072,0,0.0,0.0,1,0.744,0.23,2,1.488,0.46,6,4.463,1.381,7,5.207,1.611,2,1.488,0.46,2,1.488,0.46,13,9.669,2.992,2,1.488,0.46,1,0.744,0.23,1,0.744,0.23,90.0
227,Felipe Endrick,FWD,Brazil,Brazil,4,121,0,0.0,0.0,0,0.0,0.0,3,2.231,0.691,0,0.0,0.0,20,14.876,4.604,16,11.901,3.683,1,0.744,0.23,4,2.975,0.921,0,0.0,0.0,0,0.0,0.0,6,4.463,1.381,2,1.488,0.46,2,1.488,0.46,1,0.744,0.23,3,2.231,0.691,1,0.744,0.23,1,0.744,0.23,1,0.744,0.23,80.0
871,Iliman Cheikh Baroy Ndiaye,FWD,Senegal,Senegal,3,120,1,0.75,0.231,1,0.75,0.231,3,2.25,0.692,2,1.5,0.462,59,44.25,13.615,53,39.75,12.231,2,1.5,0.462,2,1.5,0.462,3,2.25,0.692,0,0.0,0.0,2,1.5,0.462,3,2.25,0.692,0,0.0,0.0,0,0.0,0.0,12,9.0,2.769,2,1.5,0.462,1,0.75,0.231,0,0.0,0.0,89.83
62,Jae Sung Lee,MID,Korea Republic,South Korea,2,119,0,0.0,0.0,0,0.0,0.0,2,1.513,0.463,1,0.756,0.231,59,44.622,13.65,46,34.79,10.643,1,0.756,0.231,6,4.538,1.388,0,0.0,0.0,1,0.756,0.231,5,3.782,1.157,5,3.782,1.157,1,0.756,0.231,1,0.756,0.231,0,0.0,0.0,1,0.756,0.231,4,3.025,0.925,1,0.756,0.231,77.97
908,Ismael Khaleel Zaid Ismael,MID,Iraq,Iraq,2,119,0,0.0,0.0,0,0.0,0.0,0,0.0,0.0,0,0.0,0.0,71,53.697,16.427,63,47.647,14.576,0,0.0,0.0,12,9.076,2.776,1,0.756,0.231,1,0.756,0.231,1,0.756,0.231,10,7.563,2.314,3,2.269,0.694,3,2.269,0.694,1,0.756,0.231,2,1.513,0.463,0,0.0,0.0,0,0.0,0.0,88.73
403,Evren Eren Elmali,DEF,Türkiye,Türkiye,2,118,0,0.0,0.0,1,0.763,0.232,0,0.0,0.0,0,0.0,0.0,59,45.0,13.686,52,39.661,12.062,4,3.051,0.928,4,3.051,0.928,0,0.0,0.0,3,2.288,0.696,6,4.576,1.392,7,5.339,1.624,0,0.0,0.0,0,0.0,0.0,4,3.051,0.928,2,1.525,0.464,1,0.763,0.232,0,0.0,0.0,88.14
928,Kristian Thorstvedt,MID,Norway,Norway,2,117,0,0.0,0.0,0,0.0,0.0,3,2.308,0.698,1,0.769,0.233,24,18.462,5.581,19,14.615,4.419,0,0.0,0.0,4,3.077,0.93,0,0.0,0.0,3,2.308,0.698,0,0.0,0.0,0,0.0,0.0,2,1.538,0.465,1,0.769,0.233,3,2.308,0.698,2,1.538,0.465,1,0.769,0.233,0,0.0,0.0,79.17
1103,Oston Urunov,MID,Uzbekistan,Uzbekistan,2,117,0,0.0,0.0,0,0.0,0.0,0,0.0,0.0,0,0.0,0.0,10,7.692,2.326,8,6.154,1.86,0,0.0,0.0,0,0.0,0.0,0,0.0,0.0,0,0.0,0.0,1,0.769,0.233,1,0.769,0.233,0,0.0,0.0,0,0.0,0.0,2,1.538,0.465,0,0.0,0.0,0,0.0,0.0,0,0.0,0.0,80.0
850,Warren Marie Jean-Pierre Zaire-Emery,MID,France,France,2,117,0,0.0,0.0,0,0.0,0.0,1,0.769,0.233,0,0.0,0.0,70,53.846,16.279,66,50.769,15.349,1,0.769,0.233,4,3.077,0.93,2,1.538,0.465,0,0.0,0.0,2,1.538,0.465,3,2.308,0.698,1,0.769,0.233,1,0.769,0.233,0,0.0,0.0,1,0.769,0.233,0,0.0,0.0,0,0.0,0.0,94.29
847,Ibrahima Konate,DEF,France,France,2,116,0,0.0,0.0,0,0.0,0.0,0,0.0,0.0,0,0.0,0.0,34,26.379,7.927,32,24.828,7.461,0,0.0,0.0,1,0.776,0.233,2,1.552,0.466,1,0.776,0.233,3,2.328,0.699,4,3.103,0.933,2,1.552,0.466,2,1.552,0.466,1,0.776,0.233,2,1.552,0.466,1,0.776,0.233,0,0.0,0.0,94.12
271,Don Deedson Deedson,FWD,Haiti,Haiti,3,115,0,0.0,0.0,0,0.0,0.0,2,1.565,0.468,0,0.0,0.0,15,11.739,3.506,13,10.174,3.039,5,3.913,1.169,0,0.0,0.0,1,0.783,0.234,4,3.13,0.935,4,3.13,0.935,3,2.348,0.701,1,0.783,0.234,1,0.783,0.234,11,8.609,2.571,3,2.348,0.701,1,0.783,0.234,1,0.783,0.234,86.67
648,Amadou Ba Onana,MID,Belgium,Belgium,4,115,0,0.0,0.0,0,0.0,0.0,2,1.565,0.468,0,0.0,0.0,64,50.087,14.961,57,44.609,13.325,0,0.0,0.0,8,6.261,1.87,0,0.0,0.0,5,3.913,1.169,4,3.13,0.935,11,8.609,2.571,2,1.565,0.468,2,1.565,0.468,2,1.565,0.468,1,0.783,0.234,3,2.348,0.701,0,0.0,0.0,89.06
1038,Ahmad Ali Ali Azaizeh,FWD,Jordan,Jordan,3,115,0,0.0,0.0,0,0.0,0.0,2,1.565,0.468,0,0.0,0.0,13,10.174,3.039,12,9.391,2.805,1,0.783,0.234,3,2.348,0.701,0,0.0,0.0,0,0.0,0.0,2,1.565,0.468,3,2.348,0.701,1,0.783,0.234,1,0.783,0.234,2,1.565,0.468,1,0.783,0.234,1,0.783,0.234,0,0.0,0.0,92.31
318,Auston Levi-Jesaiah Trusty,DEF,USA,USA,2,114,1,0.789,0.234,0,0.0,0.0,3,2.368,0.703,2,1.579,0.469,50,39.474,11.719,38,30.0,8.906,2,1.579,0.469,2,1.579,0.469,4,3.158,0.938,10,7.895,2.344,5,3.947,1.172,5,3.947,1.172,8,6.316,1.875,8,6.316,1.875,0,0.0,0.0,2,1.579,0.469,0,0.0,0.0,0,0.0,0.0,76.0
480,Elye Delmas Wahi,FWD,Côte d'Ivoire,Côte d'Ivoire,3,112,0,0.0,0.0,0,0.0,0.0,3,2.411,0.707,2,1.607,0.471,21,16.875,4.948,15,12.054,3.534,1,0.804,0.236,2,1.607,0.471,0,0.0,0.0,0,0.0,0.0,0,0.0,0.0,1,0.804,0.236,1,0.804,0.236,0,0.0,0.0,0,0.0,0.0,0,0.0,0.0,0,0.0,0.0,0,0.0,0.0,71.43
938,Marcos Nicolás Senesi,DEF,Argentina,Argentina,2,112,0,0.0,0.0,0,0.0,0.0,1,0.804,0.236,0,0.0,0.0,79,63.482,18.613,75,60.268,17.67,0,0.0,0.0,2,1.607,0.471,2,1.607,0.471,3,2.411,0.707,1,0.804,0.236,5,4.018,1.178,2,1.607,0.471,1,0.804,0.236,0,0.0,0.0,0,0.0,0.0,3,2.411,0.707,0,0.0,0.0,94.94
762,Paulo Joao Paulo,MID,Cabo Verde,Cabo Verde,2,111,0,0.0,0.0,0,0.0,0.0,2,1.622,0.472,0,0.0,0.0,62,50.27,14.646,52,42.162,12.283,5,4.054,1.181,4,3.243,0.945,5,4.054,1.181,11,8.919,2.598,5,4.054,1.181,11,8.919,2.598,4,3.243,0.945,4,3.243,0.945,7,5.676,1.654,0,0.0,0.0,4,3.243,0.945,0,0.0,0.0,83.87
706,Tyler Grant Bindon,DEF,New Zealand,New Zealand,3,109,0,0.0,0.0,0,0.0,0.0,2,1.651,0.475,1,0.826,0.237,68,56.147,16.148,49,40.459,11.636,0,0.0,0.0,1,0.826,0.237,2,1.651,0.475,11,9.083,2.612,4,3.303,0.95,10,8.257,2.375,3,2.477,0.712,3,2.477,0.712,3,2.477,0.712,2,1.651,0.475,1,0.826,0.237,0,0.0,0.0,72.06
975,Jaouen Djimmy Hadjam,DEF,Algeria,Algeria,3,109,0,0.0,0.0,0,0.0,0.0,1,0.826,0.237,0,0.0,0.0,67,55.321,15.91,56,46.239,13.298,0,0.0,0.0,4,3.303,0.95,2,1.651,0.475,1,0.826,0.237,3,2.477,0.712,6,4.954,1.425,2,1.651,0.475,2,1.651,0.475,13,10.734,3.087,0,0.0,0.0,0,0.0,0.0,0,0.0,0.0,83.58
1061,Diogo Ruben,MID,Portugal,Portugal,2,109,0,0.0,0.0,0,0.0,0.0,2,1.651,0.475,0,0.0,0.0,29,23.945,6.887,27,22.294,6.412,0,0.0,0.0,0,0.0,0.0,0,0.0,0.0,3,2.477,0.712,2,1.651,0.475,0,0.0,0.0,0,0.0,0.0,0,0.0,0.0,0,0.0,0.0,0,0.0,0.0,0,0.0,0.0,0,0.0,0.0,93.1
408,Mert Muldur,DEF,Türkiye,Türkiye,3,108,0,0.0,0.0,0,0.0,0.0,3,2.5,0.714,0,0.0,0.0,81,67.5,19.286,72,60.0,17.143,6,5.0,1.429,5,4.167,1.19,0,0.0,0.0,3,2.5,0.714,2,1.667,0.476,5,4.167,1.19,4,3.333,0.952,4,3.333,0.952,4,3.333,0.952,1,0.833,0.238,2,1.667,0.476,0,0.0,0.0,88.89
395,Salih Ozcan,MID,Türkiye,Türkiye,2,108,0,0.0,0.0,0,0.0,0.0,0,0.0,0.0,0,0.0,0.0,61,50.833,14.524,52,43.333,12.381,1,0.833,0.238,8,6.667,1.905,3,2.5,0.714,0,0.0,0.0,4,3.333,0.952,10,8.333,2.381,1,0.833,0.238,1,0.833,0.238,0,0.0,0.0,2,1.667,0.476,2,1.667,0.476,0,0.0,0.0,85.25
438,David Raum,DEF,Germany,Germany,2,108,0,0.0,0.0,0,0.0,0.0,1,0.833,0.238,1,0.833,0.238,52,43.333,12.381,44,36.667,10.476,14,11.667,3.333,8,6.667,1.905,1,0.833,0.238,1,0.833,0.238,5,4.167,1.19,5,4.167,1.19,0,0.0,0.0,0,0.0,0.0,2,1.667,0.476,2,1.667,0.476,0,0.0,0.0,0,0.0,0.0,84.62
780,Sandro Helio Varela,MID,Cabo Verde,Cabo Verde,3,108,1,0.833,0.238,0,0.0,0.0,3,2.5,0.714,1,0.833,0.238,29,24.167,6.905,27,22.5,6.429,1,0.833,0.238,0,0.0,0.0,0,0.0,0.0,2,1.667,0.476,2,1.667,0.476,1,0.833,0.238,0,0.0,0.0,0,0.0,0.0,9,7.5,2.143,1,0.833,0.238,2,1.667,0.476,1,0.833,0.238,93.1
8,Álvaro Fidalgo,MID,Mexico,Mexico,3,107,1,0.841,0.239,0,0.0,0.0,3,2.523,0.716,2,1.682,0.477,77,64.766,18.382,72,60.561,17.188,3,2.523,0.716,1,0.841,0.239,2,1.682,0.477,0,0.0,0.0,1,0.841,0.239,2,1.682,0.477,1,0.841,0.239,1,0.841,0.239,6,5.047,1.432,0,0.0,0.0,2,1.682,0.477,0,0.0,0.0,93.51
772,Emanuel Telmo,MID,Cabo Verde,Cabo Verde,2,107,0,0.0,0.0,0,0.0,0.0,0,0.0,0.0,0,0.0,0.0,14,11.776,3.342,12,10.093,2.865,1,0.841,0.239,0,0.0,0.0,0,0.0,0.0,1,0.841,0.239,4,3.364,0.955,2,1.682,0.477,0,0.0,0.0,0,0.0,0.0,4,3.364,0.955,0,0.0,0.0,1,0.841,0.239,0,0.0,0.0,85.71
168,Karim Karim Boudiaf,MID,Qatar,Qatar,2,106,0,0.0,0.0,0,0.0,0.0,1,0.849,0.239,0,0.0,0.0,69,58.585,16.516,65,55.189,15.559,0,0.0,0.0,3,2.547,0.718,0,0.0,0.0,3,2.547,0.718,5,4.245,1.197,4,3.396,0.957,1,0.849,0.239,1,0.849,0.239,0,0.0,0.0,0,0.0,0.0,2,1.698,0.479,0,0.0,0.0,94.2
511,Ángelo Smit Preciado,DEF,Ecuador,Ecuador,4,106,0,0.0,0.0,0,0.0,0.0,0,0.0,0.0,0,0.0,0.0,47,39.906,11.25,32,27.17,7.66,8,6.792,1.915,5,4.245,1.197,2,1.698,0.479,5,4.245,1.197,1,0.849,0.239,7,5.943,1.676,1,0.849,0.239,1,0.849,0.239,2,1.698,0.479,0,0.0,0.0,1,0.849,0.239,0,0.0,0.0,68.09
1118,Jakhongir Urozov,DEF,Uzbekistan,Uzbekistan,2,104,0,0.0,0.0,0,0.0,0.0,0,0.0,0.0,0,0.0,0.0,45,38.942,10.829,31,26.827,7.46,0,0.0,0.0,3,2.596,0.722,2,1.731,0.481,6,5.192,1.444,2,1.731,0.481,7,6.058,1.684,5,4.327,1.203,5,4.327,1.203,2,1.731,0.481,0,0.0,0.0,0,0.0,0.0,0,0.0,0.0,68.89
11,Santiago Tomás Gimenez,FWD,Mexico,Mexico,4,104,0,0.0,0.0,0,0.0,0.0,2,1.731,0.481,1,0.865,0.241,13,11.25,3.128,7,6.058,1.684,0,0.0,0.0,1,0.865,0.241,0,0.0,0.0,2,1.731,0.481,2,1.731,0.481,0,0.0,0.0,2,1.731,0.481,2,1.731,0.481,2,1.731,0.481,1,0.865,0.241,3,2.596,0.722,0,0.0,0.0,53.85
292,Kieran Tierney,DEF,Scotland,Scotland,2,104,0,0.0,0.0,0,0.0,0.0,2,1.731,0.481,0,0.0,0.0,48,41.538,11.551,36,31.154,8.663,7,6.058,1.684,5,4.327,1.203,2,1.731,0.481,3,2.596,0.722,3,2.596,0.722,4,3.462,0.963,0,0.0,0.0,0,0.0,0.0,0,0.0,0.0,3,2.596,0.722,2,1.731,0.481,0,0.0,0.0,75.0
1127,Jhon Andrés Cordoba,FWD,Colombia,Colombia,3,104,0,0.0,0.0,0,0.0,0.0,2,1.731,0.481,1,0.865,0.241,12,10.385,2.888,9,7.788,2.166,0,0.0,0.0,1,0.865,0.241,0,0.0,0.0,0,0.0,0.0,0,0.0,0.0,1,0.865,0.241,7,6.058,1.684,6,5.192,1.444,0,0.0,0.0,1,0.865,0.241,2,1.731,0.481,2,1.731,0.481,75.0
580,Daniel Jonathan Svensson,DEF,Sweden,Sweden,3,103,0,0.0,0.0,0,0.0,0.0,1,0.874,0.241,0,0.0,0.0,46,40.194,11.099,38,33.204,9.169,2,1.748,0.483,3,2.621,0.724,0,0.0,0.0,2,1.748,0.483,2,1.748,0.483,1,0.874,0.241,0,0.0,0.0,0,0.0,0.0,0,0.0,0.0,0,0.0,0.0,0,0.0,0.0,1,0.874,0.241,82.61
362,Gustavo Ruben Caballero,MID,Paraguay,Paraguay,2,103,0,0.0,0.0,0,0.0,0.0,1,0.874,0.241,1,0.874,0.241,8,6.99,1.93,5,4.369,1.206,0,0.0,0.0,8,6.99,1.93,0,0.0,0.0,2,1.748,0.483,2,1.748,0.483,2,1.748,0.483,2,1.748,0.483,2,1.748,0.483,5,4.369,1.206,2,1.748,0.483,2,1.748,0.483,1,0.874,0.241,62.5
118,Jacob Everett Shaffelburg,MID,Canada,Canada,5,102,0,0.0,0.0,0,0.0,0.0,3,2.647,0.726,0,0.0,0.0,41,36.176,9.919,37,32.647,8.952,19,16.765,4.597,5,4.412,1.21,0,0.0,0.0,6,5.294,1.452,4,3.529,0.968,3,2.647,0.726,1,0.882,0.242,1,0.882,0.242,4,3.529,0.968,2,1.765,0.484,1,0.882,0.242,0,0.0,0.0,90.24
1194,Marco Pasalic,FWD,Croatia,Croatia,3,102,0,0.0,0.0,0,0.0,0.0,3,2.647,0.726,2,1.765,0.484,37,32.647,8.952,23,20.294,5.565,12,10.588,2.903,5,4.412,1.21,2,1.765,0.484,2,1.765,0.484,1,0.882,0.242,5,4.412,1.21,0,0.0,0.0,0,0.0,0.0,12,10.588,2.903,0,0.0,0.0,2,1.765,0.484,2,1.765,0.484,62.16
1109,Dostonbek Khamdamov,MID,Uzbekistan,Uzbekistan,2,102,0,0.0,0.0,0,0.0,0.0,2,1.765,0.484,0,0.0,0.0,34,30.0,8.226,29,25.588,7.016,5,4.412,1.21,10,8.824,2.419,1,0.882,0.242,2,1.765,0.484,1,0.882,0.242,4,3.529,0.968,1,0.882,0.242,1,0.882,0.242,1,0.882,0.242,1,0.882,0.242,0,0.0,0.0,1,0.882,0.242,85.29
364,Alexandro Maidana,DEF,Paraguay,Paraguay,2,102,0,0.0,0.0,0,0.0,0.0,0,0.0,0.0,0,0.0,0.0,19,16.765,4.597,13,11.471,3.145,1,0.882,0.242,2,1.765,0.484,0,0.0,0.0,7,6.176,1.694,4,3.529,0.968,1,0.882,0.242,0,0.0,0.0,0,0.0,0.0,0,0.0,0.0,0,0.0,0.0,0,0.0,0.0,0,0.0,0.0,68.42
297,Ryan Christie,MID,Scotland,Scotland,3,101,0,0.0,0.0,0,0.0,0.0,2,1.782,0.485,0,0.0,0.0,35,31.188,8.491,29,25.842,7.035,1,0.891,0.243,7,6.238,1.698,1,0.891,0.243,2,1.782,0.485,6,5.347,1.456,5,4.455,1.213,0,0.0,0.0,0,0.0,0.0,4,3.564,0.97,2,1.782,0.485,1,0.891,0.243,0,0.0,0.0,82.86
424,Leon Christoph Goretzka,MID,Germany,Germany,3,101,0,0.0,0.0,0,0.0,0.0,2,1.782,0.485,0,0.0,0.0,30,26.733,7.278,23,20.495,5.58,1,0.891,0.243,2,1.782,0.485,1,0.891,0.243,6,5.347,1.456,0,0.0,0.0,3,2.673,0.728,3,2.673,0.728,3,2.673,0.728,3,2.673,0.728,0,0.0,0.0,0,0.0,0.0,0,0.0,0.0,76.67
721,Benjamin Craig Old,MID,New Zealand,New Zealand,3,101,0,0.0,0.0,0,0.0,0.0,0,0.0,0.0,0,0.0,0.0,33,29.406,8.005,25,22.277,6.065,1,0.891,0.243,0,0.0,0.0,0,0.0,0.0,2,1.782,0.485,5,4.455,1.213,4,3.564,0.97,0,0.0,0.0,0,0.0,0.0,4,3.564,0.97,0,0.0,0.0,1,0.891,0.243,0,0.0,0.0,75.76
171,Abdurisag Yusuf Abdurisag,FWD,Qatar,Qatar,2,100,0,0.0,0.0,0,0.0,0.0,0,0.0,0.0,0,0.0,0.0,14,12.6,3.405,9,8.1,2.189,0,0.0,0.0,5,4.5,1.216,0,0.0,0.0,2,1.8,0.486,3,2.7,0.73,1,0.9,0.243,2,1.8,0.486,2,1.8,0.486,3,2.7,0.73,1,0.9,0.243,2,1.8,0.486,0,0.0,0.0,64.29
1093,Utkir Yusupov,GK,Uzbekistan,Uzbekistan,1,99,0,0.0,0.0,0,0.0,0.0,0,0.0,0.0,0,0.0,0.0,29,26.364,7.073,17,15.455,4.146,0,0.0,0.0,0,0.0,0.0,0,0.0,0.0,0,0.0,0.0,0,0.0,0.0,11,10.0,2.683,0,0.0,0.0,0,0.0,0.0,0,0.0,0.0,0,0.0,0.0,1,0.909,0.244,0,0.0,0.0,58.62
973,Anis Hadj Moussa,FWD,Algeria,Algeria,3,98,0,0.0,0.0,0,0.0,0.0,2,1.837,0.489,0,0.0,0.0,36,33.061,8.804,25,22.959,6.114,4,3.673,0.978,3,2.755,0.734,0,0.0,0.0,0,0.0,0.0,2,1.837,0.489,2,1.837,0.489,1,0.918,0.245,1,0.918,0.245,17,15.612,4.158,0,0.0,0.0,2,1.837,0.489,0,0.0,0.0,69.44
1005,Carney Chibueze Chukwuemeka,MID,Austria,Austria,3,98,0,0.0,0.0,0,0.0,0.0,2,1.837,0.489,1,0.918,0.245,30,27.551,7.337,25,22.959,6.114,0,0.0,0.0,5,4.592,1.223,2,1.837,0.489,0,0.0,0.0,9,8.265,2.201,7,6.429,1.712,2,1.837,0.489,2,1.837,0.489,8,7.347,1.957,2,1.837,0.489,2,1.837,0.489,0,0.0,0.0,83.33
405,Ozan Muhammed Kabak,DEF,Türkiye,Türkiye,1,98,0,0.0,0.0,0,0.0,0.0,0,0.0,0.0,0,0.0,0.0,36,33.061,8.804,26,23.878,6.359,0,0.0,0.0,5,4.592,1.223,0,0.0,0.0,4,3.673,0.978,1,0.918,0.245,5,4.592,1.223,4,3.673,0.978,4,3.673,0.978,2,1.837,0.489,3,2.755,0.734,0,0.0,0.0,0,0.0,0.0,72.22
313,Matthew Charles Turner,GK,USA,USA,1,98,0,0.0,0.0,0,0.0,0.0,0,0.0,0.0,0,0.0,0.0,33,30.306,8.071,24,22.041,5.87,0,0.0,0.0,0,0.0,0.0,0,0.0,0.0,2,1.837,0.489,0,0.0,0.0,9,8.265,2.201,0,0.0,0.0,0,0.0,0.0,0,0.0,0.0,0,0.0,0.0,0,0.0,0.0,0,0.0,0.0,72.73
324,Miles Gordon Robinson,DEF,USA,USA,1,98,0,0.0,0.0,0,0.0,0.0,1,0.918,0.245,0,0.0,0.0,58,53.265,14.185,54,49.592,13.207,0,0.0,0.0,2,1.837,0.489,3,2.755,0.734,11,10.102,2.69,3,2.755,0.734,7,6.429,1.712,1,0.918,0.245,1,0.918,0.245,1,0.918,0.245,2,1.837,0.489,0,0.0,0.0,0,0.0,0.0,93.1
334,Mc,DEF,USA,USA,1,98,0,0.0,0.0,0,0.0,0.0,0,0.0,0.0,0,0.0,0.0,51,46.837,12.473,47,43.163,11.495,0,0.0,0.0,1,0.918,0.245,1,0.918,0.245,11,10.102,2.69,0,0.0,0.0,8,7.347,1.957,3,2.755,0.734,2,1.837,0.489,0,0.0,0.0,1,0.918,0.245,1,0.918,0.245,0,0.0,0.0,92.16
1157,Dean Bradley Henderson,GK,England,England,1,98,0,0.0,0.0,0,0.0,0.0,0,0.0,0.0,0,0.0,0.0,41,37.653,10.027,32,29.388,7.826,0,0.0,0.0,0,0.0,0.0,0,0.0,0.0,0,0.0,0.0,0,0.0,0.0,4,3.673,0.978,0,0.0,0.0,0,0.0,0.0,0,0.0,0.0,0,0.0,0.0,0,0.0,0.0,0,0.0,0.0,78.05
1190,Igor Matanovic,FWD,Croatia,Croatia,3,97,0,0.0,0.0,0,0.0,0.0,4,3.711,0.981,2,1.856,0.49,14,12.99,3.433,11,10.206,2.698,0,0.0,0.0,5,4.639,1.226,0,0.0,0.0,0,0.0,0.0,2,1.856,0.49,1,0.928,0.245,4,3.711,0.981,4,3.711,0.981,5,4.639,1.226,4,3.711,0.981,3,2.784,0.736,1,0.928,0.245,78.57
84,ě pán Chaloupek,DEF,Czechia,Czechia,1,96,0,0.0,0.0,0,0.0,0.0,0,0.0,0.0,0,0.0,0.0,22,20.625,5.41,15,14.062,3.689,0,0.0,0.0,5,4.688,1.23,1,0.938,0.246,8,7.5,1.967,4,3.75,0.984,9,8.438,2.213,3,2.812,0.738,3,2.812,0.738,0,0.0,0.0,1,0.938,0.246,0,0.0,0.0,0,0.0,0.0,68.18
474,Seko Mohamed Fofana,MID,Côte d'Ivoire,Côte d'Ivoire,2,96,0,0.0,0.0,0,0.0,0.0,5,4.688,1.23,1,0.938,0.246,45,42.188,11.066,38,35.625,9.344,0,0.0,0.0,0,0.0,0.0,0,0.0,0.0,3,2.812,0.738,3,2.812,0.738,6,5.625,1.475,0,0.0,0.0,0,0.0,0.0,0,0.0,0.0,1,0.938,0.246,0,0.0,0.0,0,0.0,0.0,84.44
599,Abdelmouhib Chamakh,GK,Tunisia,Tunisia,1,96,0,0.0,0.0,0,0.0,0.0,0,0.0,0.0,0,0.0,0.0,23,21.562,5.656,16,15.0,3.934,0,0.0,0.0,0,0.0,0.0,0,0.0,0.0,0,0.0,0.0,0,0.0,0.0,5,4.688,1.23,0,0.0,0.0,0,0.0,0.0,0,0.0,0.0,0,0.0,0.0,0,0.0,0.0,0,0.0,0.0,69.57
978,Oussama Benbot,GK,Algeria,Algeria,1,96,0,0.0,0.0,0,0.0,0.0,0,0.0,0.0,0,0.0,0.0,25,23.438,6.148,18,16.875,4.426,0,0.0,0.0,0,0.0,0.0,0,0.0,0.0,0,0.0,0.0,0,0.0,0.0,3,2.812,0.738,0,0.0,0.0,0,0.0,0.0,0,0.0,0.0,0,0.0,0.0,1,0.938,0.246,0,0.0,0.0,72.0
671,Saber Abdelmohsen Mahmoud,MID,Egypt,Egypt,2,95,1,0.947,0.247,0,0.0,0.0,3,2.842,0.74,1,0.947,0.247,34,32.211,8.384,30,28.421,7.397,1,0.947,0.247,3,2.842,0.74,0,0.0,0.0,0,0.0,0.0,0,0.0,0.0,0,0.0,0.0,0,0.0,0.0,0,0.0,0.0,1,0.947,0.247,2,1.895,0.493,1,0.947,0.247,0,0.0,0.0,88.24
319,Giovanni Alejandro Reyna,MID,USA,USA,4,94,1,0.957,0.247,0,0.0,0.0,2,1.915,0.495,1,0.957,0.247,65,62.234,16.071,54,51.702,13.352,1,0.957,0.247,0,0.0,0.0,0,0.0,0.0,1,0.957,0.247,4,3.83,0.989,2,1.915,0.495,2,1.915,0.495,2,1.915,0.495,4,3.83,0.989,1,0.957,0.247,3,2.872,0.742,0,0.0,0.0,83.08
99,David Doudera,DEF,Czechia,Czechia,1,94,0,0.0,0.0,0,0.0,0.0,4,3.83,0.989,0,0.0,0.0,47,45.0,11.621,34,32.553,8.407,4,3.83,0.989,1,0.957,0.247,0,0.0,0.0,0,0.0,0.0,2,1.915,0.495,1,0.957,0.247,0,0.0,0.0,0,0.0,0.0,2,1.915,0.495,0,0.0,0.0,1,0.957,0.247,0,0.0,0.0,72.34
923,Egil Selvik,GK,Norway,Norway,1,94,0,0.0,0.0,0,0.0,0.0,0,0.0,0.0,0,0.0,0.0,31,29.681,7.665,20,19.149,4.945,0,0.0,0.0,0,0.0,0.0,0,0.0,0.0,0,0.0,0.0,0,0.0,0.0,6,5.745,1.484,0,0.0,0.0,0,0.0,0.0,0,0.0,0.0,0,0.0,0.0,0,0.0,0.0,0,0.0,0.0,64.52
925,Fredrik André Bjorkan,DEF,Norway,Norway,1,94,0,0.0,0.0,0,0.0,0.0,0,0.0,0.0,0,0.0,0.0,21,20.106,5.192,19,18.191,4.698,0,0.0,0.0,1,0.957,0.247,3,2.872,0.742,1,0.957,0.247,2,1.915,0.495,3,2.872,0.742,0,0.0,0.0,0,0.0,0.0,1,0.957,0.247,0,0.0,0.0,0,0.0,0.0,0,0.0,0.0,90.48
929,Thelonious Gerard Aasgaard,MID,Norway,Norway,1,94,1,0.957,0.247,0,0.0,0.0,2,1.915,0.495,1,0.957,0.247,43,41.17,10.632,38,36.383,9.396,0,0.0,0.0,4,3.83,0.989,2,1.915,0.495,0,0.0,0.0,6,5.745,1.484,6,5.745,1.484,1,0.957,0.247,1,0.957,0.247,2,1.915,0.495,0,0.0,0.0,3,2.872,0.742,0,0.0,0.0,88.37
921,Jørgen Strand Strand Larsen,FWD,Norway,Norway,1,94,0,0.0,0.0,0,0.0,0.0,2,1.915,0.495,1,0.957,0.247,21,20.106,5.192,16,15.319,3.956,0,0.0,0.0,1,0.957,0.247,0,0.0,0.0,0,0.0,0.0,2,1.915,0.495,1,0.957,0.247,5,4.787,1.236,4,3.83,0.989,0,0.0,0.0,0,0.0,0.0,2,1.915,0.495,1,0.957,0.247,76.19
778,Fabricio Wagner Pina,DEF,Cabo Verde,Cabo Verde,1,94,0,0.0,0.0,0,0.0,0.0,1,0.957,0.247,0,0.0,0.0,38,36.383,9.396,30,28.723,7.418,3,2.872,0.742,0,0.0,0.0,1,0.957,0.247,4,3.83,0.989,5,4.787,1.236,8,7.66,1.978,2,1.915,0.495,2,1.915,0.495,4,3.83,0.989,1,0.957,0.247,3,2.872,0.742,0,0.0,0.0,78.95
697,Mohammad Ghorbani,MID,IR Iran,IR Iran,1,94,0,0.0,0.0,0,0.0,0.0,2,1.915,0.495,1,0.957,0.247,19,18.191,4.698,16,15.319,3.956,0,0.0,0.0,7,6.702,1.731,1,0.957,0.247,5,4.787,1.236,4,3.83,0.989,5,4.787,1.236,1,0.957,0.247,1,0.957,0.247,1,0.957,0.247,2,1.915,0.495,1,0.957,0.247,0,0.0,0.0,84.21
950,Exequiel Alejandro Palacios,MID,Argentina,Argentina,1,94,0,0.0,0.0,0,0.0,0.0,0,0.0,0.0,0,0.0,0.0,94,90.0,23.242,89,85.213,22.005,0,0.0,0.0,4,3.83,0.989,1,0.957,0.247,3,2.872,0.742,4,3.83,0.989,5,4.787,1.236,0,0.0,0.0,0,0.0,0.0,0,0.0,0.0,1,0.957,0.247,1,0.957,0.247,0,0.0,0.0,94.68
793,Meshari Nawaf Bu Washl,DEF,Saudi Arabia,Saudi Arabia,2,93,0,0.0,0.0,0,0.0,0.0,0,0.0,0.0,0,0.0,0.0,46,44.516,11.405,35,33.871,8.678,0,0.0,0.0,4,3.871,0.992,2,1.935,0.496,9,8.71,2.231,3,2.903,0.744,5,4.839,1.24,0,0.0,0.0,0,0.0,0.0,1,0.968,0.248,1,0.968,0.248,1,0.968,0.248,0,0.0,0.0,76.09
679,Ehsan Hajisafi,DEF,IR Iran,IR Iran,2,93,0,0.0,0.0,0,0.0,0.0,1,0.968,0.248,0,0.0,0.0,20,19.355,4.959,11,10.645,2.727,2,1.935,0.496,3,2.903,0.744,2,1.935,0.496,3,2.903,0.744,0,0.0,0.0,4,3.871,0.992,2,1.935,0.496,2,1.935,0.496,4,3.871,0.992,2,1.935,0.496,1,0.968,0.248,0,0.0,0.0,55.0
646,Alexis Jesse Saelemaekers,MID,Belgium,Belgium,4,93,1,0.968,0.248,0,0.0,0.0,4,3.871,0.992,1,0.968,0.248,42,40.645,10.413,33,31.935,8.182,2,1.935,0.496,2,1.935,0.496,0,0.0,0.0,0,0.0,0.0,1,0.968,0.248,2,1.935,0.496,0,0.0,0.0,0,0.0,0.0,8,7.742,1.983,0,0.0,0.0,2,1.935,0.496,2,1.935,0.496,78.57
45,Nkosinathi Emmanuel Sibisi,DEF,South Africa,South Africa,1,92,0,0.0,0.0,0,0.0,0.0,0,0.0,0.0,0,0.0,0.0,52,50.87,12.928,42,41.087,10.442,0,0.0,0.0,0,0.0,0.0,2,1.957,0.497,2,1.957,0.497,0,0.0,0.0,5,4.891,1.243,0,0.0,0.0,0,0.0,0.0,0,0.0,0.0,1,0.978,0.249,0,0.0,0.0,0,0.0,0.0,80.77
823,Matías Nicolas Vina,DEF,Uruguay,Uruguay,1,92,0,0.0,0.0,0,0.0,0.0,0,0.0,0.0,0,0.0,0.0,29,28.37,7.21,23,22.5,5.718,2,1.957,0.497,0,0.0,0.0,0,0.0,0.0,1,0.978,0.249,0,0.0,0.0,1,0.978,0.249,1,0.978,0.249,1,0.978,0.249,2,1.957,0.497,0,0.0,0.0,1,0.978,0.249,1,0.978,0.249,79.31
813,Diego Nicolás De La Cruz,MID,Uruguay,Uruguay,3,92,0,0.0,0.0,0,0.0,0.0,4,3.913,0.994,2,1.957,0.497,55,53.804,13.674,45,44.022,11.188,4,3.913,0.994,3,2.935,0.746,1,0.978,0.249,2,1.957,0.497,3,2.935,0.746,8,7.826,1.989,1,0.978,0.249,1,0.978,0.249,2,1.957,0.497,2,1.957,0.497,3,2.935,0.746,0,0.0,0.0,81.82
693,Arya Yousefi,DEF,IR Iran,IR Iran,1,92,0,0.0,0.0,0,0.0,0.0,1,0.978,0.249,1,0.978,0.249,18,17.609,4.475,16,15.652,3.978,0,0.0,0.0,0,0.0,0.0,1,0.978,0.249,1,0.978,0.249,1,0.978,0.249,2,1.957,0.497,0,0.0,0.0,0,0.0,0.0,2,1.957,0.497,0,0.0,0.0,1,0.978,0.249,0,0.0,0.0,88.89
1044,Tomás Tomas Araujo,DEF,Portugal,Portugal,1,92,0,0.0,0.0,0,0.0,0.0,0,0.0,0.0,0,0.0,0.0,102,99.783,25.359,98,95.87,24.365,0,0.0,0.0,0,0.0,0.0,2,1.957,0.497,3,2.935,0.746,2,1.957,0.497,6,5.87,1.492,1,0.978,0.249,1,0.978,0.249,1,0.978,0.249,1,0.978,0.249,0,0.0,0.0,0,0.0,0.0,96.08
1220,Ernest Nuamah Nuamah,FWD,Ghana,Ghana,3,92,0,0.0,0.0,1,0.978,0.249,0,0.0,0.0,0,0.0,0.0,29,28.37,7.21,20,19.565,4.972,0,0.0,0.0,2,1.957,0.497,0,0.0,0.0,0,0.0,0.0,1,0.978,0.249,4,3.913,0.994,2,1.957,0.497,2,1.957,0.497,11,10.761,2.735,2,1.957,0.497,2,1.957,0.497,0,0.0,0.0,68.97
335,Joseph Michael Scally,DEF,USA,USA,2,92,0,0.0,0.0,0,0.0,0.0,0,0.0,0.0,0,0.0,0.0,53,51.848,13.177,46,45.0,11.436,4,3.913,0.994,1,0.978,0.249,4,3.913,0.994,2,1.957,0.497,1,0.978,0.249,8,7.826,1.989,3,2.935,0.746,3,2.935,0.746,0,0.0,0.0,0,0.0,0.0,2,1.957,0.497,1,0.978,0.249,86.79
1231,Tomas Abdiel Rodriguez,FWD,Panama,Panama,2,92,0,0.0,0.0,0,0.0,0.0,1,0.978,0.249,1,0.978,0.249,9,8.804,2.238,7,6.848,1.74,0,0.0,0.0,0,0.0,0.0,0,0.0,0.0,0,0.0,0.0,2,1.957,0.497,2,1.957,0.497,1,0.978,0.249,1,0.978,0.249,0,0.0,0.0,3,2.935,0.746,1,0.978,0.249,0,0.0,0.0,77.78
1140,Deiver Machado,DEF,Colombia,Colombia,1,92,0,0.0,0.0,0,0.0,0.0,0,0.0,0.0,0,0.0,0.0,23,22.5,5.718,22,21.522,5.47,2,1.957,0.497,3,2.935,0.746,0,0.0,0.0,3,2.935,0.746,2,1.957,0.497,1,0.978,0.249,0,0.0,0.0,0,0.0,0.0,1,0.978,0.249,1,0.978,0.249,2,1.957,0.497,0,0.0,0.0,95.65
696,Shahriyar Moghanloo,FWD,IR Iran,IR Iran,3,91,0,0.0,0.0,0,0.0,0.0,3,2.967,0.748,0,0.0,0.0,25,24.725,6.233,15,14.835,3.74,2,1.978,0.499,5,4.945,1.247,0,0.0,0.0,1,0.989,0.249,3,2.967,0.748,7,6.923,1.745,12,11.868,2.992,12,11.868,2.992,1,0.989,0.249,1,0.989,0.249,1,0.989,0.249,1,0.989,0.249,60.0
363,Isidro Miguel Pitta,FWD,Paraguay,Paraguay,1,91,0,0.0,0.0,0,0.0,0.0,0,0.0,0.0,0,0.0,0.0,4,3.956,0.997,3,2.967,0.748,1,0.989,0.249,0,0.0,0.0,0,0.0,0.0,1,0.989,0.249,0,0.0,0.0,0,0.0,0.0,4,3.956,0.997,4,3.956,0.997,0,0.0,0.0,2,1.978,0.499,0,0.0,0.0,2,1.978,0.499,75.0
499,Jordy Jose Alcivar,MID,Ecuador,Ecuador,1,91,0,0.0,0.0,0,0.0,0.0,1,0.989,0.249,0,0.0,0.0,33,32.637,8.227,31,30.659,7.729,1,0.989,0.249,1,0.989,0.249,3,2.967,0.748,0,0.0,0.0,0,0.0,0.0,4,3.956,0.997,0,0.0,0.0,0,0.0,0.0,0,0.0,0.0,1,0.989,0.249,0,0.0,0.0,0,0.0,0.0,93.94
312,Mc,DEF,Scotland,Scotland,1,91,0,0.0,0.0,0,0.0,0.0,0,0.0,0.0,0,0.0,0.0,52,51.429,12.964,49,48.462,12.216,0,0.0,0.0,0,0.0,0.0,1,0.989,0.249,4,3.956,0.997,5,4.945,1.247,5,4.945,1.247,2,1.978,0.499,2,1.978,0.499,0,0.0,0.0,0,0.0,0.0,0,0.0,0.0,0,0.0,0.0,94.23
414,Oguz Aydin,FWD,Türkiye,Türkiye,1,91,0,0.0,0.0,0,0.0,0.0,0,0.0,0.0,0,0.0,0.0,46,45.495,11.468,39,38.571,9.723,3,2.967,0.748,8,7.912,1.994,0,0.0,0.0,4,3.956,0.997,3,2.967,0.748,1,0.989,0.249,0,0.0,0.0,0,0.0,0.0,2,1.978,0.499,0,0.0,0.0,2,1.978,0.499,0,0.0,0.0,84.78
128,Promise Oluwatobi Emmanuel David,FWD,Canada,Canada,4,90,1,1.0,0.25,1,1.0,0.25,5,5.0,1.25,3,3.0,0.75,16,16.0,4.0,8,8.0,2.0,0,0.0,0.0,4,4.0,1.0,0,0.0,0.0,1,1.0,0.25,3,3.0,0.75,5,5.0,1.25,3,3.0,0.75,3,3.0,0.75,0,0.0,0.0,4,4.0,1.0,2,2.0,0.5,0,0.0,0.0,50.0
232,IBANEZRoger Roger,DEF,Brazil,Brazil,1,90,0,0.0,0.0,0,0.0,0.0,0,0.0,0.0,0,0.0,0.0,22,22.0,5.5,22,22.0,5.5,0,0.0,0.0,4,4.0,1.0,1,1.0,0.25,1,1.0,0.25,0,0.0,0.0,1,1.0,0.25,1,1.0,0.25,1,1.0,0.25,3,3.0,0.75,2,2.0,0.5,1,1.0,0.25,0,0.0,0.0,100.0
465,Riechedly Guillermo Bazoer,DEF,Curaçao,Curaçao,1,90,0,0.0,0.0,0,0.0,0.0,0,0.0,0.0,0,0.0,0.0,36,36.0,9.0,31,31.0,7.75,0,0.0,0.0,4,4.0,1.0,0,0.0,0.0,3,3.0,0.75,5,5.0,1.25,4,4.0,1.0,0,0.0,0.0,0,0.0,0.0,0,0.0,0.0,2,2.0,0.5,0,0.0,0.0,0,0.0,0.0,86.11
454,Juniffer Naigelino Hansen,FWD,Curaçao,Curaçao,1,90,0,0.0,0.0,0,0.0,0.0,1,1.0,0.25,1,1.0,0.25,6,6.0,1.5,5,5.0,1.25,0,0.0,0.0,2,2.0,0.5,0,0.0,0.0,2,2.0,0.5,0,0.0,0.0,2,2.0,0.5,0,0.0,0.0,0,0.0,0.0,1,1.0,0.25,0,0.0,0.0,0,0.0,0.0,0,0.0,0.0,83.33
562,Tsuyoshi Watanabe,DEF,Japan,Japan,2,90,0,0.0,0.0,0,0.0,0.0,0,0.0,0.0,0,0.0,0.0,34,34.0,8.5,31,31.0,7.75,2,2.0,0.5,3,3.0,0.75,0,0.0,0.0,7,7.0,1.75,2,2.0,0.5,5,5.0,1.25,3,3.0,0.75,3,3.0,0.75,1,1.0,0.25,0,0.0,0.0,1,1.0,0.25,0,0.0,0.0,91.18
501,Pervis Josue Estupinan,DEF,Ecuador,Ecuador,2,90,0,0.0,0.0,0,0.0,0.0,0,0.0,0.0,0,0.0,0.0,61,61.0,15.25,55,55.0,13.75,3,3.0,0.75,5,5.0,1.25,2,2.0,0.5,5,5.0,1.25,1,1.0,0.25,5,5.0,1.25,1,1.0,0.25,1,1.0,0.25,0,0.0,0.0,3,3.0,0.75,0,0.0,0.0,0,0.0,0.0,90.16
604,Dylan Daniel Mahmoud Bronn,DEF,Tunisia,Tunisia,1,90,0,0.0,0.0,0,0.0,0.0,0,0.0,0.0,0,0.0,0.0,20,20.0,5.0,16,16.0,4.0,0,0.0,0.0,0,0.0,0.0,0,0.0,0.0,8,8.0,2.0,1,1.0,0.25,3,3.0,0.75,0,0.0,0.0,0,0.0,0.0,0,0.0,0.0,1,1.0,0.25,0,0.0,0.0,0,0.0,0.0,80.0
154,Arjan Malic,DEF,Bosnia and Herzegovina,Bosnia and Herzegovina,1,90,0,0.0,0.0,0,0.0,0.0,0,0.0,0.0,0,0.0,0.0,27,27.0,6.75,25,25.0,6.25,2,2.0,0.5,2,2.0,0.5,0,0.0,0.0,2,2.0,0.5,0,0.0,0.0,1,1.0,0.25,0,0.0,0.0,0,0.0,0.0,3,3.0,0.75,1,1.0,0.25,1,1.0,0.25,0,0.0,0.0,92.59
470,Ousmane Diomande,DEF,Côte d'Ivoire,Côte d'Ivoire,1,90,0,0.0,0.0,0,0.0,0.0,0,0.0,0.0,0,0.0,0.0,74,74.0,18.5,72,72.0,18.0,0,0.0,0.0,0,0.0,0.0,2,2.0,0.5,2,2.0,0.5,1,1.0,0.25,4,4.0,1.0,1,1.0,0.25,1,1.0,0.25,1,1.0,0.25,0,0.0,0.0,0,0.0,0.0,0,0.0,0.0,97.3
481,Christopher Tea Domoraud Operi,DEF,Côte d'Ivoire,Côte d'Ivoire,1,90,0,0.0,0.0,0,0.0,0.0,0,0.0,0.0,0,0.0,0.0,78,78.0,19.5,70,70.0,17.5,1,1.0,0.25,4,4.0,1.0,1,1.0,0.25,2,2.0,0.5,3,3.0,0.75,3,3.0,0.75,0,0.0,0.0,0,0.0,0.0,1,1.0,0.25,2,2.0,0.5,0,0.0,0.0,0,0.0,0.0,89.74
607,Hazem Mastouri,FWD,Tunisia,Tunisia,1,90,1,1.0,0.25,0,0.0,0.0,3,3.0,0.75,2,2.0,0.5,10,10.0,2.5,7,7.0,1.75,1,1.0,0.25,2,2.0,0.5,1,1.0,0.25,0,0.0,0.0,0,0.0,0.0,3,3.0,0.75,3,3.0,0.75,3,3.0,0.75,1,1.0,0.25,2,2.0,0.5,2,2.0,0.5,0,0.0,0.0,70.0
910,Dhia Jirjis Frans,DEF,Iraq,Iraq,1,90,0,0.0,0.0,0,0.0,0.0,0,0.0,0.0,0,0.0,0.0,28,28.0,7.0,26,26.0,6.5,1,1.0,0.25,4,4.0,1.0,2,2.0,0.5,5,5.0,1.25,3,3.0,0.75,4,4.0,1.0,1,1.0,0.25,1,1.0,0.25,0,0.0,0.0,2,2.0,0.5,0,0.0,0.0,0,0.0,0.0,92.86
1226,Fidel Escobar,DEF,Panama,Panama,1,90,0,0.0,0.0,0,0.0,0.0,0,0.0,0.0,0,0.0,0.0,27,27.0,6.75,20,20.0,5.0,1,1.0,0.25,5,5.0,1.25,1,1.0,0.25,8,8.0,2.0,4,4.0,1.0,5,5.0,1.25,0,0.0,0.0,0,0.0,0.0,1,1.0,0.25,1,1.0,0.25,0,0.0,0.0,0,0.0,0.0,74.07
184,Miro Max Maria Muheim,DEF,Switzerland,Switzerland,3,89,0,0.0,0.0,0,0.0,0.0,0,0.0,0.0,0,0.0,0.0,40,40.449,10.028,31,31.348,7.772,3,3.034,0.752,5,5.056,1.253,0,0.0,0.0,3,3.034,0.752,5,5.056,1.253,6,6.067,1.504,3,3.034,0.752,3,3.034,0.752,1,1.011,0.251,1,1.011,0.251,3,3.034,0.752,0,0.0,0.0,77.5
249,Samir El Mourabet,MID,Morocco,Morocco,5,89,0,0.0,0.0,0,0.0,0.0,0,0.0,0.0,0,0.0,0.0,110,111.236,27.577,100,101.124,25.07,1,1.011,0.251,6,6.067,1.504,1,1.011,0.251,0,0.0,0.0,2,2.022,0.501,3,3.034,0.752,1,1.011,0.251,1,1.011,0.251,3,3.034,0.752,0,0.0,0.0,1,1.011,0.251,0,0.0,0.0,90.91
624,Sebastian Tounekti,MID,Tunisia,Tunisia,3,89,0,0.0,0.0,0,0.0,0.0,0,0.0,0.0,0,0.0,0.0,18,18.202,4.513,16,16.18,4.011,3,3.034,0.752,1,1.011,0.251,0,0.0,0.0,0,0.0,0.0,0,0.0,0.0,0,0.0,0.0,0,0.0,0.0,0,0.0,0.0,3,3.034,0.752,1,1.011,0.251,0,0.0,0.0,0,0.0,0.0,88.89
998,Florian Grillitsch,MID,Austria,Austria,2,89,0,0.0,0.0,0,0.0,0.0,0,0.0,0.0,0,0.0,0.0,60,60.674,15.042,55,55.618,13.788,1,1.011,0.251,6,6.067,1.504,2,2.022,0.501,1,1.011,0.251,4,4.045,1.003,5,5.056,1.253,1,1.011,0.251,1,1.011,0.251,1,1.011,0.251,3,3.034,0.752,1,1.011,0.251,0,0.0,0.0,91.67
409,Yunus Akgun,FWD,Türkiye,Türkiye,2,88,0,0.0,0.0,0,0.0,0.0,0,0.0,0.0,0,0.0,0.0,52,53.182,13.073,41,41.932,10.307,2,2.045,0.503,3,3.068,0.754,0,0.0,0.0,0,0.0,0.0,1,1.023,0.251,1,1.023,0.251,0,0.0,0.0,0,0.0,0.0,3,3.068,0.754,2,2.045,0.503,1,1.023,0.251,0,0.0,0.0,78.85
1248,Jorge Abdiel Gutierrez,DEF,Panama,Panama,1,88,0,0.0,0.0,0,0.0,0.0,0,0.0,0.0,0,0.0,0.0,23,23.523,5.782,19,19.432,4.777,0,0.0,0.0,4,4.091,1.006,1,1.023,0.251,2,2.045,0.503,2,2.045,0.503,4,4.091,1.006,0,0.0,0.0,0,0.0,0.0,1,1.023,0.251,1,1.023,0.251,2,2.045,0.503,0,0.0,0.0,82.61
566,Ayumu Seko,DEF,Japan,Japan,2,87,0,0.0,0.0,0,0.0,0.0,0,0.0,0.0,0,0.0,0.0,50,51.724,12.605,42,43.448,10.588,0,0.0,0.0,2,2.069,0.504,1,1.034,0.252,4,4.138,1.008,3,3.103,0.756,6,6.207,1.513,3,3.103,0.756,3,3.103,0.756,0,0.0,0.0,1,1.034,0.252,0,0.0,0.0,0,0.0,0.0,84.0
1122,Santiago Arias,DEF,Colombia,Colombia,1,87,0,0.0,0.0,0,0.0,0.0,0,0.0,0.0,0,0.0,0.0,43,44.483,10.84,37,38.276,9.328,5,5.172,1.261,7,7.241,1.765,0,0.0,0.0,1,1.034,0.252,3,3.103,0.756,5,5.172,1.261,1,1.034,0.252,1,1.034,0.252,0,0.0,0.0,1,1.034,0.252,0,0.0,0.0,0,0.0,0.0,86.05
347,Arnaldo Antonio Sanabria,FWD,Paraguay,Paraguay,2,85,0,0.0,0.0,0,0.0,0.0,0,0.0,0.0,0,0.0,0.0,10,10.588,2.535,7,7.412,1.775,0,0.0,0.0,3,3.176,0.761,0,0.0,0.0,0,0.0,0.0,0,0.0,0.0,2,2.118,0.507,4,4.235,1.014,4,4.235,1.014,2,2.118,0.507,1,1.059,0.254,2,2.118,0.507,0,0.0,0.0,70.0
207,Luca Antony Jaquez,DEF,Switzerland,Switzerland,2,85,0,0.0,0.0,0,0.0,0.0,0,0.0,0.0,0,0.0,0.0,41,43.412,10.394,31,32.824,7.859,2,2.118,0.507,2,2.118,0.507,2,2.118,0.507,3,3.176,0.761,1,1.059,0.254,5,5.294,1.268,1,1.059,0.254,1,1.059,0.254,1,1.059,0.254,3,3.176,0.761,1,1.059,0.254,0,0.0,0.0,75.61
333,Timothy Tarpeh Weah,FWD,USA,USA,2,84,0,0.0,0.0,0,0.0,0.0,2,2.143,0.508,0,0.0,0.0,34,36.429,8.644,30,32.143,7.627,2,2.143,0.508,1,1.071,0.254,0,0.0,0.0,1,1.071,0.254,1,1.071,0.254,2,2.143,0.508,0,0.0,0.0,0,0.0,0.0,1,1.071,0.254,2,2.143,0.508,0,0.0,0.0,2,2.143,0.508,88.24
1139,Jaminton Leandro Campaz,FWD,Colombia,Colombia,3,84,1,1.071,0.254,0,0.0,0.0,6,6.429,1.525,3,3.214,0.763,18,19.286,4.576,12,12.857,3.051,3,3.214,0.763,3,3.214,0.763,0,0.0,0.0,0,0.0,0.0,1,1.071,0.254,4,4.286,1.017,0,0.0,0.0,0,0.0,0.0,7,7.5,1.78,2,2.143,0.508,3,3.214,0.763,2,2.143,0.508,66.67
138,Armin Gigovic,MID,Bosnia and Herzegovina,Bosnia and Herzegovina,2,83,0,0.0,0.0,0,0.0,0.0,0,0.0,0.0,0,0.0,0.0,24,26.024,6.119,17,18.434,4.334,0,0.0,0.0,1,1.084,0.255,0,0.0,0.0,4,4.337,1.02,0,0.0,0.0,5,5.422,1.275,3,3.253,0.765,3,3.253,0.765,1,1.084,0.255,0,0.0,0.0,2,2.169,0.51,0,0.0,0.0,70.83
765,RODRIGUESGarry Garry,MID,Cabo Verde,Cabo Verde,2,81,0,0.0,0.0,0,0.0,0.0,1,1.111,0.256,0,0.0,0.0,14,15.556,3.59,11,12.222,2.821,2,2.222,0.513,4,4.444,1.026,1,1.111,0.256,1,1.111,0.256,0,0.0,0.0,3,3.333,0.769,0,0.0,0.0,0,0.0,0.0,3,3.333,0.769,0,0.0,0.0,0,0.0,0.0,2,2.222,0.513,78.57
374,Ajdin Hrustic,FWD,Australia,Australia,2,81,0,0.0,0.0,0,0.0,0.0,3,3.333,0.769,0,0.0,0.0,31,34.444,7.949,27,30.0,6.923,5,5.556,1.282,1,1.111,0.256,1,1.111,0.256,5,5.556,1.282,4,4.444,1.026,2,2.222,0.513,0,0.0,0.0,0,0.0,0.0,1,1.111,0.256,1,1.111,0.256,0,0.0,0.0,0,0.0,0.0,87.1
492,Bazoumana Toure,FWD,Côte d'Ivoire,Côte d'Ivoire,3,80,0,0.0,0.0,0,0.0,0.0,0,0.0,0.0,0,0.0,0.0,23,25.875,5.914,16,18.0,4.114,4,4.5,1.029,2,2.25,0.514,0,0.0,0.0,1,1.125,0.257,1,1.125,0.257,0,0.0,0.0,0,0.0,0.0,0,0.0,0.0,6,6.75,1.543,0,0.0,0.0,1,1.125,0.257,0,0.0,0.0,69.57
250,Gessime Ben Youssef Mustapha Yassine,MID,Morocco,Morocco,3,80,1,1.125,0.257,0,0.0,0.0,2,2.25,0.514,1,1.125,0.257,39,43.875,10.029,34,38.25,8.743,1,1.125,0.257,5,5.625,1.286,0,0.0,0.0,1,1.125,0.257,0,0.0,0.0,1,1.125,0.257,0,0.0,0.0,0,0.0,0.0,3,3.375,0.771,2,2.25,0.514,3,3.375,0.771,0,0.0,0.0,87.18
22,Guillermo Martinez,FWD,Mexico,Mexico,2,80,0,0.0,0.0,0,0.0,0.0,0,0.0,0.0,0,0.0,0.0,13,14.625,3.343,12,13.5,3.086,1,1.125,0.257,1,1.125,0.257,0,0.0,0.0,3,3.375,0.771,1,1.125,0.257,1,1.125,0.257,1,1.125,0.257,1,1.125,0.257,0,0.0,0.0,3,3.375,0.771,1,1.125,0.257,0,0.0,0.0,92.31
737,Pablo Gavi,MID,Spain,Spain,2,79,0,0.0,0.0,0,0.0,0.0,1,1.139,0.258,0,0.0,0.0,31,35.316,7.994,29,33.038,7.479,2,2.278,0.516,4,4.557,1.032,0,0.0,0.0,0,0.0,0.0,1,1.139,0.258,2,2.278,0.516,4,4.557,1.032,4,4.557,1.032,0,0.0,0.0,2,2.278,0.516,1,1.139,0.258,0,0.0,0.0,93.55
1166,Ivan Benjamin Elijah Toney,FWD,England,England,1,79,0,0.0,0.0,0,0.0,0.0,2,2.278,0.516,1,1.139,0.258,20,22.785,5.158,14,15.949,3.61,0,0.0,0.0,5,5.696,1.289,0,0.0,0.0,1,1.139,0.258,2,2.278,0.516,0,0.0,0.0,1,1.139,0.258,1,1.139,0.258,0,0.0,0.0,0,0.0,0.0,3,3.418,0.774,2,2.278,0.516,70.0
1240,Cecilio Alfonso Waterman,FWD,Panama,Panama,2,78,0,0.0,0.0,0,0.0,0.0,2,2.308,0.517,1,1.154,0.259,10,11.538,2.586,7,8.077,1.81,0,0.0,0.0,1,1.154,0.259,0,0.0,0.0,0,0.0,0.0,1,1.154,0.259,0,0.0,0.0,1,1.154,0.259,0,0.0,0.0,0,0.0,0.0,1,1.154,0.259,1,1.154,0.259,0,0.0,0.0,70.0
763,BENCHIMOLGilson Gilson,FWD,Cabo Verde,Cabo Verde,2,78,0,0.0,0.0,0,0.0,0.0,0,0.0,0.0,0,0.0,0.0,11,12.692,2.845,9,10.385,2.328,0,0.0,0.0,1,1.154,0.259,0,0.0,0.0,0,0.0,0.0,1,1.154,0.259,0,0.0,0.0,1,1.154,0.259,0,0.0,0.0,3,3.462,0.776,0,0.0,0.0,1,1.154,0.259,0,0.0,0.0,81.82
20,Mateo Chavez,DEF,Mexico,Mexico,1,78,1,1.154,0.259,0,0.0,0.0,1,1.154,0.259,1,1.154,0.259,26,30.0,6.724,23,26.538,5.948,1,1.154,0.259,2,2.308,0.517,0,0.0,0.0,0,0.0,0.0,2,2.308,0.517,2,2.308,0.517,1,1.154,0.259,1,1.154,0.259,3,3.462,0.776,1,1.154,0.259,1,1.154,0.259,0,0.0,0.0,88.46
156,Ermin Mahmic,MID,Bosnia and Herzegovina,Bosnia and Herzegovina,3,77,2,2.338,0.519,0,0.0,0.0,4,4.675,1.037,2,2.338,0.519,16,18.701,4.15,12,14.026,3.112,1,1.169,0.259,5,5.844,1.297,0,0.0,0.0,1,1.169,0.259,2,2.338,0.519,1,1.169,0.259,0,0.0,0.0,0,0.0,0.0,0,0.0,0.0,1,1.169,0.259,1,1.169,0.259,0,0.0,0.0,75.0
1198,Alidu Seidu,DEF,Ghana,Ghana,1,77,0,0.0,0.0,0,0.0,0.0,0,0.0,0.0,0,0.0,0.0,27,31.558,7.003,25,29.221,6.484,1,1.169,0.259,2,2.338,0.519,2,2.338,0.519,3,3.506,0.778,3,3.506,0.778,4,4.675,1.037,1,1.169,0.259,1,1.169,0.259,3,3.506,0.778,1,1.169,0.259,0,0.0,0.0,0,0.0,0.0,92.59
18,Obed Goméz Vargas,MID,Mexico,Mexico,3,76,0,0.0,0.0,0,0.0,0.0,1,1.184,0.26,1,1.184,0.26,22,26.053,5.723,20,23.684,5.202,0,0.0,0.0,1,1.184,0.26,0,0.0,0.0,1,1.184,0.26,0,0.0,0.0,1,1.184,0.26,1,1.184,0.26,1,1.184,0.26,5,5.921,1.301,1,1.184,0.26,0,0.0,0.0,0,0.0,0.0,90.91
323,Brenden Russell Aaronson,FWD,USA,USA,1,76,0,0.0,0.0,0,0.0,0.0,3,3.553,0.78,1,1.184,0.26,22,26.053,5.723,21,24.868,5.462,3,3.553,0.78,6,7.105,1.561,0,0.0,0.0,0,0.0,0.0,3,3.553,0.78,1,1.184,0.26,0,0.0,0.0,0,0.0,0.0,2,2.368,0.52,2,2.368,0.52,1,1.184,0.26,0,0.0,0.0,95.45
205,Mohamed Zeki Amdouni,FWD,Switzerland,Switzerland,4,75,0,0.0,0.0,0,0.0,0.0,1,1.2,0.261,0,0.0,0.0,11,13.2,2.87,8,9.6,2.087,0,0.0,0.0,3,3.6,0.783,0,0.0,0.0,3,3.6,0.783,2,2.4,0.522,3,3.6,0.783,3,3.6,0.783,3,3.6,0.783,9,10.8,2.348,5,6.0,1.304,4,4.8,1.043,0,0.0,0.0,72.73
225,Henrique Fabinho,MID,Brazil,Brazil,3,75,0,0.0,0.0,0,0.0,0.0,1,1.2,0.261,0,0.0,0.0,43,51.6,11.217,42,50.4,10.957,0,0.0,0.0,3,3.6,0.783,1,1.2,0.261,8,9.6,2.087,4,4.8,1.043,4,4.8,1.043,5,6.0,1.304,5,6.0,1.304,0,0.0,0.0,4,4.8,1.043,0,0.0,0.0,0,0.0,0.0,97.67
288,Aaron Buchanan Hickey,DEF,Scotland,Scotland,1,75,0,0.0,0.0,0,0.0,0.0,0,0.0,0.0,0,0.0,0.0,42,50.4,10.957,38,45.6,9.913,1,1.2,0.261,2,2.4,0.522,2,2.4,0.522,3,3.6,0.783,2,2.4,0.522,7,8.4,1.826,1,1.2,0.261,1,1.2,0.261,1,1.2,0.261,2,2.4,0.522,4,4.8,1.043,0,0.0,0.0,90.48
554,Takefusa Kubo,MID,Japan,Japan,1,75,0,0.0,0.0,1,1.2,0.261,1,1.2,0.261,0,0.0,0.0,16,19.2,4.174,12,14.4,3.13,0,0.0,0.0,0,0.0,0.0,0,0.0,0.0,0,0.0,0.0,1,1.2,0.261,1,1.2,0.261,0,0.0,0.0,0,0.0,0.0,1,1.2,0.261,1,1.2,0.261,1,1.2,0.261,0,0.0,0.0,75.0
799,Abdulrahman Abdullah Alhamddan,FWD,Saudi Arabia,Saudi Arabia,3,74,0,0.0,0.0,0,0.0,0.0,2,2.432,0.523,2,2.432,0.523,22,26.757,5.756,16,19.459,4.186,1,1.216,0.262,1,1.216,0.262,0,0.0,0.0,1,1.216,0.262,2,2.432,0.523,0,0.0,0.0,3,3.649,0.785,3,3.649,0.785,2,2.432,0.523,2,2.432,0.523,0,0.0,0.0,0,0.0,0.0,72.73
890,Younus Hashim Munaf Younus,DEF,Iraq,Iraq,1,74,0,0.0,0.0,0,0.0,0.0,0,0.0,0.0,0,0.0,0.0,19,23.108,4.971,17,20.676,4.448,0,0.0,0.0,2,2.432,0.523,0,0.0,0.0,7,8.514,1.831,5,6.081,1.308,3,3.649,0.785,1,1.216,0.262,1,1.216,0.262,0,0.0,0.0,0,0.0,0.0,0,0.0,0.0,0,0.0,0.0,89.47
379,Kai Clifton Trewin,DEF,Australia,Australia,1,74,0,0.0,0.0,0,0.0,0.0,1,1.216,0.262,0,0.0,0.0,31,37.703,8.11,27,32.838,7.064,2,2.432,0.523,1,1.216,0.262,0,0.0,0.0,4,4.865,1.047,3,3.649,0.785,1,1.216,0.262,0,0.0,0.0,0,0.0,0.0,1,1.216,0.262,0,0.0,0.0,1,1.216,0.262,0,0.0,0.0,87.1
155,Jovo Lukic,FWD,Bosnia and Herzegovina,Bosnia and Herzegovina,2,73,1,1.233,0.262,0,0.0,0.0,3,3.699,0.787,2,2.466,0.525,13,16.027,3.411,7,8.63,1.837,0,0.0,0.0,1,1.233,0.262,0,0.0,0.0,4,4.932,1.05,0,0.0,0.0,0,0.0,0.0,11,13.562,2.886,10,12.329,2.624,1,1.233,0.262,1,1.233,0.262,0,0.0,0.0,0,0.0,0.0,53.85
453,Jeremy Cornelis Jacobus Antonisse,FWD,Curaçao,Curaçao,2,73,0,0.0,0.0,0,0.0,0.0,1,1.233,0.262,0,0.0,0.0,35,43.151,9.184,25,30.822,6.56,6,7.397,1.574,3,3.699,0.787,0,0.0,0.0,0,0.0,0.0,2,2.466,0.525,2,2.466,0.525,0,0.0,0.0,0,0.0,0.0,2,2.466,0.525,0,0.0,0.0,0,0.0,0.0,0,0.0,0.0,71.43
875,Pape Matar Sarr,MID,Senegal,Senegal,2,73,0,0.0,0.0,0,0.0,0.0,4,4.932,1.05,0,0.0,0.0,48,59.178,12.595,43,53.014,11.283,1,1.233,0.262,3,3.699,0.787,1,1.233,0.262,2,2.466,0.525,2,2.466,0.525,2,2.466,0.525,1,1.233,0.262,1,1.233,0.262,1,1.233,0.262,1,1.233,0.262,0,0.0,0.0,0,0.0,0.0,89.58
1030,Majed Jamil Mohammad Abualnadi,DEF,Jordan,Jordan,1,72,0,0.0,0.0,0,0.0,0.0,0,0.0,0.0,0,0.0,0.0,31,38.75,8.158,24,30.0,6.316,0,0.0,0.0,0,0.0,0.0,0,0.0,0.0,5,6.25,1.316,4,5.0,1.053,2,2.5,0.526,1,1.25,0.263,1,1.25,0.263,0,0.0,0.0,0,0.0,0.0,0,0.0,0.0,0,0.0,0.0,77.42
739,Yeremy Jesús Pino,FWD,Spain,Spain,2,72,0,0.0,0.0,0,0.0,0.0,0,0.0,0.0,0,0.0,0.0,29,36.25,7.632,25,31.25,6.579,1,1.25,0.263,3,3.75,0.789,0,0.0,0.0,0,0.0,0.0,2,2.5,0.526,2,2.5,0.526,1,1.25,0.263,1,1.25,0.263,0,0.0,0.0,2,2.5,0.526,0,0.0,0.0,1,1.25,0.263,86.21
182,Naceur Mohamed Manai,FWD,Qatar,Qatar,3,71,0,0.0,0.0,0,0.0,0.0,0,0.0,0.0,0,0.0,0.0,15,19.014,3.959,7,8.873,1.848,0,0.0,0.0,3,3.803,0.792,1,1.268,0.264,3,3.803,0.792,6,7.606,1.584,3,3.803,0.792,0,0.0,0.0,0,0.0,0.0,1,1.268,0.264,3,3.803,0.792,0,0.0,0.0,0,0.0,0.0,46.67
67,Moonhwan Kim,DEF,Korea Republic,South Korea,1,71,0,0.0,0.0,0,0.0,0.0,0,0.0,0.0,0,0.0,0.0,25,31.69,6.598,22,27.887,5.806,0,0.0,0.0,2,2.535,0.528,1,1.268,0.264,1,1.268,0.264,0,0.0,0.0,1,1.268,0.264,0,0.0,0.0,0,0.0,0.0,0,0.0,0.0,0,0.0,0.0,0,0.0,0.0,0,0.0,0.0,88.0
1045,Diogo Diogo Dalot,DEF,Portugal,Portugal,2,71,0,0.0,0.0,0,0.0,0.0,1,1.268,0.264,0,0.0,0.0,39,49.437,10.293,34,43.099,8.974,1,1.268,0.264,3,3.803,0.792,0,0.0,0.0,0,0.0,0.0,3,3.803,0.792,3,3.803,0.792,0,0.0,0.0,0,0.0,0.0,3,3.803,0.792,0,0.0,0.0,1,1.268,0.264,0,0.0,0.0,87.18
954,Nicolas Paz,FWD,Argentina,Argentina,2,70,0,0.0,0.0,0,0.0,0.0,1,1.286,0.265,0,0.0,0.0,56,72.0,14.824,54,69.429,14.294,1,1.286,0.265,7,9.0,1.853,0,0.0,0.0,0,0.0,0.0,3,3.857,0.794,3,3.857,0.794,0,0.0,0.0,0,0.0,0.0,3,3.857,0.794,2,2.571,0.529,1,1.286,0.265,0,0.0,0.0,96.43
254,Ayoub El Kaabi,FWD,Morocco,Morocco,1,70,0,0.0,0.0,0,0.0,0.0,3,3.857,0.794,2,2.571,0.529,10,12.857,2.647,7,9.0,1.853,0,0.0,0.0,6,7.714,1.588,0,0.0,0.0,0,0.0,0.0,0,0.0,0.0,1,1.286,0.265,2,2.571,0.529,1,1.286,0.265,3,3.857,0.794,1,1.286,0.265,1,1.286,0.265,3,3.857,0.794,70.0
659,Mohamed Abdelkarim Hamza,FWD,Egypt,Egypt,4,69,0,0.0,0.0,0,0.0,0.0,0,0.0,0.0,0,0.0,0.0,10,13.043,2.655,7,9.13,1.858,1,1.304,0.265,3,3.913,0.796,0,0.0,0.0,1,1.304,0.265,1,1.304,0.265,3,3.913,0.796,4,5.217,1.062,4,5.217,1.062,0,0.0,0.0,2,2.609,0.531,0,0.0,0.0,0,0.0,0.0,70.0
675,Mostafa Mohamed Zizo,FWD,Egypt,Egypt,4,69,0,0.0,0.0,0,0.0,0.0,3,3.913,0.796,1,1.304,0.265,27,35.217,7.168,23,30.0,6.106,6,7.826,1.593,2,2.609,0.531,1,1.304,0.265,0,0.0,0.0,1,1.304,0.265,2,2.609,0.531,1,1.304,0.265,1,1.304,0.265,2,2.609,0.531,2,2.609,0.531,1,1.304,0.265,0,0.0,0.0,85.19
654,Abdelmegeed Abdelsalam Hossam Abdelmaguid,DEF,Egypt,Egypt,2,69,0,0.0,0.0,0,0.0,0.0,0,0.0,0.0,0,0.0,0.0,32,41.739,8.496,28,36.522,7.434,0,0.0,0.0,4,5.217,1.062,0,0.0,0.0,8,10.435,2.124,5,6.522,1.327,8,10.435,2.124,4,5.217,1.062,4,5.217,1.062,0,0.0,0.0,1,1.304,0.265,0,0.0,0.0,0,0.0,0.0,87.5
723,Jesse Carmichael Randall,FWD,New Zealand,New Zealand,3,68,0,0.0,0.0,0,0.0,0.0,1,1.324,0.266,0,0.0,0.0,16,21.176,4.26,12,15.882,3.195,5,6.618,1.331,0,0.0,0.0,0,0.0,0.0,1,1.324,0.266,0,0.0,0.0,1,1.324,0.266,0,0.0,0.0,0,0.0,0.0,4,5.294,1.065,0,0.0,0.0,1,1.324,0.266,0,0.0,0.0,75.0
1192,Luka Vuskovic,DEF,Croatia,Croatia,1,66,0,0.0,0.0,0,0.0,0.0,0,0.0,0.0,0,0.0,0.0,43,58.636,11.518,38,51.818,10.179,0,0.0,0.0,2,2.727,0.536,1,1.364,0.268,5,6.818,1.339,1,1.364,0.268,4,5.455,1.071,1,1.364,0.268,1,1.364,0.268,4,5.455,1.071,1,1.364,0.268,1,1.364,0.268,0,0.0,0.0,88.37
935,Henrik Sælebakke Falchener,DEF,Norway,Norway,1,66,0,0.0,0.0,0,0.0,0.0,0,0.0,0.0,0,0.0,0.0,23,31.364,6.161,18,24.545,4.821,0,0.0,0.0,1,1.364,0.268,2,2.727,0.536,4,5.455,1.071,1,1.364,0.268,3,4.091,0.804,0,0.0,0.0,0,0.0,0.0,0,0.0,0.0,0,0.0,0.0,0,0.0,0.0,0,0.0,0.0,78.26
800,Ahmed Sultan Mandash,FWD,Saudi Arabia,Saudi Arabia,1,65,0,0.0,0.0,0,0.0,0.0,0,0.0,0.0,0,0.0,0.0,9,12.462,2.418,7,9.692,1.881,0,0.0,0.0,11,15.231,2.955,1,1.385,0.269,1,1.385,0.269,7,9.692,1.881,6,8.308,1.612,0,0.0,0.0,0,0.0,0.0,1,1.385,0.269,1,1.385,0.269,2,2.769,0.537,0,0.0,0.0,77.78
1206,Brandon Michael Clarke Thomas-Asante,FWD,Ghana,Ghana,2,64,0,0.0,0.0,0,0.0,0.0,1,1.406,0.269,0,0.0,0.0,6,8.438,1.617,3,4.219,0.808,2,2.812,0.539,0,0.0,0.0,0,0.0,0.0,0,0.0,0.0,1,1.406,0.269,0,0.0,0.0,1,1.406,0.269,1,1.406,0.269,2,2.812,0.539,0,0.0,0.0,1,1.406,0.269,1,1.406,0.269,50.0
1246,Azarías Emmanuel Londono,FWD,Panama,Panama,3,64,0,0.0,0.0,0,0.0,0.0,1,1.406,0.269,0,0.0,0.0,21,29.531,5.659,20,28.125,5.389,1,1.406,0.269,0,0.0,0.0,1,1.406,0.269,1,1.406,0.269,0,0.0,0.0,4,5.625,1.078,1,1.406,0.269,1,1.406,0.269,4,5.625,1.078,1,1.406,0.269,0,0.0,0.0,0,0.0,0.0,95.24
594,Besfort Zeneli,MID,Sweden,Sweden,2,63,0,0.0,0.0,0,0.0,0.0,1,1.429,0.27,1,1.429,0.27,38,54.286,10.27,34,48.571,9.189,2,2.857,0.541,4,5.714,1.081,1,1.429,0.27,0,0.0,0.0,1,1.429,0.27,3,4.286,0.811,0,0.0,0.0,0,0.0,0.0,0,0.0,0.0,1,1.429,0.27,0,0.0,0.0,0,0.0,0.0,89.47
643,Diego Manuel Moreira,MID,Belgium,Belgium,1,62,0,0.0,0.0,0,0.0,0.0,0,0.0,0.0,0,0.0,0.0,15,21.774,4.066,10,14.516,2.711,4,5.806,1.084,3,4.355,0.813,0,0.0,0.0,0,0.0,0.0,2,2.903,0.542,4,5.806,1.084,1,1.452,0.271,1,1.452,0.271,8,11.613,2.169,2,2.903,0.542,1,1.452,0.271,1,1.452,0.271,66.67
356,Alex Adrian Arce,FWD,Paraguay,Paraguay,2,61,0,0.0,0.0,0,0.0,0.0,0,0.0,0.0,0,0.0,0.0,10,14.754,2.719,7,10.328,1.903,0,0.0,0.0,2,2.951,0.544,0,0.0,0.0,1,1.475,0.272,1,1.475,0.272,3,4.426,0.816,3,4.426,0.816,3,4.426,0.816,0,0.0,0.0,1,1.475,0.272,0,0.0,0.0,0,0.0,0.0,70.0
166,Khalid Hassan Alhaydos,FWD,Qatar,Qatar,2,61,1,1.475,0.272,0,0.0,0.0,1,1.475,0.272,1,1.475,0.272,14,20.656,3.807,10,14.754,2.719,0,0.0,0.0,1,1.475,0.272,0,0.0,0.0,1,1.475,0.272,1,1.475,0.272,0,0.0,0.0,0,0.0,0.0,0,0.0,0.0,1,1.475,0.272,1,1.475,0.272,1,1.475,0.272,0,0.0,0.0,71.43
233,Thiago Igor Thiago,FWD,Brazil,Brazil,1,61,0,0.0,0.0,0,0.0,0.0,2,2.951,0.544,1,1.475,0.272,5,7.377,1.36,4,5.902,1.088,0,0.0,0.0,2,2.951,0.544,1,1.475,0.272,0,0.0,0.0,0,0.0,0.0,3,4.426,0.816,1,1.475,0.272,1,1.475,0.272,2,2.951,0.544,2,2.951,0.544,0,0.0,0.0,0,0.0,0.0,80.0
371,Mathew Allan Leckie,FWD,Australia,Australia,1,61,0,0.0,0.0,0,0.0,0.0,1,1.475,0.272,0,0.0,0.0,10,14.754,2.719,7,10.328,1.903,1,1.475,0.272,1,1.475,0.272,0,0.0,0.0,0,0.0,0.0,2,2.951,0.544,1,1.475,0.272,3,4.426,0.816,3,4.426,0.816,1,1.475,0.272,1,1.475,0.272,1,1.475,0.272,0,0.0,0.0,70.0
370,Jason Kato Geria,DEF,Australia,Australia,2,60,0,0.0,0.0,0,0.0,0.0,0,0.0,0.0,0,0.0,0.0,23,34.5,6.273,18,27.0,4.909,1,1.5,0.273,3,4.5,0.818,0,0.0,0.0,6,9.0,1.636,2,3.0,0.545,5,7.5,1.364,3,4.5,0.818,3,4.5,0.818,1,1.5,0.273,2,3.0,0.545,0,0.0,0.0,0,0.0,0.0,78.26
905,Jabbar Hussein Marko Farji,FWD,Iraq,Iraq,2,60,0,0.0,0.0,0,0.0,0.0,0,0.0,0.0,0,0.0,0.0,11,16.5,3.0,7,10.5,1.909,2,3.0,0.545,1,1.5,0.273,2,3.0,0.545,0,0.0,0.0,1,1.5,0.273,3,4.5,0.818,0,0.0,0.0,0,0.0,0.0,6,9.0,1.636,0,0.0,0.0,2,3.0,0.545,0,0.0,0.0,63.64
947,Giovani Lo Celso,MID,Argentina,Argentina,1,60,1,1.5,0.273,0,0.0,0.0,1,1.5,0.273,1,1.5,0.273,51,76.5,13.909,47,70.5,12.818,1,1.5,0.273,1,1.5,0.273,1,1.5,0.273,0,0.0,0.0,1,1.5,0.273,3,4.5,0.818,0,0.0,0.0,0,0.0,0.0,5,7.5,1.364,1,1.5,0.273,1,1.5,0.273,1,1.5,0.273,92.16
1179,Andrej Kramaric,FWD,Croatia,Croatia,3,58,0,0.0,0.0,0,0.0,0.0,1,1.552,0.274,0,0.0,0.0,20,31.034,5.488,17,26.379,4.665,2,3.103,0.549,1,1.552,0.274,0,0.0,0.0,2,3.103,0.549,0,0.0,0.0,1,1.552,0.274,0,0.0,0.0,0,0.0,0.0,1,1.552,0.274,0,0.0,0.0,0,0.0,0.0,1,1.552,0.274,85.0
110,Mathieu Choiniere,MID,Canada,Canada,1,58,0,0.0,0.0,0,0.0,0.0,0,0.0,0.0,0,0.0,0.0,29,45.0,7.957,23,35.69,6.311,4,6.207,1.098,2,3.103,0.549,0,0.0,0.0,2,3.103,0.549,1,1.552,0.274,4,6.207,1.098,2,3.103,0.549,2,3.103,0.549,0,0.0,0.0,1,1.552,0.274,1,1.552,0.274,0,0.0,0.0,79.31
862,Abdoulaye Seck,DEF,Senegal,Senegal,1,58,0,0.0,0.0,1,1.552,0.274,2,3.103,0.549,0,0.0,0.0,30,46.552,8.232,26,40.345,7.134,0,0.0,0.0,0,0.0,0.0,0,0.0,0.0,3,4.655,0.823,2,3.103,0.549,1,1.552,0.274,0,0.0,0.0,0,0.0,0.0,0,0.0,0.0,1,1.552,0.274,1,1.552,0.274,0,0.0,0.0,86.67
1137,Juan Camilo Hernandez,FWD,Colombia,Colombia,2,57,0,0.0,0.0,0,0.0,0.0,1,1.579,0.275,0,0.0,0.0,8,12.632,2.202,5,7.895,1.376,1,1.579,0.275,1,1.579,0.275,0,0.0,0.0,0,0.0,0.0,0,0.0,0.0,0,0.0,0.0,4,6.316,1.101,4,6.316,1.101,2,3.158,0.55,0,0.0,0.0,1,1.579,0.275,0,0.0,0.0,62.5
285,Dominique Celidor Simon,MID,Haiti,Haiti,2,57,0,0.0,0.0,0,0.0,0.0,1,1.579,0.275,1,1.579,0.275,30,47.368,8.257,22,34.737,6.055,1,1.579,0.275,1,1.579,0.275,1,1.579,0.275,1,1.579,0.275,2,3.158,0.55,4,6.316,1.101,2,3.158,0.55,2,3.158,0.55,2,3.158,0.55,1,1.579,0.275,1,1.579,0.275,0,0.0,0.0,73.33
35,Lyle Brent Foster,FWD,South Africa,South Africa,1,56,0,0.0,0.0,0,0.0,0.0,1,1.607,0.276,0,0.0,0.0,5,8.036,1.38,1,1.607,0.276,0,0.0,0.0,1,1.607,0.276,0,0.0,0.0,0,0.0,0.0,1,1.607,0.276,0,0.0,0.0,0,0.0,0.0,0,0.0,0.0,1,1.607,0.276,0,0.0,0.0,1,1.607,0.276,0,0.0,0.0,20.0
76,Jingyu Kim,MID,Korea Republic,South Korea,2,56,0,0.0,0.0,0,0.0,0.0,1,1.607,0.276,0,0.0,0.0,56,90.0,15.46,54,86.786,14.908,1,1.607,0.276,2,3.214,0.552,0,0.0,0.0,1,1.607,0.276,1,1.607,0.276,3,4.821,0.828,1,1.607,0.276,1,1.607,0.276,0,0.0,0.0,0,0.0,0.0,1,1.607,0.276,0,0.0,0.0,96.43
508,Alan Steve Minda,MID,Ecuador,Ecuador,1,56,0,0.0,0.0,0,0.0,0.0,2,3.214,0.552,0,0.0,0.0,16,25.714,4.417,12,19.286,3.313,2,3.214,0.552,1,1.607,0.276,0,0.0,0.0,1,1.607,0.276,1,1.607,0.276,2,3.214,0.552,0,0.0,0.0,0,0.0,0.0,1,1.607,0.276,0,0.0,0.0,1,1.607,0.276,0,0.0,0.0,75.0
104,Denis Visinsky,FWD,Czechia,Czechia,1,56,0,0.0,0.0,0,0.0,0.0,3,4.821,0.828,0,0.0,0.0,14,22.5,3.865,14,22.5,3.865,0,0.0,0.0,1,1.607,0.276,0,0.0,0.0,2,3.214,0.552,1,1.607,0.276,0,0.0,0.0,0,0.0,0.0,0,0.0,0.0,5,8.036,1.38,0,0.0,0.0,1,1.607,0.276,0,0.0,0.0,100.0
546,Quinten Ryan Crispito Timber,MID,Netherlands,Netherlands,2,55,0,0.0,0.0,0,0.0,0.0,0,0.0,0.0,0,0.0,0.0,12,19.636,3.323,10,16.364,2.769,2,3.273,0.554,2,3.273,0.554,0,0.0,0.0,2,3.273,0.554,2,3.273,0.554,3,4.909,0.831,2,3.273,0.554,2,3.273,0.554,4,6.545,1.108,0,0.0,0.0,2,3.273,0.554,0,0.0,0.0,83.33
530,Memphis Depay,FWD,Netherlands,Netherlands,3,55,0,0.0,0.0,1,1.636,0.277,0,0.0,0.0,0,0.0,0.0,17,27.818,4.708,15,24.545,4.154,1,1.636,0.277,0,0.0,0.0,0,0.0,0.0,0,0.0,0.0,0,0.0,0.0,0,0.0,0.0,0,0.0,0.0,0,0.0,0.0,1,1.636,0.277,1,1.636,0.277,1,1.636,0.277,0,0.0,0.0,88.24
86,Vladimír Darida,MID,Czechia,Czechia,1,55,0,0.0,0.0,0,0.0,0.0,1,1.636,0.277,0,0.0,0.0,18,29.455,4.985,14,22.909,3.877,0,0.0,0.0,1,1.636,0.277,0,0.0,0.0,2,3.273,0.554,4,6.545,1.108,3,4.909,0.831,0,0.0,0.0,0,0.0,0.0,2,3.273,0.554,0,0.0,0.0,1,1.636,0.277,0,0.0,0.0,77.78
226,Danilo Danilo Santos,MID,Brazil,Brazil,4,53,0,0.0,0.0,0,0.0,0.0,2,3.396,0.557,1,1.698,0.279,30,50.943,8.359,23,39.057,6.409,0,0.0,0.0,8,13.585,2.229,0,0.0,0.0,0,0.0,0.0,2,3.396,0.557,2,3.396,0.557,0,0.0,0.0,0,0.0,0.0,1,1.698,0.279,0,0.0,0.0,0,0.0,0.0,0,0.0,0.0,76.67
617,Firas Chaouat,FWD,Tunisia,Tunisia,3,53,0,0.0,0.0,0,0.0,0.0,0,0.0,0.0,0,0.0,0.0,7,11.887,1.95,7,11.887,1.95,0,0.0,0.0,0,0.0,0.0,0,0.0,0.0,0,0.0,0.0,0,0.0,0.0,0,0.0,0.0,2,3.396,0.557,2,3.396,0.557,0,0.0,0.0,1,1.698,0.279,2,3.396,0.557,3,5.094,0.836,100.0
1221,Prince Kwabena Adu,FWD,Ghana,Ghana,3,52,0,0.0,0.0,0,0.0,0.0,1,1.731,0.28,1,1.731,0.28,5,8.654,1.398,4,6.923,1.118,0,0.0,0.0,1,1.731,0.28,0,0.0,0.0,0,0.0,0.0,1,1.731,0.28,1,1.731,0.28,1,1.731,0.28,0,0.0,0.0,2,3.462,0.559,4,6.923,1.118,0,0.0,0.0,0,0.0,0.0,80.0
1217,Kojo Peprah Oppong,DEF,Ghana,Ghana,2,52,0,0.0,0.0,0,0.0,0.0,0,0.0,0.0,0,0.0,0.0,22,38.077,6.149,21,36.346,5.87,0,0.0,0.0,1,1.731,0.28,0,0.0,0.0,7,12.115,1.957,1,1.731,0.28,1,1.731,0.28,1,1.731,0.28,1,1.731,0.28,0,0.0,0.0,1,1.731,0.28,0,0.0,0.0,0,0.0,0.0,95.45
1078,Joris Kayembe,DEF,Congo DR,Congo DR,4,51,0,0.0,0.0,0,0.0,0.0,1,1.765,0.28,0,0.0,0.0,24,42.353,6.729,19,33.529,5.327,3,5.294,0.841,4,7.059,1.121,2,3.529,0.561,3,5.294,0.841,5,8.824,1.402,8,14.118,2.243,0,0.0,0.0,0,0.0,0.0,2,3.529,0.561,0,0.0,0.0,1,1.765,0.28,0,0.0,0.0,79.17
1163,George Arthur Watkins,FWD,England,England,2,51,0,0.0,0.0,0,0.0,0.0,1,1.765,0.28,0,0.0,0.0,10,17.647,2.804,9,15.882,2.523,3,5.294,0.841,2,3.529,0.561,0,0.0,0.0,0,0.0,0.0,3,5.294,0.841,2,3.529,0.561,2,3.529,0.561,2,3.529,0.561,3,5.294,0.841,1,1.765,0.28,0,0.0,0.0,0,0.0,0.0,90.0
419,Waldemar Anton,DEF,Germany,Germany,2,50,0,0.0,0.0,0,0.0,0.0,1,1.8,0.281,1,1.8,0.281,30,54.0,8.438,29,52.2,8.156,2,3.6,0.562,7,12.6,1.969,0,0.0,0.0,2,3.6,0.562,4,7.2,1.125,5,9.0,1.406,4,7.2,1.125,4,7.2,1.125,2,3.6,0.562,3,5.4,0.844,1,1.8,0.281,1,1.8,0.281,96.67
529,Wout François Maria Weghorst,FWD,Netherlands,Netherlands,1,49,0,0.0,0.0,0,0.0,0.0,0,0.0,0.0,0,0.0,0.0,7,12.857,1.975,4,7.347,1.129,0,0.0,0.0,3,5.51,0.846,1,1.837,0.282,0,0.0,0.0,1,1.837,0.282,3,5.51,0.846,4,7.347,1.129,3,5.51,0.846,2,3.673,0.564,1,1.837,0.282,2,3.673,0.564,0,0.0,0.0,57.14
605,Mohamed Elyes Achouri,FWD,Tunisia,Tunisia,3,48,0,0.0,0.0,0,0.0,0.0,3,5.625,0.849,1,1.875,0.283,8,15.0,2.264,7,13.125,1.981,0,0.0,0.0,2,3.75,0.566,1,1.875,0.283,0,0.0,0.0,0,0.0,0.0,3,5.625,0.849,0,0.0,0.0,0,0.0,0.0,1,1.875,0.283,0,0.0,0.0,1,1.875,0.283,1,1.875,0.283,87.5
218,Neymar Neymar Jr,FWD,Brazil,Brazil,2,48,1,1.875,0.283,0,0.0,0.0,3,5.625,0.849,2,3.75,0.566,26,48.75,7.358,21,39.375,5.943,7,13.125,1.981,3,5.625,0.849,0,0.0,0.0,0,0.0,0.0,0,0.0,0.0,0,0.0,0.0,0,0.0,0.0,0,0.0,0.0,5,9.375,1.415,1,1.875,0.283,1,1.875,0.283,0,0.0,0.0,80.77
613,Mohamed Hadj Mahmoud,MID,Tunisia,Tunisia,2,47,0,0.0,0.0,0,0.0,0.0,0,0.0,0.0,0,0.0,0.0,13,24.894,3.691,12,22.979,3.407,0,0.0,0.0,3,5.745,0.852,0,0.0,0.0,4,7.66,1.136,2,3.83,0.568,3,5.745,0.852,0,0.0,0.0,0,0.0,0.0,0,0.0,0.0,2,3.83,0.568,0,0.0,0.0,0,0.0,0.0,92.31
824,Paul Brian Rodriguez,FWD,Uruguay,Uruguay,3,47,0,0.0,0.0,0,0.0,0.0,3,5.745,0.852,1,1.915,0.284,26,49.787,7.382,19,36.383,5.394,14,26.809,3.975,0,0.0,0.0,0,0.0,0.0,0,0.0,0.0,0,0.0,0.0,0,0.0,0.0,0,0.0,0.0,0,0.0,0.0,8,15.319,2.271,0,0.0,0.0,1,1.915,0.284,0,0.0,0.0,73.08
571,Junnosuke Suzuki,DEF,Japan,Japan,2,47,0,0.0,0.0,0,0.0,0.0,0,0.0,0.0,0,0.0,0.0,7,13.404,1.987,6,11.489,1.703,1,1.915,0.284,2,3.83,0.568,1,1.915,0.284,3,5.745,0.852,5,9.574,1.42,4,7.66,1.136,1,1.915,0.284,1,1.915,0.284,0,0.0,0.0,2,3.83,0.568,0,0.0,0.0,0,0.0,0.0,85.71
683,Alireza Jahanbakhsh,MID,IR Iran,IR Iran,2,47,0,0.0,0.0,0,0.0,0.0,1,1.915,0.284,0,0.0,0.0,11,21.064,3.123,7,13.404,1.987,2,3.83,0.568,3,5.745,0.852,1,1.915,0.284,1,1.915,0.284,2,3.83,0.568,3,5.745,0.852,1,1.915,0.284,1,1.915,0.284,1,1.915,0.284,2,3.83,0.568,0,0.0,0.0,0,0.0,0.0,63.64
77,Jisung Eom,MID,Korea Republic,South Korea,2,46,0,0.0,0.0,0,0.0,0.0,0,0.0,0.0,0,0.0,0.0,9,17.609,2.563,9,17.609,2.563,3,5.87,0.854,1,1.957,0.285,0,0.0,0.0,0,0.0,0.0,0,0.0,0.0,0,0.0,0.0,2,3.913,0.57,2,3.913,0.57,2,3.913,0.57,0,0.0,0.0,1,1.957,0.285,0,0.0,0.0,100.0
650,Matias Fernandez-Pardo,FWD,Belgium,Belgium,3,46,0,0.0,0.0,0,0.0,0.0,3,5.87,0.854,0,0.0,0.0,15,29.348,4.272,13,25.435,3.703,3,5.87,0.854,2,3.913,0.57,0,0.0,0.0,0,0.0,0.0,0,0.0,0.0,0,0.0,0.0,0,0.0,0.0,0,0.0,0.0,4,7.826,1.139,0,0.0,0.0,0,0.0,0.0,0,0.0,0.0,86.67
208,Cedric Jan Itten,FWD,Switzerland,Switzerland,3,46,0,0.0,0.0,0,0.0,0.0,0,0.0,0.0,0,0.0,0.0,5,9.783,1.424,3,5.87,0.854,1,1.957,0.285,0,0.0,0.0,1,1.957,0.285,0,0.0,0.0,0,0.0,0.0,1,1.957,0.285,5,9.783,1.424,4,7.826,1.139,0,0.0,0.0,4,7.826,1.139,2,3.913,0.57,0,0.0,0.0,60.0
436,Nadiem Amiri,MID,Germany,Germany,2,46,0,0.0,0.0,1,1.957,0.285,2,3.913,0.57,1,1.957,0.285,20,39.13,5.696,17,33.261,4.842,2,3.913,0.57,0,0.0,0.0,0,0.0,0.0,0,0.0,0.0,0,0.0,0.0,0,0.0,0.0,0,0.0,0.0,0,0.0,0.0,0,0.0,0.0,0,0.0,0.0,0,0.0,0.0,0,0.0,0.0,85.0
1079,Meschack Lina Elia,FWD,Congo DR,Congo DR,2,46,0,0.0,0.0,0,0.0,0.0,2,3.913,0.57,1,1.957,0.285,14,27.391,3.987,13,25.435,3.703,2,3.913,0.57,2,3.913,0.57,0,0.0,0.0,1,1.957,0.285,0,0.0,0.0,2,3.913,0.57,1,1.957,0.285,1,1.957,0.285,5,9.783,1.424,2,3.913,0.57,0,0.0,0.0,0,0.0,0.0,92.86
1159,Daniel Johnson Burn,DEF,England,England,3,46,0,0.0,0.0,0,0.0,0.0,0,0.0,0.0,0,0.0,0.0,4,7.826,1.139,2,3.913,0.57,0,0.0,0.0,0,0.0,0.0,0,0.0,0.0,6,11.739,1.709,3,5.87,0.854,2,3.913,0.57,4,7.826,1.139,4,7.826,1.139,0,0.0,0.0,1,1.957,0.285,0,0.0,0.0,0,0.0,0.0,50.0
163,Alaaeldin Ahmed,FWD,Qatar,Qatar,2,45,0,0.0,0.0,0,0.0,0.0,1,2.0,0.286,1,2.0,0.286,8,16.0,2.286,4,8.0,1.143,0,0.0,0.0,1,2.0,0.286,0,0.0,0.0,0,0.0,0.0,0,0.0,0.0,1,2.0,0.286,2,4.0,0.571,2,4.0,0.571,0,0.0,0.0,1,2.0,0.286,1,2.0,0.286,0,0.0,0.0,50.0
686,Mehdi Ghayedi,FWD,IR Iran,IR Iran,1,45,0,0.0,0.0,0,0.0,0.0,1,2.0,0.286,0,0.0,0.0,9,18.0,2.571,6,12.0,1.714,3,6.0,0.857,2,4.0,0.571,0,0.0,0.0,0,0.0,0.0,1,2.0,0.286,1,2.0,0.286,1,2.0,0.286,1,2.0,0.286,1,2.0,0.286,2,4.0,0.571,1,2.0,0.286,0,0.0,0.0,66.67
1059,Manuel Goncalo,FWD,Portugal,Portugal,2,45,1,2.0,0.286,0,0.0,0.0,2,4.0,0.571,1,2.0,0.286,11,22.0,3.143,10,20.0,2.857,0,0.0,0.0,0,0.0,0.0,0,0.0,0.0,0,0.0,0.0,2,4.0,0.571,2,4.0,0.571,2,4.0,0.571,2,4.0,0.571,1,2.0,0.286,0,0.0,0.0,0,0.0,0.0,0,0.0,0.0,90.91
416,Can Yılmaz Uzun,FWD,Türkiye,Türkiye,2,45,0,0.0,0.0,1,2.0,0.286,4,8.0,1.143,1,2.0,0.286,24,48.0,6.857,22,44.0,6.286,0,0.0,0.0,1,2.0,0.286,0,0.0,0.0,0,0.0,0.0,0,0.0,0.0,0,0.0,0.0,0,0.0,0.0,0,0.0,0.0,8,16.0,2.286,0,0.0,0.0,1,2.0,0.286,0,0.0,0.0,91.67
974,Ahmed Nadhir Benbouali,FWD,Algeria,Algeria,1,45,1,2.0,0.286,0,0.0,0.0,2,4.0,0.571,2,4.0,0.571,8,16.0,2.286,6,12.0,1.714,1,2.0,0.286,2,4.0,0.571,0,0.0,0.0,0,0.0,0.0,1,2.0,0.286,2,4.0,0.571,4,8.0,1.143,4,8.0,1.143,0,0.0,0.0,0,0.0,0.0,0,0.0,0.0,0,0.0,0.0,75.0
1089,Simon Bokote Banza,FWD,Congo DR,Congo DR,2,44,0,0.0,0.0,0,0.0,0.0,0,0.0,0.0,0,0.0,0.0,6,12.273,1.72,4,8.182,1.146,0,0.0,0.0,0,0.0,0.0,0,0.0,0.0,0,0.0,0.0,1,2.045,0.287,1,2.045,0.287,4,8.182,1.146,4,8.182,1.146,0,0.0,0.0,1,2.045,0.287,0,0.0,0.0,0,0.0,0.0,66.67
1232,Ismael Diaz,MID,Panama,Panama,2,44,0,0.0,0.0,0,0.0,0.0,6,12.273,1.72,2,4.091,0.573,15,30.682,4.299,13,26.591,3.726,0,0.0,0.0,1,2.045,0.287,0,0.0,0.0,2,4.091,0.573,3,6.136,0.86,2,4.091,0.573,0,0.0,0.0,0,0.0,0.0,2,4.091,0.573,0,0.0,0.0,0,0.0,0.0,2,4.091,0.573,86.67
1096,Farrukh Sayfiev,DEF,Uzbekistan,Uzbekistan,1,44,0,0.0,0.0,0,0.0,0.0,0,0.0,0.0,0,0.0,0.0,14,28.636,4.013,12,24.545,3.439,1,2.045,0.287,1,2.045,0.287,0,0.0,0.0,1,2.045,0.287,0,0.0,0.0,2,4.091,0.573,0,0.0,0.0,0,0.0,0.0,2,4.091,0.573,0,0.0,0.0,2,4.091,0.573,0,0.0,0.0,85.71
886,Ghareeb Solaka Rebin Sulaka,DEF,Iraq,Iraq,2,44,0,0.0,0.0,0,0.0,0.0,1,2.045,0.287,0,0.0,0.0,29,59.318,8.312,23,47.045,6.592,0,0.0,0.0,0,0.0,0.0,0,0.0,0.0,3,6.136,0.86,4,8.182,1.146,3,6.136,0.86,0,0.0,0.0,0,0.0,0.0,0,0.0,0.0,1,2.045,0.287,0,0.0,0.0,0,0.0,0.0,79.31
162,Hatim Abdulaziz Hatem,MID,Qatar,Qatar,1,44,0,0.0,0.0,0,0.0,0.0,0,0.0,0.0,0,0.0,0.0,32,65.455,9.172,26,53.182,7.452,0,0.0,0.0,2,4.091,0.573,0,0.0,0.0,1,2.045,0.287,2,4.091,0.573,2,4.091,0.573,1,2.045,0.287,1,2.045,0.287,0,0.0,0.0,1,2.045,0.287,0,0.0,0.0,0,0.0,0.0,81.25
75,Jens Castrop,DEF,Korea Republic,South Korea,1,44,0,0.0,0.0,0,0.0,0.0,0,0.0,0.0,0,0.0,0.0,30,61.364,8.599,27,55.227,7.739,4,8.182,1.146,2,4.091,0.573,0,0.0,0.0,3,6.136,0.86,1,2.045,0.287,2,4.091,0.573,1,2.045,0.287,1,2.045,0.287,4,8.182,1.146,3,6.136,0.86,0,0.0,0.0,0,0.0,0.0,90.0
432,Angelo Nicolas Stiller,MID,Germany,Germany,1,44,0,0.0,0.0,0,0.0,0.0,0,0.0,0.0,0,0.0,0.0,34,69.545,9.745,31,63.409,8.885,0,0.0,0.0,2,4.091,0.573,1,2.045,0.287,2,4.091,0.573,1,2.045,0.287,2,4.091,0.573,0,0.0,0.0,0,0.0,0.0,0,0.0,0.0,0,0.0,0.0,0,0.0,0.0,0,0.0,0.0,91.18
912,Morten Thorsby,MID,Norway,Norway,1,44,0,0.0,0.0,0,0.0,0.0,0,0.0,0.0,0,0.0,0.0,18,36.818,5.159,17,34.773,4.873,0,0.0,0.0,0,0.0,0.0,0,0.0,0.0,1,2.045,0.287,1,2.045,0.287,0,0.0,0.0,0,0.0,0.0,0,0.0,0.0,0,0.0,0.0,1,2.045,0.287,0,0.0,0.0,0,0.0,0.0,94.44
807,Sergio Ramón Rochet,GK,Uruguay,Uruguay,1,44,0,0.0,0.0,0,0.0,0.0,0,0.0,0.0,0,0.0,0.0,19,38.864,5.446,10,20.455,2.866,0,0.0,0.0,0,0.0,0.0,0,0.0,0.0,1,2.045,0.287,0,0.0,0.0,4,8.182,1.146,0,0.0,0.0,0,0.0,0.0,0,0.0,0.0,0,0.0,0.0,0,0.0,0.0,0,0.0,0.0,52.63
520,Yaimar Abel Medina,DEF,Ecuador,Ecuador,1,44,0,0.0,0.0,0,0.0,0.0,1,2.045,0.287,0,0.0,0.0,19,38.864,5.446,17,34.773,4.873,4,8.182,1.146,2,4.091,0.573,1,2.045,0.287,1,2.045,0.287,3,6.136,0.86,3,6.136,0.86,0,0.0,0.0,0,0.0,0.0,0,0.0,0.0,1,2.045,0.287,0,0.0,0.0,0,0.0,0.0,89.47
440,Malick Thiaw,DEF,Germany,Germany,2,42,0,0.0,0.0,0,0.0,0.0,0,0.0,0.0,0,0.0,0.0,38,81.429,10.962,33,70.714,9.519,0,0.0,0.0,2,4.286,0.577,0,0.0,0.0,2,4.286,0.577,2,4.286,0.577,5,10.714,1.442,1,2.143,0.288,1,2.143,0.288,1,2.143,0.288,1,2.143,0.288,1,2.143,0.288,0,0.0,0.0,86.84
1085,Mayele Fiston Mayele,FWD,Congo DR,Congo DR,2,42,1,2.143,0.288,0,0.0,0.0,5,10.714,1.442,1,2.143,0.288,11,23.571,3.173,7,15.0,2.019,0,0.0,0.0,0,0.0,0.0,0,0.0,0.0,1,2.143,0.288,1,2.143,0.288,1,2.143,0.288,1,2.143,0.288,1,2.143,0.288,0,0.0,0.0,1,2.143,0.288,1,2.143,0.288,1,2.143,0.288,63.64
458,Jearl Erwin Margaritha,FWD,Curaçao,Curaçao,2,41,0,0.0,0.0,0,0.0,0.0,1,2.195,0.289,0,0.0,0.0,8,17.561,2.315,8,17.561,2.315,0,0.0,0.0,3,6.585,0.868,0,0.0,0.0,0,0.0,0.0,0,0.0,0.0,1,2.195,0.289,0,0.0,0.0,0,0.0,0.0,2,4.39,0.579,0,0.0,0.0,0,0.0,0.0,0,0.0,0.0,100.0
565,Koki Ogawa,FWD,Japan,Japan,3,41,0,0.0,0.0,1,2.195,0.289,3,6.585,0.868,0,0.0,0.0,3,6.585,0.868,3,6.585,0.868,0,0.0,0.0,0,0.0,0.0,0,0.0,0.0,1,2.195,0.289,0,0.0,0.0,0,0.0,0.0,0,0.0,0.0,0,0.0,0.0,0,0.0,0.0,1,2.195,0.289,0,0.0,0.0,0,0.0,0.0,100.0
1084,Charles Monginda Pickel,MID,Congo DR,Congo DR,2,41,0,0.0,0.0,0,0.0,0.0,1,2.195,0.289,0,0.0,0.0,22,48.293,6.367,19,41.707,5.498,0,0.0,0.0,0,0.0,0.0,0,0.0,0.0,0,0.0,0.0,5,10.976,1.447,1,2.195,0.289,1,2.195,0.289,1,2.195,0.289,0,0.0,0.0,2,4.39,0.579,1,2.195,0.289,0,0.0,0.0,86.36
97,Tomáš Chory,FWD,Czechia,Czechia,2,40,0,0.0,0.0,0,0.0,0.0,0,0.0,0.0,0,0.0,0.0,8,18.0,2.323,7,15.75,2.032,0,0.0,0.0,0,0.0,0.0,1,2.25,0.29,0,0.0,0.0,0,0.0,0.0,2,4.5,0.581,5,11.25,1.452,5,11.25,1.452,0,0.0,0.0,2,4.5,0.581,1,2.25,0.29,0,0.0,0.0,87.5
295,Lyndon John Dykes,FWD,Scotland,Scotland,2,39,0,0.0,0.0,0,0.0,0.0,1,2.308,0.291,0,0.0,0.0,11,25.385,3.204,7,16.154,2.039,1,2.308,0.291,1,2.308,0.291,0,0.0,0.0,2,4.615,0.583,1,2.308,0.291,1,2.308,0.291,3,6.923,0.874,3,6.923,0.874,1,2.308,0.291,2,4.615,0.583,0,0.0,0.0,0,0.0,0.0,63.64
687,Ali Alipour,FWD,IR Iran,IR Iran,1,39,0,0.0,0.0,0,0.0,0.0,1,2.308,0.291,0,0.0,0.0,8,18.462,2.33,4,9.231,1.165,0,0.0,0.0,3,6.923,0.874,0,0.0,0.0,2,4.615,0.583,1,2.308,0.291,2,4.615,0.583,2,4.615,0.583,1,2.308,0.291,1,2.308,0.291,1,2.308,0.291,1,2.308,0.291,0,0.0,0.0,50.0
598,Taha Abdi Ali,FWD,Sweden,Sweden,2,39,0,0.0,0.0,0,0.0,0.0,0,0.0,0.0,0,0.0,0.0,16,36.923,4.66,15,34.615,4.369,1,2.308,0.291,0,0.0,0.0,0,0.0,0.0,0,0.0,0.0,2,4.615,0.583,2,4.615,0.583,0,0.0,0.0,0,0.0,0.0,9,20.769,2.621,0,0.0,0.0,2,4.615,0.583,0,0.0,0.0,93.75
630,Axel Laurent Witsel,MID,Belgium,Belgium,2,39,0,0.0,0.0,0,0.0,0.0,0,0.0,0.0,0,0.0,0.0,9,20.769,2.621,8,18.462,2.33,0,0.0,0.0,2,4.615,0.583,0,0.0,0.0,1,2.308,0.291,0,0.0,0.0,0,0.0,0.0,1,2.308,0.291,1,2.308,0.291,0,0.0,0.0,2,4.615,0.583,1,2.308,0.291,0,0.0,0.0,88.89
17,Orbelín Pineda,MID,Mexico,Mexico,2,38,0,0.0,0.0,0,0.0,0.0,1,2.368,0.292,0,0.0,0.0,5,11.842,1.461,5,11.842,1.461,0,0.0,0.0,0,0.0,0.0,0,0.0,0.0,1,2.368,0.292,0,0.0,0.0,0,0.0,0.0,2,4.737,0.584,2,4.737,0.584,2,4.737,0.584,0,0.0,0.0,2,4.737,0.584,0,0.0,0.0,100.0
68,Jinseob Park,DEF,Korea Republic,South Korea,2,37,0,0.0,0.0,0,0.0,0.0,1,2.432,0.293,1,2.432,0.293,52,126.486,15.244,49,119.189,14.365,0,0.0,0.0,0,0.0,0.0,0,0.0,0.0,4,9.73,1.173,0,0.0,0.0,6,14.595,1.759,6,14.595,1.759,6,14.595,1.759,0,0.0,0.0,0,0.0,0.0,1,2.432,0.293,0,0.0,0.0,94.23
399,Deniz Daniel Gul,FWD,Türkiye,Türkiye,2,36,0,0.0,0.0,0,0.0,0.0,2,5.0,0.588,1,2.5,0.294,0,0.0,0.0,0,0.0,0.0,0,0.0,0.0,0,0.0,0.0,0,0.0,0.0,1,2.5,0.294,1,2.5,0.294,1,2.5,0.294,1,2.5,0.294,1,2.5,0.294,0,0.0,0.0,2,5.0,0.588,0,0.0,0.0,0,0.0,0.0,
1009,Patrick Wimmer,FWD,Austria,Austria,2,36,0,0.0,0.0,0,0.0,0.0,1,2.5,0.294,0,0.0,0.0,13,32.5,3.824,7,17.5,2.059,0,0.0,0.0,2,5.0,0.588,0,0.0,0.0,0,0.0,0.0,2,5.0,0.588,3,7.5,0.882,2,5.0,0.588,2,5.0,0.588,3,7.5,0.882,3,7.5,0.882,1,2.5,0.294,0,0.0,0.0,53.85
1010,Alexander Prass,MID,Austria,Austria,2,36,0,0.0,0.0,0,0.0,0.0,0,0.0,0.0,0,0.0,0.0,25,62.5,7.353,22,55.0,6.471,3,7.5,0.882,1,2.5,0.294,0,0.0,0.0,1,2.5,0.294,1,2.5,0.294,1,2.5,0.294,0,0.0,0.0,0,0.0,0.0,1,2.5,0.294,0,0.0,0.0,0,0.0,0.0,0,0.0,0.0,88.0
1031,Amer Saleem Saleem,DEF,Jordan,Jordan,3,35,0,0.0,0.0,0,0.0,0.0,0,0.0,0.0,0,0.0,0.0,18,46.286,5.311,12,30.857,3.541,0,0.0,0.0,3,7.714,0.885,0,0.0,0.0,4,10.286,1.18,2,5.143,0.59,2,5.143,0.59,0,0.0,0.0,0,0.0,0.0,0,0.0,0.0,1,2.571,0.295,0,0.0,0.0,0,0.0,0.0,66.67
173,Mohamed Ahmed Alganehi,MID,Qatar,Qatar,1,35,0,0.0,0.0,0,0.0,0.0,1,2.571,0.295,0,0.0,0.0,12,30.857,3.541,11,28.286,3.246,2,5.143,0.59,2,5.143,0.59,0,0.0,0.0,0,0.0,0.0,2,5.143,0.59,1,2.571,0.295,0,0.0,0.0,0,0.0,0.0,1,2.571,0.295,1,2.571,0.295,0,0.0,0.0,0,0.0,0.0,91.67
642,Joaquin Ronny Seys,DEF,Belgium,Belgium,1,35,0,0.0,0.0,0,0.0,0.0,0,0.0,0.0,0,0.0,0.0,7,18.0,2.066,7,18.0,2.066,0,0.0,0.0,1,2.571,0.295,0,0.0,0.0,5,12.857,1.475,2,5.143,0.59,1,2.571,0.295,0,0.0,0.0,0,0.0,0.0,0,0.0,0.0,0,0.0,0.0,0,0.0,0.0,0,0.0,0.0,100.0
1113,Igor Sergeev,FWD,Uzbekistan,Uzbekistan,3,34,0,0.0,0.0,0,0.0,0.0,0,0.0,0.0,0,0.0,0.0,4,10.588,1.184,4,10.588,1.184,0,0.0,0.0,0,0.0,0.0,0,0.0,0.0,0,0.0,0.0,0,0.0,0.0,0,0.0,0.0,1,2.647,0.296,1,2.647,0.296,0,0.0,0.0,0,0.0,0.0,0,0.0,0.0,1,2.647,0.296,100.0
536,Guus Berend Til,MID,Netherlands,Netherlands,1,34,0,0.0,0.0,0,0.0,0.0,0,0.0,0.0,0,0.0,0.0,8,21.176,2.368,7,18.529,2.072,0,0.0,0.0,1,2.647,0.296,1,2.647,0.296,0,0.0,0.0,1,2.647,0.296,1,2.647,0.296,0,0.0,0.0,0,0.0,0.0,1,2.647,0.296,0,0.0,0.0,0,0.0,0.0,0,0.0,0.0,87.5
425,Jamie Jaleel Jeremy Leweling,MID,Germany,Germany,1,34,0,0.0,0.0,0,0.0,0.0,1,2.647,0.296,0,0.0,0.0,14,37.059,4.145,11,29.118,3.257,3,7.941,0.888,1,2.647,0.296,0,0.0,0.0,0,0.0,0.0,0,0.0,0.0,0,0.0,0.0,0,0.0,0.0,0,0.0,0.0,2,5.294,0.592,0,0.0,0.0,0,0.0,0.0,0,0.0,0.0,78.57
34,Tshepang Moremi,FWD,South Africa,South Africa,2,34,0,0.0,0.0,1,2.647,0.296,0,0.0,0.0,0,0.0,0.0,9,23.824,2.664,6,15.882,1.776,0,0.0,0.0,1,2.647,0.296,0,0.0,0.0,1,2.647,0.296,0,0.0,0.0,0,0.0,0.0,0,0.0,0.0,0,0.0,0.0,1,2.647,0.296,1,2.647,0.296,1,2.647,0.296,0,0.0,0.0,66.67
1076,Theo Mbulofeko Batombo Bongonda,MID,Congo DR,Congo DR,2,34,0,0.0,0.0,0,0.0,0.0,1,2.647,0.296,0,0.0,0.0,13,34.412,3.849,9,23.824,2.664,2,5.294,0.592,2,5.294,0.592,1,2.647,0.296,1,2.647,0.296,2,5.294,0.592,2,5.294,0.592,1,2.647,0.296,1,2.647,0.296,4,10.588,1.184,0,0.0,0.0,1,2.647,0.296,0,0.0,0.0,69.23
427,Nick Woltemade,FWD,Germany,Germany,1,34,0,0.0,0.0,0,0.0,0.0,2,5.294,0.592,0,0.0,0.0,1,2.647,0.296,1,2.647,0.296,0,0.0,0.0,1,2.647,0.296,1,2.647,0.296,1,2.647,0.296,0,0.0,0.0,3,7.941,0.888,3,7.941,0.888,3,7.941,0.888,0,0.0,0.0,0,0.0,0.0,0,0.0,0.0,0,0.0,0.0,100.0
545,Jorrel Evan Hato,DEF,Netherlands,Netherlands,1,34,0,0.0,0.0,0,0.0,0.0,0,0.0,0.0,0,0.0,0.0,4,10.588,1.184,2,5.294,0.592,1,2.647,0.296,2,5.294,0.592,0,0.0,0.0,1,2.647,0.296,0,0.0,0.0,3,7.941,0.888,1,2.647,0.296,1,2.647,0.296,0,0.0,0.0,0,0.0,0.0,0,0.0,0.0,0,0.0,0.0,50.0
181,Alhussein Alhashmi,DEF,Qatar,Qatar,1,33,0,0.0,0.0,0,0.0,0.0,0,0.0,0.0,0,0.0,0.0,0,0.0,0.0,0,0.0,0.0,0,0.0,0.0,4,10.909,1.188,0,0.0,0.0,4,10.909,1.188,1,2.727,0.297,5,13.636,1.485,1,2.727,0.297,1,2.727,0.297,0,0.0,0.0,2,5.455,0.594,2,5.455,0.594,0,0.0,0.0,
770,SEMEDOJair Yannick,MID,Cabo Verde,Cabo Verde,2,33,0,0.0,0.0,0,0.0,0.0,1,2.727,0.297,0,0.0,0.0,35,95.455,10.396,27,73.636,8.02,2,5.455,0.594,0,0.0,0.0,0,0.0,0.0,1,2.727,0.297,3,8.182,0.891,0,0.0,0.0,0,0.0,0.0,0,0.0,0.0,0,0.0,0.0,1,2.727,0.297,1,2.727,0.297,0,0.0,0.0,77.14
899,Hasan Maknazi Ahmed Maknazi,DEF,Iraq,Iraq,1,33,0,0.0,0.0,0,0.0,0.0,0,0.0,0.0,0,0.0,0.0,5,13.636,1.485,3,8.182,0.891,0,0.0,0.0,5,13.636,1.485,0,0.0,0.0,1,2.727,0.297,1,2.727,0.297,4,10.909,1.188,2,5.455,0.594,2,5.455,0.594,2,5.455,0.594,0,0.0,0.0,0,0.0,0.0,0,0.0,0.0,60.0
897,Yousif Hashim Ali Yousif,FWD,Iraq,Iraq,1,33,0,0.0,0.0,0,0.0,0.0,0,0.0,0.0,0,0.0,0.0,4,10.909,1.188,4,10.909,1.188,0,0.0,0.0,0,0.0,0.0,0,0.0,0.0,2,5.455,0.594,0,0.0,0.0,0,0.0,0.0,2,5.455,0.594,2,5.455,0.594,0,0.0,0.0,1,2.727,0.297,0,0.0,0.0,0,0.0,0.0,100.0
139,Samed Bazdar,FWD,Bosnia and Herzegovina,Bosnia and Herzegovina,1,32,0,0.0,0.0,0,0.0,0.0,0,0.0,0.0,0,0.0,0.0,5,14.062,1.49,2,5.625,0.596,0,0.0,0.0,3,8.438,0.894,0,0.0,0.0,0,0.0,0.0,0,0.0,0.0,0,0.0,0.0,1,2.812,0.298,1,2.812,0.298,3,8.438,0.894,1,2.812,0.298,1,2.812,0.298,0,0.0,0.0,40.0
798,Mohsen Ala Alhajji,MID,Saudi Arabia,Saudi Arabia,2,31,0,0.0,0.0,0,0.0,0.0,0,0.0,0.0,0,0.0,0.0,17,49.355,5.083,16,46.452,4.784,0,0.0,0.0,0,0.0,0.0,1,2.903,0.299,0,0.0,0.0,1,2.903,0.299,2,5.806,0.598,1,2.903,0.299,1,2.903,0.299,1,2.903,0.299,0,0.0,0.0,0,0.0,0.0,0,0.0,0.0,94.12
891,Wali Faeq Youssef Amyn,MID,Iraq,Iraq,1,31,0,0.0,0.0,0,0.0,0.0,0,0.0,0.0,0,0.0,0.0,6,17.419,1.794,5,14.516,1.495,0,0.0,0.0,1,2.903,0.299,0,0.0,0.0,0,0.0,0.0,0,0.0,0.0,1,2.903,0.299,0,0.0,0.0,0,0.0,0.0,2,5.806,0.598,0,0.0,0.0,0,0.0,0.0,0,0.0,0.0,83.33
967,Zineddine Belaid,DEF,Algeria,Algeria,2,31,0,0.0,0.0,0,0.0,0.0,0,0.0,0.0,0,0.0,0.0,44,127.742,13.156,43,124.839,12.857,0,0.0,0.0,1,2.903,0.299,0,0.0,0.0,2,5.806,0.598,0,0.0,0.0,1,2.903,0.299,2,5.806,0.598,2,5.806,0.598,0,0.0,0.0,0,0.0,0.0,0,0.0,0.0,1,2.903,0.299,97.73
210,José Ederson Silva,MID,Brazil,Brazil,2,30,0,0.0,0.0,0,0.0,0.0,2,6.0,0.6,0,0.0,0.0,5,15.0,1.5,5,15.0,1.5,3,9.0,0.9,2,6.0,0.6,0,0.0,0.0,1,3.0,0.3,1,3.0,0.3,0,0.0,0.0,1,3.0,0.3,0,0.0,0.0,0,0.0,0.0,1,3.0,0.3,0,0.0,0.0,0,0.0,0.0,100.0
880,Bara Sapoko Ndiaye,MID,Senegal,Senegal,1,30,0,0.0,0.0,0,0.0,0.0,1,3.0,0.3,1,3.0,0.3,10,30.0,3.0,9,27.0,2.7,1,3.0,0.3,1,3.0,0.3,0,0.0,0.0,0,0.0,0.0,0,0.0,0.0,0,0.0,0.0,0,0.0,0.0,0,0.0,0.0,1,3.0,0.3,0,0.0,0.0,2,6.0,0.6,0,0.0,0.0,90.0
229,Henrique André Luiz,FWD,Brazil,Brazil,1,29,0,0.0,0.0,0,0.0,0.0,0,0.0,0.0,0,0.0,0.0,12,37.241,3.612,12,37.241,3.612,0,0.0,0.0,1,3.103,0.301,1,3.103,0.301,0,0.0,0.0,0,0.0,0.0,1,3.103,0.301,1,3.103,0.301,1,3.103,0.301,0,0.0,0.0,0,0.0,0.0,1,3.103,0.301,0,0.0,0.0,100.0
461,Gervane Zjandric Adonnis Kastaneer,FWD,Curaçao,Curaçao,3,29,0,0.0,0.0,0,0.0,0.0,1,3.103,0.301,0,0.0,0.0,9,27.931,2.709,7,21.724,2.107,0,0.0,0.0,3,9.31,0.903,0,0.0,0.0,1,3.103,0.301,1,3.103,0.301,1,3.103,0.301,4,12.414,1.204,4,12.414,1.204,0,0.0,0.0,2,6.207,0.602,0,0.0,0.0,0,0.0,0.0,77.78
61,Guesung Cho,FWD,Korea Republic,South Korea,2,29,0,0.0,0.0,0,0.0,0.0,2,6.207,0.602,1,3.103,0.301,7,21.724,2.107,4,12.414,1.204,0,0.0,0.0,0,0.0,0.0,0,0.0,0.0,0,0.0,0.0,0,0.0,0.0,2,6.207,0.602,2,6.207,0.602,1,3.103,0.301,0,0.0,0.0,1,3.103,0.301,0,0.0,0.0,0,0.0,0.0,57.14
705,Francis De Vries,DEF,New Zealand,New Zealand,2,29,0,0.0,0.0,0,0.0,0.0,0,0.0,0.0,0,0.0,0.0,16,49.655,4.816,7,21.724,2.107,2,6.207,0.602,0,0.0,0.0,0,0.0,0.0,0,0.0,0.0,1,3.103,0.301,1,3.103,0.301,0,0.0,0.0,0,0.0,0.0,1,3.103,0.301,0,0.0,0.0,0,0.0,0.0,0,0.0,0.0,43.75
1056,António Francisco Trincao,FWD,Portugal,Portugal,1,29,0,0.0,0.0,0,0.0,0.0,1,3.103,0.301,0,0.0,0.0,16,49.655,4.816,13,40.345,3.913,0,0.0,0.0,1,3.103,0.301,0,0.0,0.0,0,0.0,0.0,0,0.0,0.0,1,3.103,0.301,0,0.0,0.0,0,0.0,0.0,0,0.0,0.0,0,0.0,0.0,0,0.0,0.0,0,0.0,0.0,81.25
482,Oumar Diakite,FWD,Côte d'Ivoire,Côte d'Ivoire,2,29,0,0.0,0.0,0,0.0,0.0,0,0.0,0.0,0,0.0,0.0,19,58.966,5.719,17,52.759,5.117,1,3.103,0.301,2,6.207,0.602,0,0.0,0.0,0,0.0,0.0,1,3.103,0.301,2,6.207,0.602,1,3.103,0.301,1,3.103,0.301,7,21.724,2.107,0,0.0,0.0,0,0.0,0.0,0,0.0,0.0,89.47
375,Awer Bul Mabil,FWD,Australia,Australia,1,29,0,0.0,0.0,0,0.0,0.0,1,3.103,0.301,0,0.0,0.0,8,24.828,2.408,5,15.517,1.505,1,3.103,0.301,0,0.0,0.0,0,0.0,0.0,0,0.0,0.0,1,3.103,0.301,0,0.0,0.0,1,3.103,0.301,1,3.103,0.301,1,3.103,0.301,0,0.0,0.0,1,3.103,0.301,0,0.0,0.0,62.5
519,Jackson Gabriel Porozo,DEF,Ecuador,Ecuador,1,28,0,0.0,0.0,0,0.0,0.0,0,0.0,0.0,0,0.0,0.0,12,38.571,3.624,12,38.571,3.624,0,0.0,0.0,0,0.0,0.0,0,0.0,0.0,0,0.0,0.0,0,0.0,0.0,0,0.0,0.0,0,0.0,0.0,0,0.0,0.0,0,0.0,0.0,2,6.429,0.604,0,0.0,0.0,0,0.0,0.0,100.0
1011,Marco Friedl,DEF,Austria,Austria,1,28,0,0.0,0.0,0,0.0,0.0,0,0.0,0.0,0,0.0,0.0,31,99.643,9.362,30,96.429,9.06,0,0.0,0.0,0,0.0,0.0,0,0.0,0.0,0,0.0,0.0,2,6.429,0.604,1,3.214,0.302,0,0.0,0.0,0,0.0,0.0,0,0.0,0.0,0,0.0,0.0,0,0.0,0.0,0,0.0,0.0,96.77
934,Sondre Klingen Langas,DEF,Norway,Norway,1,28,0,0.0,0.0,0,0.0,0.0,0,0.0,0.0,0,0.0,0.0,10,32.143,3.02,9,28.929,2.718,0,0.0,0.0,0,0.0,0.0,0,0.0,0.0,0,0.0,0.0,0,0.0,0.0,0,0.0,0.0,0,0.0,0.0,0,0.0,0.0,0,0.0,0.0,0,0.0,0.0,0,0.0,0.0,0,0.0,0.0,90.0
510,Jordy Josue Caicedo,FWD,Ecuador,Ecuador,3,27,0,0.0,0.0,0,0.0,0.0,1,3.333,0.303,0,0.0,0.0,6,20.0,1.818,6,20.0,1.818,0,0.0,0.0,1,3.333,0.303,0,0.0,0.0,1,3.333,0.303,1,3.333,0.303,1,3.333,0.303,1,3.333,0.303,1,3.333,0.303,0,0.0,0.0,2,6.667,0.606,0,0.0,0.0,0,0.0,0.0,100.0
133,Dennis Hadzikadunic,DEF,Bosnia and Herzegovina,Bosnia and Herzegovina,1,27,0,0.0,0.0,0,0.0,0.0,0,0.0,0.0,0,0.0,0.0,10,33.333,3.03,8,26.667,2.424,0,0.0,0.0,2,6.667,0.606,1,3.333,0.303,3,10.0,0.909,0,0.0,0.0,2,6.667,0.606,0,0.0,0.0,0,0.0,0.0,0,0.0,0.0,1,3.333,0.303,0,0.0,0.0,0,0.0,0.0,80.0
24,Luis Gerardo Chavez,MID,Mexico,Mexico,1,26,0,0.0,0.0,0,0.0,0.0,0,0.0,0.0,0,0.0,0.0,28,96.923,8.514,28,96.923,8.514,1,3.462,0.304,2,6.923,0.608,0,0.0,0.0,1,3.462,0.304,2,6.923,0.608,1,3.462,0.304,0,0.0,0.0,0,0.0,0.0,1,3.462,0.304,1,3.462,0.304,0,0.0,0.0,0,0.0,0.0,100.0
980,Mohammed Elamine Amoura,FWD,Algeria,Algeria,1,26,0,0.0,0.0,0,0.0,0.0,0,0.0,0.0,0,0.0,0.0,8,27.692,2.432,7,24.231,2.128,0,0.0,0.0,1,3.462,0.304,1,3.462,0.304,0,0.0,0.0,0,0.0,0.0,1,3.462,0.304,0,0.0,0.0,0,0.0,0.0,0,0.0,0.0,1,3.462,0.304,0,0.0,0.0,0,0.0,0.0,87.5
269,Duckens Nazon,FWD,Haiti,Haiti,1,26,0,0.0,0.0,0,0.0,0.0,1,3.462,0.304,1,3.462,0.304,3,10.385,0.912,1,3.462,0.304,0,0.0,0.0,0,0.0,0.0,0,0.0,0.0,0,0.0,0.0,0,0.0,0.0,0,0.0,0.0,0,0.0,0.0,0,0.0,0.0,2,6.923,0.608,0,0.0,0.0,1,3.462,0.304,0,0.0,0.0,33.33
430,Maximilian Beier,FWD,Germany,Germany,1,26,0,0.0,0.0,0,0.0,0.0,0,0.0,0.0,0,0.0,0.0,13,45.0,3.953,6,20.769,1.824,0,0.0,0.0,1,3.462,0.304,0,0.0,0.0,0,0.0,0.0,1,3.462,0.304,1,3.462,0.304,1,3.462,0.304,1,3.462,0.304,1,3.462,0.304,1,3.462,0.304,1,3.462,0.304,0,0.0,0.0,46.15
854,Jean-Philippe Mateta,FWD,France,France,3,26,0,0.0,0.0,0,0.0,0.0,3,10.385,0.912,1,3.462,0.304,2,6.923,0.608,2,6.923,0.608,0,0.0,0.0,2,6.923,0.608,0,0.0,0.0,0,0.0,0.0,1,3.462,0.304,0,0.0,0.0,1,3.462,0.304,1,3.462,0.304,1,3.462,0.304,1,3.462,0.304,0,0.0,0.0,0,0.0,0.0,100.0
200,Eray Ervin Coemert,DEF,Switzerland,Switzerland,1,26,0,0.0,0.0,0,0.0,0.0,0,0.0,0.0,0,0.0,0.0,5,17.308,1.52,5,17.308,1.52,0,0.0,0.0,2,6.923,0.608,1,3.462,0.304,2,6.923,0.608,0,0.0,0.0,1,3.462,0.304,0,0.0,0.0,0,0.0,0.0,0,0.0,0.0,0,0.0,0.0,0,0.0,0.0,0,0.0,0.0,100.0
527,Justin Dean Kluivert,MID,Netherlands,Netherlands,2,25,0,0.0,0.0,0,0.0,0.0,0,0.0,0.0,0,0.0,0.0,7,25.2,2.136,7,25.2,2.136,1,3.6,0.305,0,0.0,0.0,0,0.0,0.0,0,0.0,0.0,0,0.0,0.0,0,0.0,0.0,1,3.6,0.305,1,3.6,0.305,0,0.0,0.0,0,0.0,0.0,2,7.2,0.61,0,0.0,0.0,100.0
988,Samir Sophian Chergui,DEF,Algeria,Algeria,1,25,0,0.0,0.0,0,0.0,0.0,0,0.0,0.0,0,0.0,0.0,24,86.4,7.322,23,82.8,7.017,0,0.0,0.0,0,0.0,0.0,0,0.0,0.0,1,3.6,0.305,0,0.0,0.0,0,0.0,0.0,0,0.0,0.0,0,0.0,0.0,0,0.0,0.0,0,0.0,0.0,0,0.0,0.0,0,0.0,0.0,95.83
390,Tete Owen Yengi,FWD,Australia,Australia,2,24,0,0.0,0.0,0,0.0,0.0,1,3.75,0.306,1,3.75,0.306,5,18.75,1.531,3,11.25,0.918,1,3.75,0.306,3,11.25,0.918,0,0.0,0.0,0,0.0,0.0,1,3.75,0.306,4,15.0,1.224,4,15.0,1.224,4,15.0,1.224,1,3.75,0.306,3,11.25,0.918,0,0.0,0.0,0,0.0,0.0,60.0
692,Mahdi Torabi,MID,IR Iran,IR Iran,1,24,0,0.0,0.0,0,0.0,0.0,0,0.0,0.0,0,0.0,0.0,20,75.0,6.122,17,63.75,5.204,2,7.5,0.612,4,15.0,1.224,1,3.75,0.306,0,0.0,0.0,1,3.75,0.306,1,3.75,0.306,0,0.0,0.0,0,0.0,0.0,0,0.0,0.0,0,0.0,0.0,0,0.0,0.0,0,0.0,0.0,85.0
636,Senne Lammens,GK,Belgium,Belgium,1,24,0,0.0,0.0,0,0.0,0.0,0,0.0,0.0,0,0.0,0.0,13,48.75,3.98,6,22.5,1.837,0,0.0,0.0,0,0.0,0.0,0,0.0,0.0,0,0.0,0.0,0,0.0,0.0,2,7.5,0.612,0,0.0,0.0,0,0.0,0.0,0,0.0,0.0,0,0.0,0.0,0,0.0,0.0,0,0.0,0.0,46.15
37,Themba Zwane,MID,South Africa,South Africa,1,23,0,0.0,0.0,0,0.0,0.0,0,0.0,0.0,0,0.0,0.0,7,27.391,2.15,5,19.565,1.536,0,0.0,0.0,1,3.913,0.307,0,0.0,0.0,0,0.0,0.0,0,0.0,0.0,1,3.913,0.307,0,0.0,0.0,0,0.0,0.0,0,0.0,0.0,1,3.913,0.307,0,0.0,0.0,0,0.0,0.0,71.43
909,Saadoon Abbood Mustafa,DEF,Iraq,Iraq,1,23,0,0.0,0.0,0,0.0,0.0,0,0.0,0.0,0,0.0,0.0,1,3.913,0.307,1,3.913,0.307,0,0.0,0.0,2,7.826,0.614,0,0.0,0.0,1,3.913,0.307,0,0.0,0.0,2,7.826,0.614,0,0.0,0.0,0,0.0,0.0,0,0.0,0.0,2,7.826,0.614,0,0.0,0.0,0,0.0,0.0,100.0
904,Hazar Anwar Aimar,MID,Iraq,Iraq,1,23,0,0.0,0.0,0,0.0,0.0,0,0.0,0.0,0,0.0,0.0,22,86.087,6.758,20,78.261,6.143,1,3.913,0.307,1,3.913,0.307,1,3.913,0.307,0,0.0,0.0,1,3.913,0.307,1,3.913,0.307,0,0.0,0.0,0,0.0,0.0,1,3.913,0.307,0,0.0,0.0,0,0.0,0.0,0,0.0,0.0,90.91
610,Ahmed Mortadha Ben Ouanes,DEF,Tunisia,Tunisia,1,23,0,0.0,0.0,0,0.0,0.0,0,0.0,0.0,0,0.0,0.0,4,15.652,1.229,3,11.739,0.922,0,0.0,0.0,2,7.826,0.614,0,0.0,0.0,0,0.0,0.0,0,0.0,0.0,0,0.0,0.0,0,0.0,0.0,0,0.0,0.0,0,0.0,0.0,0,0.0,0.0,1,3.913,0.307,0,0.0,0.0,75.0
903,Yakob William Kevin Yakob,MID,Iraq,Iraq,1,23,0,0.0,0.0,0,0.0,0.0,1,3.913,0.307,0,0.0,0.0,12,46.957,3.686,9,35.217,2.765,0,0.0,0.0,2,7.826,0.614,0,0.0,0.0,0,0.0,0.0,4,15.652,1.229,1,3.913,0.307,0,0.0,0.0,0,0.0,0.0,2,7.826,0.614,1,3.913,0.307,0,0.0,0.0,0,0.0,0.0,75.0
944,Valentin Barco,MID,Argentina,Argentina,1,23,0,0.0,0.0,0,0.0,0.0,0,0.0,0.0,0,0.0,0.0,20,78.261,6.143,17,66.522,5.222,0,0.0,0.0,1,3.913,0.307,0,0.0,0.0,0,0.0,0.0,0,0.0,0.0,0,0.0,0.0,0,0.0,0.0,0,0.0,0.0,0,0.0,0.0,0,0.0,0.0,1,3.913,0.307,0,0.0,0.0,85.0
957,Jose Manuel Alberto Lopez,FWD,Argentina,Argentina,2,23,0,0.0,0.0,1,3.913,0.307,1,3.913,0.307,0,0.0,0.0,2,7.826,0.614,2,7.826,0.614,0,0.0,0.0,4,15.652,1.229,0,0.0,0.0,2,7.826,0.614,0,0.0,0.0,0,0.0,0.0,1,3.913,0.307,1,3.913,0.307,2,7.826,0.614,1,3.913,0.307,0,0.0,0.0,0,0.0,0.0,100.0
358,Braian Oscar Ojeda,MID,Paraguay,Paraguay,1,23,0,0.0,0.0,0,0.0,0.0,0,0.0,0.0,0,0.0,0.0,7,27.391,2.15,6,23.478,1.843,0,0.0,0.0,1,3.913,0.307,0,0.0,0.0,1,3.913,0.307,1,3.913,0.307,0,0.0,0.0,0,0.0,0.0,0,0.0,0.0,0,0.0,0.0,0,0.0,0.0,0,0.0,0.0,0,0.0,0.0,85.71
1112,Azizbek Amonov,FWD,Uzbekistan,Uzbekistan,1,22,0,0.0,0.0,0,0.0,0.0,1,4.091,0.308,0,0.0,0.0,6,24.545,1.849,5,20.455,1.541,1,4.091,0.308,0,0.0,0.0,0,0.0,0.0,0,0.0,0.0,0,0.0,0.0,0,0.0,0.0,1,4.091,0.308,1,4.091,0.308,2,8.182,0.616,0,0.0,0.0,0,0.0,0.0,0,0.0,0.0,83.33
1123,Kevin Duvan Castano,MID,Colombia,Colombia,2,22,0,0.0,0.0,0,0.0,0.0,0,0.0,0.0,0,0.0,0.0,14,57.273,4.315,14,57.273,4.315,0,0.0,0.0,0,0.0,0.0,1,4.091,0.308,0,0.0,0.0,2,8.182,0.616,1,4.091,0.308,0,0.0,0.0,0,0.0,0.0,0,0.0,0.0,0,0.0,0.0,0,0.0,0.0,0,0.0,0.0,100.0
338,Alejandro Zendejas,FWD,USA,USA,1,22,0,0.0,0.0,0,0.0,0.0,1,4.091,0.308,0,0.0,0.0,7,28.636,2.158,6,24.545,1.849,1,4.091,0.308,3,12.273,0.925,0,0.0,0.0,0,0.0,0.0,1,4.091,0.308,0,0.0,0.0,0,0.0,0.0,0,0.0,0.0,1,4.091,0.308,1,4.091,0.308,0,0.0,0.0,0,0.0,0.0,85.71
1064,Samuel Samu Costa,DEF,Portugal,Portugal,1,22,0,0.0,0.0,0,0.0,0.0,0,0.0,0.0,0,0.0,0.0,11,45.0,3.39,11,45.0,3.39,0,0.0,0.0,2,8.182,0.616,0,0.0,0.0,1,4.091,0.308,0,0.0,0.0,1,4.091,0.308,1,4.091,0.308,1,4.091,0.308,1,4.091,0.308,0,0.0,0.0,0,0.0,0.0,0,0.0,0.0,100.0
1033,Ahmad Salameh Saed,DEF,Jordan,Jordan,1,21,0,0.0,0.0,0,0.0,0.0,0,0.0,0.0,0,0.0,0.0,13,55.714,4.021,12,51.429,3.711,0,0.0,0.0,0,0.0,0.0,0,0.0,0.0,3,12.857,0.928,0,0.0,0.0,0,0.0,0.0,1,4.286,0.309,1,4.286,0.309,0,0.0,0.0,0,0.0,0.0,0,0.0,0.0,0,0.0,0.0,92.31
732,Eric Garcia,DEF,Spain,Spain,1,21,0,0.0,0.0,0,0.0,0.0,0,0.0,0.0,0,0.0,0.0,11,47.143,3.402,10,42.857,3.093,0,0.0,0.0,0,0.0,0.0,0,0.0,0.0,1,4.286,0.309,0,0.0,0.0,2,8.571,0.619,2,8.571,0.619,2,8.571,0.619,0,0.0,0.0,1,4.286,0.309,0,0.0,0.0,0,0.0,0.0,90.91
746,Martin Zubimendi,MID,Spain,Spain,1,21,0,0.0,0.0,0,0.0,0.0,0,0.0,0.0,0,0.0,0.0,24,102.857,7.423,22,94.286,6.804,0,0.0,0.0,2,8.571,0.619,0,0.0,0.0,1,4.286,0.309,1,4.286,0.309,1,4.286,0.309,3,12.857,0.928,2,8.571,0.619,0,0.0,0.0,0,0.0,0.0,0,0.0,0.0,0,0.0,0.0,91.67
591,Mattias Olof Svanberg,MID,Sweden,Sweden,2,20,1,4.5,0.31,0,0.0,0.0,3,13.5,0.931,2,9.0,0.621,7,31.5,2.172,7,31.5,2.172,0,0.0,0.0,1,4.5,0.31,1,4.5,0.31,1,4.5,0.31,0,0.0,0.0,2,9.0,0.621,0,0.0,0.0,0,0.0,0.0,0,0.0,0.0,0,0.0,0.0,1,4.5,0.31,0,0.0,0.0,100.0
490,Evann Ludovic Vidjannagni Guessand,FWD,Côte d'Ivoire,Côte d'Ivoire,2,20,0,0.0,0.0,0,0.0,0.0,1,4.5,0.31,0,0.0,0.0,5,22.5,1.552,4,18.0,1.241,0,0.0,0.0,0,0.0,0.0,0,0.0,0.0,0,0.0,0.0,1,4.5,0.31,1,4.5,0.31,2,9.0,0.621,2,9.0,0.621,1,4.5,0.31,1,4.5,0.31,0,0.0,0.0,0,0.0,0.0,80.0
1191,Luka Sucic,MID,Croatia,Croatia,1,20,0,0.0,0.0,0,0.0,0.0,1,4.5,0.31,0,0.0,0.0,3,13.5,0.931,1,4.5,0.31,0,0.0,0.0,3,13.5,0.931,1,4.5,0.31,0,0.0,0.0,0,0.0,0.0,3,13.5,0.931,1,4.5,0.31,1,4.5,0.31,0,0.0,0.0,0,0.0,0.0,0,0.0,0.0,0,0.0,0.0,33.33
504,Ray Kendry Paez,MID,Ecuador,Ecuador,1,20,0,0.0,0.0,0,0.0,0.0,0,0.0,0.0,0,0.0,0.0,10,45.0,3.103,9,40.5,2.793,0,0.0,0.0,2,9.0,0.621,0,0.0,0.0,0,0.0,0.0,1,4.5,0.31,0,0.0,0.0,1,4.5,0.31,1,4.5,0.31,1,4.5,0.31,1,4.5,0.31,0,0.0,0.0,0,0.0,0.0,90.0
153,Haris Tabakovic,FWD,Bosnia and Herzegovina,Bosnia and Herzegovina,1,20,0,0.0,0.0,0,0.0,0.0,0,0.0,0.0,0,0.0,0.0,1,4.5,0.31,1,4.5,0.31,0,0.0,0.0,0,0.0,0.0,0,0.0,0.0,0,0.0,0.0,0,0.0,0.0,0,0.0,0.0,0,0.0,0.0,0,0.0,0.0,0,0.0,0.0,0,0.0,0.0,0,0.0,0.0,0,0.0,0.0,100.0
201,Noah Arinzechukwu Okafor,FWD,Switzerland,Switzerland,1,20,0,0.0,0.0,0,0.0,0.0,1,4.5,0.31,0,0.0,0.0,9,40.5,2.793,7,31.5,2.172,0,0.0,0.0,3,13.5,0.931,0,0.0,0.0,0,0.0,0.0,0,0.0,0.0,1,4.5,0.31,1,4.5,0.31,1,4.5,0.31,2,9.0,0.621,0,0.0,0.0,0,0.0,0.0,0,0.0,0.0,77.78
345,Ramón Sosa,MID,Paraguay,Paraguay,1,19,0,0.0,0.0,0,0.0,0.0,0,0.0,0.0,0,0.0,0.0,3,14.211,0.934,3,14.211,0.934,0,0.0,0.0,1,4.737,0.311,0,0.0,0.0,1,4.737,0.311,0,0.0,0.0,0,0.0,0.0,0,0.0,0.0,0,0.0,0.0,1,4.737,0.311,0,0.0,0.0,1,4.737,0.311,0,0.0,0.0,100.0
355,Alejandro Sebastian Romero Gamarra,FWD,Paraguay,Paraguay,1,19,0,0.0,0.0,0,0.0,0.0,0,0.0,0.0,0,0.0,0.0,10,47.368,3.114,6,28.421,1.869,0,0.0,0.0,3,14.211,0.934,0,0.0,0.0,0,0.0,0.0,0,0.0,0.0,0,0.0,0.0,0,0.0,0.0,0,0.0,0.0,0,0.0,0.0,1,4.737,0.311,1,4.737,0.311,0,0.0,0.0,60.0
72,Hyunjun Yang,MID,Korea Republic,South Korea,1,19,0,0.0,0.0,0,0.0,0.0,1,4.737,0.311,1,4.737,0.311,13,61.579,4.048,9,42.632,2.803,0,0.0,0.0,3,14.211,0.934,0,0.0,0.0,1,4.737,0.311,0,0.0,0.0,0,0.0,0.0,0,0.0,0.0,0,0.0,0.0,0,0.0,0.0,1,4.737,0.311,0,0.0,0.0,1,4.737,0.311,69.23
478,Simon Adingra,FWD,Côte d'Ivoire,Côte d'Ivoire,1,19,0,0.0,0.0,0,0.0,0.0,0,0.0,0.0,0,0.0,0.0,10,47.368,3.114,9,42.632,2.803,1,4.737,0.311,0,0.0,0.0,0,0.0,0.0,0,0.0,0.0,0,0.0,0.0,0,0.0,0.0,0,0.0,0.0,0,0.0,0.0,1,4.737,0.311,0,0.0,0.0,0,0.0,0.0,0,0.0,0.0,90.0
552,Shuto Machino,FWD,Japan,Japan,1,19,0,0.0,0.0,0,0.0,0.0,0,0.0,0.0,0,0.0,0.0,4,18.947,1.246,3,14.211,0.934,1,4.737,0.311,0,0.0,0.0,0,0.0,0.0,0,0.0,0.0,0,0.0,0.0,0,0.0,0.0,0,0.0,0.0,0,0.0,0.0,1,4.737,0.311,1,4.737,0.311,0,0.0,0.0,0,0.0,0.0,75.0
147,Dzenis Burnic,MID,Bosnia and Herzegovina,Bosnia and Herzegovina,2,18,0,0.0,0.0,0,0.0,0.0,1,5.0,0.312,0,0.0,0.0,8,40.0,2.5,7,35.0,2.188,0,0.0,0.0,0,0.0,0.0,1,5.0,0.312,0,0.0,0.0,0,0.0,0.0,2,10.0,0.625,0,0.0,0.0,0,0.0,0.0,0,0.0,0.0,0,0.0,0.0,0,0.0,0.0,0,0.0,0.0,87.5
894,Ali Kadhim Mohanad Ali,FWD,Iraq,Iraq,1,18,0,0.0,0.0,0,0.0,0.0,0,0.0,0.0,0,0.0,0.0,2,10.0,0.625,1,5.0,0.312,0,0.0,0.0,1,5.0,0.312,0,0.0,0.0,0,0.0,0.0,0,0.0,0.0,0,0.0,0.0,0,0.0,0.0,0,0.0,0.0,0,0.0,0.0,0,0.0,0.0,0,0.0,0.0,0,0.0,0.0,50.0
175,Ali Zainelabdeen Almoez,FWD,Qatar,Qatar,1,18,0,0.0,0.0,0,0.0,0.0,1,5.0,0.312,1,5.0,0.312,3,15.0,0.938,2,10.0,0.625,0,0.0,0.0,0,0.0,0.0,0,0.0,0.0,0,0.0,0.0,0,0.0,0.0,0,0.0,0.0,1,5.0,0.312,1,5.0,0.312,0,0.0,0.0,0,0.0,0.0,0,0.0,0.0,0,0.0,0.0,66.67
1020,Rasem Adel Amer Jamous,MID,Jordan,Jordan,1,18,0,0.0,0.0,0,0.0,0.0,0,0.0,0.0,0,0.0,0.0,4,20.0,1.25,4,20.0,1.25,0,0.0,0.0,1,5.0,0.312,0,0.0,0.0,0,0.0,0.0,0,0.0,0.0,0,0.0,0.0,0,0.0,0.0,0,0.0,0.0,0,0.0,0.0,1,5.0,0.312,0,0.0,0.0,0,0.0,0.0,100.0
255,Ayoube Amaimouni,FWD,Morocco,Morocco,2,17,0,0.0,0.0,0,0.0,0.0,2,10.588,0.627,1,5.294,0.314,9,47.647,2.822,8,42.353,2.509,1,5.294,0.314,1,5.294,0.314,0,0.0,0.0,0,0.0,0.0,1,5.294,0.314,1,5.294,0.314,0,0.0,0.0,0,0.0,0.0,6,31.765,1.882,1,5.294,0.314,0,0.0,0.0,0,0.0,0.0,88.89
694,Amirhossein Hosseinzadeh,FWD,IR Iran,IR Iran,2,17,0,0.0,0.0,0,0.0,0.0,1,5.294,0.314,0,0.0,0.0,14,74.118,4.39,10,52.941,3.136,0,0.0,0.0,4,21.176,1.254,0,0.0,0.0,0,0.0,0.0,1,5.294,0.314,3,15.882,0.941,0,0.0,0.0,0,0.0,0.0,2,10.588,0.627,0,0.0,0.0,0,0.0,0.0,0,0.0,0.0,71.43
429,Pascal Alexander GROß GROß Gross,MID,Germany,Germany,1,17,0,0.0,0.0,0,0.0,0.0,1,5.294,0.314,0,0.0,0.0,14,74.118,4.39,14,74.118,4.39,1,5.294,0.314,1,5.294,0.314,0,0.0,0.0,0,0.0,0.0,1,5.294,0.314,0,0.0,0.0,0,0.0,0.0,0,0.0,0.0,1,5.294,0.314,1,5.294,0.314,0,0.0,0.0,0,0.0,0.0,100.0
123,Alphonso Boyle Davies,DEF,Canada,Canada,1,17,0,0.0,0.0,0,0.0,0.0,0,0.0,0.0,0,0.0,0.0,18,95.294,5.645,14,74.118,4.39,1,5.294,0.314,0,0.0,0.0,0,0.0,0.0,0,0.0,0.0,0,0.0,0.0,0,0.0,0.0,0,0.0,0.0,0,0.0,0.0,4,21.176,1.254,0,0.0,0.0,0,0.0,0.0,0,0.0,0.0,77.78
14,Armando Gonzalez,FWD,Mexico,Mexico,1,16,0,0.0,0.0,0,0.0,0.0,0,0.0,0.0,0,0.0,0.0,1,5.625,0.315,1,5.625,0.315,0,0.0,0.0,0,0.0,0.0,0,0.0,0.0,0,0.0,0.0,1,5.625,0.315,0,0.0,0.0,0,0.0,0.0,0,0.0,0.0,0,0.0,0.0,1,5.625,0.315,0,0.0,0.0,0,0.0,0.0,100.0
982,Adil Boulbina,FWD,Algeria,Algeria,2,16,0,0.0,0.0,0,0.0,0.0,0,0.0,0.0,0,0.0,0.0,19,106.875,5.979,16,90.0,5.035,0,0.0,0.0,0,0.0,0.0,0,0.0,0.0,0,0.0,0.0,0,0.0,0.0,0,0.0,0.0,1,5.625,0.315,1,5.625,0.315,2,11.25,0.629,0,0.0,0.0,0,0.0,0.0,1,5.625,0.315,84.21
446,Róshón Felix Romar Jordan Van Eijma,DEF,Curaçao,Curaçao,1,16,0,0.0,0.0,0,0.0,0.0,0,0.0,0.0,0,0.0,0.0,1,5.625,0.315,1,5.625,0.315,0,0.0,0.0,2,11.25,0.629,0,0.0,0.0,1,5.625,0.315,1,5.625,0.315,2,11.25,0.629,1,5.625,0.315,1,5.625,0.315,0,0.0,0.0,0,0.0,0.0,0,0.0,0.0,0,0.0,0.0,100.0
456,Kenji Joël Gorre,FWD,Curaçao,Curaçao,1,16,0,0.0,0.0,0,0.0,0.0,0,0.0,0.0,0,0.0,0.0,2,11.25,0.629,0,0.0,0.0,0,0.0,0.0,1,5.625,0.315,0,0.0,0.0,0,0.0,0.0,1,5.625,0.315,0,0.0,0.0,0,0.0,0.0,0,0.0,0.0,0,0.0,0.0,0,0.0,0.0,0,0.0,0.0,0,0.0,0.0,0.0
13,Francisco Guillermo Ochoa,GK,Mexico,Mexico,1,16,0,0.0,0.0,0,0.0,0.0,0,0.0,0.0,0,0.0,0.0,9,50.625,2.832,4,22.5,1.259,0,0.0,0.0,0,0.0,0.0,0,0.0,0.0,0,0.0,0.0,0,0.0,0.0,0,0.0,0.0,0,0.0,0.0,0,0.0,0.0,0,0.0,0.0,0,0.0,0.0,0,0.0,0.0,0,0.0,0.0,44.44
247,Zakaria El Ouahdi,DEF,Morocco,Morocco,1,16,0,0.0,0.0,0,0.0,0.0,0,0.0,0.0,0,0.0,0.0,14,78.75,4.406,14,78.75,4.406,0,0.0,0.0,1,5.625,0.315,0,0.0,0.0,1,5.625,0.315,1,5.625,0.315,2,11.25,0.629,0,0.0,0.0,0,0.0,0.0,1,5.625,0.315,1,5.625,0.315,1,5.625,0.315,0,0.0,0.0,100.0
726,Callan Rennie Elliot,DEF,New Zealand,New Zealand,1,15,0,0.0,0.0,0,0.0,0.0,0,0.0,0.0,0,0.0,0.0,6,36.0,1.895,4,24.0,1.263,0,0.0,0.0,1,6.0,0.316,0,0.0,0.0,2,12.0,0.632,5,30.0,1.579,2,12.0,0.632,1,6.0,0.316,1,6.0,0.316,0,0.0,0.0,0,0.0,0.0,0,0.0,0.0,0,0.0,0.0,66.67
656,Abdelmoneim Elsayed Mohamed,DEF,Egypt,Egypt,2,15,0,0.0,0.0,0,0.0,0.0,0,0.0,0.0,0,0.0,0.0,14,84.0,4.421,14,84.0,4.421,0,0.0,0.0,1,6.0,0.316,1,6.0,0.316,1,6.0,0.316,0,0.0,0.0,3,18.0,0.947,0,0.0,0.0,0,0.0,0.0,0,0.0,0.0,1,6.0,0.316,0,0.0,0.0,0,0.0,0.0,100.0
551,Yuto Nagatomo,DEF,Japan,Japan,1,15,0,0.0,0.0,0,0.0,0.0,0,0.0,0.0,0,0.0,0.0,5,30.0,1.579,3,18.0,0.947,1,6.0,0.316,0,0.0,0.0,2,12.0,0.632,2,12.0,0.632,1,6.0,0.316,3,18.0,0.947,1,6.0,0.316,1,6.0,0.316,0,0.0,0.0,0,0.0,0.0,0,0.0,0.0,0,0.0,0.0,60.0
585,Ken Sema,MID,Sweden,Sweden,1,15,0,0.0,0.0,0,0.0,0.0,1,6.0,0.316,0,0.0,0.0,3,18.0,0.947,3,18.0,0.947,0,0.0,0.0,1,6.0,0.316,0,0.0,0.0,0,0.0,0.0,1,6.0,0.316,1,6.0,0.316,0,0.0,0.0,0,0.0,0.0,1,6.0,0.316,0,0.0,0.0,1,6.0,0.316,0,0.0,0.0,100.0
311,Findlay Kenneth Curtis,FWD,Scotland,Scotland,2,14,0,0.0,0.0,0,0.0,0.0,0,0.0,0.0,0,0.0,0.0,2,12.857,0.634,2,12.857,0.634,2,12.857,0.634,0,0.0,0.0,0,0.0,0.0,0,0.0,0.0,1,6.429,0.317,0,0.0,0.0,0,0.0,0.0,0,0.0,0.0,2,12.857,0.634,1,6.429,0.317,0,0.0,0.0,0,0.0,0.0,100.0
1039,Ratib Mohammad Mohammad Aldaoud,MID,Jordan,Jordan,1,14,0,0.0,0.0,0,0.0,0.0,0,0.0,0.0,0,0.0,0.0,5,32.143,1.585,2,12.857,0.634,0,0.0,0.0,0,0.0,0.0,0,0.0,0.0,1,6.429,0.317,2,12.857,0.634,1,6.429,0.317,1,6.429,0.317,1,6.429,0.317,1,6.429,0.317,0,0.0,0.0,0,0.0,0.0,0,0.0,0.0,40.0
394,Ça ğ lar Soyuncu,DEF,Türkiye,Türkiye,1,14,0,0.0,0.0,0,0.0,0.0,0,0.0,0.0,0,0.0,0.0,4,25.714,1.268,3,19.286,0.951,0,0.0,0.0,0,0.0,0.0,0,0.0,0.0,1,6.429,0.317,1,6.429,0.317,0,0.0,0.0,0,0.0,0.0,0,0.0,0.0,0,0.0,0.0,0,0.0,0.0,0,0.0,0.0,0,0.0,0.0,75.0
10,Ernesto Alexis Vega,FWD,Mexico,Mexico,1,13,0,0.0,0.0,0,0.0,0.0,0,0.0,0.0,0,0.0,0.0,10,69.231,3.18,10,69.231,3.18,1,6.923,0.318,0,0.0,0.0,0,0.0,0.0,0,0.0,0.0,0,0.0,0.0,0,0.0,0.0,0,0.0,0.0,0,0.0,0.0,1,6.923,0.318,0,0.0,0.0,0,0.0,0.0,0,0.0,0.0,100.0
125,Jonathan Osorio,MID,Canada,Canada,2,13,0,0.0,0.0,0,0.0,0.0,1,6.923,0.318,0,0.0,0.0,9,62.308,2.862,6,41.538,1.908,0,0.0,0.0,1,6.923,0.318,0,0.0,0.0,2,13.846,0.636,0,0.0,0.0,0,0.0,0.0,0,0.0,0.0,0,0.0,0.0,1,6.923,0.318,0,0.0,0.0,1,6.923,0.318,0,0.0,0.0,66.67
867,Ahmadou Bamba Mbacke Dieng,FWD,Senegal,Senegal,1,13,0,0.0,0.0,0,0.0,0.0,0,0.0,0.0,0,0.0,0.0,3,20.769,0.954,3,20.769,0.954,0,0.0,0.0,0,0.0,0.0,0,0.0,0.0,0,0.0,0.0,0,0.0,0.0,0,0.0,0.0,0,0.0,0.0,0,0.0,0.0,0,0.0,0.0,0,0.0,0.0,0,0.0,0.0,0,0.0,0.0,100.0
455,Tyrese Yurvencey Noslin,FWD,Curaçao,Curaçao,1,13,0,0.0,0.0,0,0.0,0.0,0,0.0,0.0,0,0.0,0.0,9,62.308,2.862,5,34.615,1.59,3,20.769,0.954,0,0.0,0.0,0,0.0,0.0,0,0.0,0.0,0,0.0,0.0,0,0.0,0.0,0,0.0,0.0,0,0.0,0.0,0,0.0,0.0,0,0.0,0.0,2,13.846,0.636,0,0.0,0.0,55.56
472,Jean Michael Seri,MID,Côte d'Ivoire,Côte d'Ivoire,1,13,0,0.0,0.0,0,0.0,0.0,0,0.0,0.0,0,0.0,0.0,17,117.692,5.406,16,110.769,5.088,3,20.769,0.954,0,0.0,0.0,0,0.0,0.0,1,6.923,0.318,1,6.923,0.318,1,6.923,0.318,1,6.923,0.318,1,6.923,0.318,0,0.0,0.0,0,0.0,0.0,0,0.0,0.0,0,0.0,0.0,94.12
91,Mojmír Chytil,FWD,Czechia,Czechia,1,12,0,0.0,0.0,0,0.0,0.0,0,0.0,0.0,0,0.0,0.0,2,15.0,0.638,2,15.0,0.638,0,0.0,0.0,0,0.0,0.0,0,0.0,0.0,0,0.0,0.0,0,0.0,0.0,0,0.0,0.0,0,0.0,0.0,0,0.0,0.0,0,0.0,0.0,1,7.5,0.319,0,0.0,0.0,0,0.0,0.0,100.0
80,David Zima,DEF,Czechia,Czechia,1,12,0,0.0,0.0,0,0.0,0.0,0,0.0,0.0,0,0.0,0.0,7,52.5,2.234,6,45.0,1.915,0,0.0,0.0,0,0.0,0.0,0,0.0,0.0,0,0.0,0.0,2,15.0,0.638,2,15.0,0.638,2,15.0,0.638,2,15.0,0.638,0,0.0,0.0,0,0.0,0.0,0,0.0,0.0,0,0.0,0.0,85.71
146,Amir Hadziahmetovic,MID,Bosnia and Herzegovina,Bosnia and Herzegovina,1,12,0,0.0,0.0,0,0.0,0.0,0,0.0,0.0,0,0.0,0.0,3,22.5,0.957,3,22.5,0.957,1,7.5,0.319,0,0.0,0.0,0,0.0,0.0,0,0.0,0.0,0,0.0,0.0,0,0.0,0.0,0,0.0,0.0,0,0.0,0.0,0,0.0,0.0,0,0.0,0.0,0,0.0,0.0,0,0.0,0.0,100.0
310,Anthony Ralston,DEF,Scotland,Scotland,2,12,0,0.0,0.0,0,0.0,0.0,1,7.5,0.319,1,7.5,0.319,5,37.5,1.596,5,37.5,1.596,1,7.5,0.319,2,15.0,0.638,0,0.0,0.0,2,15.0,0.638,1,7.5,0.319,0,0.0,0.0,0,0.0,0.0,0,0.0,0.0,1,7.5,0.319,2,15.0,0.638,0,0.0,0.0,0,0.0,0.0,100.0
563,Yuito Suzuki,MID,Japan,Japan,1,12,0,0.0,0.0,0,0.0,0.0,0,0.0,0.0,0,0.0,0.0,4,30.0,1.277,4,30.0,1.277,0,0.0,0.0,0,0.0,0.0,0,0.0,0.0,0,0.0,0.0,0,0.0,0.0,0,0.0,0.0,0,0.0,0.0,0,0.0,0.0,3,22.5,0.957,0,0.0,0.0,0,0.0,0.0,0,0.0,0.0,100.0
933,Jens Petter Hauge,MID,Norway,Norway,1,11,0,0.0,0.0,0,0.0,0.0,0,0.0,0.0,0,0.0,0.0,3,24.545,0.961,2,16.364,0.641,0,0.0,0.0,0,0.0,0.0,0,0.0,0.0,0,0.0,0.0,0,0.0,0.0,0,0.0,0.0,0,0.0,0.0,0,0.0,0.0,0,0.0,0.0,0,0.0,0.0,0,0.0,0.0,0,0.0,0.0,66.67
130,Jayden Nelson,FWD,Canada,Canada,1,11,0,0.0,0.0,0,0.0,0.0,1,8.182,0.32,0,0.0,0.0,8,65.455,2.562,6,49.091,1.922,0,0.0,0.0,0,0.0,0.0,0,0.0,0.0,1,8.182,0.32,1,8.182,0.32,1,8.182,0.32,0,0.0,0.0,0,0.0,0.0,3,24.545,0.961,0,0.0,0.0,0,0.0,0.0,0,0.0,0.0,75.0
239,Marwane Saadane,DEF,Morocco,Morocco,1,11,0,0.0,0.0,0,0.0,0.0,0,0.0,0.0,0,0.0,0.0,0,0.0,0.0,0,0.0,0.0,0,0.0,0.0,0,0.0,0.0,0,0.0,0.0,2,16.364,0.641,0,0.0,0.0,1,8.182,0.32,1,8.182,0.32,1,8.182,0.32,0,0.0,0.0,0,0.0,0.0,1,8.182,0.32,0,0.0,0.0,
279,Yassin Enzo Fortune,FWD,Haiti,Haiti,1,10,0,0.0,0.0,0,0.0,0.0,0,0.0,0.0,0,0.0,0.0,5,45.0,1.607,5,45.0,1.607,0,0.0,0.0,0,0.0,0.0,0,0.0,0.0,0,0.0,0.0,0,0.0,0.0,0,0.0,0.0,0,0.0,0.0,0,0.0,0.0,1,9.0,0.321,0,0.0,0.0,1,9.0,0.321,0,0.0,0.0,100.0
412,Kaan Ayhan,MID,Türkiye,Türkiye,1,10,1,9.0,0.321,0,0.0,0.0,1,9.0,0.321,1,9.0,0.321,3,27.0,0.964,1,9.0,0.321,0,0.0,0.0,0,0.0,0.0,0,0.0,0.0,0,0.0,0.0,0,0.0,0.0,0,0.0,0.0,0,0.0,0.0,0,0.0,0.0,0,0.0,0.0,0,0.0,0.0,0,0.0,0.0,0,0.0,0.0,33.33
523,Marten Elco De Roon,MID,Netherlands,Netherlands,1,10,0,0.0,0.0,0,0.0,0.0,0,0.0,0.0,0,0.0,0.0,1,9.0,0.321,1,9.0,0.321,0,0.0,0.0,0,0.0,0.0,0,0.0,0.0,0,0.0,0.0,0,0.0,0.0,0,0.0,0.0,0,0.0,0.0,0,0.0,0.0,0,0.0,0.0,0,0.0,0.0,0,0.0,0.0,0,0.0,0.0,100.0
1242,Anibal Casis Godoy,MID,Panama,Panama,1,9,0,0.0,0.0,0,0.0,0.0,0,0.0,0.0,0,0.0,0.0,8,80.0,2.581,8,80.0,2.581,1,10.0,0.323,0,0.0,0.0,0,0.0,0.0,0,0.0,0.0,1,10.0,0.323,0,0.0,0.0,0,0.0,0.0,0,0.0,0.0,0,0.0,0.0,0,0.0,0.0,1,10.0,0.323,0,0.0,0.0,100.0
267,Derrick Burckley Etienne,FWD,Haiti,Haiti,1,9,0,0.0,0.0,0,0.0,0.0,0,0.0,0.0,0,0.0,0.0,8,80.0,2.581,4,40.0,1.29,2,20.0,0.645,1,10.0,0.323,0,0.0,0.0,0,0.0,0.0,0,0.0,0.0,0,0.0,0.0,0,0.0,0.0,0,0.0,0.0,0,0.0,0.0,0,0.0,0.0,0,0.0,0.0,0,0.0,0.0,50.0
537,Noa Noëll Lang,FWD,Netherlands,Netherlands,2,9,0,0.0,0.0,0,0.0,0.0,0,0.0,0.0,0,0.0,0.0,13,130.0,4.194,11,110.0,3.548,1,10.0,0.323,0,0.0,0.0,0,0.0,0.0,0,0.0,0.0,0,0.0,0.0,1,10.0,0.323,0,0.0,0.0,0,0.0,0.0,1,10.0,0.323,0,0.0,0.0,1,10.0,0.323,0,0.0,0.0,84.62
214,Sandro Alex,DEF,Brazil,Brazil,1,9,0,0.0,0.0,0,0.0,0.0,0,0.0,0.0,0,0.0,0.0,13,130.0,4.194,13,130.0,4.194,0,0.0,0.0,2,20.0,0.645,0,0.0,0.0,0,0.0,0.0,0,0.0,0.0,0,0.0,0.0,0,0.0,0.0,0,0.0,0.0,0,0.0,0.0,1,10.0,0.323,0,0.0,0.0,0,0.0,0.0,100.0
865,Assane Diao,FWD,Senegal,Senegal,1,9,0,0.0,0.0,0,0.0,0.0,0,0.0,0.0,0,0.0,0.0,12,120.0,3.871,12,120.0,3.871,0,0.0,0.0,1,10.0,0.323,0,0.0,0.0,0,0.0,0.0,0,0.0,0.0,1,10.0,0.323,0,0.0,0.0,0,0.0,0.0,4,40.0,1.29,0,0.0,0.0,0,0.0,0.0,0,0.0,0.0,100.0
1100,Jamshid Iskanderov,MID,Uzbekistan,Uzbekistan,1,9,0,0.0,0.0,0,0.0,0.0,0,0.0,0.0,0,0.0,0.0,17,170.0,5.484,11,110.0,3.548,1,10.0,0.323,0,0.0,0.0,1,10.0,0.323,0,0.0,0.0,1,10.0,0.323,1,10.0,0.323,0,0.0,0.0,0,0.0,0.0,0,0.0,0.0,0,0.0,0.0,0,0.0,0.0,0,0.0,0.0,64.71
448,Godfried Roemeratoe,MID,Curaçao,Curaçao,1,8,0,0.0,0.0,0,0.0,0.0,0,0.0,0.0,0,0.0,0.0,3,33.75,0.971,1,11.25,0.324,0,0.0,0.0,0,0.0,0.0,0,0.0,0.0,1,11.25,0.324,0,0.0,0.0,0,0.0,0.0,0,0.0,0.0,0,0.0,0.0,0,0.0,0.0,0,0.0,0.0,0,0.0,0.0,0,0.0,0.0,33.33
857,Maghnes Akliouche,MID,France,France,1,8,0,0.0,0.0,0,0.0,0.0,0,0.0,0.0,0,0.0,0.0,7,78.75,2.266,5,56.25,1.619,2,22.5,0.647,2,22.5,0.647,0,0.0,0.0,0,0.0,0.0,0,0.0,0.0,0,0.0,0.0,0,0.0,0.0,0,0.0,0.0,0,0.0,0.0,0,0.0,0.0,0,0.0,0.0,0,0.0,0.0,71.43
572,Kento Shiogai,FWD,Japan,Japan,1,7,0,0.0,0.0,0,0.0,0.0,0,0.0,0.0,0,0.0,0.0,1,12.857,0.325,1,12.857,0.325,0,0.0,0.0,0,0.0,0.0,0,0.0,0.0,0,0.0,0.0,0,0.0,0.0,0,0.0,0.0,0,0.0,0.0,0,0.0,0.0,0,0.0,0.0,0,0.0,0.0,0,0.0,0.0,0,0.0,0.0,100.0
1090,Gédéon Tchingoma Kyatengwa Kalulu,DEF,Congo DR,Congo DR,1,7,0,0.0,0.0,0,0.0,0.0,0,0.0,0.0,0,0.0,0.0,6,77.143,1.949,5,64.286,1.625,0,0.0,0.0,1,12.857,0.325,0,0.0,0.0,0,0.0,0.0,0,0.0,0.0,0,0.0,0.0,1,12.857,0.325,1,12.857,0.325,0,0.0,0.0,0,0.0,0.0,0,0.0,0.0,0,0.0,0.0,83.33
1029,Mohammad Sami Ibrahim,DEF,Jordan,Jordan,1,7,0,0.0,0.0,0,0.0,0.0,0,0.0,0.0,0,0.0,0.0,3,38.571,0.975,3,38.571,0.975,0,0.0,0.0,2,25.714,0.65,0,0.0,0.0,2,25.714,0.65,1,12.857,0.325,1,12.857,0.325,0,0.0,0.0,0,0.0,0.0,0,0.0,0.0,0,0.0,0.0,0,0.0,0.0,0,0.0,0.0,100.0
407,Can İrfan Kahveci,FWD,Türkiye,Türkiye,1,7,0,0.0,0.0,0,0.0,0.0,0,0.0,0.0,0,0.0,0.0,2,25.714,0.65,2,25.714,0.65,0,0.0,0.0,1,12.857,0.325,0,0.0,0.0,0,0.0,0.0,0,0.0,0.0,0,0.0,0.0,0,0.0,0.0,0,0.0,0.0,0,0.0,0.0,0,0.0,0.0,0,0.0,0.0,0,0.0,0.0,100.0
1144,Carlos Andrés Gomez,FWD,Colombia,Colombia,1,6,0,0.0,0.0,0,0.0,0.0,0,0.0,0.0,0,0.0,0.0,0,0.0,0.0,0,0.0,0.0,0,0.0,0.0,1,15.0,0.326,0,0.0,0.0,0,0.0,0.0,1,15.0,0.326,0,0.0,0.0,0,0.0,0.0,0,0.0,0.0,0,0.0,0.0,0,0.0,0.0,0,0.0,0.0,0,0.0,0.0,
51,Kamogelo Michael Sebelebele,FWD,South Africa,South Africa,1,6,0,0.0,0.0,0,0.0,0.0,0,0.0,0.0,0,0.0,0.0,5,75.0,1.63,4,60.0,1.304,1,15.0,0.326,2,30.0,0.652,0,0.0,0.0,1,15.0,0.326,0,0.0,0.0,1,15.0,0.326,0,0.0,0.0,0,0.0,0.0,0,0.0,0.0,1,15.0,0.326,0,0.0,0.0,0,0.0,0.0,80.0
21,César Saúl Huerta,FWD,Mexico,Mexico,1,6,0,0.0,0.0,0,0.0,0.0,0,0.0,0.0,0,0.0,0.0,2,30.0,0.652,2,30.0,0.652,0,0.0,0.0,0,0.0,0.0,0,0.0,0.0,0,0.0,0.0,0,0.0,0.0,2,30.0,0.652,0,0.0,0.0,0,0.0,0.0,0,0.0,0.0,0,0.0,0.0,0,0.0,0.0,0,0.0,0.0,100.0
555,Keisuke Goto,FWD,Japan,Japan,1,6,0,0.0,0.0,0,0.0,0.0,0,0.0,0.0,0,0.0,0.0,1,15.0,0.326,1,15.0,0.326,0,0.0,0.0,1,15.0,0.326,0,0.0,0.0,0,0.0,0.0,0,0.0,0.0,1,15.0,0.326,0,0.0,0.0,0,0.0,0.0,0,0.0,0.0,0,0.0,0.0,1,15.0,0.326,0,0.0,0.0,100.0
1158,Jordan Brian Henderson,MID,England,England,1,6,0,0.0,0.0,0,0.0,0.0,0,0.0,0.0,0,0.0,0.0,13,195.0,4.239,12,180.0,3.913,1,15.0,0.326,1,15.0,0.326,0,0.0,0.0,1,15.0,0.326,0,0.0,0.0,1,15.0,0.326,1,15.0,0.326,1,15.0,0.326,0,0.0,0.0,0,0.0,0.0,1,15.0,0.326,0,0.0,0.0,92.31
1156,Trevoh Tom Chalobah,DEF,England,England,1,6,0,0.0,0.0,0,0.0,0.0,0,0.0,0.0,0,0.0,0.0,0,0.0,0.0,0,0.0,0.0,0,0.0,0.0,0,0.0,0.0,0,0.0,0.0,0,0.0,0.0,1,15.0,0.326,0,0.0,0.0,0,0.0,0.0,0,0.0,0.0,0,0.0,0.0,0,0.0,0.0,0,0.0,0.0,0,0.0,0.0,
159,Michel Lucas,DEF,Qatar,Qatar,1,5,0,0.0,0.0,0,0.0,0.0,0,0.0,0.0,0,0.0,0.0,0,0.0,0.0,0,0.0,0.0,0,0.0,0.0,1,18.0,0.327,0,0.0,0.0,1,18.0,0.327,0,0.0,0.0,0,0.0,0.0,0,0.0,0.0,0,0.0,0.0,0,0.0,0.0,0,0.0,0.0,0,0.0,0.0,1,18.0,0.327,
1021,Faisal Yousef Mohammad,FWD,Jordan,Jordan,2,5,0,0.0,0.0,0,0.0,0.0,0,0.0,0.0,0,0.0,0.0,5,90.0,1.636,4,72.0,1.309,0,0.0,0.0,2,36.0,0.655,0,0.0,0.0,0,0.0,0.0,0,0.0,0.0,1,18.0,0.327,0,0.0,0.0,0,0.0,0.0,0,0.0,0.0,1,18.0,0.327,0,0.0,0.0,0,0.0,0.0,80.0
198,Christian Andreas Fassnacht,FWD,Switzerland,Switzerland,1,5,0,0.0,0.0,0,0.0,0.0,0,0.0,0.0,0,0.0,0.0,5,90.0,1.636,5,90.0,1.636,0,0.0,0.0,2,36.0,0.655,0,0.0,0.0,1,18.0,0.327,0,0.0,0.0,3,54.0,0.982,0,0.0,0.0,0,0.0,0.0,1,18.0,0.327,0,0.0,0.0,0,0.0,0.0,0,0.0,0.0,100.0
496,Félix Eduardo Torres,DEF,Ecuador,Ecuador,1,5,0,0.0,0.0,0,0.0,0.0,0,0.0,0.0,0,0.0,0.0,0,0.0,0.0,0,0.0,0.0,0,0.0,0.0,1,18.0,0.327,0,0.0,0.0,1,18.0,0.327,0,0.0,0.0,0,0.0,0.0,1,18.0,0.327,1,18.0,0.327,0,0.0,0.0,0,0.0,0.0,0,0.0,0.0,0,0.0,0.0,
251,Mohamed Amine Sbai,FWD,Morocco,Morocco,1,5,0,0.0,0.0,0,0.0,0.0,0,0.0,0.0,0,0.0,0.0,4,72.0,1.309,3,54.0,0.982,2,36.0,0.655,2,36.0,0.655,0,0.0,0.0,0,0.0,0.0,0,0.0,0.0,0,0.0,0.0,0,0.0,0.0,0,0.0,0.0,2,36.0,0.655,2,36.0,0.655,0,0.0,0.0,0,0.0,0.0,75.0
1237,Eric Javier Davis,DEF,Panama,Panama,2,4,0,0.0,0.0,0,0.0,0.0,1,22.5,0.328,0,0.0,0.0,7,157.5,2.299,3,67.5,0.985,3,67.5,0.985,2,45.0,0.657,0,0.0,0.0,3,67.5,0.985,1,22.5,0.328,4,90.0,1.314,1,22.5,0.328,1,22.5,0.328,0,0.0,0.0,0,0.0,0.0,1,22.5,0.328,0,0.0,0.0,42.86
587,Carl Anders Theodor Starfelt,DEF,Sweden,Sweden,1,3,0,0.0,0.0,0,0.0,0.0,0,0.0,0.0,0,0.0,0.0,12,360.0,3.956,11,330.0,3.626,0,0.0,0.0,0,0.0,0.0,0,0.0,0.0,1,30.0,0.33,0,0.0,0.0,0,0.0,0.0,0,0.0,0.0,0,0.0,0.0,0,0.0,0.0,0,0.0,0.0,0,0.0,0.0,0,0.0,0.0,91.67
670,Adel Aly Mohamed Ibrahim,FWD,Egypt,Egypt,1,2,0,0.0,0.0,0,0.0,0.0,0,0.0,0.0,0,0.0,0.0,6,270.0,1.985,4,180.0,1.324,0,0.0,0.0,1,45.0,0.331,0,0.0,0.0,0,0.0,0.0,0,0.0,0.0,0,0.0,0.0,0,0.0,0.0,0,0.0,0.0,0,0.0,0.0,0,0.0,0.0,0,0.0,0.0,0,0.0,0.0,66.67
825,Rodrigo Sebastian Aguirre,FWD,Uruguay,Uruguay,1,2,0,0.0,0.0,0,0.0,0.0,0,0.0,0.0,0,0.0,0.0,1,45.0,0.331,0,0.0,0.0,0,0.0,0.0,0,0.0,0.0,0,0.0,0.0,0,0.0,0.0,0,0.0,0.0,0,0.0,0.0,0,0.0,0.0,0,0.0,0.0,0,0.0,0.0,0,0.0,0.0,0,0.0,0.0,0,0.0,0.0,0.0
331,Haji Amir Wright,FWD,USA,USA,2,2,0,0.0,0.0,0,0.0,0.0,0,0.0,0.0,0,0.0,0.0,1,45.0,0.331,1,45.0,0.331,0,0.0,0.0,0,0.0,0.0,0,0.0,0.0,0,0.0,0.0,0,0.0,0.0,0,0.0,0.0,1,45.0,0.331,1,45.0,0.331,0,0.0,0.0,0,0.0,0.0,0,0.0,0.0,1,45.0,0.331,100.0
300,Ross Cameron Stewart,FWD,Scotland,Scotland,1,2,0,0.0,0.0,0,0.0,0.0,0,0.0,0.0,0,0.0,0.0,0,0.0,0.0,0,0.0,0.0,0,0.0,0.0,0,0.0,0.0,0,0.0,0.0,0,0.0,0.0,0,0.0,0.0,0,0.0,0.0,2,90.0,0.662,2,90.0,0.662,0,0.0,0.0,0,0.0,0.0,0,0.0,0.0,0,0.0,0.0,
1241,Alberto Abdiel Quintero,MID,Panama,Panama,1,2,0,0.0,0.0,0,0.0,0.0,0,0.0,0.0,0,0.0,0.0,3,135.0,0.993,3,135.0,0.993,1,45.0,0.331,0,0.0,0.0,0,0.0,0.0,0,0.0,0.0,0,0.0,0.0,0,0.0,0.0,0,0.0,0.0,0,0.0,0.0,0,0.0,0.0,1,45.0,0.331,0,0.0,0.0,0,0.0,0.0,100.0
987,Fares Ghedjemis,FWD,Algeria,Algeria,1,2,0,0.0,0.0,0,0.0,0.0,0,0.0,0.0,0,0.0,0.0,0,0.0,0.0,0,0.0,0.0,0,0.0,0.0,0,0.0,0.0,0,0.0,0.0,0,0.0,0.0,0,0.0,0.0,0,0.0,0.0,0,0.0,0.0,0,0.0,0.0,0,0.0,0.0,0,0.0,0.0,0,0.0,0.0,0,0.0,0.0,
365,Mathew David Ryan,GK,Australia,Australia,1,2,0,0.0,0.0,0,0.0,0.0,0,0.0,0.0,0,0.0,0.0,0,0.0,0.0,0,0.0,0.0,0,0.0,0.0,0,0.0,0.0,0,0.0,0.0,0,0.0,0.0,0,0.0,0.0,0,0.0,0.0,0,0.0,0.0,0,0.0,0.0,0,0.0,0.0,0,0.0,0.0,0,0.0,0.0,0,0.0,0.0,
1131,Yerry Fernando Mina,DEF,Colombia,Colombia,1,2,0,0.0,0.0,0,0.0,0.0,0,0.0,0.0,0,0.0,0.0,3,135.0,0.993,3,135.0,0.993,0,0.0,0.0,0,0.0,0.0,1,45.0,0.331,0,0.0,0.0,0,0.0,0.0,2,90.0,0.662,0,0.0,0.0,0,0.0,0.0,0,0.0,0.0,0,0.0,0.0,1,45.0,0.331,0,0.0,0.0,100.0
797,Essa Khalid Alghannam,FWD,Saudi Arabia,Saudi Arabia,1,1,0,0.0,0.0,0,0.0,0.0,0,0.0,0.0,0,0.0,0.0,0,0.0,0.0,0,0.0,0.0,0,0.0,0.0,0,0.0,0.0,0,0.0,0.0,0,0.0,0.0,0,0.0,0.0,0,0.0,0.0,0,0.0,0.0,0,0.0,0.0,0,0.0,0.0,0,0.0,0.0,0,0.0,0.0,0,0.0,0.0,
841,Marcus Lilian Thuram,FWD,France,France,1,1,0,0.0,0.0,0,0.0,0.0,0,0.0,0.0,0,0.0,0.0,0,0.0,0.0,0,0.0,0.0,0,0.0,0.0,0,0.0,0.0,0,0.0,0.0,0,0.0,0.0,0,0.0,0.0,0,0.0,0.0,0,0.0,0.0,0,0.0,0.0,0,0.0,0.0,0,0.0,0.0,0,0.0,0.0,0,0.0,0.0,
1102,Ruslanbek Jiyanov,MID,Uzbekistan,Uzbekistan,1,1,0,0.0,0.0,0,0.0,0.0,0,0.0,0.0,0,0.0,0.0,0,0.0,0.0,0,0.0,0.0,0,0.0,0.0,1,90.0,0.332,0,0.0,0.0,0,0.0,0.0,0,0.0,0.0,0,0.0,0.0,0,0.0,0.0,0,0.0,0.0,0,0.0,0.0,0,0.0,0.0,0,0.0,0.0,0,0.0,0.0,
1115,Sherzod Esanov,MID,Uzbekistan,Uzbekistan,1,1,0,0.0,0.0,0,0.0,0.0,0,0.0,0.0,0,0.0,0.0,1,90.0,0.332,1,90.0,0.332,0,0.0,0.0,0,0.0,0.0,0,0.0,0.0,0,0.0,0.0,1,90.0,0.332,1,90.0,0.332,0,0.0,0.0,0,0.0,0.0,0,0.0,0.0,0,0.0,0.0,0,0.0,0.0,0,0.0,0.0,100.0
1213,Abdul Rahman Rahman,DEF,Ghana,Ghana,1,1,0,0.0,0.0,0,0.0,0.0,0,0.0,0.0,0,0.0,0.0,0,0.0,0.0,0,0.0,0.0,0,0.0,0.0,0,0.0,0.0,0,0.0,0.0,0,0.0,0.0,0,0.0,0.0,0,0.0,0.0,0,0.0,0.0,0,0.0,0.0,0,0.0,0.0,0,0.0,0.0,0,0.0,0.0,0,0.0,0.0,
444,Shurandy Ruggerio Sambo,DEF,Curaçao,Curaçao,1,1,0,0.0,0.0,0,0.0,0.0,0,0.0,0.0,0,0.0,0.0,3,270.0,0.996,3,270.0,0.996,0,0.0,0.0,0,0.0,0.0,0,0.0,0.0,1,90.0,0.332,1,90.0,0.332,1,90.0,0.332,0,0.0,0.0,0,0.0,0.0,0,0.0,0.0,0,0.0,0.0,0,0.0,0.0,0,0.0,0.0,100.0
459,Brandley Mack-Olien Kuwas,FWD,Curaçao,Curaçao,1,1,0,0.0,0.0,0,0.0,0.0,0,0.0,0.0,0,0.0,0.0,4,360.0,1.328,3,270.0,0.996,1,90.0,0.332,0,0.0,0.0,0,0.0,0.0,0,0.0,0.0,0,0.0,0.0,0,0.0,0.0,0,0.0,0.0,0,0.0,0.0,1,90.0,0.332,0,0.0,0.0,0,0.0,0.0,0,0.0,0.0,75.0
1046,Luiz Matheus,MID,Portugal,Portugal,1,1,0,0.0,0.0,0,0.0,0.0,0,0.0,0.0,0,0.0,0.0,1,90.0,0.332,1,90.0,0.332,0,0.0,0.0,0,0.0,0.0,0,0.0,0.0,0,0.0,0.0,0,0.0,0.0,0,0.0,0.0,0,0.0,0.0,0,0.0,0.0,0,0.0,0.0,0,0.0,0.0,0,0.0,0.0,0,0.0,0.0,100.0
343,Fabián Cornelio Balbuena,DEF,Paraguay,Paraguay,1,1,0,0.0,0.0,0,0.0,0.0,0,0.0,0.0,0,0.0,0.0,0,0.0,0.0,0,0.0,0.0,0,0.0,0.0,0,0.0,0.0,0,0.0,0.0,0,0.0,0.0,0,0.0,0.0,0,0.0,0.0,0,0.0,0.0,0,0.0,0.0,0,0.0,0.0,0,0.0,0.0,0,0.0,0.0,0,0.0,0.0,
597,Håkan Gustaf Nilsson,FWD,Sweden,Sweden,1,1,0,0.0,0.0,0,0.0,0.0,1,90.0,0.332,0,0.0,0.0,2,180.0,0.664,1,90.0,0.332,0,0.0,0.0,0,0.0,0.0,0,0.0,0.0,0,0.0,0.0,0,0.0,0.0,0,0.0,0.0,1,90.0,0.332,1,90.0,0.332,0,0.0,0.0,0,0.0,0.0,0,0.0,0.0,0,0.0,0.0,50.0
730,Marc Pubill,DEF,Spain,Spain,1,1,0,0.0,0.0,0,0.0,0.0,0,0.0,0.0,0,0.0,0.0,2,180.0,0.664,2,180.0,0.664,0,0.0,0.0,0,0.0,0.0,0,0.0,0.0,0,0.0,0.0,0,0.0,0.0,0,0.0,0.0,0,0.0,0.0,0,0.0,0.0,0,0.0,0.0,0,0.0,0.0,0,0.0,0.0,0,0.0,0.0,100.0
754,Borja Iglesias,FWD,Spain,Spain,1,1,0,0.0,0.0,0,0.0,0.0,0,0.0,0.0,0,0.0,0.0,0,0.0,0.0,0,0.0,0.0,0,0.0,0.0,0,0.0,0.0,0,0.0,0.0,0,0.0,0.0,0,0.0,0.0,0,0.0,0.0,0,0.0,0.0,0,0.0,0.0,0,0.0,0.0,0,0.0,0.0,0,0.0,0.0,0,0.0,0.0,
330,Maximilian Michael Arfsten,DEF,USA,USA,1,1,0,0.0,0.0,0,0.0,0.0,0,0.0,0.0,0,0.0,0.0,0,0.0,0.0,0,0.0,0.0,0,0.0,0.0,0,0.0,0.0,0,0.0,0.0,0,0.0,0.0,0,0.0,0.0,0,0.0,0.0,0,0.0,0.0,0,0.0,0.0,0,0.0,0.0,0,0.0,0.0,0,0.0,0.0,0,0.0,0.0,
