player_id,player_name,position,team,nationality,matches,minutes,total_goals,goals_p90,goals_p90_shrunk,total_assists,assists_p90,assists_p90_shrunk,total_shots,shots_p90,shots_p90_shrunk,total_shots_on_target,shots_on_target_p90,shots_on_target_p90_shrunk,total_passes,passes_p90,passes_p90_shrunk,total_accurate_passes,accurate_passes_p90,accurate_passes_p90_shrunk,total_crosses,crosses_p90,crosses_p90_shrunk,total_tackles,tackles_p90,tackles_p90_shrunk,total_interceptions,interceptions_p90,interceptions_p90_shrunk,total_clearances,clearances_p90,clearances_p90_shrunk,total_blocks,blocks_p90,blocks_p90_shrunk,total_recoveries,recoveries_p90,recoveries_p90_shrunk,total_duels_won,duels_won_p90,duels_won_p90_shrunk,total_aerial_duels_won,aerial_duels_won_p90,aerial_duels_won_p90_shrunk,total_dribbles_attempted,dribbles_attempted_p90,dribbles_attempted_p90_shrunk,total_fouls_committed,fouls_committed_p90,fouls_committed_p90_shrunk,total_fouls_won,fouls_won_p90,fouls_won_p90_shrunk,total_offsides,offsides_p90,offsides_p90_shrunk,pass_accuracy_pct,cluster,cluster_label,saves,shots_faced,conceded,clean_sheets,starts,save_pct,saves_p90
956,Alexis Mac Allister,MID,Argentina,Argentina,8,775,1.0,0.116,0.086,0.0,0.0,0.0,13.0,1.51,1.12,4.0,0.465,0.344,430.0,49.935,37.033,393.0,45.639,33.847,1.0,0.116,0.086,37.0,4.297,3.187,5.0,0.581,0.431,15.0,1.742,1.292,19.0,2.206,1.636,24.0,2.787,2.067,6.0,0.697,0.517,6.0,0.697,0.517,5.0,0.581,0.431,9.0,1.045,0.775,12.0,1.394,1.033,0.0,0.0,0.0,91.4,0,Ball Progressor,,,,,,,
750,Pau Cubarsi,DEF,Spain,Spain,8,773,0.0,0.0,0.0,0.0,0.0,0.0,4.0,0.466,0.345,2.0,0.233,0.173,690.0,80.336,59.54,668.0,77.775,57.641,1.0,0.116,0.086,12.0,1.397,1.035,12.0,1.397,1.035,35.0,4.075,3.02,15.0,1.746,1.294,50.0,5.821,4.314,21.0,2.445,1.812,17.0,1.979,1.467,14.0,1.63,1.208,4.0,0.466,0.345,5.0,0.582,0.431,0.0,0.0,0.0,96.81,0,Ball Progressor,,,,,,,
752,Marc Cucurella,DEF,Spain,Spain,8,773,0.0,0.0,0.0,2.0,0.233,0.173,5.0,0.582,0.431,3.0,0.349,0.259,474.0,55.188,40.901,433.0,50.414,37.363,15.0,1.746,1.294,18.0,2.096,1.553,13.0,1.514,1.122,12.0,1.397,1.035,16.0,1.863,1.381,33.0,3.842,2.848,5.0,0.582,0.431,4.0,0.466,0.345,6.0,0.699,0.518,8.0,0.931,0.69,5.0,0.582,0.431,4.0,0.466,0.345,91.35,0,Ball Progressor,,,,,,,
946,Lionel Andrés Messi,FWD,Argentina,Argentina,8,765,8.0,0.941,0.696,2.0,0.235,0.174,35.0,4.118,3.043,18.0,2.118,1.565,367.0,43.176,31.913,288.0,33.882,25.043,46.0,5.412,4.0,14.0,1.647,1.217,0.0,0.0,0.0,2.0,0.235,0.174,5.0,0.588,0.435,12.0,1.412,1.043,2.0,0.235,0.174,1.0,0.118,0.087,61.0,7.176,5.304,3.0,0.353,0.261,20.0,2.353,1.739,5.0,0.588,0.435,78.47,2,Finisher / Goal Scorer,,,,,,,
742,Aymeric Laporte,DEF,Spain,Spain,8,752,0.0,0.0,0.0,1.0,0.12,0.088,5.0,0.598,0.44,2.0,0.239,0.176,660.0,78.989,58.121,618.0,73.963,54.423,0.0,0.0,0.0,4.0,0.479,0.352,11.0,1.316,0.969,37.0,4.428,3.258,8.0,0.957,0.705,45.0,5.386,3.963,25.0,2.992,2.202,24.0,2.872,2.114,17.0,2.035,1.497,5.0,0.598,0.44,4.0,0.479,0.352,0.0,0.0,0.0,93.64,0,Ball Progressor,,,,,,,
744,Rodrigo Rodri,MID,Spain,Spain,8,746,0.0,0.0,0.0,0.0,0.0,0.0,7.0,0.845,0.62,0.0,0.0,0.0,799.0,96.394,70.778,747.0,90.121,66.171,3.0,0.362,0.266,31.0,3.74,2.746,8.0,0.965,0.709,19.0,2.292,1.683,17.0,2.051,1.506,48.0,5.791,4.252,13.0,1.568,1.152,13.0,1.568,1.152,12.0,1.448,1.063,11.0,1.327,0.974,9.0,1.086,0.797,1.0,0.121,0.089,93.49,0,Ball Progressor,,,,,,,
842,Kylian Mbappe,FWD,France,France,8,720,10.0,1.25,0.909,4.0,0.5,0.364,41.0,5.125,3.727,23.0,2.875,2.091,232.0,29.0,21.091,201.0,25.125,18.273,10.0,1.25,0.909,8.0,1.0,0.727,1.0,0.125,0.091,0.0,0.0,0.0,6.0,0.75,0.545,8.0,1.0,0.727,2.0,0.25,0.182,1.0,0.125,0.091,74.0,9.25,6.727,6.0,0.75,0.545,8.0,1.0,0.727,7.0,0.875,0.636,86.64,2,Finisher / Goal Scorer,,,,,,,
960,Enzo Jeremías Fernandez,MID,Argentina,Argentina,7,714,2.0,0.252,0.183,0.0,0.0,0.0,12.0,1.513,1.098,4.0,0.504,0.366,519.0,65.42,47.47,480.0,60.504,43.902,5.0,0.63,0.457,24.0,3.025,2.195,7.0,0.882,0.64,8.0,1.008,0.732,8.0,1.008,0.732,15.0,1.891,1.372,6.0,0.756,0.549,6.0,0.756,0.549,16.0,2.017,1.463,12.0,1.513,1.098,6.0,0.756,0.549,1.0,0.126,0.091,92.49,0,Ball Progressor,,,,,,,
1150,Keaninkin Marc-Isreal Guehi,DEF,England,England,8,685,0.0,0.0,0.0,0.0,0.0,0.0,1.0,0.131,0.094,0.0,0.0,0.0,532.0,69.898,50.136,514.0,67.533,48.44,0.0,0.0,0.0,2.0,0.263,0.188,7.0,0.92,0.66,24.0,3.153,2.262,17.0,2.234,1.602,39.0,5.124,3.675,13.0,1.708,1.225,12.0,1.577,1.131,13.0,1.708,1.225,4.0,0.526,0.377,13.0,1.708,1.225,0.0,0.0,0.0,96.62,0,Ball Progressor,,,,,,,
747,Lamine Yamal Yamal,FWD,Spain,Spain,8,676,1.0,0.133,0.095,0.0,0.0,0.0,27.0,3.595,2.569,12.0,1.598,1.142,265.0,35.281,25.211,225.0,29.956,21.406,40.0,5.325,3.805,22.0,2.929,2.093,3.0,0.399,0.285,0.0,0.0,0.0,12.0,1.598,1.142,13.0,1.731,1.237,0.0,0.0,0.0,0.0,0.0,0.0,86.0,11.45,8.182,14.0,1.864,1.332,9.0,1.198,0.856,7.0,0.932,0.666,84.91,2,Finisher / Goal Scorer,,,,,,,
836,Dayotchanculle Oswald Upamecano,DEF,France,France,8,675,0.0,0.0,0.0,0.0,0.0,0.0,4.0,0.533,0.381,2.0,0.267,0.19,443.0,59.067,42.19,409.0,54.533,38.952,0.0,0.0,0.0,20.0,2.667,1.905,15.0,2.0,1.429,25.0,3.333,2.381,23.0,3.067,2.19,46.0,6.133,4.381,15.0,2.0,1.429,11.0,1.467,1.048,4.0,0.533,0.381,7.0,0.933,0.667,4.0,0.533,0.381,0.0,0.0,0.0,92.33,0,Ball Progressor,,,,,,,
1146,Ezri Ngoyo Konsa,DEF,England,England,8,675,1.0,0.133,0.095,0.0,0.0,0.0,3.0,0.4,0.286,2.0,0.267,0.19,488.0,65.067,46.476,469.0,62.533,44.667,3.0,0.4,0.286,9.0,1.2,0.857,9.0,1.2,0.857,20.0,2.667,1.905,15.0,2.0,1.429,34.0,4.533,3.238,13.0,1.733,1.238,11.0,1.467,1.048,8.0,1.067,0.762,8.0,1.067,0.762,11.0,1.467,1.048,0.0,0.0,0.0,96.11,0,Ball Progressor,,,,,,,
843,Michael Akpovie Olise,FWD,France,France,8,671,0.0,0.0,0.0,7.0,0.939,0.67,20.0,2.683,1.913,5.0,0.671,0.478,417.0,55.931,39.883,362.0,48.554,34.623,20.0,2.683,1.913,21.0,2.817,2.009,1.0,0.134,0.096,0.0,0.0,0.0,14.0,1.878,1.339,10.0,1.341,0.956,1.0,0.134,0.096,1.0,0.134,0.096,47.0,6.304,4.495,5.0,0.671,0.478,16.0,2.146,1.53,0.0,0.0,0.0,86.81,1,Playmaker / Chance Creator,,,,,,,
1153,Harry Edward Kane,FWD,England,England,7,666,6.0,0.811,0.577,1.0,0.135,0.096,23.0,3.108,2.212,12.0,1.622,1.154,99.0,13.378,9.519,73.0,9.865,7.019,3.0,0.405,0.288,7.0,0.946,0.673,0.0,0.0,0.0,8.0,1.081,0.769,8.0,1.081,0.769,7.0,0.946,0.673,13.0,1.757,1.25,13.0,1.757,1.25,9.0,1.216,0.865,8.0,1.081,0.769,9.0,1.216,0.865,2.0,0.27,0.192,73.74,2,Finisher / Goal Scorer,,,,,,,
749,Mikel Oyarzabal,FWD,Spain,Spain,8,664,5.0,0.678,0.482,1.0,0.136,0.096,23.0,3.117,2.216,12.0,1.627,1.156,149.0,20.196,14.358,124.0,16.807,11.949,8.0,1.084,0.771,11.0,1.491,1.06,1.0,0.136,0.096,4.0,0.542,0.385,11.0,1.491,1.06,9.0,1.22,0.867,6.0,0.813,0.578,6.0,0.813,0.578,8.0,1.084,0.771,4.0,0.542,0.385,5.0,0.678,0.482,1.0,0.136,0.096,83.22,2,Finisher / Goal Scorer,,,,,,,
1148,Declan Rice,MID,England,England,7,656,1.0,0.137,0.097,2.0,0.274,0.194,6.0,0.823,0.583,3.0,0.412,0.292,340.0,46.646,33.045,312.0,42.805,30.324,40.0,5.488,3.888,10.0,1.372,0.972,10.0,1.372,0.972,3.0,0.412,0.292,12.0,1.646,1.166,20.0,2.744,1.944,2.0,0.274,0.194,2.0,0.274,0.194,9.0,1.235,0.875,4.0,0.549,0.389,0.0,0.0,0.0,1.0,0.137,0.097,91.76,1,Playmaker / Chance Creator,,,,,,,
846,Adrien Thibault Marie Rabiot,MID,France,France,7,652,0.0,0.0,0.0,1.0,0.138,0.098,9.0,1.242,0.879,1.0,0.138,0.098,351.0,48.451,34.262,323.0,44.586,31.529,2.0,0.276,0.195,25.0,3.451,2.44,10.0,1.38,0.976,16.0,2.209,1.562,16.0,2.209,1.562,29.0,4.003,2.831,14.0,1.933,1.367,14.0,1.933,1.367,17.0,2.347,1.659,13.0,1.794,1.269,4.0,0.552,0.39,1.0,0.138,0.098,92.02,0,Ball Progressor,,,,,,,
1152,Elliot Junior Anderson,MID,England,England,8,649,0.0,0.0,0.0,1.0,0.139,0.098,7.0,0.971,0.686,1.0,0.139,0.098,445.0,61.71,43.58,396.0,54.915,38.781,6.0,0.832,0.588,37.0,5.131,3.624,9.0,1.248,0.881,25.0,3.467,2.448,17.0,2.357,1.665,43.0,5.963,4.211,22.0,3.051,2.155,22.0,3.051,2.155,9.0,1.248,0.881,9.0,1.248,0.881,13.0,1.803,1.273,0.0,0.0,0.0,88.99,0,Ball Progressor,,,,,,,
942,Lisandro Martinez,DEF,Argentina,Argentina,7,641,1.0,0.14,0.099,0.0,0.0,0.0,4.0,0.562,0.395,2.0,0.281,0.198,450.0,63.183,44.457,422.0,59.251,41.69,3.0,0.421,0.296,18.0,2.527,1.778,5.0,0.702,0.494,38.0,5.335,3.754,8.0,1.123,0.79,27.0,3.791,2.667,9.0,1.264,0.889,9.0,1.264,0.889,10.0,1.404,0.988,7.0,0.983,0.692,4.0,0.562,0.395,0.0,0.0,0.0,93.78,0,Ball Progressor,,,,,,,
949,Cristian Gabriel Romero,DEF,Argentina,Argentina,7,639,1.0,0.141,0.099,0.0,0.0,0.0,3.0,0.423,0.297,1.0,0.141,0.099,430.0,60.563,42.574,415.0,58.451,41.089,0.0,0.0,0.0,22.0,3.099,2.178,10.0,1.408,0.99,22.0,3.099,2.178,20.0,2.817,1.98,45.0,6.338,4.455,17.0,2.394,1.683,17.0,2.394,1.683,8.0,1.127,0.792,9.0,1.268,0.891,3.0,0.423,0.297,0.0,0.0,0.0,96.51,0,Ball Progressor,,,,,,,
1154,Jude Victor William Bellingham,MID,England,England,8,639,7.0,0.986,0.693,1.0,0.141,0.099,19.0,2.676,1.881,13.0,1.831,1.287,231.0,32.535,22.871,191.0,26.901,18.911,9.0,1.268,0.891,17.0,2.394,1.683,2.0,0.282,0.198,9.0,1.268,0.891,11.0,1.549,1.089,17.0,2.394,1.683,6.0,0.845,0.594,5.0,0.704,0.495,31.0,4.366,3.069,9.0,1.268,0.891,17.0,2.394,1.683,1.0,0.141,0.099,82.68,2,Finisher / Goal Scorer,,,,,,,
837,Jules Olivier Kounde,DEF,France,France,8,621,0.0,0.0,0.0,0.0,0.0,0.0,2.0,0.29,0.202,0.0,0.0,0.0,353.0,51.159,35.657,314.0,45.507,31.717,15.0,2.174,1.515,19.0,2.754,1.919,6.0,0.87,0.606,20.0,2.899,2.02,20.0,2.899,2.02,24.0,3.478,2.424,12.0,1.739,1.212,12.0,1.739,1.212,10.0,1.449,1.01,6.0,0.87,0.606,5.0,0.725,0.505,1.0,0.145,0.101,88.95,0,Ball Progressor,,,,,,,
945,Julián Alvarez,FWD,Argentina,Argentina,8,619,1.0,0.145,0.101,0.0,0.0,0.0,11.0,1.599,1.114,5.0,0.727,0.506,215.0,31.26,21.766,183.0,26.607,18.526,1.0,0.145,0.101,10.0,1.454,1.012,1.0,0.145,0.101,5.0,0.727,0.506,14.0,2.036,1.417,8.0,1.163,0.81,4.0,0.582,0.405,4.0,0.582,0.405,9.0,1.309,0.911,11.0,1.599,1.114,4.0,0.582,0.405,2.0,0.291,0.202,85.12,3,Box-to-Box / All-rounder,,,,,,,
186,Nico Elvedi,DEF,Switzerland,Switzerland,6,612,0.0,0.0,0.0,0.0,0.0,0.0,3.0,0.441,0.306,0.0,0.0,0.0,438.0,64.412,44.694,406.0,59.706,41.429,0.0,0.0,0.0,9.0,1.324,0.918,14.0,2.059,1.429,51.0,7.5,5.204,13.0,1.912,1.327,42.0,6.176,4.286,18.0,2.647,1.837,15.0,2.206,1.531,23.0,3.382,2.347,5.0,0.735,0.51,6.0,0.882,0.612,0.0,0.0,0.0,92.69,0,Ball Progressor,,,,,,,
187,Manuel Obafemi Akanji,DEF,Switzerland,Switzerland,6,612,0.0,0.0,0.0,0.0,0.0,0.0,1.0,0.147,0.102,1.0,0.147,0.102,479.0,70.441,48.878,444.0,65.294,45.306,0.0,0.0,0.0,13.0,1.912,1.327,9.0,1.324,0.918,37.0,5.441,3.776,8.0,1.176,0.816,34.0,5.0,3.469,13.0,1.912,1.327,10.0,1.471,1.02,17.0,2.5,1.735,4.0,0.588,0.408,4.0,0.588,0.408,0.0,0.0,0.0,92.69,0,Ball Progressor,,,,,,,
192,Granit Xhaka,MID,Switzerland,Switzerland,6,612,1.0,0.147,0.102,1.0,0.147,0.102,9.0,1.324,0.918,2.0,0.294,0.204,470.0,69.118,47.959,427.0,62.794,43.571,4.0,0.588,0.408,13.0,1.912,1.327,3.0,0.441,0.306,9.0,1.324,0.918,12.0,1.765,1.224,14.0,2.059,1.429,8.0,1.176,0.816,8.0,1.176,0.816,14.0,2.059,1.429,4.0,0.588,0.408,12.0,1.765,1.224,0.0,0.0,0.0,90.85,1,Playmaker / Chance Creator,,,,,,,
190,Remo Marco Freuler,MID,Switzerland,Switzerland,6,601,0.0,0.0,0.0,0.0,0.0,0.0,2.0,0.3,0.207,1.0,0.15,0.103,324.0,48.519,33.479,299.0,44.775,30.896,5.0,0.749,0.517,19.0,2.845,1.963,4.0,0.599,0.413,16.0,2.396,1.653,15.0,2.246,1.55,16.0,2.396,1.653,8.0,1.198,0.827,8.0,1.198,0.827,5.0,0.749,0.517,8.0,1.198,0.827,3.0,0.449,0.31,1.0,0.15,0.103,92.28,0,Ball Progressor,,,,,,,
839,Masour Ousmane Dembele,FWD,France,France,8,597,6.0,0.905,0.623,2.0,0.302,0.208,20.0,3.015,2.076,10.0,1.508,1.038,297.0,44.774,30.83,236.0,35.578,24.498,36.0,5.427,3.737,13.0,1.96,1.349,2.0,0.302,0.208,1.0,0.151,0.104,3.0,0.452,0.311,6.0,0.905,0.623,2.0,0.302,0.208,2.0,0.302,0.208,18.0,2.714,1.869,0.0,0.0,0.0,4.0,0.603,0.415,3.0,0.452,0.311,79.46,2,Finisher / Goal Scorer,,,,,,,
628,Brandon Erik Mechele,DEF,Belgium,Belgium,6,587,0.0,0.0,0.0,0.0,0.0,0.0,5.0,0.767,0.525,1.0,0.153,0.105,399.0,61.175,41.902,369.0,56.576,38.751,0.0,0.0,0.0,11.0,1.687,1.155,13.0,1.993,1.365,43.0,6.593,4.516,11.0,1.687,1.155,38.0,5.826,3.991,18.0,2.76,1.89,17.0,2.606,1.785,15.0,2.3,1.575,9.0,1.38,0.945,2.0,0.307,0.21,0.0,0.0,0.0,92.48,0,Ball Progressor,,,,,,,
236,Achraf Hakimi,DEF,Morocco,Morocco,6,581,1.0,0.155,0.106,1.0,0.155,0.106,14.0,2.169,1.481,4.0,0.62,0.423,449.0,69.552,47.485,402.0,62.272,42.515,38.0,5.886,4.019,23.0,3.563,2.432,6.0,0.929,0.635,9.0,1.394,0.952,11.0,1.704,1.163,28.0,4.337,2.961,6.0,0.929,0.635,5.0,0.775,0.529,34.0,5.267,3.596,7.0,1.084,0.74,16.0,2.478,1.692,0.0,0.0,0.0,89.53,1,Playmaker / Chance Creator,,,,,,,
740,Pedro Antonio Porro,DEF,Spain,Spain,6,579,2.0,0.311,0.212,0.0,0.0,0.0,7.0,1.088,0.742,3.0,0.466,0.318,420.0,65.285,44.523,379.0,58.912,40.177,19.0,2.953,2.014,29.0,4.508,3.074,11.0,1.71,1.166,10.0,1.554,1.06,19.0,2.953,2.014,39.0,6.062,4.134,8.0,1.244,0.848,8.0,1.244,0.848,6.0,0.933,0.636,10.0,1.554,1.06,9.0,1.399,0.954,0.0,0.0,0.0,90.24,0,Ball Progressor,,,,,,,
258,Neil Yoni El Aynaoui,MID,Morocco,Morocco,6,571,0.0,0.0,0.0,0.0,0.0,0.0,7.0,1.103,0.749,2.0,0.315,0.214,433.0,68.249,46.338,405.0,63.835,43.341,0.0,0.0,0.0,37.0,5.832,3.96,4.0,0.63,0.428,19.0,2.995,2.033,16.0,2.522,1.712,34.0,5.359,3.639,3.0,0.473,0.321,3.0,0.473,0.321,8.0,1.261,0.856,15.0,2.364,1.605,7.0,1.103,0.749,0.0,0.0,0.0,93.53,0,Ball Progressor,,,,,,,
962,Nahuel Molina,DEF,Argentina,Argentina,7,535,0.0,0.0,0.0,0.0,0.0,0.0,1.0,0.168,0.112,0.0,0.0,0.0,276.0,46.43,30.857,234.0,39.364,26.161,6.0,1.009,0.671,22.0,3.701,2.46,4.0,0.673,0.447,16.0,2.692,1.789,14.0,2.355,1.565,27.0,4.542,3.019,4.0,0.673,0.447,3.0,0.505,0.335,2.0,0.336,0.224,3.0,0.505,0.335,0.0,0.0,0.0,1.0,0.168,0.112,84.78,0,Ball Progressor,,,,,,,
195,Ricardo Ivan Rodriguez,DEF,Switzerland,Switzerland,6,532,0.0,0.0,0.0,1.0,0.169,0.112,1.0,0.169,0.112,0.0,0.0,0.0,295.0,49.906,33.105,243.0,41.109,27.269,17.0,2.876,1.908,15.0,2.538,1.683,1.0,0.169,0.112,19.0,3.214,2.132,10.0,1.692,1.122,21.0,3.553,2.357,12.0,2.03,1.347,12.0,2.03,1.347,4.0,0.677,0.449,11.0,1.861,1.234,2.0,0.338,0.224,0.0,0.0,0.0,82.37,0,Ball Progressor,,,,,,,
748,Pedro Pedri,MID,Spain,Spain,8,512,0.0,0.0,0.0,0.0,0.0,0.0,5.0,0.879,0.575,2.0,0.352,0.23,469.0,82.441,53.977,420.0,73.828,48.338,14.0,2.461,1.611,22.0,3.867,2.532,8.0,1.406,0.921,8.0,1.406,0.921,29.0,5.098,3.338,26.0,4.57,2.992,4.0,0.703,0.46,4.0,0.703,0.46,20.0,3.516,2.302,4.0,0.703,0.46,5.0,0.879,0.575,1.0,0.176,0.115,89.55,0,Ball Progressor,,,,,,,
634,Leandro Trossard,FWD,Belgium,Belgium,6,510,2.0,0.353,0.231,2.0,0.353,0.231,17.0,3.0,1.962,3.0,0.529,0.346,199.0,35.118,22.962,171.0,30.176,19.731,11.0,1.941,1.269,2.0,0.353,0.231,4.0,0.706,0.462,5.0,0.882,0.577,15.0,2.647,1.731,14.0,2.471,1.615,5.0,0.882,0.577,4.0,0.706,0.462,17.0,3.0,1.962,4.0,0.706,0.462,8.0,1.412,0.923,1.0,0.176,0.115,85.93,1,Playmaker / Chance Creator,,,,,,,
189,Breel Donald Embolo,FWD,Switzerland,Switzerland,6,509,2.0,0.354,0.231,2.0,0.354,0.231,10.0,1.768,1.155,5.0,0.884,0.578,72.0,12.731,8.318,56.0,9.902,6.47,1.0,0.177,0.116,7.0,1.238,0.809,1.0,0.177,0.116,5.0,0.884,0.578,11.0,1.945,1.271,10.0,1.768,1.155,7.0,1.238,0.809,6.0,1.061,0.693,5.0,0.884,0.578,9.0,1.591,1.04,11.0,1.945,1.271,4.0,0.707,0.462,77.78,2,Finisher / Goal Scorer,,,,,,,
653,Hany Gamal Mohamed Hany,DEF,Egypt,Egypt,5,503,0.0,0.0,0.0,1.0,0.179,0.116,4.0,0.716,0.466,0.0,0.0,0.0,282.0,50.457,32.833,245.0,43.837,28.525,17.0,3.042,1.979,24.0,4.294,2.794,7.0,1.252,0.815,31.0,5.547,3.609,12.0,2.147,1.397,26.0,4.652,3.027,7.0,1.252,0.815,7.0,1.252,0.815,8.0,1.431,0.931,2.0,0.358,0.233,1.0,0.179,0.116,0.0,0.0,0.0,86.88,0,Ball Progressor,,,,,,,
913,Kristoffer Vassbakk Köpp Ajer,DEF,Norway,Norway,5,502,0.0,0.0,0.0,0.0,0.0,0.0,2.0,0.359,0.233,1.0,0.179,0.117,273.0,48.944,31.826,256.0,45.896,29.845,2.0,0.359,0.233,14.0,2.51,1.632,10.0,1.793,1.166,39.0,6.992,4.547,15.0,2.689,1.749,36.0,6.454,4.197,24.0,4.303,2.798,20.0,3.586,2.332,12.0,2.151,1.399,2.0,0.359,0.233,1.0,0.179,0.117,0.0,0.0,0.0,93.77,0,Ball Progressor,,,,,,,
918,Sander Gard Bolin Berge,MID,Norway,Norway,5,502,0.0,0.0,0.0,0.0,0.0,0.0,0.0,0.0,0.0,0.0,0.0,0.0,425.0,76.195,49.547,412.0,73.865,48.031,2.0,0.359,0.233,10.0,1.793,1.166,7.0,1.255,0.816,18.0,3.227,2.098,10.0,1.793,1.166,17.0,3.048,1.982,5.0,0.896,0.583,5.0,0.896,0.583,2.0,0.359,0.233,6.0,1.076,0.699,2.0,0.359,0.233,0.0,0.0,0.0,96.94,0,Ball Progressor,,,,,,,
919,Erling Braut Haaland,FWD,Norway,Norway,5,502,7.0,1.255,0.816,0.0,0.0,0.0,20.0,3.586,2.332,13.0,2.331,1.516,47.0,8.426,5.479,34.0,6.096,3.964,1.0,0.179,0.117,0.0,0.0,0.0,1.0,0.179,0.117,5.0,0.896,0.583,9.0,1.614,1.049,8.0,1.434,0.933,21.0,3.765,2.448,18.0,3.227,2.098,8.0,1.434,0.933,5.0,0.896,0.583,3.0,0.538,0.35,0.0,0.0,0.0,72.34,2,Finisher / Goal Scorer,,,,,,,
738,Daniel Olmo,FWD,Spain,Spain,8,501,0.0,0.0,0.0,2.0,0.359,0.233,13.0,2.335,1.518,2.0,0.359,0.233,229.0,41.138,26.732,207.0,37.186,24.163,2.0,0.359,0.233,14.0,2.515,1.634,2.0,0.359,0.233,1.0,0.18,0.117,10.0,1.796,1.167,15.0,2.695,1.751,3.0,0.539,0.35,3.0,0.539,0.35,30.0,5.389,3.502,6.0,1.078,0.7,10.0,1.796,1.167,0.0,0.0,0.0,90.39,1,Playmaker / Chance Creator,,,,,,,
943,Rodrigo Javier De Paul,MID,Argentina,Argentina,7,501,0.0,0.0,0.0,1.0,0.18,0.117,2.0,0.359,0.233,1.0,0.18,0.117,327.0,58.743,38.171,300.0,53.892,35.019,13.0,2.335,1.518,13.0,2.335,1.518,3.0,0.539,0.35,5.0,0.898,0.584,14.0,2.515,1.634,12.0,2.156,1.401,1.0,0.18,0.117,0.0,0.0,0.0,10.0,1.796,1.167,2.0,0.359,0.233,5.0,0.898,0.584,1.0,0.18,0.117,91.74,1,Playmaker / Chance Creator,,,,,,,
353,Gustavo Raul Gomez,DEF,Paraguay,Paraguay,5,500,0.0,0.0,0.0,0.0,0.0,0.0,2.0,0.36,0.234,0.0,0.0,0.0,91.0,16.38,10.636,80.0,14.4,9.351,0.0,0.0,0.0,5.0,0.9,0.584,2.0,0.36,0.234,38.0,6.84,4.442,18.0,3.24,2.104,27.0,4.86,3.156,10.0,1.8,1.169,10.0,1.8,1.169,0.0,0.0,0.0,3.0,0.54,0.351,2.0,0.36,0.234,1.0,0.18,0.117,87.91,0,Ball Progressor,,,,,,,
352,Adrián Andrés Cubas,MID,Paraguay,Paraguay,5,500,0.0,0.0,0.0,0.0,0.0,0.0,1.0,0.18,0.117,0.0,0.0,0.0,117.0,21.06,13.675,97.0,17.46,11.338,0.0,0.0,0.0,45.0,8.1,5.26,3.0,0.54,0.351,26.0,4.68,3.039,33.0,5.94,3.857,36.0,6.48,4.208,3.0,0.54,0.351,3.0,0.54,0.351,1.0,0.18,0.117,14.0,2.52,1.636,3.0,0.54,0.351,0.0,0.0,0.0,82.91,0,Ball Progressor,,,,,,,
645,Timothy Castagne,DEF,Belgium,Belgium,6,495,0.0,0.0,0.0,0.0,0.0,0.0,3.0,0.545,0.353,1.0,0.182,0.118,263.0,47.818,30.941,230.0,41.818,27.059,20.0,3.636,2.353,19.0,3.455,2.235,9.0,1.636,1.059,15.0,2.727,1.765,15.0,2.727,1.765,28.0,5.091,3.294,7.0,1.273,0.824,7.0,1.273,0.824,3.0,0.545,0.353,7.0,1.273,0.824,2.0,0.364,0.235,0.0,0.0,0.0,87.45,0,Ball Progressor,,,,,,,
1141,Davinson Sanchez,DEF,Colombia,Colombia,5,495,0.0,0.0,0.0,0.0,0.0,0.0,6.0,1.091,0.706,2.0,0.364,0.235,361.0,65.636,42.471,324.0,58.909,38.118,0.0,0.0,0.0,11.0,2.0,1.294,6.0,1.091,0.706,41.0,7.455,4.824,15.0,2.727,1.765,32.0,5.818,3.765,14.0,2.545,1.647,11.0,2.0,1.294,8.0,1.455,0.941,6.0,1.091,0.706,5.0,0.909,0.588,1.0,0.182,0.118,89.75,0,Ball Progressor,,,,,,,
849,William Alain André Gabriel Saliba,DEF,France,France,6,494,0.0,0.0,0.0,0.0,0.0,0.0,1.0,0.182,0.118,0.0,0.0,0.0,315.0,57.389,37.107,307.0,55.931,36.165,0.0,0.0,0.0,9.0,1.64,1.06,7.0,1.275,0.825,28.0,5.101,3.298,15.0,2.733,1.767,31.0,5.648,3.652,12.0,2.186,1.414,12.0,2.186,1.414,3.0,0.547,0.353,4.0,0.729,0.471,0.0,0.0,0.0,0.0,0.0,0.0,97.46,0,Ball Progressor,,,,,,,
927,Torbjørn Lysaker Heggem,DEF,Norway,Norway,5,493,0.0,0.0,0.0,0.0,0.0,0.0,1.0,0.183,0.118,1.0,0.183,0.118,301.0,54.949,35.505,282.0,51.481,33.263,0.0,0.0,0.0,9.0,1.643,1.062,1.0,0.183,0.118,15.0,2.738,1.769,12.0,2.191,1.415,13.0,2.373,1.533,7.0,1.278,0.826,6.0,1.095,0.708,8.0,1.46,0.944,2.0,0.365,0.236,0.0,0.0,0.0,0.0,0.0,0.0,93.69,0,Ball Progressor,,,,,,,
1121,Jhon Janer Lucumi,DEF,Colombia,Colombia,5,493,0.0,0.0,0.0,0.0,0.0,0.0,2.0,0.365,0.236,0.0,0.0,0.0,285.0,52.028,33.617,262.0,47.83,30.904,0.0,0.0,0.0,4.0,0.73,0.472,6.0,1.095,0.708,24.0,4.381,2.831,5.0,0.913,0.59,21.0,3.834,2.477,12.0,2.191,1.415,9.0,1.643,1.062,4.0,0.73,0.472,5.0,0.913,0.59,0.0,0.0,0.0,0.0,0.0,0.0,91.93,0,Ball Progressor,,,,,,,
941,Leandro Daniel Paredes,MID,Argentina,Argentina,7,491,0.0,0.0,0.0,0.0,0.0,0.0,4.0,0.733,0.473,1.0,0.183,0.118,565.0,103.564,66.82,532.0,97.515,62.917,2.0,0.367,0.237,16.0,2.933,1.892,2.0,0.367,0.237,16.0,2.933,1.892,16.0,2.933,1.892,24.0,4.399,2.838,4.0,0.733,0.473,4.0,0.733,0.473,17.0,3.116,2.011,9.0,1.65,1.064,3.0,0.55,0.355,0.0,0.0,0.0,94.16,0,Ball Progressor,,,,,,,
652,Ahmed Ibrahim Yasser,DEF,Egypt,Egypt,5,489,1.0,0.184,0.119,0.0,0.0,0.0,1.0,0.184,0.119,1.0,0.184,0.119,260.0,47.853,30.83,239.0,43.988,28.34,0.0,0.0,0.0,17.0,3.129,2.016,0.0,0.0,0.0,39.0,7.178,4.625,11.0,2.025,1.304,38.0,6.994,4.506,18.0,3.313,2.134,17.0,3.129,2.016,3.0,0.552,0.356,6.0,1.104,0.711,3.0,0.552,0.356,0.0,0.0,0.0,91.92,0,Ball Progressor,,,,,,,
1125,Luis Fernando Diaz,FWD,Colombia,Colombia,5,489,1.0,0.184,0.119,1.0,0.184,0.119,19.0,3.497,2.253,6.0,1.104,0.711,166.0,30.552,19.684,145.0,26.687,17.194,6.0,1.104,0.711,9.0,1.656,1.067,3.0,0.552,0.356,1.0,0.184,0.119,4.0,0.736,0.474,4.0,0.736,0.474,3.0,0.552,0.356,2.0,0.368,0.237,20.0,3.681,2.372,7.0,1.288,0.83,9.0,1.656,1.067,9.0,1.656,1.067,87.35,2,Finisher / Goal Scorer,,,,,,,
237,Noussair Mazraoui,DEF,Morocco,Morocco,6,488,0.0,0.0,0.0,0.0,0.0,0.0,0.0,0.0,0.0,0.0,0.0,0.0,275.0,50.717,32.652,251.0,46.291,29.802,4.0,0.738,0.475,16.0,2.951,1.9,3.0,0.553,0.356,28.0,5.164,3.325,20.0,3.689,2.375,31.0,5.717,3.681,16.0,2.951,1.9,16.0,2.951,1.9,12.0,2.213,1.425,4.0,0.738,0.475,6.0,1.107,0.712,0.0,0.0,0.0,91.27,0,Ball Progressor,,,,,,,
920,Martín Odegaard,MID,Norway,Norway,5,487,0.0,0.0,0.0,3.0,0.554,0.357,9.0,1.663,1.07,3.0,0.554,0.357,367.0,67.823,43.633,322.0,59.507,38.283,16.0,2.957,1.902,16.0,2.957,1.902,2.0,0.37,0.238,1.0,0.185,0.119,6.0,1.109,0.713,11.0,2.033,1.308,1.0,0.185,0.119,1.0,0.185,0.119,17.0,3.142,2.021,3.0,0.554,0.357,4.0,0.739,0.476,0.0,0.0,0.0,87.74,1,Playmaker / Chance Creator,,,,,,,
939,Nicolás Alejandro Tagliafico,DEF,Argentina,Argentina,7,487,0.0,0.0,0.0,0.0,0.0,0.0,0.0,0.0,0.0,0.0,0.0,0.0,217.0,40.103,25.799,190.0,35.113,22.589,4.0,0.739,0.476,14.0,2.587,1.664,3.0,0.554,0.357,12.0,2.218,1.427,13.0,2.402,1.546,19.0,3.511,2.259,12.0,2.218,1.427,10.0,1.848,1.189,4.0,0.739,0.476,9.0,1.663,1.07,16.0,2.957,1.902,2.0,0.37,0.238,87.56,0,Ball Progressor,,,,,,,
743,Alejandro Baena,MID,Spain,Spain,7,486,1.0,0.185,0.119,1.0,0.185,0.119,12.0,2.222,1.429,5.0,0.926,0.595,218.0,40.37,25.952,178.0,32.963,21.19,44.0,8.148,5.238,22.0,4.074,2.619,1.0,0.185,0.119,3.0,0.556,0.357,12.0,2.222,1.429,16.0,2.963,1.905,2.0,0.37,0.238,2.0,0.37,0.238,14.0,2.593,1.667,13.0,2.407,1.548,7.0,1.296,0.833,2.0,0.37,0.238,81.65,1,Playmaker / Chance Creator,,,,,,,
632,Youri Marion Tielemans,MID,Belgium,Belgium,5,483,2.0,0.373,0.239,0.0,0.0,0.0,11.0,2.05,1.315,3.0,0.559,0.359,255.0,47.516,30.478,221.0,41.18,26.414,14.0,2.609,1.673,14.0,2.609,1.673,3.0,0.559,0.359,4.0,0.745,0.478,13.0,2.422,1.554,18.0,3.354,2.151,7.0,1.304,0.837,7.0,1.304,0.837,7.0,1.304,0.837,7.0,1.304,0.837,10.0,1.863,1.195,1.0,0.186,0.12,86.67,1,Playmaker / Chance Creator,,,,,,,
248,Issa Laye Lucas Jean Diop,DEF,Morocco,Morocco,5,477,1.0,0.189,0.12,0.0,0.0,0.0,1.0,0.189,0.12,1.0,0.189,0.12,326.0,61.509,39.277,299.0,56.415,36.024,0.0,0.0,0.0,2.0,0.377,0.241,5.0,0.943,0.602,35.0,6.604,4.217,16.0,3.019,1.928,27.0,5.094,3.253,11.0,2.075,1.325,9.0,1.698,1.084,2.0,0.377,0.241,4.0,0.755,0.482,1.0,0.189,0.12,0.0,0.0,0.0,91.72,0,Ball Progressor,,,,,,,
1147,Nico Oreilly,DEF,England,England,7,476,0.0,0.0,0.0,0.0,0.0,0.0,7.0,1.324,0.845,1.0,0.189,0.121,216.0,40.84,26.059,200.0,37.815,24.129,6.0,1.134,0.724,13.0,2.458,1.568,6.0,1.134,0.724,14.0,2.647,1.689,13.0,2.458,1.568,21.0,3.971,2.534,10.0,1.891,1.206,9.0,1.702,1.086,11.0,2.08,1.327,6.0,1.134,0.724,4.0,0.756,0.483,0.0,0.0,0.0,92.59,0,Ball Progressor,,,,,,,
1132,Gustavo Adolfo Puerta,DEF,Colombia,Colombia,5,476,0.0,0.0,0.0,1.0,0.189,0.121,14.0,2.647,1.689,5.0,0.945,0.603,290.0,54.832,34.987,264.0,49.916,31.85,2.0,0.378,0.241,9.0,1.702,1.086,2.0,0.378,0.241,10.0,1.891,1.206,12.0,2.269,1.448,17.0,3.214,2.051,4.0,0.756,0.483,4.0,0.756,0.483,9.0,1.702,1.086,9.0,1.702,1.086,8.0,1.513,0.965,0.0,0.0,0.0,91.03,1,Playmaker / Chance Creator,,,,,,,
835,Lucas Digne,DEF,France,France,6,473,0.0,0.0,0.0,0.0,0.0,0.0,2.0,0.381,0.242,1.0,0.19,0.121,283.0,53.848,34.28,252.0,47.949,30.525,17.0,3.235,2.059,8.0,1.522,0.969,7.0,1.332,0.848,21.0,3.996,2.544,11.0,2.093,1.332,21.0,3.996,2.544,14.0,2.664,1.696,13.0,2.474,1.575,5.0,0.951,0.606,7.0,1.332,0.848,2.0,0.381,0.242,0.0,0.0,0.0,89.05,0,Ball Progressor,,,,,,,
1053,Renato Renato Veiga,DEF,Portugal,Portugal,5,472,0.0,0.0,0.0,0.0,0.0,0.0,2.0,0.381,0.243,0.0,0.0,0.0,336.0,64.068,40.755,320.0,61.017,38.814,0.0,0.0,0.0,7.0,1.335,0.849,10.0,1.907,1.213,26.0,4.958,3.154,11.0,2.097,1.334,34.0,6.483,4.124,13.0,2.479,1.577,12.0,2.288,1.456,8.0,1.525,0.97,5.0,0.953,0.606,3.0,0.572,0.364,0.0,0.0,0.0,95.24,0,Ball Progressor,,,,,,,
658,Ashour Metwaly Emam,MID,Egypt,Egypt,5,469,2.0,0.384,0.244,0.0,0.0,0.0,10.0,1.919,1.218,2.0,0.384,0.244,207.0,39.723,25.21,176.0,33.774,21.434,3.0,0.576,0.365,9.0,1.727,1.096,0.0,0.0,0.0,2.0,0.384,0.244,14.0,2.687,1.705,9.0,1.727,1.096,6.0,1.151,0.731,5.0,0.959,0.609,18.0,3.454,2.192,2.0,0.384,0.244,13.0,2.495,1.583,0.0,0.0,0.0,85.02,1,Playmaker / Chance Creator,,,,,,,
320,Mc,MID,USA,USA,5,468,0.0,0.0,0.0,0.0,0.0,0.0,5.0,0.962,0.61,1.0,0.192,0.122,220.0,42.308,26.829,173.0,33.269,21.098,11.0,2.115,1.341,11.0,2.115,1.341,0.0,0.0,0.0,10.0,1.923,1.22,5.0,0.962,0.61,5.0,0.962,0.61,4.0,0.769,0.488,4.0,0.769,0.488,12.0,2.308,1.463,8.0,1.538,0.976,2.0,0.385,0.244,0.0,0.0,0.0,78.64,3,Box-to-Box / All-rounder,,,,,,,
211,Gabriel Gabriel Magalhaes,DEF,Brazil,Brazil,5,468,0.0,0.0,0.0,1.0,0.192,0.122,1.0,0.192,0.122,0.0,0.0,0.0,431.0,82.885,52.561,413.0,79.423,50.366,0.0,0.0,0.0,9.0,1.731,1.098,5.0,0.962,0.61,20.0,3.846,2.439,10.0,1.923,1.22,21.0,4.038,2.561,19.0,3.654,2.317,16.0,3.077,1.951,2.0,0.385,0.244,1.0,0.192,0.122,3.0,0.577,0.366,0.0,0.0,0.0,95.82,0,Ball Progressor,,,,,,,
212,MARQUINHOSMarcos,DEF,Brazil,Brazil,5,468,0.0,0.0,0.0,0.0,0.0,0.0,2.0,0.385,0.244,0.0,0.0,0.0,380.0,73.077,46.341,367.0,70.577,44.756,1.0,0.192,0.122,7.0,1.346,0.854,5.0,0.962,0.61,24.0,4.615,2.927,8.0,1.538,0.976,29.0,5.577,3.537,7.0,1.346,0.854,7.0,1.346,0.854,1.0,0.192,0.122,0.0,0.0,0.0,2.0,0.385,0.244,1.0,0.192,0.122,96.58,0,Ball Progressor,,,,,,,
244,Brahim Diaz,FWD,Morocco,Morocco,6,468,0.0,0.0,0.0,3.0,0.577,0.366,6.0,1.154,0.732,1.0,0.192,0.122,165.0,31.731,20.122,142.0,27.308,17.317,8.0,1.538,0.976,7.0,1.346,0.854,2.0,0.385,0.244,0.0,0.0,0.0,7.0,1.346,0.854,7.0,1.346,0.854,0.0,0.0,0.0,0.0,0.0,0.0,33.0,6.346,4.024,3.0,0.577,0.366,10.0,1.923,1.22,0.0,0.0,0.0,86.06,1,Playmaker / Chance Creator,,,,,,,
257,Bilal El Khannouss,MID,Morocco,Morocco,6,467,0.0,0.0,0.0,0.0,0.0,0.0,6.0,1.156,0.733,4.0,0.771,0.488,238.0,45.867,29.064,186.0,35.846,22.714,14.0,2.698,1.71,17.0,3.276,2.076,2.0,0.385,0.244,3.0,0.578,0.366,5.0,0.964,0.611,14.0,2.698,1.71,5.0,0.964,0.611,5.0,0.964,0.611,18.0,3.469,2.198,5.0,0.964,0.611,6.0,1.156,0.733,0.0,0.0,0.0,78.15,1,Playmaker / Chance Creator,,,,,,,
916,Patrick Berg,MID,Norway,Norway,6,466,0.0,0.0,0.0,2.0,0.386,0.245,3.0,0.579,0.367,0.0,0.0,0.0,174.0,33.605,21.277,161.0,31.094,19.688,13.0,2.511,1.59,17.0,3.283,2.079,1.0,0.193,0.122,9.0,1.738,1.101,13.0,2.511,1.59,9.0,1.738,1.101,1.0,0.193,0.122,1.0,0.193,0.122,11.0,2.124,1.345,4.0,0.773,0.489,2.0,0.386,0.245,0.0,0.0,0.0,92.53,1,Playmaker / Chance Creator,,,,,,,
106,Alistair William Johnston,DEF,Canada,Canada,5,465,0.0,0.0,0.0,0.0,0.0,0.0,5.0,0.968,0.612,2.0,0.387,0.245,240.0,46.452,29.388,184.0,35.613,22.531,24.0,4.645,2.939,10.0,1.935,1.224,6.0,1.161,0.735,23.0,4.452,2.816,10.0,1.935,1.224,29.0,5.613,3.551,15.0,2.903,1.837,14.0,2.71,1.714,7.0,1.355,0.857,5.0,0.968,0.612,4.0,0.774,0.49,0.0,0.0,0.0,76.67,0,Ball Progressor,,,,,,,
852,Désiré Nonka-Maho Doue,FWD,France,France,8,463,1.0,0.194,0.123,0.0,0.0,0.0,13.0,2.527,1.596,8.0,1.555,0.982,196.0,38.099,24.065,167.0,32.462,20.505,5.0,0.972,0.614,19.0,3.693,2.333,1.0,0.194,0.123,3.0,0.583,0.368,15.0,2.916,1.842,12.0,2.333,1.473,4.0,0.778,0.491,3.0,0.583,0.368,40.0,7.775,4.911,4.0,0.778,0.491,8.0,1.555,0.982,0.0,0.0,0.0,85.2,1,Playmaker / Chance Creator,,,,,,,
224,Douglas Douglas Santos,DEF,Brazil,Brazil,5,459,0.0,0.0,0.0,0.0,0.0,0.0,2.0,0.392,0.247,0.0,0.0,0.0,275.0,53.922,33.951,256.0,50.196,31.605,6.0,1.176,0.741,29.0,5.686,3.58,8.0,1.569,0.988,12.0,2.353,1.481,12.0,2.353,1.481,22.0,4.314,2.716,1.0,0.196,0.123,1.0,0.196,0.123,1.0,0.196,0.123,3.0,0.588,0.37,2.0,0.392,0.247,1.0,0.196,0.123,93.09,0,Ball Progressor,,,,,,,
215,José Vinicius,FWD,Brazil,Brazil,5,459,4.0,0.784,0.494,1.0,0.196,0.123,17.0,3.333,2.099,11.0,2.157,1.358,142.0,27.843,17.531,116.0,22.745,14.321,15.0,2.941,1.852,7.0,1.373,0.864,1.0,0.196,0.123,0.0,0.0,0.0,2.0,0.392,0.247,6.0,1.176,0.741,1.0,0.196,0.123,1.0,0.196,0.123,53.0,10.392,6.543,4.0,0.784,0.494,10.0,1.961,1.235,3.0,0.588,0.37,81.69,2,Finisher / Goal Scorer,,,,,,,
1047,Ronaldo Cristiano Ronaldo,FWD,Portugal,Portugal,5,455,3.0,0.593,0.372,0.0,0.0,0.0,18.0,3.56,2.234,9.0,1.78,1.117,99.0,19.582,12.29,86.0,17.011,10.676,1.0,0.198,0.124,5.0,0.989,0.621,1.0,0.198,0.124,2.0,0.396,0.248,2.0,0.396,0.248,2.0,0.396,0.248,2.0,0.396,0.248,2.0,0.396,0.248,2.0,0.396,0.248,2.0,0.396,0.248,5.0,0.989,0.621,6.0,1.187,0.745,86.87,2,Finisher / Goal Scorer,,,,,,,
669,Attia Fahim Marawan Attia,MID,Egypt,Egypt,5,453,0.0,0.0,0.0,0.0,0.0,0.0,4.0,0.795,0.498,0.0,0.0,0.0,357.0,70.927,44.44,313.0,62.185,38.963,8.0,1.589,0.996,20.0,3.974,2.49,1.0,0.199,0.124,25.0,4.967,3.112,12.0,2.384,1.494,15.0,2.98,1.867,1.0,0.199,0.124,1.0,0.199,0.124,4.0,0.795,0.498,8.0,1.589,0.996,1.0,0.199,0.124,0.0,0.0,0.0,87.68,0,Ball Progressor,,,,,,,
629,Maxim Peter De Cuyper,DEF,Belgium,Belgium,6,449,0.0,0.0,0.0,0.0,0.0,0.0,10.0,2.004,1.252,6.0,1.203,0.751,246.0,49.31,30.793,203.0,40.69,25.41,16.0,3.207,2.003,13.0,2.606,1.627,7.0,1.403,0.876,11.0,2.205,1.377,10.0,2.004,1.252,19.0,3.808,2.378,5.0,1.002,0.626,4.0,0.802,0.501,5.0,1.002,0.626,7.0,1.403,0.876,2.0,0.401,0.25,0.0,0.0,0.0,82.52,0,Ball Progressor,,,,,,,
342,Juan Jose Caceres,DEF,Paraguay,Paraguay,5,448,0.0,0.0,0.0,0.0,0.0,0.0,2.0,0.402,0.251,1.0,0.201,0.125,129.0,25.915,16.17,80.0,16.071,10.028,9.0,1.808,1.128,39.0,7.835,4.889,4.0,0.804,0.501,33.0,6.629,4.136,20.0,4.018,2.507,25.0,5.022,3.134,13.0,2.612,1.63,12.0,2.411,1.504,11.0,2.21,1.379,9.0,1.808,1.128,6.0,1.205,0.752,0.0,0.0,0.0,62.02,0,Ball Progressor,,,,,,,
25,Roberto Carlos Alvarado,FWD,Mexico,Mexico,5,444,0.0,0.0,0.0,2.0,0.405,0.252,5.0,1.014,0.63,0.0,0.0,0.0,201.0,40.743,25.336,163.0,33.041,20.546,34.0,6.892,4.286,10.0,2.027,1.261,4.0,0.811,0.504,10.0,2.027,1.261,6.0,1.216,0.756,13.0,2.635,1.639,2.0,0.405,0.252,1.0,0.203,0.126,12.0,2.432,1.513,3.0,0.608,0.378,5.0,1.014,0.63,1.0,0.203,0.126,81.09,1,Playmaker / Chance Creator,,,,,,,
915,David Møller Moller Wolfe,DEF,Norway,Norway,5,444,0.0,0.0,0.0,1.0,0.203,0.126,0.0,0.0,0.0,0.0,0.0,0.0,186.0,37.703,23.445,162.0,32.838,20.42,7.0,1.419,0.882,10.0,2.027,1.261,5.0,1.014,0.63,13.0,2.635,1.639,9.0,1.824,1.134,19.0,3.851,2.395,9.0,1.824,1.134,7.0,1.419,0.882,8.0,1.622,1.008,7.0,1.419,0.882,2.0,0.405,0.252,0.0,0.0,0.0,87.1,0,Ball Progressor,,,,,,,
838,Emmanuel Boris Kone,MID,France,France,5,443,0.0,0.0,0.0,0.0,0.0,0.0,6.0,1.219,0.757,2.0,0.406,0.252,263.0,53.431,33.198,242.0,49.165,30.547,1.0,0.203,0.126,19.0,3.86,2.398,6.0,1.219,0.757,3.0,0.609,0.379,9.0,1.828,1.136,18.0,3.657,2.272,4.0,0.813,0.505,4.0,0.813,0.505,14.0,2.844,1.767,6.0,1.219,0.757,7.0,1.422,0.884,0.0,0.0,0.0,92.02,0,Ball Progressor,,,,,,,
242,Azz-Eddine Ounahi,MID,Morocco,Morocco,6,440,2.0,0.409,0.254,0.0,0.0,0.0,5.0,1.023,0.634,3.0,0.614,0.38,315.0,64.432,39.93,281.0,57.477,35.62,6.0,1.227,0.761,4.0,0.818,0.507,2.0,0.409,0.254,2.0,0.409,0.254,3.0,0.614,0.38,5.0,1.023,0.634,1.0,0.205,0.127,1.0,0.205,0.127,29.0,5.932,3.676,3.0,0.614,0.38,7.0,1.432,0.887,0.0,0.0,0.0,89.21,1,Playmaker / Chance Creator,,,,,,,
126,Richmond Mamah Laryea,DEF,Canada,Canada,5,438,0.0,0.0,0.0,0.0,0.0,0.0,2.0,0.411,0.254,1.0,0.205,0.127,202.0,41.507,25.678,167.0,34.315,21.229,4.0,0.822,0.508,13.0,2.671,1.653,5.0,1.027,0.636,6.0,1.233,0.763,7.0,1.438,0.89,18.0,3.699,2.288,3.0,0.616,0.381,2.0,0.411,0.254,15.0,3.082,1.907,8.0,1.644,1.017,14.0,2.877,1.78,1.0,0.205,0.127,82.67,1,Playmaker / Chance Creator,,,,,,,
641,Charles Marc De Ketelaere,FWD,Belgium,Belgium,5,438,3.0,0.616,0.381,0.0,0.0,0.0,6.0,1.233,0.763,5.0,1.027,0.636,91.0,18.699,11.568,72.0,14.795,9.153,5.0,1.027,0.636,14.0,2.877,1.78,0.0,0.0,0.0,5.0,1.027,0.636,15.0,3.082,1.907,12.0,2.466,1.525,18.0,3.699,2.288,17.0,3.493,2.161,10.0,2.055,1.271,2.0,0.411,0.254,3.0,0.616,0.381,2.0,0.411,0.254,79.12,2,Finisher / Goal Scorer,,,,,,,
213,Henrique,MID,Brazil,Brazil,5,437,1.0,0.206,0.127,0.0,0.0,0.0,4.0,0.824,0.509,2.0,0.412,0.255,224.0,46.133,28.515,200.0,41.19,25.46,4.0,0.824,0.509,24.0,4.943,3.055,7.0,1.442,0.891,19.0,3.913,2.419,14.0,2.883,1.782,34.0,7.002,4.328,9.0,1.854,1.146,9.0,1.854,1.146,5.0,1.03,0.636,6.0,1.236,0.764,6.0,1.236,0.764,0.0,0.0,0.0,89.29,0,Ball Progressor,,,,,,,
660,Hamed Mahrous Mohamed Salah,FWD,Egypt,Egypt,5,437,1.0,0.206,0.127,3.0,0.618,0.382,9.0,1.854,1.146,4.0,0.824,0.509,136.0,28.009,17.313,112.0,23.066,14.257,16.0,3.295,2.037,3.0,0.618,0.382,1.0,0.206,0.127,0.0,0.0,0.0,6.0,1.236,0.764,6.0,1.236,0.764,6.0,1.236,0.764,5.0,1.03,0.636,20.0,4.119,2.546,5.0,1.03,0.636,13.0,2.677,1.655,1.0,0.206,0.127,82.35,1,Playmaker / Chance Creator,,,,,,,
1048,Miguel Bruno,MID,Portugal,Portugal,5,436,0.0,0.0,0.0,1.0,0.206,0.127,9.0,1.858,1.147,3.0,0.619,0.382,278.0,57.385,35.439,239.0,49.335,30.467,22.0,4.541,2.805,19.0,3.922,2.422,1.0,0.206,0.127,3.0,0.619,0.382,11.0,2.271,1.402,14.0,2.89,1.785,6.0,1.239,0.765,6.0,1.239,0.765,8.0,1.651,1.02,2.0,0.413,0.255,8.0,1.651,1.02,1.0,0.206,0.127,85.97,1,Playmaker / Chance Creator,,,,,,,
114,Jonathan Christian David,FWD,Canada,Canada,5,433,3.0,0.624,0.384,0.0,0.0,0.0,18.0,3.741,2.304,8.0,1.663,1.024,103.0,21.409,13.186,76.0,15.797,9.73,6.0,1.247,0.768,6.0,1.247,0.768,4.0,0.831,0.512,2.0,0.416,0.256,4.0,0.831,0.512,5.0,1.039,0.64,5.0,1.039,0.64,4.0,0.831,0.512,2.0,0.416,0.256,5.0,1.039,0.64,5.0,1.039,0.64,0.0,0.0,0.0,73.79,2,Finisher / Goal Scorer,,,,,,,
216,GUIMARAESBruno Bruno,MID,Brazil,Brazil,5,428,0.0,0.0,0.0,2.0,0.421,0.258,8.0,1.682,1.032,2.0,0.421,0.258,200.0,42.056,25.788,161.0,33.855,20.759,12.0,2.523,1.547,19.0,3.995,2.45,3.0,0.631,0.387,6.0,1.262,0.774,5.0,1.051,0.645,19.0,3.995,2.45,4.0,0.841,0.516,4.0,0.841,0.516,6.0,1.262,0.774,4.0,0.841,0.516,7.0,1.472,0.903,0.0,0.0,0.0,80.5,1,Playmaker / Chance Creator,,,,,,,
1134,Jefferson Andrés Lerma,MID,Colombia,Colombia,5,425,0.0,0.0,0.0,0.0,0.0,0.0,5.0,1.059,0.647,1.0,0.212,0.129,274.0,58.024,35.482,242.0,51.247,31.338,2.0,0.424,0.259,6.0,1.271,0.777,1.0,0.212,0.129,17.0,3.6,2.201,7.0,1.482,0.906,19.0,4.024,2.46,16.0,3.388,2.072,16.0,3.388,2.072,6.0,1.271,0.777,6.0,1.271,0.777,5.0,1.059,0.647,0.0,0.0,0.0,88.32,0,Ball Progressor,,,,,,,
1169,Tehuti Djed-Hotep Spence,DEF,England,England,8,424,0.0,0.0,0.0,0.0,0.0,0.0,2.0,0.425,0.259,2.0,0.425,0.259,201.0,42.665,26.066,177.0,37.571,22.954,9.0,1.91,1.167,22.0,4.67,2.853,5.0,1.061,0.648,18.0,3.821,2.334,16.0,3.396,2.075,21.0,4.458,2.723,2.0,0.425,0.259,2.0,0.425,0.259,18.0,3.821,2.334,3.0,0.637,0.389,5.0,1.061,0.648,0.0,0.0,0.0,88.06,0,Ball Progressor,,,,,,,
221,Luiz Danilo,DEF,Brazil,Brazil,5,422,0.0,0.0,0.0,0.0,0.0,0.0,1.0,0.213,0.13,0.0,0.0,0.0,294.0,62.701,38.237,262.0,55.877,34.075,7.0,1.493,0.91,10.0,2.133,1.301,3.0,0.64,0.39,23.0,4.905,2.991,11.0,2.346,1.431,14.0,2.986,1.821,6.0,1.28,0.78,6.0,1.28,0.78,3.0,0.64,0.39,7.0,1.493,0.91,1.0,0.213,0.13,1.0,0.213,0.13,89.12,0,Ball Progressor,,,,,,,
16,Julián Andrés Quinones,FWD,Mexico,Mexico,5,418,4.0,0.861,0.523,1.0,0.215,0.131,14.0,3.014,1.831,6.0,1.292,0.785,135.0,29.067,17.66,111.0,23.9,14.52,4.0,0.861,0.523,6.0,1.292,0.785,1.0,0.215,0.131,2.0,0.431,0.262,6.0,1.292,0.785,7.0,1.507,0.916,4.0,0.861,0.523,4.0,0.861,0.523,9.0,1.938,1.177,5.0,1.077,0.654,7.0,1.507,0.916,1.0,0.215,0.131,82.22,2,Finisher / Goal Scorer,,,,,,,
193,Dan Ndoye,FWD,Switzerland,Switzerland,6,411,2.0,0.438,0.264,0.0,0.0,0.0,16.0,3.504,2.115,8.0,1.752,1.057,92.0,20.146,12.159,73.0,15.985,9.648,13.0,2.847,1.718,14.0,3.066,1.85,2.0,0.438,0.264,3.0,0.657,0.396,14.0,3.066,1.85,11.0,2.409,1.454,6.0,1.314,0.793,6.0,1.314,0.793,22.0,4.818,2.907,5.0,1.095,0.661,16.0,3.504,2.115,4.0,0.876,0.529,79.35,2,Finisher / Goal Scorer,,,,,,,
1065,Alexandre Nuno,DEF,Portugal,Portugal,5,410,1.0,0.22,0.132,0.0,0.0,0.0,3.0,0.659,0.397,1.0,0.22,0.132,282.0,61.902,37.324,239.0,52.463,31.632,21.0,4.61,2.779,20.0,4.39,2.647,9.0,1.976,1.191,6.0,1.317,0.794,12.0,2.634,1.588,25.0,5.488,3.309,3.0,0.659,0.397,3.0,0.659,0.397,26.0,5.707,3.441,3.0,0.659,0.397,12.0,2.634,1.588,1.0,0.22,0.132,84.75,1,Playmaker / Chance Creator,,,,,,,
344,Júnior Osmar Ignacio Alonso,DEF,Paraguay,Paraguay,5,409,0.0,0.0,0.0,0.0,0.0,0.0,3.0,0.66,0.398,1.0,0.22,0.133,116.0,25.526,15.376,69.0,15.183,9.146,1.0,0.22,0.133,15.0,3.301,1.988,5.0,1.1,0.663,12.0,2.641,1.591,21.0,4.621,2.784,22.0,4.841,2.916,4.0,0.88,0.53,4.0,0.88,0.53,2.0,0.44,0.265,3.0,0.66,0.398,3.0,0.66,0.398,1.0,0.22,0.133,59.48,0,Ball Progressor,,,,,,,
1060,Pedro Joao Cancelo,DEF,Portugal,Portugal,5,409,0.0,0.0,0.0,1.0,0.22,0.133,3.0,0.66,0.398,0.0,0.0,0.0,184.0,40.489,24.389,160.0,35.208,21.208,12.0,2.641,1.591,12.0,2.641,1.591,3.0,0.66,0.398,13.0,2.861,1.723,11.0,2.421,1.458,11.0,2.421,1.458,3.0,0.66,0.398,3.0,0.66,0.398,12.0,2.641,1.591,6.0,1.32,0.795,2.0,0.44,0.265,1.0,0.22,0.133,86.96,1,Playmaker / Chance Creator,,,,,,,
1162,Anthony Michael Gordon,FWD,England,England,6,409,1.0,0.22,0.133,2.0,0.44,0.265,6.0,1.32,0.795,4.0,0.88,0.53,113.0,24.866,14.978,96.0,21.125,12.725,10.0,2.2,1.325,19.0,4.181,2.518,2.0,0.44,0.265,4.0,0.88,0.53,9.0,1.98,1.193,7.0,1.54,0.928,1.0,0.22,0.133,0.0,0.0,0.0,34.0,7.482,4.507,4.0,0.88,0.53,10.0,2.2,1.325,0.0,0.0,0.0,84.96,1,Playmaker / Chance Creator,,,,,,,
1055,Pedro Joao Neves,MID,Portugal,Portugal,5,408,1.0,0.221,0.133,0.0,0.0,0.0,3.0,0.662,0.398,1.0,0.221,0.133,261.0,57.574,34.646,247.0,54.485,32.788,2.0,0.441,0.265,18.0,3.971,2.389,5.0,1.103,0.664,3.0,0.662,0.398,8.0,1.765,1.062,12.0,2.647,1.593,3.0,0.662,0.398,3.0,0.662,0.398,6.0,1.324,0.796,1.0,0.221,0.133,4.0,0.882,0.531,0.0,0.0,0.0,94.64,0,Ball Progressor,,,,,,,
1120,Daniel Munoz,DEF,Colombia,Colombia,5,408,2.0,0.441,0.265,0.0,0.0,0.0,3.0,0.662,0.398,2.0,0.441,0.265,213.0,46.985,28.274,194.0,42.794,25.752,9.0,1.985,1.195,11.0,2.426,1.46,4.0,0.882,0.531,14.0,3.088,1.858,11.0,2.426,1.46,14.0,3.088,1.858,5.0,1.103,0.664,5.0,1.103,0.664,2.0,0.441,0.265,9.0,1.985,1.195,1.0,0.221,0.133,3.0,0.662,0.398,91.08,0,Ball Progressor,,,,,,,
111,Stephen Eustaquio,MID,Canada,Canada,5,405,1.0,0.222,0.133,0.0,0.0,0.0,4.0,0.889,0.533,1.0,0.222,0.133,281.0,62.444,37.467,244.0,54.222,32.533,42.0,9.333,5.6,14.0,3.111,1.867,4.0,0.889,0.533,5.0,1.111,0.667,8.0,1.778,1.067,16.0,3.556,2.133,3.0,0.667,0.4,2.0,0.444,0.267,5.0,1.111,0.667,2.0,0.444,0.267,7.0,1.556,0.933,0.0,0.0,0.0,86.83,1,Playmaker / Chance Creator,,,,,,,
328,Alexander Michael Freeman,DEF,USA,USA,5,404,1.0,0.223,0.134,0.0,0.0,0.0,4.0,0.891,0.534,1.0,0.223,0.134,283.0,63.045,37.789,256.0,57.03,34.184,4.0,0.891,0.534,17.0,3.787,2.27,3.0,0.668,0.401,18.0,4.01,2.404,16.0,3.564,2.136,23.0,5.124,3.071,17.0,3.787,2.27,16.0,3.564,2.136,25.0,5.569,3.338,1.0,0.223,0.134,1.0,0.223,0.134,0.0,0.0,0.0,90.46,0,Ball Progressor,,,,,,,
873,Krepin Diatta,DEF,Senegal,Senegal,4,404,0.0,0.0,0.0,0.0,0.0,0.0,1.0,0.223,0.134,0.0,0.0,0.0,283.0,63.045,37.789,255.0,56.807,34.05,10.0,2.228,1.335,14.0,3.119,1.869,7.0,1.559,0.935,16.0,3.564,2.136,3.0,0.668,0.401,26.0,5.792,3.472,6.0,1.337,0.801,6.0,1.337,0.801,17.0,3.787,2.27,4.0,0.891,0.534,6.0,1.337,0.801,0.0,0.0,0.0,90.11,0,Ball Progressor,,,,,,,
877,Moussa Niakhate,DEF,Senegal,Senegal,4,404,0.0,0.0,0.0,1.0,0.223,0.134,1.0,0.223,0.134,0.0,0.0,0.0,290.0,64.604,38.724,271.0,60.371,36.187,2.0,0.446,0.267,3.0,0.668,0.401,4.0,0.891,0.534,24.0,5.347,3.205,10.0,2.228,1.335,24.0,5.347,3.205,13.0,2.896,1.736,12.0,2.673,1.602,6.0,1.337,0.801,3.0,0.668,0.401,6.0,1.337,0.801,0.0,0.0,0.0,93.45,0,Ball Progressor,,,,,,,
1135,Johan Andrés Mojica,DEF,Colombia,Colombia,4,403,0.0,0.0,0.0,0.0,0.0,0.0,3.0,0.67,0.401,2.0,0.447,0.267,202.0,45.112,27.013,161.0,35.955,21.53,12.0,2.68,1.605,7.0,1.563,0.936,5.0,1.117,0.669,20.0,4.467,2.675,7.0,1.563,0.936,21.0,4.69,2.808,8.0,1.787,1.07,8.0,1.787,1.07,1.0,0.223,0.134,1.0,0.223,0.134,7.0,1.563,0.936,1.0,0.223,0.134,79.7,0,Ball Progressor,,,,,,,
361,Matias Galarza,MID,Paraguay,Paraguay,4,402,1.0,0.224,0.134,1.0,0.224,0.134,2.0,0.448,0.268,1.0,0.224,0.134,113.0,25.299,15.134,82.0,18.358,10.982,4.0,0.896,0.536,40.0,8.955,5.357,6.0,1.343,0.804,7.0,1.567,0.938,17.0,3.806,2.277,22.0,4.925,2.946,4.0,0.896,0.536,3.0,0.672,0.402,8.0,1.791,1.071,10.0,2.239,1.339,9.0,2.015,1.205,0.0,0.0,0.0,72.57,0,Ball Progressor,,,,,,,
1058,Pedro Pedro Neto,FWD,Portugal,Portugal,5,401,0.0,0.0,0.0,1.0,0.224,0.134,1.0,0.224,0.134,0.0,0.0,0.0,155.0,34.788,20.79,137.0,30.748,18.376,13.0,2.918,1.744,7.0,1.571,0.939,4.0,0.898,0.537,1.0,0.224,0.134,2.0,0.449,0.268,7.0,1.571,0.939,2.0,0.449,0.268,2.0,0.449,0.268,20.0,4.489,2.683,4.0,0.898,0.537,4.0,0.898,0.537,0.0,0.0,0.0,88.39,1,Playmaker / Chance Creator,,,,,,,
757,Alberto Diney,DEF,Cabo Verde,Cabo Verde,4,400,0.0,0.0,0.0,0.0,0.0,0.0,4.0,0.9,0.537,2.0,0.45,0.269,195.0,43.875,26.194,158.0,35.55,21.224,0.0,0.0,0.0,17.0,3.825,2.284,5.0,1.125,0.672,40.0,9.0,5.373,11.0,2.475,1.478,29.0,6.525,3.896,12.0,2.7,1.612,12.0,2.7,1.612,4.0,0.9,0.537,2.0,0.45,0.269,0.0,0.0,0.0,0.0,0.0,0.0,81.03,0,Ball Progressor,,,,,,,
758,Carlos Pico Lopes,DEF,Cabo Verde,Cabo Verde,4,400,0.0,0.0,0.0,0.0,0.0,0.0,2.0,0.45,0.269,0.0,0.0,0.0,182.0,40.95,24.448,153.0,34.425,20.552,0.0,0.0,0.0,11.0,2.475,1.478,5.0,1.125,0.672,29.0,6.525,3.896,18.0,4.05,2.418,33.0,7.425,4.433,9.0,2.025,1.209,9.0,2.025,1.209,6.0,1.35,0.806,0.0,0.0,0.0,3.0,0.675,0.403,0.0,0.0,0.0,84.07,0,Ball Progressor,,,,,,,
357,Julio Cesar Enciso,FWD,Paraguay,Paraguay,5,399,1.0,0.226,0.135,2.0,0.451,0.269,8.0,1.805,1.076,1.0,0.226,0.135,68.0,15.338,9.148,55.0,12.406,7.399,7.0,1.579,0.942,13.0,2.932,1.749,1.0,0.226,0.135,0.0,0.0,0.0,7.0,1.579,0.942,9.0,2.03,1.211,5.0,1.128,0.673,3.0,0.677,0.404,33.0,7.444,4.439,3.0,0.677,0.404,9.0,2.03,1.211,0.0,0.0,0.0,80.88,1,Playmaker / Chance Creator,,,,,,,
367,Alessandro Circati,DEF,Australia,Australia,4,399,0.0,0.0,0.0,0.0,0.0,0.0,3.0,0.677,0.404,0.0,0.0,0.0,221.0,49.85,29.731,177.0,39.925,23.812,1.0,0.226,0.135,16.0,3.609,2.152,8.0,1.805,1.076,23.0,5.188,3.094,10.0,2.256,1.345,32.0,7.218,4.305,15.0,3.383,2.018,14.0,3.158,1.883,8.0,1.805,1.076,5.0,1.128,0.673,4.0,0.902,0.538,0.0,0.0,0.0,80.09,0,Ball Progressor,,,,,,,
383,Harry James Souttar,DEF,Australia,Australia,4,399,0.0,0.0,0.0,0.0,0.0,0.0,1.0,0.226,0.135,1.0,0.226,0.135,199.0,44.887,26.771,171.0,38.571,23.004,0.0,0.0,0.0,3.0,0.677,0.404,2.0,0.451,0.269,27.0,6.09,3.632,19.0,4.286,2.556,24.0,5.414,3.229,24.0,5.414,3.229,24.0,5.414,3.229,3.0,0.677,0.404,8.0,1.805,1.076,1.0,0.226,0.135,0.0,0.0,0.0,85.93,0,Ball Progressor,,,,,,,
377,Aiden Connor Oneill,MID,Australia,Australia,4,399,0.0,0.0,0.0,0.0,0.0,0.0,2.0,0.451,0.269,0.0,0.0,0.0,172.0,38.797,23.139,142.0,32.03,19.103,8.0,1.805,1.076,12.0,2.707,1.614,3.0,0.677,0.404,15.0,3.383,2.018,6.0,1.353,0.807,12.0,2.707,1.614,2.0,0.451,0.269,2.0,0.451,0.269,10.0,2.256,1.345,2.0,0.451,0.269,8.0,1.805,1.076,0.0,0.0,0.0,82.56,1,Playmaker / Chance Creator,,,,,,,
23,Jesús Daniel Gallardo,DEF,Mexico,Mexico,5,395,0.0,0.0,0.0,0.0,0.0,0.0,4.0,0.911,0.541,0.0,0.0,0.0,167.0,38.051,22.602,140.0,31.899,18.947,19.0,4.329,2.571,8.0,1.823,1.083,6.0,1.367,0.812,23.0,5.241,3.113,13.0,2.962,1.759,26.0,5.924,3.519,8.0,1.823,1.083,8.0,1.823,1.083,9.0,2.051,1.218,7.0,1.595,0.947,3.0,0.684,0.406,0.0,0.0,0.0,83.83,0,Ball Progressor,,,,,,,
917,Alexander Sorloth,FWD,Norway,Norway,5,395,0.0,0.0,0.0,0.0,0.0,0.0,5.0,1.139,0.677,0.0,0.0,0.0,110.0,25.063,14.887,88.0,20.051,11.91,5.0,1.139,0.677,8.0,1.823,1.083,2.0,0.456,0.271,3.0,0.684,0.406,2.0,0.456,0.271,5.0,1.139,0.677,15.0,3.418,2.03,14.0,3.19,1.895,14.0,3.19,1.895,6.0,1.367,0.812,2.0,0.456,0.271,2.0,0.456,0.271,80.0,3,Box-to-Box / All-rounder,,,,,,,
524,Virgil Van Dijk,DEF,Netherlands,Netherlands,4,394,1.0,0.228,0.136,0.0,0.0,0.0,2.0,0.457,0.271,2.0,0.457,0.271,347.0,79.264,47.033,330.0,75.381,44.729,0.0,0.0,0.0,3.0,0.685,0.407,11.0,2.513,1.491,26.0,5.939,3.524,4.0,0.914,0.542,23.0,5.254,3.117,15.0,3.426,2.033,14.0,3.198,1.898,3.0,0.685,0.407,2.0,0.457,0.271,2.0,0.457,0.271,0.0,0.0,0.0,95.1,0,Ball Progressor,,,,,,,
526,Paul Jan-Paul Van Hecke,DEF,Netherlands,Netherlands,4,394,1.0,0.228,0.136,0.0,0.0,0.0,3.0,0.685,0.407,2.0,0.457,0.271,360.0,82.234,48.795,335.0,76.523,45.407,1.0,0.228,0.136,14.0,3.198,1.898,3.0,0.685,0.407,21.0,4.797,2.846,9.0,2.056,1.22,25.0,5.711,3.389,18.0,4.112,2.44,18.0,4.112,2.44,3.0,0.685,0.407,4.0,0.914,0.542,2.0,0.457,0.271,0.0,0.0,0.0,93.06,0,Ball Progressor,,,,,,,
542,Denzel Justus Morris Dumfries,DEF,Netherlands,Netherlands,4,394,0.0,0.0,0.0,2.0,0.457,0.271,5.0,1.142,0.678,2.0,0.457,0.271,179.0,40.888,24.262,147.0,33.579,19.925,17.0,3.883,2.304,8.0,1.827,1.084,0.0,0.0,0.0,11.0,2.513,1.491,11.0,2.513,1.491,12.0,2.741,1.627,12.0,2.741,1.627,12.0,2.741,1.627,7.0,1.599,0.949,6.0,1.371,0.813,3.0,0.685,0.407,1.0,0.228,0.136,82.12,1,Playmaker / Chance Creator,,,,,,,
844,Bradley Jean-Manuel Essolisa Barcola,FWD,France,France,8,394,3.0,0.685,0.407,0.0,0.0,0.0,10.0,2.284,1.355,5.0,1.142,0.678,117.0,26.726,15.858,106.0,24.213,14.367,7.0,1.599,0.949,17.0,3.883,2.304,4.0,0.914,0.542,3.0,0.685,0.407,9.0,2.056,1.22,9.0,2.056,1.22,7.0,1.599,0.949,7.0,1.599,0.949,30.0,6.853,4.066,5.0,1.142,0.678,1.0,0.228,0.136,1.0,0.228,0.136,90.6,2,Finisher / Goal Scorer,,,,,,,
369,Jordan Jacob Bos,DEF,Australia,Australia,4,392,0.0,0.0,0.0,0.0,0.0,0.0,5.0,1.148,0.68,2.0,0.459,0.272,107.0,24.566,14.547,94.0,21.582,12.779,8.0,1.837,1.088,11.0,2.526,1.495,2.0,0.459,0.272,5.0,1.148,0.68,7.0,1.607,0.952,9.0,2.066,1.224,7.0,1.607,0.952,7.0,1.607,0.952,19.0,4.362,2.583,4.0,0.918,0.544,4.0,0.918,0.544,0.0,0.0,0.0,87.85,1,Playmaker / Chance Creator,,,,,,,
655,Abdelaziz Moustafa Ramy Rabia,DEF,Egypt,Egypt,5,391,0.0,0.0,0.0,0.0,0.0,0.0,1.0,0.23,0.136,1.0,0.23,0.136,244.0,56.164,33.222,224.0,51.56,30.499,0.0,0.0,0.0,15.0,3.453,2.042,5.0,1.151,0.681,24.0,5.524,3.268,10.0,2.302,1.362,21.0,4.834,2.859,14.0,3.223,1.906,14.0,3.223,1.906,8.0,1.841,1.089,3.0,0.691,0.408,2.0,0.46,0.272,0.0,0.0,0.0,91.8,0,Ball Progressor,,,,,,,
1151,Bukayo Ayoyinka Saka,FWD,England,England,7,387,3.0,0.698,0.411,3.0,0.698,0.411,13.0,3.023,1.781,7.0,1.628,0.959,101.0,23.488,13.836,81.0,18.837,11.096,23.0,5.349,3.151,16.0,3.721,2.192,0.0,0.0,0.0,1.0,0.233,0.137,10.0,2.326,1.37,12.0,2.791,1.644,1.0,0.233,0.137,1.0,0.233,0.137,21.0,4.884,2.877,4.0,0.93,0.548,9.0,2.093,1.233,4.0,0.93,0.548,80.2,2,Finisher / Goal Scorer,,,,,,,
631,Kevin De Bruyne,MID,Belgium,Belgium,5,386,1.0,0.233,0.137,0.0,0.0,0.0,20.0,4.663,2.744,5.0,1.166,0.686,185.0,43.135,25.381,153.0,35.674,20.991,21.0,4.896,2.881,10.0,2.332,1.372,0.0,0.0,0.0,1.0,0.233,0.137,6.0,1.399,0.823,5.0,1.166,0.686,4.0,0.933,0.549,4.0,0.933,0.549,13.0,3.031,1.784,2.0,0.466,0.274,4.0,0.933,0.549,0.0,0.0,0.0,82.7,1,Playmaker / Chance Creator,,,,,,,
994,Nicolas Seiwald,MID,Austria,Austria,4,386,0.0,0.0,0.0,1.0,0.233,0.137,3.0,0.699,0.412,0.0,0.0,0.0,153.0,35.674,20.991,141.0,32.876,19.345,3.0,0.699,0.412,18.0,4.197,2.47,3.0,0.699,0.412,7.0,1.632,0.96,5.0,1.166,0.686,15.0,3.497,2.058,3.0,0.699,0.412,3.0,0.699,0.412,3.0,0.699,0.412,1.0,0.233,0.137,1.0,0.233,0.137,0.0,0.0,0.0,92.16,3,Box-to-Box / All-rounder,,,,,,,
997,Marcel Sabitzer,MID,Austria,Austria,4,386,1.0,0.233,0.137,0.0,0.0,0.0,5.0,1.166,0.686,2.0,0.466,0.274,126.0,29.378,17.287,94.0,21.917,12.896,30.0,6.995,4.116,11.0,2.565,1.509,1.0,0.233,0.137,4.0,0.933,0.549,5.0,1.166,0.686,6.0,1.399,0.823,1.0,0.233,0.137,1.0,0.233,0.137,6.0,1.399,0.823,2.0,0.466,0.274,3.0,0.699,0.412,1.0,0.233,0.137,74.6,1,Playmaker / Chance Creator,,,,,,,
1008,Konrad Laimer,MID,Austria,Austria,4,386,0.0,0.0,0.0,0.0,0.0,0.0,1.0,0.233,0.137,0.0,0.0,0.0,150.0,34.974,20.579,130.0,30.311,17.835,7.0,1.632,0.96,20.0,4.663,2.744,5.0,1.166,0.686,2.0,0.466,0.274,8.0,1.865,1.098,14.0,3.264,1.921,0.0,0.0,0.0,0.0,0.0,0.0,7.0,1.632,0.96,6.0,1.399,0.823,3.0,0.699,0.412,3.0,0.699,0.412,86.67,3,Box-to-Box / All-rounder,,,,,,,
108,Luc De Fougerolles,DEF,Canada,Canada,5,385,0.0,0.0,0.0,0.0,0.0,0.0,3.0,0.701,0.412,1.0,0.234,0.137,191.0,44.649,26.244,170.0,39.74,23.359,1.0,0.234,0.137,12.0,2.805,1.649,4.0,0.935,0.55,30.0,7.013,4.122,6.0,1.403,0.824,43.0,10.052,5.908,19.0,4.442,2.611,17.0,3.974,2.336,8.0,1.87,1.099,8.0,1.87,1.099,8.0,1.87,1.099,0.0,0.0,0.0,89.01,0,Ball Progressor,,,,,,,
240,Ayyoub Bouaddi,MID,Morocco,Morocco,5,384,0.0,0.0,0.0,0.0,0.0,0.0,3.0,0.703,0.413,0.0,0.0,0.0,264.0,61.875,36.33,237.0,55.547,32.615,0.0,0.0,0.0,18.0,4.219,2.477,8.0,1.875,1.101,6.0,1.406,0.826,10.0,2.344,1.376,18.0,4.219,2.477,2.0,0.469,0.275,2.0,0.469,0.275,14.0,3.281,1.927,3.0,0.703,0.413,6.0,1.406,0.826,0.0,0.0,0.0,89.77,0,Ball Progressor,,,,,,,
245,Ismael Saibari,MID,Morocco,Morocco,5,384,3.0,0.703,0.413,0.0,0.0,0.0,10.0,2.344,1.376,3.0,0.703,0.413,95.0,22.266,13.073,80.0,18.75,11.009,7.0,1.641,0.963,11.0,2.578,1.514,1.0,0.234,0.138,3.0,0.703,0.413,3.0,0.703,0.413,7.0,1.641,0.963,7.0,1.641,0.963,6.0,1.406,0.826,11.0,2.578,1.514,8.0,1.875,1.101,3.0,0.703,0.413,3.0,0.703,0.413,84.21,2,Finisher / Goal Scorer,,,,,,,
1129,Jhon Adolfo Arias,MID,Colombia,Colombia,5,384,1.0,0.234,0.138,0.0,0.0,0.0,9.0,2.109,1.239,4.0,0.938,0.55,240.0,56.25,33.028,227.0,53.203,31.239,6.0,1.406,0.826,23.0,5.391,3.165,3.0,0.703,0.413,2.0,0.469,0.275,8.0,1.875,1.101,18.0,4.219,2.477,2.0,0.469,0.275,1.0,0.234,0.138,21.0,4.922,2.89,5.0,1.172,0.688,2.0,0.469,0.275,0.0,0.0,0.0,94.58,1,Playmaker / Chance Creator,,,,,,,
3,César Jasib Montes,DEF,Mexico,Mexico,4,383,0.0,0.0,0.0,0.0,0.0,0.0,1.0,0.235,0.138,1.0,0.235,0.138,170.0,39.948,23.43,156.0,36.658,21.501,2.0,0.47,0.276,3.0,0.705,0.413,1.0,0.235,0.138,31.0,7.285,4.273,4.0,0.94,0.551,18.0,4.23,2.481,10.0,2.35,1.378,10.0,2.35,1.378,1.0,0.235,0.138,4.0,0.94,0.551,3.0,0.705,0.413,0.0,0.0,0.0,91.76,0,Ball Progressor,,,,,,,
315,Christopher Jeffrey Richards,DEF,USA,USA,4,382,0.0,0.0,0.0,0.0,0.0,0.0,1.0,0.236,0.138,0.0,0.0,0.0,291.0,68.56,40.169,277.0,65.262,38.236,0.0,0.0,0.0,7.0,1.649,0.966,3.0,0.707,0.414,27.0,6.361,3.727,13.0,3.063,1.794,29.0,6.832,4.003,19.0,4.476,2.623,17.0,4.005,2.347,2.0,0.471,0.276,8.0,1.885,1.104,3.0,0.707,0.414,0.0,0.0,0.0,95.19,0,Ball Progressor,,,,,,,
325,Timothy Michael Ream,DEF,USA,USA,4,382,0.0,0.0,0.0,0.0,0.0,0.0,0.0,0.0,0.0,0.0,0.0,0.0,298.0,70.209,41.135,281.0,66.204,38.788,0.0,0.0,0.0,5.0,1.178,0.69,6.0,1.414,0.828,26.0,6.126,3.589,11.0,2.592,1.518,18.0,4.241,2.485,4.0,0.942,0.552,4.0,0.942,0.552,5.0,1.178,0.69,0.0,0.0,0.0,2.0,0.471,0.276,0.0,0.0,0.0,94.3,0,Ball Progressor,,,,,,,
1063,Vitor Vitinha,MID,Portugal,Portugal,5,381,0.0,0.0,0.0,1.0,0.236,0.138,4.0,0.945,0.553,0.0,0.0,0.0,403.0,95.197,55.714,379.0,89.528,52.396,0.0,0.0,0.0,12.0,2.835,1.659,6.0,1.417,0.829,3.0,0.709,0.415,1.0,0.236,0.138,6.0,1.417,0.829,1.0,0.236,0.138,1.0,0.236,0.138,15.0,3.543,2.074,4.0,0.945,0.553,5.0,1.181,0.691,0.0,0.0,0.0,94.04,1,Playmaker / Chance Creator,,,,,,,
121,Tajon Trevor Buchanan,FWD,Canada,Canada,5,380,0.0,0.0,0.0,0.0,0.0,0.0,6.0,1.421,0.831,3.0,0.711,0.415,95.0,22.5,13.154,76.0,18.0,10.523,17.0,4.026,2.354,20.0,4.737,2.769,1.0,0.237,0.138,2.0,0.474,0.277,10.0,2.368,1.385,8.0,1.895,1.108,1.0,0.237,0.138,1.0,0.237,0.138,23.0,5.447,3.185,5.0,1.184,0.692,8.0,1.895,1.108,2.0,0.474,0.277,80.0,1,Playmaker / Chance Creator,,,,,,,
1043,Rúben Ruben Dias,DEF,Portugal,Portugal,4,380,0.0,0.0,0.0,0.0,0.0,0.0,0.0,0.0,0.0,0.0,0.0,0.0,249.0,58.974,34.477,233.0,55.184,32.262,0.0,0.0,0.0,7.0,1.658,0.969,3.0,0.711,0.415,23.0,5.447,3.185,9.0,2.132,1.246,26.0,6.158,3.6,16.0,3.789,2.215,14.0,3.316,1.938,2.0,0.474,0.277,6.0,1.421,0.831,3.0,0.711,0.415,0.0,0.0,0.0,93.57,0,Ball Progressor,,,,,,,
5,Johan Felipe Vasquez,DEF,Mexico,Mexico,4,379,0.0,0.0,0.0,0.0,0.0,0.0,1.0,0.237,0.139,0.0,0.0,0.0,237.0,56.28,32.866,221.0,52.48,30.647,0.0,0.0,0.0,6.0,1.425,0.832,1.0,0.237,0.139,25.0,5.937,3.467,6.0,1.425,0.832,18.0,4.274,2.496,13.0,3.087,1.803,12.0,2.85,1.664,6.0,1.425,0.832,0.0,0.0,0.0,2.0,0.475,0.277,0.0,0.0,0.0,93.25,0,Ball Progressor,,,,,,,
667,Mostafa Ahmed Mohanad Lashin,MID,Egypt,Egypt,4,379,0.0,0.0,0.0,0.0,0.0,0.0,2.0,0.475,0.277,0.0,0.0,0.0,191.0,45.356,26.487,169.0,40.132,23.436,2.0,0.475,0.277,33.0,7.836,4.576,2.0,0.475,0.277,6.0,1.425,0.832,20.0,4.749,2.773,22.0,5.224,3.051,5.0,1.187,0.693,5.0,1.187,0.693,4.0,0.95,0.555,5.0,1.187,0.693,3.0,0.712,0.416,0.0,0.0,0.0,88.48,0,Ball Progressor,,,,,,,
930,Antonio Eromonsele Nordby Nusa,FWD,Norway,Norway,6,379,1.0,0.237,0.139,0.0,0.0,0.0,6.0,1.425,0.832,2.0,0.475,0.277,83.0,19.71,11.51,62.0,14.723,8.598,7.0,1.662,0.971,7.0,1.662,0.971,1.0,0.237,0.139,4.0,0.95,0.555,5.0,1.187,0.693,4.0,0.95,0.555,1.0,0.237,0.139,1.0,0.237,0.139,38.0,9.024,5.27,1.0,0.237,0.139,5.0,1.187,0.693,2.0,0.475,0.277,74.7,1,Playmaker / Chance Creator,,,,,,,
329,Malik Leon Tillman,MID,USA,USA,5,378,2.0,0.476,0.278,1.0,0.238,0.139,8.0,1.905,1.111,4.0,0.952,0.556,163.0,38.81,22.639,129.0,30.714,17.917,15.0,3.571,2.083,17.0,4.048,2.361,6.0,1.429,0.833,5.0,1.19,0.694,14.0,3.333,1.944,20.0,4.762,2.778,6.0,1.429,0.833,5.0,1.19,0.694,22.0,5.238,3.056,3.0,0.714,0.417,13.0,3.095,1.806,0.0,0.0,0.0,79.14,1,Playmaker / Chance Creator,,,,,,,
420,Jonathan Glao Tah,DEF,Germany,Germany,4,378,0.0,0.0,0.0,0.0,0.0,0.0,1.0,0.238,0.139,1.0,0.238,0.139,375.0,89.286,52.083,364.0,86.667,50.556,1.0,0.238,0.139,6.0,1.429,0.833,1.0,0.238,0.139,13.0,3.095,1.806,10.0,2.381,1.389,19.0,4.524,2.639,4.0,0.952,0.556,2.0,0.476,0.278,4.0,0.952,0.556,5.0,1.19,0.694,1.0,0.238,0.139,0.0,0.0,0.0,97.07,0,Ball Progressor,,,,,,,
1210,Gideon Mensah,DEF,Ghana,Ghana,4,378,0.0,0.0,0.0,0.0,0.0,0.0,0.0,0.0,0.0,0.0,0.0,0.0,182.0,43.333,25.278,156.0,37.143,21.667,3.0,0.714,0.417,14.0,3.333,1.944,7.0,1.667,0.972,23.0,5.476,3.194,7.0,1.667,0.972,20.0,4.762,2.778,6.0,1.429,0.833,6.0,1.429,0.833,3.0,0.714,0.417,2.0,0.476,0.278,3.0,0.714,0.417,0.0,0.0,0.0,85.71,0,Ball Progressor,,,,,,,
1207,Antoine Serlom Semenyo,MID,Ghana,Ghana,4,378,0.0,0.0,0.0,0.0,0.0,0.0,6.0,1.429,0.833,0.0,0.0,0.0,68.0,16.19,9.444,52.0,12.381,7.222,5.0,1.19,0.694,11.0,2.619,1.528,0.0,0.0,0.0,0.0,0.0,0.0,3.0,0.714,0.417,9.0,2.143,1.25,7.0,1.667,0.972,7.0,1.667,0.972,18.0,4.286,2.5,6.0,1.429,0.833,4.0,0.952,0.556,4.0,0.952,0.556,76.47,3,Box-to-Box / All-rounder,,,,,,,
661,Mohamed Zaky Mostafa Zico,MID,Egypt,Egypt,5,375,2.0,0.48,0.279,1.0,0.24,0.14,8.0,1.92,1.116,3.0,0.72,0.419,83.0,19.92,11.581,57.0,13.68,7.953,2.0,0.48,0.279,23.0,5.52,3.209,2.0,0.48,0.279,8.0,1.92,1.116,7.0,1.68,0.977,9.0,2.16,1.256,5.0,1.2,0.698,5.0,1.2,0.698,4.0,0.96,0.558,6.0,1.44,0.837,5.0,1.2,0.698,2.0,0.48,0.279,68.67,2,Finisher / Goal Scorer,,,,,,,
876,Ismaila Sarr,FWD,Senegal,Senegal,4,374,4.0,0.963,0.559,1.0,0.241,0.14,17.0,4.091,2.376,6.0,1.444,0.839,73.0,17.567,10.202,57.0,13.717,7.966,2.0,0.481,0.28,4.0,0.963,0.559,3.0,0.722,0.419,3.0,0.722,0.419,4.0,0.963,0.559,7.0,1.684,0.978,9.0,2.166,1.258,9.0,2.166,1.258,13.0,3.128,1.817,1.0,0.241,0.14,9.0,2.166,1.258,2.0,0.481,0.28,78.08,2,Finisher / Goal Scorer,,,,,,,
1172,Josip Stanisic,DEF,Croatia,Croatia,4,374,0.0,0.0,0.0,2.0,0.481,0.28,0.0,0.0,0.0,0.0,0.0,0.0,162.0,38.984,22.64,140.0,33.69,19.565,5.0,1.203,0.699,10.0,2.406,1.398,4.0,0.963,0.559,14.0,3.369,1.957,9.0,2.166,1.258,12.0,2.888,1.677,6.0,1.444,0.839,6.0,1.444,0.839,3.0,0.722,0.419,0.0,0.0,0.0,4.0,0.963,0.559,1.0,0.241,0.14,86.42,0,Ball Progressor,,,,,,,
1176,Josip Sutalo,DEF,Croatia,Croatia,4,374,0.0,0.0,0.0,0.0,0.0,0.0,1.0,0.241,0.14,0.0,0.0,0.0,267.0,64.251,37.314,241.0,57.995,33.68,0.0,0.0,0.0,5.0,1.203,0.699,7.0,1.684,0.978,19.0,4.572,2.655,8.0,1.925,1.118,17.0,4.091,2.376,8.0,1.925,1.118,8.0,1.925,1.118,7.0,1.684,0.978,2.0,0.481,0.28,1.0,0.241,0.14,0.0,0.0,0.0,90.26,0,Ball Progressor,,,,,,,
1184,Ivan Perisic,FWD,Croatia,Croatia,4,374,1.0,0.241,0.14,0.0,0.0,0.0,2.0,0.481,0.28,2.0,0.481,0.28,150.0,36.096,20.963,132.0,31.765,18.447,19.0,4.572,2.655,11.0,2.647,1.537,1.0,0.241,0.14,14.0,3.369,1.957,12.0,2.888,1.677,12.0,2.888,1.677,8.0,1.925,1.118,8.0,1.925,1.118,5.0,1.203,0.699,4.0,0.963,0.559,1.0,0.241,0.14,0.0,0.0,0.0,88.0,0,Ball Progressor,,,,,,,
868,Sadio Mane,FWD,Senegal,Senegal,4,372,0.0,0.0,0.0,1.0,0.242,0.14,6.0,1.452,0.841,3.0,0.726,0.421,129.0,31.21,18.084,106.0,25.645,14.86,22.0,5.323,3.084,9.0,2.177,1.262,2.0,0.484,0.28,1.0,0.242,0.14,7.0,1.694,0.981,11.0,2.661,1.542,4.0,0.968,0.561,4.0,0.968,0.561,30.0,7.258,4.206,4.0,0.968,0.561,10.0,2.419,1.402,3.0,0.726,0.421,82.17,1,Playmaker / Chance Creator,,,,,,,
531,Cody Mathès Gakpo,FWD,Netherlands,Netherlands,4,371,3.0,0.728,0.421,1.0,0.243,0.14,10.0,2.426,1.404,6.0,1.456,0.842,100.0,24.259,14.041,79.0,19.164,11.092,10.0,2.426,1.404,4.0,0.97,0.562,1.0,0.243,0.14,3.0,0.728,0.421,4.0,0.97,0.562,4.0,0.97,0.562,8.0,1.941,1.123,8.0,1.941,1.123,15.0,3.639,2.106,3.0,0.728,0.421,3.0,0.728,0.421,3.0,0.728,0.421,79.0,2,Finisher / Goal Scorer,,,,,,,
500,Willian Joel Pacho,DEF,Ecuador,Ecuador,4,370,0.0,0.0,0.0,0.0,0.0,0.0,1.0,0.243,0.141,1.0,0.243,0.141,238.0,57.892,33.469,217.0,52.784,30.516,0.0,0.0,0.0,7.0,1.703,0.984,3.0,0.73,0.422,16.0,3.892,2.25,13.0,3.162,1.828,29.0,7.054,4.078,13.0,3.162,1.828,12.0,2.919,1.688,6.0,1.459,0.844,3.0,0.73,0.422,2.0,0.486,0.281,0.0,0.0,0.0,91.18,0,Ball Progressor,,,,,,,
509,Pedro Jeampierre Vite,MID,Ecuador,Ecuador,4,370,0.0,0.0,0.0,1.0,0.243,0.141,4.0,0.973,0.562,1.0,0.243,0.141,297.0,72.243,41.766,269.0,65.432,37.828,7.0,1.703,0.984,26.0,6.324,3.656,5.0,1.216,0.703,6.0,1.459,0.844,5.0,1.216,0.703,22.0,5.351,3.094,5.0,1.216,0.703,5.0,1.216,0.703,5.0,1.216,0.703,2.0,0.486,0.281,5.0,1.216,0.703,0.0,0.0,0.0,90.57,0,Ball Progressor,,,,,,,
517,Moisés Isaac Caicedo,MID,Ecuador,Ecuador,4,370,0.0,0.0,0.0,1.0,0.243,0.141,4.0,0.973,0.562,1.0,0.243,0.141,295.0,71.757,41.484,264.0,64.216,37.125,16.0,3.892,2.25,18.0,4.378,2.531,3.0,0.73,0.422,9.0,2.189,1.266,10.0,2.432,1.406,22.0,5.351,3.094,4.0,0.973,0.562,3.0,0.73,0.422,4.0,0.973,0.562,5.0,1.216,0.703,4.0,0.973,0.562,0.0,0.0,0.0,89.49,0,Ball Progressor,,,,,,,
513,Gonzalo Jordy Plata,FWD,Ecuador,Ecuador,4,370,1.0,0.243,0.141,0.0,0.0,0.0,8.0,1.946,1.125,5.0,1.216,0.703,147.0,35.757,20.672,118.0,28.703,16.594,9.0,2.189,1.266,11.0,2.676,1.547,2.0,0.486,0.281,1.0,0.243,0.141,9.0,2.189,1.266,12.0,2.919,1.688,3.0,0.73,0.422,3.0,0.73,0.422,23.0,5.595,3.234,5.0,1.216,0.703,4.0,0.973,0.562,0.0,0.0,0.0,80.27,1,Playmaker / Chance Creator,,,,,,,
840,Aurélien Djani Tchouameni,MID,France,France,4,370,0.0,0.0,0.0,1.0,0.243,0.141,3.0,0.73,0.422,0.0,0.0,0.0,254.0,61.784,35.719,239.0,58.135,33.609,2.0,0.486,0.281,24.0,5.838,3.375,3.0,0.73,0.422,11.0,2.676,1.547,13.0,3.162,1.828,23.0,5.595,3.234,9.0,2.189,1.266,9.0,2.189,1.266,1.0,0.243,0.141,4.0,0.973,0.562,3.0,0.73,0.422,0.0,0.0,0.0,94.09,0,Ball Progressor,,,,,,,
574,Gustaf Johan Lagerbielke,DEF,Sweden,Sweden,4,369,0.0,0.0,0.0,0.0,0.0,0.0,3.0,0.732,0.423,1.0,0.244,0.141,206.0,50.244,29.014,173.0,42.195,24.366,1.0,0.244,0.141,13.0,3.171,1.831,2.0,0.488,0.282,29.0,7.073,4.085,9.0,2.195,1.268,26.0,6.341,3.662,11.0,2.683,1.549,10.0,2.439,1.408,2.0,0.488,0.282,1.0,0.244,0.141,3.0,0.732,0.423,1.0,0.244,0.141,83.98,0,Ball Progressor,,,,,,,
589,Viktor Einar Gyokeres,FWD,Sweden,Sweden,4,369,1.0,0.244,0.141,1.0,0.244,0.141,12.0,2.927,1.69,6.0,1.463,0.845,70.0,17.073,9.859,48.0,11.707,6.761,1.0,0.244,0.141,4.0,0.976,0.563,0.0,0.0,0.0,4.0,0.976,0.563,4.0,0.976,0.563,3.0,0.732,0.423,11.0,2.683,1.549,6.0,1.463,0.845,4.0,0.976,0.563,4.0,0.976,0.563,7.0,1.707,0.986,1.0,0.244,0.141,68.57,2,Finisher / Goal Scorer,,,,,,,
567,Hiroki Ito,DEF,Japan,Japan,4,368,0.0,0.0,0.0,0.0,0.0,0.0,1.0,0.245,0.141,0.0,0.0,0.0,199.0,48.668,28.072,178.0,43.533,25.11,10.0,2.446,1.411,15.0,3.668,2.116,2.0,0.489,0.282,22.0,5.38,3.103,8.0,1.957,1.129,16.0,3.913,2.257,6.0,1.467,0.846,6.0,1.467,0.846,2.0,0.489,0.282,7.0,1.712,0.987,0.0,0.0,0.0,0.0,0.0,0.0,89.45,0,Ball Progressor,,,,,,,
1070,Axel Tuanzebe,DEF,Congo DR,Congo DR,4,368,0.0,0.0,0.0,0.0,0.0,0.0,0.0,0.0,0.0,0.0,0.0,0.0,155.0,37.908,21.865,140.0,34.239,19.749,0.0,0.0,0.0,5.0,1.223,0.705,4.0,0.978,0.564,24.0,5.87,3.386,9.0,2.201,1.27,16.0,3.913,2.257,3.0,0.734,0.423,3.0,0.734,0.423,5.0,1.223,0.705,3.0,0.734,0.423,3.0,0.734,0.423,0.0,0.0,0.0,90.32,0,Ball Progressor,,,,,,,
1088,Mangulu Chancel Mbemba,DEF,Congo DR,Congo DR,4,368,0.0,0.0,0.0,0.0,0.0,0.0,1.0,0.245,0.141,0.0,0.0,0.0,162.0,39.62,22.853,130.0,31.793,18.339,4.0,0.978,0.564,6.0,1.467,0.846,3.0,0.734,0.423,23.0,5.625,3.245,9.0,2.201,1.27,19.0,4.647,2.68,6.0,1.467,0.846,6.0,1.467,0.846,5.0,1.223,0.705,1.0,0.245,0.141,3.0,0.734,0.423,0.0,0.0,0.0,80.25,0,Ball Progressor,,,,,,,
1086,Yoane Wissa,FWD,Congo DR,Congo DR,4,368,3.0,0.734,0.423,0.0,0.0,0.0,11.0,2.69,1.552,3.0,0.734,0.423,69.0,16.875,9.734,60.0,14.674,8.464,2.0,0.489,0.282,1.0,0.245,0.141,0.0,0.0,0.0,2.0,0.489,0.282,4.0,0.978,0.564,6.0,1.467,0.846,6.0,1.467,0.846,6.0,1.467,0.846,8.0,1.957,1.129,5.0,1.223,0.705,9.0,2.201,1.27,1.0,0.245,0.141,86.96,2,Finisher / Goal Scorer,,,,,,,
117,Derek Austin Cornelius,DEF,Canada,Canada,4,367,0.0,0.0,0.0,0.0,0.0,0.0,5.0,1.226,0.706,1.0,0.245,0.141,170.0,41.689,24.019,151.0,37.03,21.334,1.0,0.245,0.141,9.0,2.207,1.272,3.0,0.736,0.424,26.0,6.376,3.673,9.0,2.207,1.272,32.0,7.847,4.521,18.0,4.414,2.543,18.0,4.414,2.543,0.0,0.0,0.0,4.0,0.981,0.565,3.0,0.736,0.424,0.0,0.0,0.0,88.82,0,Ball Progressor,,,,,,,
433,Florian Richard Wirtz,MID,Germany,Germany,4,367,0.0,0.0,0.0,3.0,0.736,0.424,10.0,2.452,1.413,1.0,0.245,0.141,271.0,66.458,38.289,223.0,54.687,31.507,12.0,2.943,1.695,14.0,3.433,1.978,1.0,0.245,0.141,1.0,0.245,0.141,10.0,2.452,1.413,14.0,3.433,1.978,2.0,0.49,0.283,2.0,0.49,0.283,25.0,6.131,3.532,1.0,0.245,0.141,3.0,0.736,0.424,1.0,0.245,0.141,82.29,1,Playmaker / Chance Creator,,,,,,,
924,Fredrik Aursnes,MID,Norway,Norway,6,367,0.0,0.0,0.0,0.0,0.0,0.0,2.0,0.49,0.283,0.0,0.0,0.0,178.0,43.651,25.149,158.0,38.747,22.323,4.0,0.981,0.565,23.0,5.64,3.25,3.0,0.736,0.424,12.0,2.943,1.695,4.0,0.981,0.565,16.0,3.924,2.261,6.0,1.471,0.848,6.0,1.471,0.848,4.0,0.981,0.565,5.0,1.226,0.706,3.0,0.736,0.424,0.0,0.0,0.0,88.76,0,Ball Progressor,,,,,,,
964,Aissa Mandi,DEF,Algeria,Algeria,4,367,0.0,0.0,0.0,0.0,0.0,0.0,0.0,0.0,0.0,0.0,0.0,0.0,382.0,93.678,53.972,357.0,87.548,50.44,0.0,0.0,0.0,4.0,0.981,0.565,1.0,0.245,0.141,23.0,5.64,3.25,5.0,1.226,0.706,18.0,4.414,2.543,7.0,1.717,0.989,7.0,1.717,0.989,4.0,0.981,0.565,0.0,0.0,0.0,5.0,1.226,0.706,0.0,0.0,0.0,93.46,0,Ball Progressor,,,,,,,
983,Selmane Rami Bensebaini,DEF,Algeria,Algeria,4,367,0.0,0.0,0.0,0.0,0.0,0.0,2.0,0.49,0.283,0.0,0.0,0.0,385.0,94.414,54.396,359.0,88.038,50.722,0.0,0.0,0.0,10.0,2.452,1.413,8.0,1.962,1.13,13.0,3.188,1.837,11.0,2.698,1.554,23.0,5.64,3.25,10.0,2.452,1.413,9.0,2.207,1.272,6.0,1.471,0.848,1.0,0.245,0.141,5.0,1.226,0.706,0.0,0.0,0.0,93.25,0,Ball Progressor,,,,,,,
972,Fares Chaibi,MID,Algeria,Algeria,4,367,0.0,0.0,0.0,0.0,0.0,0.0,9.0,2.207,1.272,3.0,0.736,0.424,244.0,59.837,34.474,220.0,53.951,31.083,7.0,1.717,0.989,11.0,2.698,1.554,0.0,0.0,0.0,5.0,1.226,0.706,11.0,2.698,1.554,9.0,2.207,1.272,6.0,1.471,0.848,4.0,0.981,0.565,10.0,2.452,1.413,3.0,0.736,0.424,2.0,0.49,0.283,1.0,0.245,0.141,90.16,1,Playmaker / Chance Creator,,,,,,,
575,Victor Jörgen Lindelof,DEF,Sweden,Sweden,4,366,0.0,0.0,0.0,0.0,0.0,0.0,2.0,0.492,0.283,0.0,0.0,0.0,200.0,49.18,28.302,190.0,46.721,26.887,0.0,0.0,0.0,5.0,1.23,0.708,2.0,0.492,0.283,18.0,4.426,2.547,3.0,0.738,0.425,15.0,3.689,2.123,6.0,1.475,0.849,5.0,1.23,0.708,6.0,1.475,0.849,3.0,0.738,0.425,0.0,0.0,0.0,0.0,0.0,0.0,95.0,0,Ball Progressor,,,,,,,
863,Idrissa Gana Gueye,MID,Senegal,Senegal,4,366,0.0,0.0,0.0,0.0,0.0,0.0,5.0,1.23,0.708,1.0,0.246,0.142,270.0,66.393,38.208,243.0,59.754,34.387,1.0,0.246,0.142,12.0,2.951,1.698,2.0,0.492,0.283,4.0,0.984,0.566,7.0,1.721,0.991,15.0,3.689,2.123,4.0,0.984,0.566,4.0,0.984,0.566,5.0,1.23,0.708,2.0,0.492,0.283,2.0,0.492,0.283,0.0,0.0,0.0,90.0,0,Ball Progressor,,,,,,,
317,Antonee Robinson,DEF,USA,USA,4,365,0.0,0.0,0.0,0.0,0.0,0.0,0.0,0.0,0.0,0.0,0.0,0.0,221.0,54.493,31.323,181.0,44.63,25.654,18.0,4.438,2.551,22.0,5.425,3.118,5.0,1.233,0.709,15.0,3.699,2.126,8.0,1.973,1.134,20.0,4.932,2.835,6.0,1.479,0.85,5.0,1.233,0.709,20.0,4.932,2.835,4.0,0.986,0.567,1.0,0.247,0.142,0.0,0.0,0.0,81.9,0,Ball Progressor,,,,,,,
40,Mbekezeli Mfanufikile Mbokazi,DEF,South Africa,South Africa,4,364,0.0,0.0,0.0,0.0,0.0,0.0,4.0,0.989,0.568,1.0,0.247,0.142,213.0,52.665,30.237,185.0,45.742,26.262,2.0,0.495,0.284,17.0,4.203,2.413,9.0,2.225,1.278,21.0,5.192,2.981,6.0,1.484,0.852,22.0,5.44,3.123,7.0,1.731,0.994,7.0,1.731,0.994,10.0,2.473,1.42,3.0,0.742,0.426,5.0,1.236,0.71,1.0,0.247,0.142,86.85,0,Ball Progressor,,,,,,,
46,Khuliso Johnson Mudau,DEF,South Africa,South Africa,4,364,0.0,0.0,0.0,0.0,0.0,0.0,0.0,0.0,0.0,0.0,0.0,0.0,187.0,46.236,26.546,168.0,41.538,23.849,5.0,1.236,0.71,12.0,2.967,1.703,8.0,1.978,1.136,19.0,4.698,2.697,10.0,2.473,1.42,19.0,4.698,2.697,0.0,0.0,0.0,0.0,0.0,0.0,11.0,2.72,1.562,4.0,0.989,0.568,10.0,2.473,1.42,1.0,0.247,0.142,89.84,0,Ball Progressor,,,,,,,
47,Ime Daniel Okon,DEF,South Africa,South Africa,4,364,0.0,0.0,0.0,0.0,0.0,0.0,1.0,0.247,0.142,0.0,0.0,0.0,280.0,69.231,39.748,257.0,63.544,36.483,0.0,0.0,0.0,3.0,0.742,0.426,3.0,0.742,0.426,18.0,4.451,2.555,7.0,1.731,0.994,24.0,5.934,3.407,10.0,2.473,1.42,10.0,2.473,1.42,4.0,0.989,0.568,1.0,0.247,0.142,0.0,0.0,0.0,0.0,0.0,0.0,91.79,0,Ball Progressor,,,,,,,
188,Denis Lemi Zakaria,MID,Switzerland,Switzerland,4,364,0.0,0.0,0.0,0.0,0.0,0.0,5.0,1.236,0.71,2.0,0.495,0.284,185.0,45.742,26.262,160.0,39.56,22.713,14.0,3.462,1.987,11.0,2.72,1.562,9.0,2.225,1.278,7.0,1.731,0.994,9.0,2.225,1.278,23.0,5.687,3.265,6.0,1.484,0.852,4.0,0.989,0.568,12.0,2.967,1.703,4.0,0.989,0.568,0.0,0.0,0.0,1.0,0.247,0.142,86.49,0,Ball Progressor,,,,,,,
6,Erik Antonio Lira,MID,Mexico,Mexico,4,363,0.0,0.0,0.0,1.0,0.248,0.142,0.0,0.0,0.0,0.0,0.0,0.0,199.0,49.339,28.294,182.0,45.124,25.877,2.0,0.496,0.284,13.0,3.223,1.848,4.0,0.992,0.569,5.0,1.24,0.711,7.0,1.736,0.995,13.0,3.223,1.848,2.0,0.496,0.284,1.0,0.248,0.142,4.0,0.992,0.569,3.0,0.744,0.427,4.0,0.992,0.569,0.0,0.0,0.0,91.46,3,Box-to-Box / All-rounder,,,,,,,
140,Ermedin Demirovic,FWD,Bosnia and Herzegovina,Bosnia and Herzegovina,4,363,0.0,0.0,0.0,0.0,0.0,0.0,4.0,0.992,0.569,4.0,0.992,0.569,39.0,9.669,5.545,29.0,7.19,4.123,0.0,0.0,0.0,6.0,1.488,0.853,0.0,0.0,0.0,7.0,1.736,0.995,6.0,1.488,0.853,4.0,0.992,0.569,11.0,2.727,1.564,10.0,2.479,1.422,5.0,1.24,0.711,11.0,2.727,1.564,3.0,0.744,0.427,1.0,0.248,0.142,74.36,3,Box-to-Box / All-rounder,,,,,,,
581,Alexander Isak,FWD,Sweden,Sweden,4,362,1.0,0.249,0.142,3.0,0.746,0.427,8.0,1.989,1.139,6.0,1.492,0.854,81.0,20.138,11.535,65.0,16.16,9.256,4.0,0.994,0.57,5.0,1.243,0.712,0.0,0.0,0.0,1.0,0.249,0.142,3.0,0.746,0.427,5.0,1.243,0.712,3.0,0.746,0.427,2.0,0.497,0.285,7.0,1.74,0.997,4.0,0.994,0.57,1.0,0.249,0.142,5.0,1.243,0.712,80.25,2,Finisher / Goal Scorer,,,,,,,
1164,Azuka Tristan Madueke,FWD,England,England,5,362,0.0,0.0,0.0,0.0,0.0,0.0,6.0,1.492,0.854,1.0,0.249,0.142,94.0,23.37,13.386,82.0,20.387,11.677,22.0,5.47,3.133,4.0,0.994,0.57,1.0,0.249,0.142,1.0,0.249,0.142,7.0,1.74,0.997,2.0,0.497,0.285,2.0,0.497,0.285,2.0,0.497,0.285,22.0,5.47,3.133,2.0,0.497,0.285,3.0,0.746,0.427,1.0,0.249,0.142,87.23,1,Playmaker / Chance Creator,,,,,,,
1161,Morgan Elliot Rogers,MID,England,England,7,362,0.0,0.0,0.0,1.0,0.249,0.142,3.0,0.746,0.427,1.0,0.249,0.142,121.0,30.083,17.231,102.0,25.359,14.525,6.0,1.492,0.854,11.0,2.735,1.566,0.0,0.0,0.0,3.0,0.746,0.427,7.0,1.74,0.997,7.0,1.74,0.997,7.0,1.74,0.997,7.0,1.74,0.997,13.0,3.232,1.851,5.0,1.243,0.712,5.0,1.243,0.712,2.0,0.497,0.285,84.3,1,Playmaker / Chance Creator,,,,,,,
1128,James David Rodriguez,MID,Colombia,Colombia,5,362,0.0,0.0,0.0,0.0,0.0,0.0,6.0,1.492,0.854,3.0,0.746,0.427,237.0,58.923,33.75,199.0,49.475,28.339,17.0,4.227,2.421,5.0,1.243,0.712,0.0,0.0,0.0,0.0,0.0,0.0,4.0,0.994,0.57,3.0,0.746,0.427,0.0,0.0,0.0,0.0,0.0,0.0,3.0,0.746,0.427,0.0,0.0,0.0,5.0,1.243,0.712,0.0,0.0,0.0,83.97,1,Playmaker / Chance Creator,,,,,,,
2,Jorge Eduardo Sanchez,DEF,Mexico,Mexico,4,362,0.0,0.0,0.0,1.0,0.249,0.142,1.0,0.249,0.142,1.0,0.249,0.142,131.0,32.569,18.655,121.0,30.083,17.231,5.0,1.243,0.712,14.0,3.481,1.994,1.0,0.249,0.142,5.0,1.243,0.712,14.0,3.481,1.994,12.0,2.983,1.709,1.0,0.249,0.142,1.0,0.249,0.142,8.0,1.989,1.139,5.0,1.243,0.712,1.0,0.249,0.142,1.0,0.249,0.142,92.37,3,Box-to-Box / All-rounder,,,,,,,
316,Tyler Shaan Adams,MID,USA,USA,4,361,0.0,0.0,0.0,0.0,0.0,0.0,0.0,0.0,0.0,0.0,0.0,0.0,231.0,57.59,32.948,211.0,52.604,30.095,0.0,0.0,0.0,16.0,3.989,2.282,4.0,0.997,0.571,22.0,5.485,3.138,6.0,1.496,0.856,25.0,6.233,3.566,6.0,1.496,0.856,5.0,1.247,0.713,4.0,0.997,0.571,5.0,1.247,0.713,6.0,1.496,0.856,0.0,0.0,0.0,91.34,0,Ball Progressor,,,,,,,
1068,Wan Wan-Bissaka,DEF,Congo DR,Congo DR,4,361,0.0,0.0,0.0,0.0,0.0,0.0,0.0,0.0,0.0,0.0,0.0,0.0,137.0,34.155,19.54,109.0,27.175,15.547,7.0,1.745,0.998,10.0,2.493,1.426,9.0,2.244,1.284,29.0,7.23,4.136,5.0,1.247,0.713,21.0,5.235,2.995,4.0,0.997,0.571,4.0,0.997,0.571,10.0,2.493,1.426,1.0,0.249,0.143,1.0,0.249,0.143,1.0,0.249,0.143,79.56,0,Ball Progressor,,,,,,,
422,Joshua Walter Kimmich,DEF,Germany,Germany,4,359,0.0,0.0,0.0,2.0,0.501,0.286,5.0,1.253,0.715,1.0,0.251,0.143,368.0,92.256,52.655,336.0,84.234,48.076,25.0,6.267,3.577,12.0,3.008,1.717,7.0,1.755,1.002,8.0,2.006,1.145,8.0,2.006,1.145,24.0,6.017,3.434,3.0,0.752,0.429,3.0,0.752,0.429,3.0,0.752,0.429,0.0,0.0,0.0,7.0,1.755,1.002,0.0,0.0,0.0,91.3,1,Playmaker / Chance Creator,,,,,,,
984,Ibrahim Maza,MID,Algeria,Algeria,4,359,0.0,0.0,0.0,0.0,0.0,0.0,11.0,2.758,1.574,3.0,0.752,0.429,141.0,35.348,20.175,111.0,27.827,15.882,1.0,0.251,0.143,11.0,2.758,1.574,1.0,0.251,0.143,1.0,0.251,0.143,4.0,1.003,0.572,5.0,1.253,0.715,3.0,0.752,0.429,3.0,0.752,0.429,26.0,6.518,3.72,1.0,0.251,0.143,5.0,1.253,0.715,0.0,0.0,0.0,78.72,1,Playmaker / Chance Creator,,,,,,,
423,Kai Lukas Havertz,FWD,Germany,Germany,4,357,3.0,0.756,0.431,0.0,0.0,0.0,12.0,3.025,1.722,7.0,1.765,1.005,117.0,29.496,16.794,101.0,25.462,14.498,3.0,0.756,0.431,6.0,1.513,0.861,2.0,0.504,0.287,2.0,0.504,0.287,6.0,1.513,0.861,4.0,1.008,0.574,16.0,4.034,2.297,16.0,4.034,2.297,8.0,2.017,1.148,3.0,0.756,0.431,4.0,1.008,0.574,1.0,0.252,0.144,86.32,2,Finisher / Goal Scorer,,,,,,,
760,Lenini Kevin Pina,MID,Cabo Verde,Cabo Verde,4,357,1.0,0.252,0.144,0.0,0.0,0.0,5.0,1.261,0.718,1.0,0.252,0.144,156.0,39.328,22.392,134.0,33.782,19.234,1.0,0.252,0.144,21.0,5.294,3.014,1.0,0.252,0.144,13.0,3.277,1.866,12.0,3.025,1.722,30.0,7.563,4.306,7.0,1.765,1.005,7.0,1.765,1.005,6.0,1.513,0.861,5.0,1.261,0.718,3.0,0.756,0.431,0.0,0.0,0.0,85.9,0,Ball Progressor,,,,,,,
314,Sergiño Gianni Dest,DEF,USA,USA,5,354,0.0,0.0,0.0,1.0,0.254,0.144,3.0,0.763,0.433,1.0,0.254,0.144,102.0,25.932,14.712,89.0,22.627,12.837,7.0,1.78,1.01,4.0,1.017,0.577,1.0,0.254,0.144,0.0,0.0,0.0,7.0,1.78,1.01,4.0,1.017,0.577,0.0,0.0,0.0,0.0,0.0,0.0,20.0,5.085,2.885,2.0,0.508,0.288,4.0,1.017,0.577,0.0,0.0,0.0,87.25,1,Playmaker / Chance Creator,,,,,,,
476,Franck Yannick Kessie,MID,Côte d'Ivoire,Côte d'Ivoire,4,354,1.0,0.254,0.144,0.0,0.0,0.0,4.0,1.017,0.577,2.0,0.508,0.288,188.0,47.797,27.115,165.0,41.949,23.798,4.0,1.017,0.577,14.0,3.559,2.019,0.0,0.0,0.0,2.0,0.508,0.288,4.0,1.017,0.577,7.0,1.78,1.01,2.0,0.508,0.288,2.0,0.508,0.288,5.0,1.271,0.721,7.0,1.78,1.01,2.0,0.508,0.288,1.0,0.254,0.144,87.77,3,Box-to-Box / All-rounder,,,,,,,
647,Nicolas Thierry Raskin,MID,Belgium,Belgium,6,354,0.0,0.0,0.0,0.0,0.0,0.0,2.0,0.508,0.288,1.0,0.254,0.144,230.0,58.475,33.173,197.0,50.085,28.413,8.0,2.034,1.154,18.0,4.576,2.596,1.0,0.254,0.144,12.0,3.051,1.731,11.0,2.797,1.587,17.0,4.322,2.452,5.0,1.271,0.721,5.0,1.271,0.721,3.0,0.763,0.433,12.0,3.051,1.731,3.0,0.763,0.433,0.0,0.0,0.0,85.65,0,Ball Progressor,,,,,,,
439,Felix Kalu Nmecha,MID,Germany,Germany,4,352,1.0,0.256,0.145,0.0,0.0,0.0,8.0,2.045,1.158,3.0,0.767,0.434,131.0,33.494,18.955,120.0,30.682,17.363,2.0,0.511,0.289,24.0,6.136,3.473,3.0,0.767,0.434,8.0,2.045,1.158,7.0,1.79,1.013,24.0,6.136,3.473,5.0,1.278,0.723,5.0,1.278,0.723,14.0,3.58,2.026,3.0,0.767,0.434,3.0,0.767,0.434,0.0,0.0,0.0,91.6,0,Ball Progressor,,,,,,,
951,Nicolas Ivan Gonzalez,MID,Argentina,Argentina,7,351,0.0,0.0,0.0,0.0,0.0,0.0,7.0,1.795,1.014,1.0,0.256,0.145,109.0,27.949,15.797,90.0,23.077,13.043,9.0,2.308,1.304,8.0,2.051,1.159,4.0,1.026,0.58,13.0,3.333,1.884,2.0,0.513,0.29,10.0,2.564,1.449,13.0,3.333,1.884,12.0,3.077,1.739,18.0,4.615,2.609,4.0,1.026,0.58,3.0,0.769,0.435,2.0,0.513,0.29,82.57,3,Box-to-Box / All-rounder,,,,,,,
528,Ryan Jiro Gravenberch,MID,Netherlands,Netherlands,4,350,0.0,0.0,0.0,2.0,0.514,0.29,5.0,1.286,0.726,0.0,0.0,0.0,126.0,32.4,18.29,111.0,28.543,16.113,5.0,1.286,0.726,9.0,2.314,1.306,5.0,1.286,0.726,1.0,0.257,0.145,11.0,2.829,1.597,13.0,3.343,1.887,3.0,0.771,0.435,3.0,0.771,0.435,12.0,3.086,1.742,5.0,1.286,0.726,3.0,0.771,0.435,0.0,0.0,0.0,88.1,1,Playmaker / Chance Creator,,,,,,,
672,Mohamed Abdelsalam Omar,FWD,Egypt,Egypt,5,350,0.0,0.0,0.0,0.0,0.0,0.0,11.0,2.829,1.597,1.0,0.257,0.145,77.0,19.8,11.177,65.0,16.714,9.435,5.0,1.286,0.726,3.0,0.771,0.435,2.0,0.514,0.29,0.0,0.0,0.0,4.0,1.029,0.581,5.0,1.286,0.726,2.0,0.514,0.29,1.0,0.257,0.145,18.0,4.629,2.613,3.0,0.771,0.435,8.0,2.057,1.161,0.0,0.0,0.0,84.42,1,Playmaker / Chance Creator,,,,,,,
993,Stefan Posch,DEF,Austria,Austria,4,350,0.0,0.0,0.0,0.0,0.0,0.0,3.0,0.771,0.435,0.0,0.0,0.0,132.0,33.943,19.161,98.0,25.2,14.226,2.0,0.514,0.29,22.0,5.657,3.194,1.0,0.257,0.145,18.0,4.629,2.613,13.0,3.343,1.887,12.0,3.086,1.742,9.0,2.314,1.306,9.0,2.314,1.306,3.0,0.771,0.435,7.0,1.8,1.016,3.0,0.771,0.435,0.0,0.0,0.0,74.24,0,Ball Progressor,,,,,,,
32,Aubrey Maphosa Modiba,DEF,South Africa,South Africa,4,348,0.0,0.0,0.0,0.0,0.0,0.0,5.0,1.293,0.728,1.0,0.259,0.146,139.0,35.948,20.243,115.0,29.741,16.748,8.0,2.069,1.165,15.0,3.879,2.184,2.0,0.517,0.291,8.0,2.069,1.165,11.0,2.845,1.602,7.0,1.81,1.019,0.0,0.0,0.0,0.0,0.0,0.0,6.0,1.552,0.874,4.0,1.034,0.583,6.0,1.552,0.874,2.0,0.517,0.291,82.73,1,Playmaker / Chance Creator,,,,,,,
252,Chadi Riad,DEF,Morocco,Morocco,4,348,0.0,0.0,0.0,0.0,0.0,0.0,1.0,0.259,0.146,0.0,0.0,0.0,226.0,58.448,32.913,212.0,54.828,30.874,0.0,0.0,0.0,7.0,1.81,1.019,2.0,0.517,0.291,17.0,4.397,2.476,8.0,2.069,1.165,25.0,6.466,3.641,9.0,2.328,1.311,5.0,1.293,0.728,7.0,1.81,1.019,0.0,0.0,0.0,1.0,0.259,0.146,0.0,0.0,0.0,93.81,0,Ball Progressor,,,,,,,
372,Connor Isaac Metcalfe,MID,Australia,Australia,4,347,1.0,0.259,0.146,0.0,0.0,0.0,5.0,1.297,0.729,2.0,0.519,0.292,80.0,20.749,11.669,65.0,16.859,9.481,8.0,2.075,1.167,9.0,2.334,1.313,2.0,0.519,0.292,5.0,1.297,0.729,12.0,3.112,1.75,15.0,3.89,2.188,6.0,1.556,0.875,6.0,1.556,0.875,3.0,0.778,0.438,1.0,0.259,0.146,0.0,0.0,0.0,0.0,0.0,0.0,81.25,3,Box-to-Box / All-rounder,,,,,,,
497,Piero Martin Hincapie,DEF,Ecuador,Ecuador,4,347,0.0,0.0,0.0,0.0,0.0,0.0,3.0,0.778,0.438,0.0,0.0,0.0,189.0,49.02,27.569,160.0,41.499,23.339,15.0,3.89,2.188,23.0,5.965,3.355,6.0,1.556,0.875,16.0,4.15,2.334,7.0,1.816,1.021,29.0,7.522,4.23,12.0,3.112,1.75,11.0,2.853,1.605,7.0,1.816,1.021,5.0,1.297,0.729,4.0,1.037,0.583,0.0,0.0,0.0,84.66,0,Ball Progressor,,,,,,,
590,Yasin Ayari,MID,Sweden,Sweden,4,347,2.0,0.519,0.292,0.0,0.0,0.0,7.0,1.816,1.021,3.0,0.778,0.438,107.0,27.752,15.608,84.0,21.787,12.253,17.0,4.409,2.48,12.0,3.112,1.75,2.0,0.519,0.292,5.0,1.297,0.729,10.0,2.594,1.459,18.0,4.669,2.626,6.0,1.556,0.875,6.0,1.556,0.875,11.0,2.853,1.605,4.0,1.037,0.583,8.0,2.075,1.167,0.0,0.0,0.0,78.5,1,Playmaker / Chance Creator,,,,,,,
135,Sead Kolasinac,DEF,Bosnia and Herzegovina,Bosnia and Herzegovina,4,345,0.0,0.0,0.0,1.0,0.261,0.146,0.0,0.0,0.0,0.0,0.0,0.0,173.0,45.13,25.317,141.0,36.783,20.634,9.0,2.348,1.317,15.0,3.913,2.195,6.0,1.565,0.878,14.0,3.652,2.049,8.0,2.087,1.171,22.0,5.739,3.22,5.0,1.304,0.732,5.0,1.304,0.732,5.0,1.304,0.732,6.0,1.565,0.878,4.0,1.043,0.585,0.0,0.0,0.0,81.5,0,Ball Progressor,,,,,,,
1149,John Stones,DEF,England,England,5,345,0.0,0.0,0.0,0.0,0.0,0.0,1.0,0.261,0.146,0.0,0.0,0.0,184.0,48.0,26.927,178.0,46.435,26.049,0.0,0.0,0.0,3.0,0.783,0.439,2.0,0.522,0.293,20.0,5.217,2.927,8.0,2.087,1.171,13.0,3.391,1.902,10.0,2.609,1.463,10.0,2.609,1.463,3.0,0.783,0.439,1.0,0.261,0.146,1.0,0.261,0.146,0.0,0.0,0.0,96.74,0,Ball Progressor,,,,,,,
649,Nathan Ngoy,DEF,Belgium,Belgium,4,344,0.0,0.0,0.0,0.0,0.0,0.0,1.0,0.262,0.147,0.0,0.0,0.0,219.0,57.297,32.101,205.0,53.634,30.049,0.0,0.0,0.0,8.0,2.093,1.173,8.0,2.093,1.173,23.0,6.017,3.371,12.0,3.14,1.759,22.0,5.756,3.225,6.0,1.57,0.879,4.0,1.047,0.586,12.0,3.14,1.759,6.0,1.57,0.879,1.0,0.262,0.147,0.0,0.0,0.0,93.61,0,Ball Progressor,,,,,,,
992,Xaver Schlager,MID,Austria,Austria,4,343,0.0,0.0,0.0,1.0,0.262,0.147,1.0,0.262,0.147,0.0,0.0,0.0,138.0,36.21,20.261,130.0,34.111,19.086,1.0,0.262,0.147,21.0,5.51,3.083,4.0,1.05,0.587,7.0,1.837,1.028,15.0,3.936,2.202,16.0,4.198,2.349,4.0,1.05,0.587,4.0,1.05,0.587,11.0,2.886,1.615,6.0,1.574,0.881,0.0,0.0,0.0,0.0,0.0,0.0,94.2,0,Ball Progressor,,,,,,,
774,Isaac Ryan,FWD,Cabo Verde,Cabo Verde,4,337,0.0,0.0,0.0,0.0,0.0,0.0,6.0,1.602,0.89,0.0,0.0,0.0,82.0,21.899,12.158,70.0,18.694,10.379,5.0,1.335,0.741,11.0,2.938,1.631,0.0,0.0,0.0,11.0,2.938,1.631,5.0,1.335,0.741,9.0,2.404,1.334,6.0,1.602,0.89,6.0,1.602,0.89,11.0,2.938,1.631,1.0,0.267,0.148,2.0,0.534,0.297,2.0,0.534,0.297,85.37,3,Box-to-Box / All-rounder,,,,,,,
479,Yan Diomande,FWD,Côte d'Ivoire,Côte d'Ivoire,4,335,0.0,0.0,0.0,1.0,0.269,0.149,4.0,1.075,0.595,0.0,0.0,0.0,142.0,38.149,21.124,127.0,34.119,18.893,21.0,5.642,3.124,14.0,3.761,2.083,2.0,0.537,0.298,0.0,0.0,0.0,10.0,2.687,1.488,14.0,3.761,2.083,3.0,0.806,0.446,3.0,0.806,0.446,32.0,8.597,4.76,2.0,0.537,0.298,7.0,1.881,1.041,0.0,0.0,0.0,89.44,1,Playmaker / Chance Creator,,,,,,,
1074,Samuel Alain Moutoussamy,MID,Congo DR,Congo DR,4,335,0.0,0.0,0.0,0.0,0.0,0.0,3.0,0.806,0.446,0.0,0.0,0.0,147.0,39.493,21.868,122.0,32.776,18.149,1.0,0.269,0.149,23.0,6.179,3.421,1.0,0.269,0.149,4.0,1.075,0.595,7.0,1.881,1.041,17.0,4.567,2.529,2.0,0.537,0.298,1.0,0.269,0.149,4.0,1.075,0.595,8.0,2.149,1.19,1.0,0.269,0.149,0.0,0.0,0.0,82.99,3,Box-to-Box / All-rounder,,,,,,,
577,Gabriel Johan Gudmundsson,DEF,Sweden,Sweden,4,334,0.0,0.0,0.0,0.0,0.0,0.0,0.0,0.0,0.0,0.0,0.0,0.0,147.0,39.611,21.904,112.0,30.18,16.689,5.0,1.347,0.745,10.0,2.695,1.49,0.0,0.0,0.0,14.0,3.772,2.086,13.0,3.503,1.937,15.0,4.042,2.235,6.0,1.617,0.894,6.0,1.617,0.894,4.0,1.078,0.596,5.0,1.347,0.745,7.0,1.886,1.043,0.0,0.0,0.0,76.19,0,Ball Progressor,,,,,,,
979,Rafik Belghali,DEF,Algeria,Algeria,4,334,1.0,0.269,0.149,0.0,0.0,0.0,3.0,0.808,0.447,1.0,0.269,0.149,183.0,49.311,27.268,168.0,45.269,25.033,5.0,1.347,0.745,10.0,2.695,1.49,1.0,0.269,0.149,5.0,1.347,0.745,9.0,2.425,1.341,10.0,2.695,1.49,2.0,0.539,0.298,2.0,0.539,0.298,8.0,2.156,1.192,4.0,1.078,0.596,2.0,0.539,0.298,0.0,0.0,0.0,91.8,3,Box-to-Box / All-rounder,,,,,,,
1143,Luis Javier Suarez,FWD,Colombia,Colombia,5,334,0.0,0.0,0.0,1.0,0.269,0.149,9.0,2.425,1.341,0.0,0.0,0.0,53.0,14.281,7.897,39.0,10.509,5.811,3.0,0.808,0.447,8.0,2.156,1.192,0.0,0.0,0.0,1.0,0.269,0.149,4.0,1.078,0.596,6.0,1.617,0.894,6.0,1.617,0.894,4.0,1.078,0.596,6.0,1.617,0.894,7.0,1.886,1.043,8.0,2.156,1.192,1.0,0.269,0.149,73.58,1,Playmaker / Chance Creator,,,,,,,
561,Daichi Kamada,MID,Japan,Japan,4,333,2.0,0.541,0.299,0.0,0.0,0.0,3.0,0.811,0.448,2.0,0.541,0.299,200.0,54.054,29.851,170.0,45.946,25.373,4.0,1.081,0.597,12.0,3.243,1.791,2.0,0.541,0.299,3.0,0.811,0.448,7.0,1.892,1.045,6.0,1.622,0.896,0.0,0.0,0.0,0.0,0.0,0.0,3.0,0.811,0.448,2.0,0.541,0.299,4.0,1.081,0.597,1.0,0.27,0.149,85.0,1,Playmaker / Chance Creator,,,,,,,
736,Fabian Ruiz,MID,Spain,Spain,8,333,1.0,0.27,0.149,0.0,0.0,0.0,8.0,2.162,1.194,2.0,0.541,0.299,297.0,80.27,44.328,266.0,71.892,39.701,7.0,1.892,1.045,11.0,2.973,1.642,2.0,0.541,0.299,5.0,1.351,0.746,6.0,1.622,0.896,9.0,2.432,1.343,2.0,0.541,0.299,2.0,0.541,0.299,8.0,2.162,1.194,1.0,0.27,0.149,3.0,0.811,0.448,0.0,0.0,0.0,89.56,1,Playmaker / Chance Creator,,,,,,,
541,Frenkie De Jong,MID,Netherlands,Netherlands,4,332,0.0,0.0,0.0,0.0,0.0,0.0,1.0,0.271,0.15,0.0,0.0,0.0,243.0,65.873,36.329,224.0,60.723,33.488,0.0,0.0,0.0,19.0,5.151,2.841,7.0,1.898,1.047,8.0,2.169,1.196,6.0,1.627,0.897,15.0,4.066,2.243,1.0,0.271,0.15,1.0,0.271,0.15,7.0,1.898,1.047,6.0,1.627,0.897,6.0,1.627,0.897,0.0,0.0,0.0,92.18,0,Ball Progressor,,,,,,,
341,Omar Federico Alderete,DEF,Paraguay,Paraguay,4,331,0.0,0.0,0.0,0.0,0.0,0.0,1.0,0.272,0.15,0.0,0.0,0.0,97.0,26.375,14.526,70.0,19.033,10.483,0.0,0.0,0.0,1.0,0.272,0.15,2.0,0.544,0.3,37.0,10.06,5.541,7.0,1.903,1.048,12.0,3.263,1.797,10.0,2.719,1.498,9.0,2.447,1.348,1.0,0.272,0.15,2.0,0.544,0.3,3.0,0.816,0.449,0.0,0.0,0.0,72.16,0,Ball Progressor,,,,,,,
564,Ayase Ueda,FWD,Japan,Japan,4,331,2.0,0.544,0.3,1.0,0.272,0.15,9.0,2.447,1.348,4.0,1.088,0.599,35.0,9.517,5.241,26.0,7.069,3.894,1.0,0.272,0.15,4.0,1.088,0.599,0.0,0.0,0.0,1.0,0.272,0.15,0.0,0.0,0.0,2.0,0.544,0.3,12.0,3.263,1.797,11.0,2.991,1.647,4.0,1.088,0.599,6.0,1.631,0.899,4.0,1.088,0.599,1.0,0.272,0.15,74.29,2,Finisher / Goal Scorer,,,,,,,
1168,Reece Lewis James,DEF,England,England,5,331,0.0,0.0,0.0,0.0,0.0,0.0,1.0,0.272,0.15,0.0,0.0,0.0,188.0,51.118,28.153,173.0,47.039,25.907,11.0,2.991,1.647,11.0,2.991,1.647,3.0,0.816,0.449,10.0,2.719,1.498,10.0,2.719,1.498,14.0,3.807,2.097,7.0,1.903,1.048,5.0,1.36,0.749,3.0,0.816,0.449,3.0,0.816,0.449,1.0,0.272,0.15,0.0,0.0,0.0,92.02,0,Ball Progressor,,,,,,,
1180,Luka Modric,MID,Croatia,Croatia,4,331,0.0,0.0,0.0,1.0,0.272,0.15,1.0,0.272,0.15,0.0,0.0,0.0,248.0,67.432,37.138,225.0,61.178,33.694,9.0,2.447,1.348,15.0,4.079,2.246,4.0,1.088,0.599,5.0,1.36,0.749,5.0,1.36,0.749,9.0,2.447,1.348,0.0,0.0,0.0,0.0,0.0,0.0,5.0,1.36,0.749,4.0,1.088,0.599,3.0,0.816,0.449,0.0,0.0,0.0,90.73,1,Playmaker / Chance Creator,,,,,,,
148,Nikola Katic,DEF,Bosnia and Herzegovina,Bosnia and Herzegovina,4,328,0.0,0.0,0.0,0.0,0.0,0.0,2.0,0.549,0.301,0.0,0.0,0.0,165.0,45.274,24.833,148.0,40.61,22.274,0.0,0.0,0.0,15.0,4.116,2.258,1.0,0.274,0.151,24.0,6.585,3.612,18.0,4.939,2.709,20.0,5.488,3.01,17.0,4.665,2.559,16.0,4.39,2.408,1.0,0.274,0.151,4.0,1.098,0.602,0.0,0.0,0.0,0.0,0.0,0.0,89.7,0,Ball Progressor,,,,,,,
435,Leroy Aziz Sane,MID,Germany,Germany,4,328,1.0,0.274,0.151,0.0,0.0,0.0,6.0,1.646,0.903,2.0,0.549,0.301,189.0,51.86,28.445,161.0,44.177,24.231,11.0,3.018,1.656,8.0,2.195,1.204,1.0,0.274,0.151,3.0,0.823,0.452,9.0,2.47,1.355,8.0,2.195,1.204,1.0,0.274,0.151,0.0,0.0,0.0,24.0,6.585,3.612,3.0,0.823,0.452,2.0,0.549,0.301,1.0,0.274,0.151,85.19,1,Playmaker / Chance Creator,,,,,,,
9,Raúl Alonso Jimenez,FWD,Mexico,Mexico,4,327,3.0,0.826,0.452,0.0,0.0,0.0,18.0,4.954,2.714,7.0,1.927,1.055,66.0,18.165,9.95,48.0,13.211,7.236,1.0,0.275,0.151,5.0,1.376,0.754,0.0,0.0,0.0,1.0,0.275,0.151,4.0,1.101,0.603,4.0,1.101,0.603,17.0,4.679,2.563,15.0,4.128,2.261,3.0,0.826,0.452,7.0,1.927,1.055,2.0,0.55,0.302,2.0,0.55,0.302,72.73,2,Finisher / Goal Scorer,,,,,,,
644,Hans Vanaken,MID,Belgium,Belgium,6,326,1.0,0.276,0.151,0.0,0.0,0.0,5.0,1.38,0.755,1.0,0.276,0.151,164.0,45.276,24.765,153.0,42.239,23.104,3.0,0.828,0.453,8.0,2.209,1.208,1.0,0.276,0.151,1.0,0.276,0.151,12.0,3.313,1.812,11.0,3.037,1.661,5.0,1.38,0.755,5.0,1.38,0.755,3.0,0.828,0.453,0.0,0.0,0.0,6.0,1.656,0.906,0.0,0.0,0.0,93.29,3,Box-to-Box / All-rounder,,,,,,,
958,Lautaro Javier Martinez,FWD,Argentina,Argentina,7,326,3.0,0.828,0.453,0.0,0.0,0.0,10.0,2.761,1.51,4.0,1.104,0.604,71.0,19.601,10.721,60.0,16.564,9.06,2.0,0.552,0.302,14.0,3.865,2.114,1.0,0.276,0.151,4.0,1.104,0.604,6.0,1.656,0.906,7.0,1.933,1.057,2.0,0.552,0.302,2.0,0.552,0.302,6.0,1.656,0.906,8.0,2.209,1.208,5.0,1.38,0.755,2.0,0.552,0.302,84.51,2,Finisher / Goal Scorer,,,,,,,
1186,Martin Baturina,MID,Croatia,Croatia,4,326,1.0,0.276,0.151,0.0,0.0,0.0,3.0,0.828,0.453,1.0,0.276,0.151,93.0,25.675,14.044,80.0,22.086,12.081,10.0,2.761,1.51,9.0,2.485,1.359,0.0,0.0,0.0,3.0,0.828,0.453,9.0,2.485,1.359,11.0,3.037,1.661,5.0,1.38,0.755,5.0,1.38,0.755,16.0,4.417,2.416,1.0,0.276,0.151,14.0,3.865,2.114,0.0,0.0,0.0,86.02,1,Playmaker / Chance Creator,,,,,,,
332,Folarin Jolaoluwa Balogun,FWD,USA,USA,4,324,3.0,0.833,0.455,0.0,0.0,0.0,14.0,3.889,2.121,5.0,1.389,0.758,44.0,12.222,6.667,30.0,8.333,4.545,6.0,1.667,0.909,4.0,1.111,0.606,0.0,0.0,0.0,0.0,0.0,0.0,4.0,1.111,0.606,2.0,0.556,0.303,3.0,0.833,0.455,2.0,0.556,0.303,9.0,2.5,1.364,3.0,0.833,0.455,8.0,2.222,1.212,3.0,0.833,0.455,68.18,2,Finisher / Goal Scorer,,,,,,,
348,Miguel Angel Almiron,MID,Paraguay,Paraguay,4,320,0.0,0.0,0.0,0.0,0.0,0.0,4.0,1.125,0.61,0.0,0.0,0.0,67.0,18.844,10.22,49.0,13.781,7.475,4.0,1.125,0.61,21.0,5.906,3.203,2.0,0.562,0.305,7.0,1.969,1.068,8.0,2.25,1.22,11.0,3.094,1.678,5.0,1.406,0.763,3.0,0.844,0.458,18.0,5.062,2.746,2.0,0.562,0.305,7.0,1.969,1.068,0.0,0.0,0.0,73.13,1,Playmaker / Chance Creator,,,,,,,
421,Aleksandar Pavlovic,MID,Germany,Germany,4,319,0.0,0.0,0.0,0.0,0.0,0.0,4.0,1.129,0.611,1.0,0.282,0.153,260.0,73.354,39.728,240.0,67.712,36.672,1.0,0.282,0.153,10.0,2.821,1.528,2.0,0.564,0.306,3.0,0.846,0.458,8.0,2.257,1.222,7.0,1.975,1.07,2.0,0.564,0.306,1.0,0.282,0.153,5.0,1.411,0.764,13.0,3.668,1.986,4.0,1.129,0.611,0.0,0.0,0.0,92.31,0,Ball Progressor,,,,,,,
635,Jeremy Baffour Doku,FWD,Belgium,Belgium,5,318,0.0,0.0,0.0,0.0,0.0,0.0,3.0,0.849,0.459,1.0,0.283,0.153,90.0,25.472,13.776,74.0,20.943,11.327,11.0,3.113,1.684,9.0,2.547,1.378,3.0,0.849,0.459,1.0,0.283,0.153,7.0,1.981,1.071,9.0,2.547,1.378,1.0,0.283,0.153,0.0,0.0,0.0,53.0,15.0,8.112,4.0,1.132,0.612,18.0,5.094,2.755,0.0,0.0,0.0,82.22,1,Playmaker / Chance Creator,,,,,,,
851,Théo Bernard François Hernandez,DEF,France,France,5,318,0.0,0.0,0.0,0.0,0.0,0.0,3.0,0.849,0.459,0.0,0.0,0.0,149.0,42.17,22.806,139.0,39.34,21.276,5.0,1.415,0.765,7.0,1.981,1.071,5.0,1.415,0.765,5.0,1.415,0.765,7.0,1.981,1.071,18.0,5.094,2.755,7.0,1.981,1.071,7.0,1.981,1.071,6.0,1.698,0.918,2.0,0.566,0.306,4.0,1.132,0.612,0.0,0.0,0.0,93.29,0,Ball Progressor,,,,,,,
1006,Romano Schmid,MID,Austria,Austria,4,317,1.0,0.284,0.153,0.0,0.0,0.0,2.0,0.568,0.307,1.0,0.284,0.153,91.0,25.836,13.952,65.0,18.454,9.966,4.0,1.136,0.613,13.0,3.691,1.993,0.0,0.0,0.0,2.0,0.568,0.307,9.0,2.555,1.38,4.0,1.136,0.613,1.0,0.284,0.153,1.0,0.284,0.153,4.0,1.136,0.613,3.0,0.852,0.46,4.0,1.136,0.613,0.0,0.0,0.0,71.43,3,Box-to-Box / All-rounder,,,,,,,
1092,Arthur Fuka Masuaku,DEF,Congo DR,Congo DR,4,317,0.0,0.0,0.0,0.0,0.0,0.0,0.0,0.0,0.0,0.0,0.0,0.0,169.0,47.981,25.911,141.0,40.032,21.618,14.0,3.975,2.147,10.0,2.839,1.533,3.0,0.852,0.46,9.0,2.555,1.38,6.0,1.703,0.92,11.0,3.123,1.687,3.0,0.852,0.46,3.0,0.852,0.46,10.0,2.839,1.533,0.0,0.0,0.0,4.0,1.136,0.613,0.0,0.0,0.0,83.43,1,Playmaker / Chance Creator,,,,,,,
503,John Yeboah,FWD,Ecuador,Ecuador,4,315,0.0,0.0,0.0,0.0,0.0,0.0,8.0,2.286,1.231,3.0,0.857,0.462,104.0,29.714,16.0,85.0,24.286,13.077,9.0,2.571,1.385,11.0,3.143,1.692,2.0,0.571,0.308,1.0,0.286,0.154,5.0,1.429,0.769,7.0,2.0,1.077,1.0,0.286,0.154,1.0,0.286,0.154,15.0,4.286,2.308,0.0,0.0,0.0,4.0,1.143,0.615,0.0,0.0,0.0,81.73,1,Playmaker / Chance Creator,,,,,,,
961,Facundo Axel Medina,DEF,Argentina,Argentina,5,311,0.0,0.0,0.0,1.0,0.289,0.155,0.0,0.0,0.0,0.0,0.0,0.0,163.0,47.17,25.25,150.0,43.408,23.236,5.0,1.447,0.775,13.0,3.762,2.014,4.0,1.158,0.62,14.0,4.051,2.169,7.0,2.026,1.084,17.0,4.92,2.633,2.0,0.579,0.31,2.0,0.579,0.31,0.0,0.0,0.0,3.0,0.868,0.465,2.0,0.579,0.31,1.0,0.289,0.155,92.02,0,Ball Progressor,,,,,,,
204,Fabian Rieder,MID,Switzerland,Switzerland,5,310,0.0,0.0,0.0,0.0,0.0,0.0,7.0,2.032,1.086,2.0,0.581,0.31,87.0,25.258,13.5,71.0,20.613,11.017,16.0,4.645,2.483,15.0,4.355,2.328,1.0,0.29,0.155,0.0,0.0,0.0,8.0,2.323,1.241,7.0,2.032,1.086,0.0,0.0,0.0,0.0,0.0,0.0,8.0,2.323,1.241,3.0,0.871,0.466,6.0,1.742,0.931,0.0,0.0,0.0,81.61,1,Playmaker / Chance Creator,,,,,,,
559,Keito Nakamura,MID,Japan,Japan,4,310,1.0,0.29,0.155,2.0,0.581,0.31,5.0,1.452,0.776,2.0,0.581,0.31,117.0,33.968,18.155,100.0,29.032,15.517,9.0,2.613,1.397,10.0,2.903,1.552,5.0,1.452,0.776,2.0,0.581,0.31,5.0,1.452,0.776,10.0,2.903,1.552,2.0,0.581,0.31,2.0,0.581,0.31,10.0,2.903,1.552,3.0,0.871,0.466,1.0,0.29,0.155,1.0,0.29,0.155,85.47,1,Playmaker / Chance Creator,,,,,,,
346,Diego Alexander Gomez,MID,Paraguay,Paraguay,4,309,0.0,0.0,0.0,0.0,0.0,0.0,6.0,1.748,0.933,0.0,0.0,0.0,101.0,29.417,15.699,80.0,23.301,12.435,2.0,0.583,0.311,27.0,7.864,4.197,8.0,2.33,1.244,9.0,2.621,1.399,17.0,4.951,2.642,28.0,8.155,4.352,10.0,2.913,1.554,10.0,2.913,1.554,7.0,2.039,1.088,5.0,1.456,0.777,1.0,0.291,0.155,0.0,0.0,0.0,79.21,0,Ball Progressor,,,,,,,
515,Alan Steven Franco,MID,Ecuador,Ecuador,4,308,0.0,0.0,0.0,0.0,0.0,0.0,0.0,0.0,0.0,0.0,0.0,0.0,148.0,43.247,23.045,140.0,40.909,21.799,4.0,1.169,0.623,12.0,3.506,1.869,3.0,0.877,0.467,13.0,3.799,2.024,6.0,1.753,0.934,18.0,5.26,2.803,7.0,2.045,1.09,5.0,1.461,0.779,6.0,1.753,0.934,7.0,2.045,1.09,0.0,0.0,0.0,0.0,0.0,0.0,94.59,0,Ball Progressor,,,,,,,
776,MOREIRASteven Steven,DEF,Cabo Verde,Cabo Verde,4,307,0.0,0.0,0.0,0.0,0.0,0.0,2.0,0.586,0.312,0.0,0.0,0.0,109.0,31.954,17.002,88.0,25.798,13.726,4.0,1.173,0.624,5.0,1.466,0.78,2.0,0.586,0.312,9.0,2.638,1.404,6.0,1.759,0.936,10.0,2.932,1.56,2.0,0.586,0.312,2.0,0.586,0.312,4.0,1.173,0.624,0.0,0.0,0.0,2.0,0.586,0.312,0.0,0.0,0.0,80.73,3,Box-to-Box / All-rounder,,,,,,,
1205,Jordan Pierre Ayew,FWD,Ghana,Ghana,4,303,0.0,0.0,0.0,0.0,0.0,0.0,0.0,0.0,0.0,0.0,0.0,0.0,47.0,13.96,7.382,33.0,9.802,5.183,9.0,2.673,1.414,7.0,2.079,1.099,0.0,0.0,0.0,1.0,0.297,0.157,4.0,1.188,0.628,3.0,0.891,0.471,8.0,2.376,1.257,7.0,2.079,1.099,3.0,0.891,0.471,7.0,2.079,1.099,7.0,2.079,1.099,1.0,0.297,0.157,70.21,3,Box-to-Box / All-rounder,,,,,,,
735,Ferran Torres,FWD,Spain,Spain,8,302,1.0,0.298,0.157,0.0,0.0,0.0,14.0,4.172,2.203,4.0,1.192,0.629,86.0,25.629,13.531,63.0,18.775,9.913,6.0,1.788,0.944,3.0,0.894,0.472,1.0,0.298,0.157,2.0,0.596,0.315,6.0,1.788,0.944,3.0,0.894,0.472,7.0,2.086,1.101,6.0,1.788,0.944,11.0,3.278,1.731,6.0,1.788,0.944,4.0,1.192,0.629,3.0,0.894,0.472,73.26,2,Finisher / Goal Scorer,,,,,,,
1187,Petar Sucic,MID,Croatia,Croatia,4,302,1.0,0.298,0.157,1.0,0.298,0.157,3.0,0.894,0.472,2.0,0.596,0.315,127.0,37.848,19.983,110.0,32.781,17.308,6.0,1.788,0.944,22.0,6.556,3.462,2.0,0.596,0.315,2.0,0.596,0.315,3.0,0.894,0.472,8.0,2.384,1.259,1.0,0.298,0.157,1.0,0.298,0.157,11.0,3.278,1.731,7.0,2.086,1.101,6.0,1.788,0.944,1.0,0.298,0.157,86.61,1,Playmaker / Chance Creator,,,,,,,
234,Vitor Rayan,FWD,Brazil,Brazil,4,296,0.0,0.0,0.0,1.0,0.304,0.159,5.0,1.52,0.795,2.0,0.608,0.318,99.0,30.101,15.742,93.0,28.277,14.788,10.0,3.041,1.59,11.0,3.345,1.749,1.0,0.304,0.159,1.0,0.304,0.159,5.0,1.52,0.795,8.0,2.432,1.272,7.0,2.128,1.113,7.0,2.128,1.113,9.0,2.736,1.431,5.0,1.52,0.795,4.0,1.216,0.636,1.0,0.304,0.159,93.94,1,Playmaker / Chance Creator,,,,,,,
981,Nabil Bentaleb,MID,Algeria,Algeria,4,294,0.0,0.0,0.0,0.0,0.0,0.0,1.0,0.306,0.16,0.0,0.0,0.0,280.0,85.714,44.681,255.0,78.061,40.691,1.0,0.306,0.16,10.0,3.061,1.596,4.0,1.224,0.638,9.0,2.755,1.436,5.0,1.531,0.798,14.0,4.286,2.234,2.0,0.612,0.319,2.0,0.612,0.319,5.0,1.531,0.798,2.0,0.612,0.319,3.0,0.918,0.479,0.0,0.0,0.0,91.07,0,Ball Progressor,,,,,,,
1222,Marvin Elom Senaya,DEF,Ghana,Ghana,4,293,0.0,0.0,0.0,0.0,0.0,0.0,2.0,0.614,0.32,0.0,0.0,0.0,91.0,27.952,14.547,75.0,23.038,11.989,8.0,2.457,1.279,28.0,8.601,4.476,3.0,0.922,0.48,19.0,5.836,3.037,8.0,2.457,1.279,17.0,5.222,2.718,5.0,1.536,0.799,4.0,1.229,0.639,5.0,1.536,0.799,6.0,1.843,0.959,4.0,1.229,0.639,0.0,0.0,0.0,82.42,0,Ball Progressor,,,,,,,
217,Matheus Matheus Cunha,FWD,Brazil,Brazil,5,292,3.0,0.925,0.48,0.0,0.0,0.0,11.0,3.39,1.762,5.0,1.541,0.801,90.0,27.74,14.413,78.0,24.041,12.491,5.0,1.541,0.801,8.0,2.466,1.281,2.0,0.616,0.32,5.0,1.541,0.801,7.0,2.158,1.121,8.0,2.466,1.281,2.0,0.616,0.32,2.0,0.616,0.32,14.0,4.315,2.242,1.0,0.308,0.16,3.0,0.925,0.48,1.0,0.308,0.16,86.67,2,Finisher / Goal Scorer,,,,,,,
507,Enner Remberto Valencia,FWD,Ecuador,Ecuador,4,291,0.0,0.0,0.0,0.0,0.0,0.0,10.0,3.093,1.604,6.0,1.856,0.963,40.0,12.371,6.417,33.0,10.206,5.294,1.0,0.309,0.16,2.0,0.619,0.321,1.0,0.309,0.16,0.0,0.0,0.0,2.0,0.619,0.321,2.0,0.619,0.321,4.0,1.237,0.642,4.0,1.237,0.642,4.0,1.237,0.642,4.0,1.237,0.642,7.0,2.165,1.123,2.0,0.619,0.321,82.5,2,Finisher / Goal Scorer,,,,,,,
977,Rayan Ait-Nouri,DEF,Algeria,Algeria,4,290,0.0,0.0,0.0,0.0,0.0,0.0,1.0,0.31,0.161,0.0,0.0,0.0,211.0,65.483,33.911,190.0,58.966,30.536,9.0,2.793,1.446,14.0,4.345,2.25,3.0,0.931,0.482,11.0,3.414,1.768,8.0,2.483,1.286,16.0,4.966,2.571,1.0,0.31,0.161,1.0,0.31,0.161,34.0,10.552,5.464,6.0,1.862,0.964,4.0,1.241,0.643,0.0,0.0,0.0,90.05,1,Playmaker / Chance Creator,,,,,,,
199,Ruben Estephan Vargas,FWD,Switzerland,Switzerland,6,289,2.0,0.623,0.322,1.0,0.311,0.161,6.0,1.869,0.966,4.0,1.246,0.644,88.0,27.405,14.168,65.0,20.242,10.465,24.0,7.474,3.864,11.0,3.426,1.771,0.0,0.0,0.0,2.0,0.623,0.322,4.0,1.246,0.644,5.0,1.557,0.805,3.0,0.934,0.483,3.0,0.934,0.483,20.0,6.228,3.22,6.0,1.869,0.966,6.0,1.869,0.966,2.0,0.623,0.322,73.86,2,Finisher / Goal Scorer,,,,,,,
767,CABRALSidny Sidny Lopes,DEF,Cabo Verde,Cabo Verde,3,289,1.0,0.311,0.161,0.0,0.0,0.0,4.0,1.246,0.644,2.0,0.623,0.322,105.0,32.699,16.905,87.0,27.093,14.007,11.0,3.426,1.771,10.0,3.114,1.61,4.0,1.246,0.644,15.0,4.671,2.415,9.0,2.803,1.449,21.0,6.54,3.381,2.0,0.623,0.322,2.0,0.623,0.322,16.0,4.983,2.576,2.0,0.623,0.322,9.0,2.803,1.449,0.0,0.0,0.0,82.86,1,Playmaker / Chance Creator,,,,,,,
228,Lucas Lucas Paqueta,MID,Brazil,Brazil,4,288,0.0,0.0,0.0,0.0,0.0,0.0,5.0,1.562,0.806,1.0,0.312,0.161,190.0,59.375,30.645,162.0,50.625,26.129,5.0,1.562,0.806,20.0,6.25,3.226,2.0,0.625,0.323,6.0,1.875,0.968,5.0,1.562,0.806,13.0,4.062,2.097,4.0,1.25,0.645,4.0,1.25,0.645,5.0,1.562,0.806,3.0,0.938,0.484,6.0,1.875,0.968,0.0,0.0,0.0,85.26,1,Playmaker / Chance Creator,,,,,,,
434,Nathaniel Christopher Brown,DEF,Germany,Germany,3,288,1.0,0.312,0.161,1.0,0.312,0.161,3.0,0.938,0.484,2.0,0.625,0.323,131.0,40.938,21.129,115.0,35.938,18.548,19.0,5.938,3.065,18.0,5.625,2.903,2.0,0.625,0.323,4.0,1.25,0.645,10.0,3.125,1.613,12.0,3.75,1.935,1.0,0.312,0.161,1.0,0.312,0.161,7.0,2.188,1.129,4.0,1.25,0.645,1.0,0.312,0.161,0.0,0.0,0.0,87.79,1,Playmaker / Chance Creator,,,,,,,
1200,Jonas Adjei Adjetey,DEF,Ghana,Ghana,3,288,0.0,0.0,0.0,0.0,0.0,0.0,2.0,0.625,0.323,1.0,0.312,0.161,120.0,37.5,19.355,105.0,32.812,16.935,0.0,0.0,0.0,7.0,2.188,1.129,3.0,0.938,0.484,16.0,5.0,2.581,7.0,2.188,1.129,13.0,4.062,2.097,3.0,0.938,0.484,3.0,0.938,0.484,2.0,0.625,0.323,1.0,0.312,0.161,0.0,0.0,0.0,0.0,0.0,0.0,87.5,3,Box-to-Box / All-rounder,,,,,,,
149,Kerim Alajbegovic,FWD,Bosnia and Herzegovina,Bosnia and Herzegovina,4,287,1.0,0.314,0.162,0.0,0.0,0.0,4.0,1.254,0.646,1.0,0.314,0.162,90.0,28.223,14.542,69.0,21.638,11.149,16.0,5.017,2.585,5.0,1.568,0.808,2.0,0.627,0.323,3.0,0.941,0.485,4.0,1.254,0.646,6.0,1.882,0.969,0.0,0.0,0.0,0.0,0.0,0.0,27.0,8.467,4.363,4.0,1.254,0.646,6.0,1.882,0.969,1.0,0.314,0.162,76.67,1,Playmaker / Chance Creator,,,,,,,
1019,Mousa Mahmoud Yazan Alarab,DEF,Jordan,Jordan,3,287,0.0,0.0,0.0,0.0,0.0,0.0,0.0,0.0,0.0,0.0,0.0,0.0,106.0,33.24,17.127,94.0,29.477,15.189,0.0,0.0,0.0,10.0,3.136,1.616,1.0,0.314,0.162,27.0,8.467,4.363,7.0,2.195,1.131,18.0,5.645,2.908,11.0,3.449,1.777,10.0,3.136,1.616,8.0,2.509,1.293,4.0,1.254,0.646,0.0,0.0,0.0,0.0,0.0,0.0,88.68,0,Ball Progressor,,,,,,,
1022,Mahmoud Ali Noor Alrawabdeh,MID,Jordan,Jordan,3,287,0.0,0.0,0.0,1.0,0.314,0.162,1.0,0.314,0.162,0.0,0.0,0.0,111.0,34.808,17.935,84.0,26.341,13.573,0.0,0.0,0.0,13.0,4.077,2.101,3.0,0.941,0.485,4.0,1.254,0.646,7.0,2.195,1.131,16.0,5.017,2.585,1.0,0.314,0.162,0.0,0.0,0.0,8.0,2.509,1.293,1.0,0.314,0.162,0.0,0.0,0.0,0.0,0.0,0.0,75.68,3,Box-to-Box / All-rounder,,,,,,,
664,Fathy Abdelhalim Hamdy Fathy,MID,Egypt,Egypt,4,286,0.0,0.0,0.0,0.0,0.0,0.0,0.0,0.0,0.0,0.0,0.0,0.0,130.0,40.909,21.043,119.0,37.448,19.263,1.0,0.315,0.162,11.0,3.462,1.781,0.0,0.0,0.0,9.0,2.832,1.457,7.0,2.203,1.133,12.0,3.776,1.942,7.0,2.203,1.133,7.0,2.203,1.133,1.0,0.315,0.162,3.0,0.944,0.486,2.0,0.629,0.324,1.0,0.315,0.162,91.54,3,Box-to-Box / All-rounder,,,,,,,
137,Amar Dedic,DEF,Bosnia and Herzegovina,Bosnia and Herzegovina,3,285,0.0,0.0,0.0,0.0,0.0,0.0,2.0,0.632,0.324,1.0,0.316,0.162,99.0,31.263,16.054,80.0,25.263,12.973,0.0,0.0,0.0,12.0,3.789,1.946,4.0,1.263,0.649,15.0,4.737,2.432,11.0,3.474,1.784,16.0,5.053,2.595,4.0,1.263,0.649,4.0,1.263,0.649,15.0,4.737,2.432,6.0,1.895,0.973,3.0,0.947,0.486,0.0,0.0,0.0,80.81,0,Ball Progressor,,,,,,,
718,Finn Surman,DEF,New Zealand,New Zealand,3,285,1.0,0.316,0.162,0.0,0.0,0.0,2.0,0.632,0.324,1.0,0.316,0.162,145.0,45.789,23.514,135.0,42.632,21.892,0.0,0.0,0.0,7.0,2.211,1.135,2.0,0.632,0.324,22.0,6.947,3.568,15.0,4.737,2.432,21.0,6.632,3.405,6.0,1.895,0.973,4.0,1.263,0.649,5.0,1.579,0.811,4.0,1.263,0.649,2.0,0.632,0.324,0.0,0.0,0.0,93.1,0,Ball Progressor,,,,,,,
710,Marko Seufatu Nikola Stamenic,MID,New Zealand,New Zealand,3,285,0.0,0.0,0.0,0.0,0.0,0.0,3.0,0.947,0.486,0.0,0.0,0.0,171.0,54.0,27.73,156.0,49.263,25.297,2.0,0.632,0.324,17.0,5.368,2.757,2.0,0.632,0.324,8.0,2.526,1.297,14.0,4.421,2.27,15.0,4.737,2.432,2.0,0.632,0.324,2.0,0.632,0.324,5.0,1.579,0.811,4.0,1.263,0.649,0.0,0.0,0.0,0.0,0.0,0.0,91.23,0,Ball Progressor,,,,,,,
711,Christopher Grant Wood,FWD,New Zealand,New Zealand,3,285,0.0,0.0,0.0,2.0,0.632,0.324,5.0,1.579,0.811,2.0,0.632,0.324,47.0,14.842,7.622,36.0,11.368,5.838,0.0,0.0,0.0,2.0,0.632,0.324,0.0,0.0,0.0,2.0,0.632,0.324,0.0,0.0,0.0,0.0,0.0,0.0,15.0,4.737,2.432,14.0,4.421,2.27,2.0,0.632,0.324,2.0,0.632,0.324,1.0,0.316,0.162,4.0,1.263,0.649,76.6,2,Finisher / Goal Scorer,,,,,,,
322,Christian Mate Pulisic,FWD,USA,USA,4,284,0.0,0.0,0.0,1.0,0.317,0.162,4.0,1.268,0.65,2.0,0.634,0.325,81.0,25.669,13.159,71.0,22.5,11.534,6.0,1.901,0.975,5.0,1.585,0.812,0.0,0.0,0.0,1.0,0.317,0.162,4.0,1.268,0.65,2.0,0.634,0.325,0.0,0.0,0.0,0.0,0.0,0.0,29.0,9.19,4.711,1.0,0.317,0.162,8.0,2.535,1.3,2.0,0.634,0.325,87.65,1,Playmaker / Chance Creator,,,,,,,
485,Guela Maho-Lewis Doue,DEF,Côte d'Ivoire,Côte d'Ivoire,4,284,0.0,0.0,0.0,0.0,0.0,0.0,1.0,0.317,0.162,0.0,0.0,0.0,163.0,51.655,26.48,143.0,45.317,23.231,11.0,3.486,1.787,12.0,3.803,1.949,2.0,0.634,0.325,9.0,2.852,1.462,14.0,4.437,2.274,17.0,5.387,2.762,6.0,1.901,0.975,6.0,1.901,0.975,5.0,1.585,0.812,6.0,1.901,0.975,5.0,1.585,0.812,0.0,0.0,0.0,87.73,0,Ball Progressor,,,,,,,
1214,Jerome Opoku,DEF,Ghana,Ghana,3,284,0.0,0.0,0.0,0.0,0.0,0.0,0.0,0.0,0.0,0.0,0.0,0.0,115.0,36.444,18.682,95.0,30.106,15.433,0.0,0.0,0.0,3.0,0.951,0.487,3.0,0.951,0.487,13.0,4.12,2.112,4.0,1.268,0.65,10.0,3.169,1.625,5.0,1.585,0.812,4.0,1.268,0.65,2.0,0.634,0.325,2.0,0.634,0.325,4.0,1.268,0.65,0.0,0.0,0.0,82.61,3,Box-to-Box / All-rounder,,,,,,,
1173,Marin Pongracic,DEF,Croatia,Croatia,3,284,0.0,0.0,0.0,0.0,0.0,0.0,1.0,0.317,0.162,0.0,0.0,0.0,200.0,63.38,32.491,182.0,57.676,29.567,0.0,0.0,0.0,3.0,0.951,0.487,3.0,0.951,0.487,27.0,8.556,4.386,5.0,1.585,0.812,10.0,3.169,1.625,6.0,1.901,0.975,4.0,1.268,0.65,9.0,2.852,1.462,3.0,0.951,0.487,0.0,0.0,0.0,0.0,0.0,0.0,91.0,0,Ball Progressor,,,,,,,
764,Gregory Jamiro Monteiro,MID,Cabo Verde,Cabo Verde,4,283,0.0,0.0,0.0,0.0,0.0,0.0,5.0,1.59,0.814,1.0,0.318,0.163,106.0,33.71,17.251,87.0,27.668,14.159,6.0,1.908,0.976,11.0,3.498,1.79,4.0,1.272,0.651,1.0,0.318,0.163,7.0,2.226,1.139,10.0,3.18,1.627,0.0,0.0,0.0,0.0,0.0,0.0,7.0,2.226,1.139,4.0,1.272,0.651,2.0,0.636,0.325,0.0,0.0,0.0,82.08,3,Box-to-Box / All-rounder,,,,,,,
1023,Iyad Ali Ali Olwan,FWD,Jordan,Jordan,3,283,1.0,0.318,0.163,0.0,0.0,0.0,6.0,1.908,0.976,3.0,0.954,0.488,48.0,15.265,7.812,36.0,11.449,5.859,8.0,2.544,1.302,2.0,0.636,0.325,3.0,0.954,0.488,1.0,0.318,0.163,2.0,0.636,0.325,5.0,1.59,0.814,4.0,1.272,0.651,3.0,0.954,0.488,16.0,5.088,2.604,1.0,0.318,0.163,4.0,1.272,0.651,1.0,0.318,0.163,75.0,1,Playmaker / Chance Creator,,,,,,,
1199,Caleb Marfo Yirenkyi,MID,Ghana,Ghana,4,282,1.0,0.319,0.163,0.0,0.0,0.0,2.0,0.638,0.326,1.0,0.319,0.163,70.0,22.34,11.413,62.0,19.787,10.109,1.0,0.319,0.163,9.0,2.872,1.467,3.0,0.957,0.489,5.0,1.596,0.815,6.0,1.915,0.978,11.0,3.511,1.793,0.0,0.0,0.0,0.0,0.0,0.0,2.0,0.638,0.326,7.0,2.234,1.141,3.0,0.957,0.489,0.0,0.0,0.0,88.57,3,Box-to-Box / All-rounder,,,,,,,
1094,Abdukodir Khusanov,DEF,Uzbekistan,Uzbekistan,3,282,0.0,0.0,0.0,0.0,0.0,0.0,0.0,0.0,0.0,0.0,0.0,0.0,98.0,31.277,15.978,81.0,25.851,13.207,0.0,0.0,0.0,10.0,3.191,1.63,5.0,1.596,0.815,12.0,3.83,1.957,8.0,2.553,1.304,17.0,5.426,2.772,2.0,0.638,0.326,2.0,0.638,0.326,0.0,0.0,0.0,6.0,1.915,0.978,0.0,0.0,0.0,0.0,0.0,0.0,82.65,0,Ball Progressor,,,,,,,
1105,Sherzod Nasrullaev,DEF,Uzbekistan,Uzbekistan,3,282,0.0,0.0,0.0,0.0,0.0,0.0,1.0,0.319,0.163,1.0,0.319,0.163,48.0,15.319,7.826,35.0,11.17,5.707,3.0,0.957,0.489,6.0,1.915,0.978,2.0,0.638,0.326,5.0,1.596,0.815,4.0,1.277,0.652,10.0,3.191,1.63,3.0,0.957,0.489,3.0,0.957,0.489,4.0,1.277,0.652,3.0,0.957,0.489,2.0,0.638,0.326,0.0,0.0,0.0,72.92,3,Box-to-Box / All-rounder,,,,,,,
556,Ritsu Doan,MID,Japan,Japan,4,281,0.0,0.0,0.0,0.0,0.0,0.0,1.0,0.32,0.163,0.0,0.0,0.0,105.0,33.63,17.151,89.0,28.505,14.537,5.0,1.601,0.817,7.0,2.242,1.143,1.0,0.32,0.163,7.0,2.242,1.143,10.0,3.203,1.633,8.0,2.562,1.307,2.0,0.641,0.327,2.0,0.641,0.327,4.0,1.281,0.653,6.0,1.922,0.98,4.0,1.281,0.653,0.0,0.0,0.0,84.76,3,Box-to-Box / All-rounder,,,,,,,
663,Mohamed Aboelfetouh Ahmed Fatouh,DEF,Egypt,Egypt,3,281,0.0,0.0,0.0,0.0,0.0,0.0,1.0,0.32,0.163,1.0,0.32,0.163,182.0,58.292,29.728,163.0,52.206,26.624,7.0,2.242,1.143,12.0,3.843,1.96,2.0,0.641,0.327,8.0,2.562,1.307,3.0,0.961,0.49,14.0,4.484,2.287,3.0,0.961,0.49,3.0,0.961,0.49,4.0,1.281,0.653,2.0,0.641,0.327,3.0,0.961,0.49,0.0,0.0,0.0,89.56,3,Box-to-Box / All-rounder,,,,,,,
996,David Alaba,DEF,Austria,Austria,4,281,0.0,0.0,0.0,1.0,0.32,0.163,2.0,0.641,0.327,0.0,0.0,0.0,222.0,71.103,36.261,198.0,63.416,32.341,1.0,0.32,0.163,4.0,1.281,0.653,2.0,0.641,0.327,14.0,4.484,2.287,6.0,1.922,0.98,15.0,4.804,2.45,4.0,1.281,0.653,3.0,0.961,0.49,3.0,0.961,0.49,2.0,0.641,0.327,0.0,0.0,0.0,0.0,0.0,0.0,89.19,0,Ball Progressor,,,,,,,
1225,Jose Angel Cordoba,DEF,Panama,Panama,3,281,0.0,0.0,0.0,0.0,0.0,0.0,0.0,0.0,0.0,0.0,0.0,0.0,183.0,58.612,29.891,169.0,54.128,27.604,1.0,0.32,0.163,9.0,2.883,1.47,7.0,2.242,1.143,18.0,5.765,2.94,3.0,0.961,0.49,17.0,5.445,2.777,3.0,0.961,0.49,2.0,0.641,0.327,2.0,0.641,0.327,5.0,1.601,0.817,1.0,0.32,0.163,0.0,0.0,0.0,92.35,0,Ball Progressor,,,,,,,
1238,Andres Alberto Andrade,DEF,Panama,Panama,3,281,0.0,0.0,0.0,0.0,0.0,0.0,0.0,0.0,0.0,0.0,0.0,0.0,178.0,57.011,29.074,147.0,47.082,24.011,8.0,2.562,1.307,13.0,4.164,2.123,6.0,1.922,0.98,15.0,4.804,2.45,11.0,3.523,1.797,29.0,9.288,4.737,11.0,3.523,1.797,11.0,3.523,1.797,0.0,0.0,0.0,4.0,1.281,0.653,0.0,0.0,0.0,0.0,0.0,0.0,82.58,0,Ball Progressor,,,,,,,
1245,Michael Amir Murillo,DEF,Panama,Panama,3,281,0.0,0.0,0.0,0.0,0.0,0.0,5.0,1.601,0.817,1.0,0.32,0.163,112.0,35.872,18.294,88.0,28.185,14.374,8.0,2.562,1.307,11.0,3.523,1.797,0.0,0.0,0.0,9.0,2.883,1.47,6.0,1.922,0.98,9.0,2.883,1.47,6.0,1.922,0.98,6.0,1.922,0.98,14.0,4.484,2.287,1.0,0.32,0.163,7.0,2.242,1.143,1.0,0.32,0.163,78.57,1,Playmaker / Chance Creator,,,,,,,
82,Robin Hranac,DEF,Czechia,Czechia,3,280,0.0,0.0,0.0,0.0,0.0,0.0,0.0,0.0,0.0,0.0,0.0,0.0,116.0,37.286,18.982,104.0,33.429,17.018,1.0,0.321,0.164,6.0,1.929,0.982,3.0,0.964,0.491,8.0,2.571,1.309,5.0,1.607,0.818,10.0,3.214,1.636,6.0,1.929,0.982,6.0,1.929,0.982,0.0,0.0,0.0,6.0,1.929,0.982,0.0,0.0,0.0,0.0,0.0,0.0,89.66,3,Box-to-Box / All-rounder,,,,,,,
83,Vladimír Coufal,DEF,Czechia,Czechia,3,280,0.0,0.0,0.0,1.0,0.321,0.164,1.0,0.321,0.164,0.0,0.0,0.0,110.0,35.357,18.0,79.0,25.393,12.927,20.0,6.429,3.273,6.0,1.929,0.982,4.0,1.286,0.655,4.0,1.286,0.655,2.0,0.643,0.327,7.0,2.25,1.145,3.0,0.964,0.491,3.0,0.964,0.491,3.0,0.964,0.491,4.0,1.286,0.655,3.0,0.964,0.491,1.0,0.321,0.164,71.82,1,Playmaker / Chance Creator,,,,,,,
85,Ladislav Krejci,DEF,Czechia,Czechia,3,280,1.0,0.321,0.164,0.0,0.0,0.0,5.0,1.607,0.818,1.0,0.321,0.164,160.0,51.429,26.182,135.0,43.393,22.091,2.0,0.643,0.327,13.0,4.179,2.127,3.0,0.964,0.491,13.0,4.179,2.127,4.0,1.286,0.655,16.0,5.143,2.618,14.0,4.5,2.291,12.0,3.857,1.964,1.0,0.321,0.164,6.0,1.929,0.982,2.0,0.643,0.327,0.0,0.0,0.0,84.38,0,Ball Progressor,,,,,,,
1034,Mahmoud Saleh Mohannad Abutaha,MID,Jordan,Jordan,3,280,0.0,0.0,0.0,0.0,0.0,0.0,1.0,0.321,0.164,0.0,0.0,0.0,87.0,27.964,14.236,59.0,18.964,9.655,6.0,1.929,0.982,17.0,5.464,2.782,8.0,2.571,1.309,11.0,3.536,1.8,12.0,3.857,1.964,21.0,6.75,3.436,3.0,0.964,0.491,2.0,0.643,0.327,9.0,2.893,1.473,2.0,0.643,0.327,1.0,0.321,0.164,0.0,0.0,0.0,67.82,0,Ball Progressor,,,,,,,
398,Arda Guler,FWD,Türkiye,Türkiye,3,279,1.0,0.323,0.164,0.0,0.0,0.0,12.0,3.871,1.967,4.0,1.29,0.656,198.0,63.871,32.459,170.0,54.839,27.869,14.0,4.516,2.295,11.0,3.548,1.803,0.0,0.0,0.0,1.0,0.323,0.164,4.0,1.29,0.656,4.0,1.29,0.656,3.0,0.968,0.492,3.0,0.968,0.492,20.0,6.452,3.279,3.0,0.968,0.492,10.0,3.226,1.639,2.0,0.645,0.328,85.86,1,Playmaker / Chance Creator,,,,,,,
498,Joel Leandro Ordonez,DEF,Ecuador,Ecuador,3,279,0.0,0.0,0.0,0.0,0.0,0.0,2.0,0.645,0.328,0.0,0.0,0.0,113.0,36.452,18.525,101.0,32.581,16.557,0.0,0.0,0.0,10.0,3.226,1.639,1.0,0.323,0.164,19.0,6.129,3.115,5.0,1.613,0.82,12.0,3.871,1.967,6.0,1.935,0.984,6.0,1.935,0.984,2.0,0.645,0.328,1.0,0.323,0.164,1.0,0.323,0.164,0.0,0.0,0.0,89.38,3,Box-to-Box / All-rounder,,,,,,,
809,Sebastián Enzo Caceres,DEF,Uruguay,Uruguay,3,279,0.0,0.0,0.0,0.0,0.0,0.0,3.0,0.968,0.492,0.0,0.0,0.0,172.0,55.484,28.197,154.0,49.677,25.246,1.0,0.323,0.164,6.0,1.935,0.984,2.0,0.645,0.328,15.0,4.839,2.459,7.0,2.258,1.148,20.0,6.452,3.279,11.0,3.548,1.803,10.0,3.226,1.639,6.0,1.935,0.984,2.0,0.645,0.328,2.0,0.645,0.328,0.0,0.0,0.0,89.53,0,Ball Progressor,,,,,,,
819,Guillermo Varela,DEF,Uruguay,Uruguay,3,279,0.0,0.0,0.0,0.0,0.0,0.0,2.0,0.645,0.328,0.0,0.0,0.0,134.0,43.226,21.967,119.0,38.387,19.508,10.0,3.226,1.639,4.0,1.29,0.656,2.0,0.645,0.328,14.0,4.516,2.295,8.0,2.581,1.311,18.0,5.806,2.951,10.0,3.226,1.639,10.0,3.226,1.639,2.0,0.645,0.328,1.0,0.323,0.164,1.0,0.323,0.164,0.0,0.0,0.0,88.81,0,Ball Progressor,,,,,,,
822,Mathías Olivera,DEF,Uruguay,Uruguay,3,279,0.0,0.0,0.0,0.0,0.0,0.0,1.0,0.323,0.164,0.0,0.0,0.0,226.0,72.903,37.049,213.0,68.71,34.918,3.0,0.968,0.492,12.0,3.871,1.967,2.0,0.645,0.328,8.0,2.581,1.311,8.0,2.581,1.311,22.0,7.097,3.607,10.0,3.226,1.639,9.0,2.903,1.475,15.0,4.839,2.459,3.0,0.968,0.492,0.0,0.0,0.0,0.0,0.0,0.0,94.25,0,Ball Progressor,,,,,,,
812,Rodrigo Bentancur,MID,Uruguay,Uruguay,3,279,0.0,0.0,0.0,0.0,0.0,0.0,4.0,1.29,0.656,0.0,0.0,0.0,174.0,56.129,28.525,157.0,50.645,25.738,3.0,0.968,0.492,13.0,4.194,2.131,9.0,2.903,1.475,14.0,4.516,2.295,11.0,3.548,1.803,19.0,6.129,3.115,6.0,1.935,0.984,6.0,1.935,0.984,9.0,2.903,1.475,7.0,2.258,1.148,5.0,1.613,0.82,0.0,0.0,0.0,90.23,0,Ball Progressor,,,,,,,
1236,Carlos Miguel Harvey,DEF,Panama,Panama,3,279,0.0,0.0,0.0,0.0,0.0,0.0,5.0,1.613,0.82,0.0,0.0,0.0,107.0,34.516,17.541,85.0,27.419,13.934,1.0,0.323,0.164,14.0,4.516,2.295,5.0,1.613,0.82,7.0,2.258,1.148,6.0,1.935,0.984,16.0,5.161,2.623,7.0,2.258,1.148,7.0,2.258,1.148,8.0,2.581,1.311,8.0,2.581,1.311,3.0,0.968,0.492,0.0,0.0,0.0,79.44,0,Ball Progressor,,,,,,,
1201,Thomas Teye Partey,MID,Ghana,Ghana,3,279,0.0,0.0,0.0,0.0,0.0,0.0,2.0,0.645,0.328,0.0,0.0,0.0,152.0,49.032,24.918,134.0,43.226,21.967,0.0,0.0,0.0,10.0,3.226,1.639,2.0,0.645,0.328,6.0,1.935,0.984,6.0,1.935,0.984,10.0,3.226,1.639,2.0,0.645,0.328,2.0,0.645,0.328,10.0,3.226,1.639,2.0,0.645,0.328,5.0,1.613,0.82,0.0,0.0,0.0,88.16,3,Box-to-Box / All-rounder,,,,,,,
264,Ricardo Ade,DEF,Haiti,Haiti,3,278,0.0,0.0,0.0,0.0,0.0,0.0,4.0,1.295,0.657,1.0,0.324,0.164,136.0,44.029,22.336,121.0,39.173,19.872,0.0,0.0,0.0,7.0,2.266,1.15,3.0,0.971,0.493,19.0,6.151,3.12,7.0,2.266,1.15,13.0,4.209,2.135,6.0,1.942,0.985,6.0,1.942,0.985,3.0,0.971,0.493,6.0,1.942,0.985,4.0,1.295,0.657,0.0,0.0,0.0,88.97,0,Ball Progressor,,,,,,,
265,Hannes Piterson Delcroix,DEF,Haiti,Haiti,3,278,0.0,0.0,0.0,0.0,0.0,0.0,0.0,0.0,0.0,0.0,0.0,0.0,151.0,48.885,24.799,146.0,47.266,23.978,1.0,0.324,0.164,7.0,2.266,1.15,5.0,1.619,0.821,19.0,6.151,3.12,10.0,3.237,1.642,20.0,6.475,3.285,7.0,2.266,1.15,5.0,1.619,0.821,1.0,0.324,0.164,1.0,0.324,0.164,2.0,0.647,0.328,0.0,0.0,0.0,96.69,0,Ball Progressor,,,,,,,
268,Martin Yves Roberns Didier Experience,DEF,Haiti,Haiti,3,278,0.0,0.0,0.0,0.0,0.0,0.0,1.0,0.324,0.164,0.0,0.0,0.0,111.0,35.935,18.23,93.0,30.108,15.274,6.0,1.942,0.985,21.0,6.799,3.449,3.0,0.971,0.493,9.0,2.914,1.478,10.0,3.237,1.642,15.0,4.856,2.464,3.0,0.971,0.493,3.0,0.971,0.493,8.0,2.59,1.314,7.0,2.266,1.15,6.0,1.942,0.985,0.0,0.0,0.0,83.78,0,Ball Progressor,,,,,,,
570,Kaishu Sano,MID,Japan,Japan,3,278,1.0,0.324,0.164,1.0,0.324,0.164,1.0,0.324,0.164,1.0,0.324,0.164,131.0,42.41,21.515,124.0,40.144,20.365,1.0,0.324,0.164,8.0,2.59,1.314,5.0,1.619,0.821,7.0,2.266,1.15,6.0,1.942,0.985,11.0,3.561,1.807,4.0,1.295,0.657,4.0,1.295,0.657,5.0,1.619,0.821,4.0,1.295,0.657,1.0,0.324,0.164,0.0,0.0,0.0,94.66,0,Ball Progressor,,,,,,,
475,Odilon Dorgeless Kossounou,DEF,Côte d'Ivoire,Côte d'Ivoire,4,278,0.0,0.0,0.0,0.0,0.0,0.0,0.0,0.0,0.0,0.0,0.0,0.0,149.0,48.237,24.471,141.0,45.647,23.157,0.0,0.0,0.0,7.0,2.266,1.15,11.0,3.561,1.807,11.0,3.561,1.807,5.0,1.619,0.821,18.0,5.827,2.956,3.0,0.971,0.493,2.0,0.647,0.328,1.0,0.324,0.164,0.0,0.0,0.0,1.0,0.324,0.164,0.0,0.0,0.0,94.63,0,Ball Progressor,,,,,,,
1155,Marcus Rashford,FWD,England,England,5,278,1.0,0.324,0.164,1.0,0.324,0.164,12.0,3.885,1.971,5.0,1.619,0.821,103.0,33.345,16.916,91.0,29.46,14.945,18.0,5.827,2.956,5.0,1.619,0.821,0.0,0.0,0.0,1.0,0.324,0.164,1.0,0.324,0.164,0.0,0.0,0.0,1.0,0.324,0.164,1.0,0.324,0.164,16.0,5.18,2.628,5.0,1.619,0.821,1.0,0.324,0.164,1.0,0.324,0.164,88.35,2,Finisher / Goal Scorer,,,,,,,
1178,Mateo Kovacic,MID,Croatia,Croatia,4,278,0.0,0.0,0.0,0.0,0.0,0.0,5.0,1.619,0.821,4.0,1.295,0.657,208.0,67.338,34.161,198.0,64.101,32.518,0.0,0.0,0.0,10.0,3.237,1.642,2.0,0.647,0.328,2.0,0.647,0.328,6.0,1.942,0.985,8.0,2.59,1.314,1.0,0.324,0.164,1.0,0.324,0.164,9.0,2.914,1.478,3.0,0.971,0.493,3.0,0.971,0.493,0.0,0.0,0.0,95.19,1,Playmaker / Chance Creator,,,,,,,
471,N'clomande Ghislain Konan,DEF,Côte d'Ivoire,Côte d'Ivoire,3,277,0.0,0.0,0.0,0.0,0.0,0.0,4.0,1.3,0.658,0.0,0.0,0.0,149.0,48.412,24.516,124.0,40.289,20.402,9.0,2.924,1.481,8.0,2.599,1.316,2.0,0.65,0.329,12.0,3.899,1.974,6.0,1.949,0.987,10.0,3.249,1.645,1.0,0.325,0.165,1.0,0.325,0.165,13.0,4.224,2.139,0.0,0.0,0.0,1.0,0.325,0.165,0.0,0.0,0.0,83.22,3,Box-to-Box / All-rounder,,,,,,,
488,Emmanuel Elysee Djedje Agbadou,DEF,Côte d'Ivoire,Côte d'Ivoire,3,277,0.0,0.0,0.0,0.0,0.0,0.0,3.0,0.975,0.494,1.0,0.325,0.165,154.0,50.036,25.338,142.0,46.137,23.364,0.0,0.0,0.0,12.0,3.899,1.974,4.0,1.3,0.658,16.0,5.199,2.633,8.0,2.599,1.316,15.0,4.874,2.468,11.0,3.574,1.81,11.0,3.574,1.81,2.0,0.65,0.329,0.0,0.0,0.0,0.0,0.0,0.0,0.0,0.0,0.0,92.21,0,Ball Progressor,,,,,,,
889,Hashim Rahman Akam Hashim,DEF,Iraq,Iraq,3,277,0.0,0.0,0.0,0.0,0.0,0.0,1.0,0.325,0.165,0.0,0.0,0.0,148.0,48.087,24.351,126.0,40.939,20.731,0.0,0.0,0.0,7.0,2.274,1.152,2.0,0.65,0.329,22.0,7.148,3.62,13.0,4.224,2.139,17.0,5.523,2.797,2.0,0.65,0.329,2.0,0.65,0.329,10.0,3.249,1.645,0.0,0.0,0.0,3.0,0.975,0.494,0.0,0.0,0.0,85.14,0,Ball Progressor,,,,,,,
907,Ghazi Salih Merchas,DEF,Iraq,Iraq,3,277,0.0,0.0,0.0,0.0,0.0,0.0,1.0,0.325,0.165,0.0,0.0,0.0,141.0,45.812,23.199,115.0,37.365,18.921,3.0,0.975,0.494,23.0,7.473,3.784,5.0,1.625,0.823,8.0,2.599,1.316,9.0,2.924,1.481,22.0,7.148,3.62,0.0,0.0,0.0,0.0,0.0,0.0,9.0,2.924,1.481,3.0,0.975,0.494,8.0,2.599,1.316,0.0,0.0,0.0,81.56,0,Ball Progressor,,,,,,,
54,Hanbeom Lee,DEF,Korea Republic,South Korea,3,276,0.0,0.0,0.0,0.0,0.0,0.0,2.0,0.652,0.33,0.0,0.0,0.0,200.0,65.217,32.967,183.0,59.674,30.165,2.0,0.652,0.33,8.0,2.609,1.319,3.0,0.978,0.495,16.0,5.217,2.637,7.0,2.283,1.154,21.0,6.848,3.462,13.0,4.239,2.143,13.0,4.239,2.143,3.0,0.978,0.495,7.0,2.283,1.154,2.0,0.652,0.33,0.0,0.0,0.0,91.5,0,Ball Progressor,,,,,,,
55,Gihyuk Lee,MID,Korea Republic,South Korea,3,276,0.0,0.0,0.0,0.0,0.0,0.0,0.0,0.0,0.0,0.0,0.0,0.0,236.0,76.957,38.901,217.0,70.761,35.769,4.0,1.304,0.659,6.0,1.957,0.989,7.0,2.283,1.154,29.0,9.457,4.78,7.0,2.283,1.154,27.0,8.804,4.451,15.0,4.891,2.473,14.0,4.565,2.308,4.0,1.304,0.659,2.0,0.652,0.33,1.0,0.326,0.165,0.0,0.0,0.0,91.95,0,Ball Progressor,,,,,,,
71,Kangin Lee,MID,Korea Republic,South Korea,3,276,0.0,0.0,0.0,1.0,0.326,0.165,4.0,1.304,0.659,1.0,0.326,0.165,159.0,51.848,26.209,140.0,45.652,23.077,20.0,6.522,3.297,6.0,1.957,0.989,0.0,0.0,0.0,0.0,0.0,0.0,2.0,0.652,0.33,0.0,0.0,0.0,2.0,0.652,0.33,2.0,0.652,0.33,15.0,4.891,2.473,1.0,0.326,0.165,7.0,2.283,1.154,0.0,0.0,0.0,88.05,1,Playmaker / Chance Creator,,,,,,,
158,Miguel Pedro,DEF,Qatar,Qatar,3,276,0.0,0.0,0.0,0.0,0.0,0.0,3.0,0.978,0.495,1.0,0.326,0.165,78.0,25.435,12.857,59.0,19.239,9.725,2.0,0.652,0.33,10.0,3.261,1.648,4.0,1.304,0.659,17.0,5.543,2.802,10.0,3.261,1.648,18.0,5.87,2.967,3.0,0.978,0.495,3.0,0.978,0.495,3.0,0.978,0.495,1.0,0.326,0.165,7.0,2.283,1.154,0.0,0.0,0.0,75.64,0,Ball Progressor,,,,,,,
160,Gueye Issa Laye,DEF,Qatar,Qatar,3,276,0.0,0.0,0.0,0.0,0.0,0.0,1.0,0.326,0.165,0.0,0.0,0.0,90.0,29.348,14.835,85.0,27.717,14.011,0.0,0.0,0.0,5.0,1.63,0.824,3.0,0.978,0.495,21.0,6.848,3.462,4.0,1.304,0.659,11.0,3.587,1.813,7.0,2.283,1.154,6.0,1.957,0.989,2.0,0.652,0.33,0.0,0.0,0.0,3.0,0.978,0.495,0.0,0.0,0.0,94.44,3,Box-to-Box / All-rounder,,,,,,,
172,KHOUKHIBoualem Boualem,DEF,Qatar,Qatar,3,276,0.0,0.0,0.0,0.0,0.0,0.0,2.0,0.652,0.33,0.0,0.0,0.0,117.0,38.152,19.286,94.0,30.652,15.495,1.0,0.326,0.165,7.0,2.283,1.154,4.0,1.304,0.659,27.0,8.804,4.451,14.0,4.565,2.308,15.0,4.891,2.473,6.0,1.957,0.989,5.0,1.63,0.824,2.0,0.652,0.33,2.0,0.652,0.33,1.0,0.326,0.165,0.0,0.0,0.0,80.34,0,Ball Progressor,,,,,,,
289,Andrew Henry Robertson,DEF,Scotland,Scotland,3,276,0.0,0.0,0.0,0.0,0.0,0.0,0.0,0.0,0.0,0.0,0.0,0.0,153.0,49.891,25.22,124.0,40.435,20.44,11.0,3.587,1.813,3.0,0.978,0.495,2.0,0.652,0.33,7.0,2.283,1.154,2.0,0.652,0.33,5.0,1.63,0.824,1.0,0.326,0.165,1.0,0.326,0.165,2.0,0.652,0.33,3.0,0.978,0.495,1.0,0.326,0.165,0.0,0.0,0.0,81.05,3,Box-to-Box / All-rounder,,,,,,,
299,Jack William Hendry,DEF,Scotland,Scotland,3,276,0.0,0.0,0.0,0.0,0.0,0.0,0.0,0.0,0.0,0.0,0.0,0.0,180.0,58.696,29.67,171.0,55.761,28.187,0.0,0.0,0.0,2.0,0.652,0.33,3.0,0.978,0.495,11.0,3.587,1.813,6.0,1.957,0.989,10.0,3.261,1.648,2.0,0.652,0.33,2.0,0.652,0.33,8.0,2.609,1.319,1.0,0.326,0.165,3.0,0.978,0.495,0.0,0.0,0.0,95.0,3,Box-to-Box / All-rounder,,,,,,,
290,Mc,MID,Scotland,Scotland,3,276,0.0,0.0,0.0,0.0,0.0,0.0,8.0,2.609,1.319,3.0,0.978,0.495,96.0,31.304,15.824,87.0,28.37,14.341,0.0,0.0,0.0,5.0,1.63,0.824,0.0,0.0,0.0,3.0,0.978,0.495,4.0,1.304,0.659,5.0,1.63,0.824,4.0,1.304,0.659,4.0,1.304,0.659,7.0,2.283,1.154,3.0,0.978,0.495,0.0,0.0,0.0,0.0,0.0,0.0,90.62,3,Box-to-Box / All-rounder,,,,,,,
305,Lewis Ferguson,MID,Scotland,Scotland,3,276,0.0,0.0,0.0,0.0,0.0,0.0,2.0,0.652,0.33,1.0,0.326,0.165,201.0,65.543,33.132,185.0,60.326,30.495,9.0,2.935,1.484,18.0,5.87,2.967,3.0,0.978,0.495,7.0,2.283,1.154,10.0,3.261,1.648,20.0,6.522,3.297,6.0,1.957,0.989,6.0,1.957,0.989,4.0,1.304,0.659,5.0,1.63,0.824,10.0,3.261,1.648,0.0,0.0,0.0,92.04,0,Ball Progressor,,,,,,,
600,Ali Abdi,DEF,Tunisia,Tunisia,3,276,0.0,0.0,0.0,0.0,0.0,0.0,1.0,0.326,0.165,0.0,0.0,0.0,74.0,24.13,12.198,51.0,16.63,8.407,5.0,1.63,0.824,20.0,6.522,3.297,2.0,0.652,0.33,9.0,2.935,1.484,5.0,1.63,0.824,15.0,4.891,2.473,4.0,1.304,0.659,4.0,1.304,0.659,5.0,1.63,0.824,4.0,1.304,0.659,1.0,0.326,0.165,0.0,0.0,0.0,68.92,3,Box-to-Box / All-rounder,,,,,,,
601,Montassar Omar Talbi,DEF,Tunisia,Tunisia,3,276,0.0,0.0,0.0,0.0,0.0,0.0,1.0,0.326,0.165,0.0,0.0,0.0,113.0,36.848,18.626,107.0,34.891,17.637,0.0,0.0,0.0,6.0,1.957,0.989,4.0,1.304,0.659,12.0,3.913,1.978,9.0,2.935,1.484,13.0,4.239,2.143,5.0,1.63,0.824,5.0,1.63,0.824,0.0,0.0,0.0,1.0,0.326,0.165,1.0,0.326,0.165,0.0,0.0,0.0,94.69,0,Ball Progressor,,,,,,,
608,Hannibal Mejbri,MID,Tunisia,Tunisia,3,276,0.0,0.0,0.0,1.0,0.326,0.165,3.0,0.978,0.495,1.0,0.326,0.165,123.0,40.109,20.275,94.0,30.652,15.495,9.0,2.935,1.484,15.0,4.891,2.473,2.0,0.652,0.33,0.0,0.0,0.0,1.0,0.326,0.165,8.0,2.609,1.319,3.0,0.978,0.495,3.0,0.978,0.495,11.0,3.587,1.813,4.0,1.304,0.659,15.0,4.891,2.473,0.0,0.0,0.0,76.42,1,Playmaker / Chance Creator,,,,,,,
792,Abdullah Saud Abdulhamid,DEF,Saudi Arabia,Saudi Arabia,3,276,0.0,0.0,0.0,0.0,0.0,0.0,2.0,0.652,0.33,0.0,0.0,0.0,113.0,36.848,18.626,88.0,28.696,14.505,4.0,1.304,0.659,18.0,5.87,2.967,2.0,0.652,0.33,11.0,3.587,1.813,6.0,1.957,0.989,12.0,3.913,1.978,4.0,1.304,0.659,4.0,1.304,0.659,5.0,1.63,0.824,4.0,1.304,0.659,2.0,0.652,0.33,0.0,0.0,0.0,77.88,3,Box-to-Box / All-rounder,,,,,,,
795,Mohammed Abdullah Alkhaibari,MID,Saudi Arabia,Saudi Arabia,3,276,0.0,0.0,0.0,0.0,0.0,0.0,1.0,0.326,0.165,0.0,0.0,0.0,58.0,18.913,9.56,48.0,15.652,7.912,0.0,0.0,0.0,3.0,0.978,0.495,0.0,0.0,0.0,3.0,0.978,0.495,6.0,1.957,0.989,5.0,1.63,0.824,1.0,0.326,0.165,1.0,0.326,0.165,2.0,0.652,0.33,0.0,0.0,0.0,2.0,0.652,0.33,0.0,0.0,0.0,82.76,3,Box-to-Box / All-rounder,,,,,,,
680,Shojae Khalilzadeh,DEF,IR Iran,IR Iran,3,276,0.0,0.0,0.0,0.0,0.0,0.0,2.0,0.652,0.33,0.0,0.0,0.0,141.0,45.978,23.242,118.0,38.478,19.451,0.0,0.0,0.0,13.0,4.239,2.143,2.0,0.652,0.33,27.0,8.804,4.451,9.0,2.935,1.484,8.0,2.609,1.319,11.0,3.587,1.813,10.0,3.261,1.648,1.0,0.326,0.165,4.0,1.304,0.659,0.0,0.0,0.0,1.0,0.326,0.165,83.69,0,Ball Progressor,,,,,,,
695,Ali Nemati,DEF,IR Iran,IR Iran,3,276,0.0,0.0,0.0,0.0,0.0,0.0,1.0,0.326,0.165,0.0,0.0,0.0,129.0,42.065,21.264,114.0,37.174,18.791,3.0,0.978,0.495,8.0,2.609,1.319,2.0,0.652,0.33,26.0,8.478,4.286,6.0,1.957,0.989,18.0,5.87,2.967,7.0,2.283,1.154,7.0,2.283,1.154,3.0,0.978,0.495,3.0,0.978,0.495,0.0,0.0,0.0,1.0,0.326,0.165,88.37,0,Ball Progressor,,,,,,,
699,Ramin Rezaeian,DEF,IR Iran,IR Iran,3,276,2.0,0.652,0.33,1.0,0.326,0.165,4.0,1.304,0.659,2.0,0.652,0.33,98.0,31.957,16.154,68.0,22.174,11.209,17.0,5.543,2.802,9.0,2.935,1.484,2.0,0.652,0.33,2.0,0.652,0.33,3.0,0.978,0.495,7.0,2.283,1.154,4.0,1.304,0.659,4.0,1.304,0.659,5.0,1.63,0.824,2.0,0.652,0.33,3.0,0.978,0.495,1.0,0.326,0.165,69.39,1,Playmaker / Chance Creator,,,,,,,
1106,Eldor Shomurodov,FWD,Uzbekistan,Uzbekistan,3,276,1.0,0.326,0.165,0.0,0.0,0.0,4.0,1.304,0.659,2.0,0.652,0.33,72.0,23.478,11.868,52.0,16.957,8.571,1.0,0.326,0.165,8.0,2.609,1.319,1.0,0.326,0.165,2.0,0.652,0.33,5.0,1.63,0.824,5.0,1.63,0.824,13.0,4.239,2.143,11.0,3.587,1.813,9.0,2.935,1.484,8.0,2.609,1.319,4.0,1.304,0.659,1.0,0.326,0.165,72.22,3,Box-to-Box / All-rounder,,,,,,,
197,Djibril Ibrahima Sow,MID,Switzerland,Switzerland,4,275,0.0,0.0,0.0,0.0,0.0,0.0,2.0,0.655,0.33,1.0,0.327,0.165,97.0,31.745,16.018,83.0,27.164,13.706,4.0,1.309,0.661,3.0,0.982,0.495,1.0,0.327,0.165,0.0,0.0,0.0,3.0,0.982,0.495,3.0,0.982,0.495,1.0,0.327,0.165,1.0,0.327,0.165,0.0,0.0,0.0,5.0,1.636,0.826,4.0,1.309,0.661,0.0,0.0,0.0,85.57,3,Box-to-Box / All-rounder,,,,,,,
30,Teboho Mokoena,MID,South Africa,South Africa,3,274,1.0,0.328,0.165,0.0,0.0,0.0,4.0,1.314,0.662,2.0,0.657,0.331,196.0,64.38,32.426,176.0,57.81,29.118,3.0,0.985,0.496,12.0,3.942,1.985,4.0,1.314,0.662,4.0,1.314,0.662,8.0,2.628,1.324,17.0,5.584,2.812,5.0,1.642,0.827,5.0,1.642,0.827,2.0,0.657,0.331,3.0,0.985,0.496,6.0,1.971,0.993,0.0,0.0,0.0,89.8,0,Ball Progressor,,,,,,,
404,Abdülker Bardakci,DEF,Türkiye,Türkiye,3,274,0.0,0.0,0.0,0.0,0.0,0.0,3.0,0.985,0.496,1.0,0.328,0.165,242.0,79.489,40.037,222.0,72.92,36.728,6.0,1.971,0.993,14.0,4.599,2.316,4.0,1.314,0.662,15.0,4.927,2.482,6.0,1.971,0.993,21.0,6.898,3.474,10.0,3.285,1.654,8.0,2.628,1.324,5.0,1.642,0.827,1.0,0.328,0.165,3.0,0.985,0.496,0.0,0.0,0.0,91.74,0,Ball Progressor,,,,,,,
426,Jamal Musiala,MID,Germany,Germany,4,273,1.0,0.33,0.166,0.0,0.0,0.0,6.0,1.978,0.994,1.0,0.33,0.166,104.0,34.286,17.238,86.0,28.352,14.254,8.0,2.637,1.326,13.0,4.286,2.155,2.0,0.659,0.331,0.0,0.0,0.0,5.0,1.648,0.829,9.0,2.967,1.492,0.0,0.0,0.0,0.0,0.0,0.0,24.0,7.912,3.978,5.0,1.648,0.829,11.0,3.626,1.823,0.0,0.0,0.0,82.69,1,Playmaker / Chance Creator,,,,,,,
447,Sherel Constancio Floranus,DEF,Curaçao,Curaçao,3,271,0.0,0.0,0.0,0.0,0.0,0.0,2.0,0.664,0.333,0.0,0.0,0.0,112.0,37.196,18.632,95.0,31.55,15.804,0.0,0.0,0.0,12.0,3.985,1.996,2.0,0.664,0.333,9.0,2.989,1.497,11.0,3.653,1.83,9.0,2.989,1.497,3.0,0.996,0.499,3.0,0.996,0.499,2.0,0.664,0.333,2.0,0.664,0.333,0.0,0.0,0.0,1.0,0.332,0.166,84.82,3,Box-to-Box / All-rounder,,,,,,,
460,Armando Maria Obispo,DEF,Curaçao,Curaçao,3,271,0.0,0.0,0.0,0.0,0.0,0.0,0.0,0.0,0.0,0.0,0.0,0.0,97.0,32.214,16.137,87.0,28.893,14.473,0.0,0.0,0.0,5.0,1.661,0.832,9.0,2.989,1.497,13.0,4.317,2.163,14.0,4.649,2.329,20.0,6.642,3.327,6.0,1.993,0.998,5.0,1.661,0.832,2.0,0.664,0.333,1.0,0.332,0.166,0.0,0.0,0.0,1.0,0.332,0.166,89.69,0,Ball Progressor,,,,,,,
452,Leandro Jones Johan Bacuna,MID,Curaçao,Curaçao,3,271,0.0,0.0,0.0,0.0,0.0,0.0,6.0,1.993,0.998,1.0,0.332,0.166,125.0,41.513,20.795,108.0,35.867,17.967,4.0,1.328,0.665,11.0,3.653,1.83,4.0,1.328,0.665,9.0,2.989,1.497,3.0,0.996,0.499,14.0,4.649,2.329,4.0,1.328,0.665,4.0,1.328,0.665,11.0,3.653,1.83,3.0,0.996,0.499,3.0,0.996,0.499,0.0,0.0,0.0,86.4,1,Playmaker / Chance Creator,,,,,,,
486,Ibrahim Sangare,MID,Côte d'Ivoire,Côte d'Ivoire,4,271,0.0,0.0,0.0,0.0,0.0,0.0,1.0,0.332,0.166,0.0,0.0,0.0,190.0,63.1,31.608,172.0,57.122,28.614,1.0,0.332,0.166,24.0,7.97,3.993,2.0,0.664,0.333,9.0,2.989,1.497,13.0,4.317,2.163,17.0,5.646,2.828,5.0,1.661,0.832,5.0,1.661,0.832,5.0,1.661,0.832,2.0,0.664,0.333,4.0,1.328,0.665,0.0,0.0,0.0,90.53,0,Ball Progressor,,,,,,,
682,Saeid Ezatolahi,MID,IR Iran,IR Iran,3,271,0.0,0.0,0.0,0.0,0.0,0.0,6.0,1.993,0.998,2.0,0.664,0.333,99.0,32.878,16.47,78.0,25.904,12.976,0.0,0.0,0.0,14.0,4.649,2.329,4.0,1.328,0.665,12.0,3.985,1.996,14.0,4.649,2.329,27.0,8.967,4.492,11.0,3.653,1.83,11.0,3.653,1.83,4.0,1.328,0.665,7.0,2.325,1.165,4.0,1.328,0.665,0.0,0.0,0.0,78.79,0,Ball Progressor,,,,,,,
713,Elijah Henry Just,MID,New Zealand,New Zealand,3,271,3.0,0.996,0.499,0.0,0.0,0.0,7.0,2.325,1.165,5.0,1.661,0.832,99.0,32.878,16.47,85.0,28.229,14.14,1.0,0.332,0.166,10.0,3.321,1.664,1.0,0.332,0.166,3.0,0.996,0.499,8.0,2.657,1.331,6.0,1.993,0.998,1.0,0.332,0.166,1.0,0.332,0.166,15.0,4.982,2.495,3.0,0.996,0.499,2.0,0.664,0.333,0.0,0.0,0.0,85.86,2,Finisher / Goal Scorer,,,,,,,
535,Micky Van De Ven,DEF,Netherlands,Netherlands,3,270,0.0,0.0,0.0,0.0,0.0,0.0,3.0,1.0,0.5,1.0,0.333,0.167,117.0,39.0,19.5,105.0,35.0,17.5,3.0,1.0,0.5,9.0,3.0,1.5,2.0,0.667,0.333,7.0,2.333,1.167,6.0,2.0,1.0,8.0,2.667,1.333,4.0,1.333,0.667,4.0,1.333,0.667,4.0,1.333,0.667,5.0,1.667,0.833,1.0,0.333,0.167,0.0,0.0,0.0,89.74,3,Box-to-Box / All-rounder,,,,,,,
768,Deroy Deroy Duarte,MID,Cabo Verde,Cabo Verde,4,270,1.0,0.333,0.167,0.0,0.0,0.0,3.0,1.0,0.5,2.0,0.667,0.333,101.0,33.667,16.833,87.0,29.0,14.5,1.0,0.333,0.167,14.0,4.667,2.333,1.0,0.333,0.167,8.0,2.667,1.333,10.0,3.333,1.667,8.0,2.667,1.333,5.0,1.667,0.833,5.0,1.667,0.833,0.0,0.0,0.0,4.0,1.333,0.667,1.0,0.333,0.167,0.0,0.0,0.0,86.14,3,Box-to-Box / All-rounder,,,,,,,
270,Jean Ricner Bellegarde,MID,Haiti,Haiti,3,269,0.0,0.0,0.0,0.0,0.0,0.0,6.0,2.007,1.002,0.0,0.0,0.0,130.0,43.494,21.707,112.0,37.472,18.701,12.0,4.015,2.004,10.0,3.346,1.67,1.0,0.335,0.167,3.0,1.004,0.501,7.0,2.342,1.169,10.0,3.346,1.67,1.0,0.335,0.167,1.0,0.335,0.167,9.0,3.011,1.503,4.0,1.338,0.668,5.0,1.673,0.835,0.0,0.0,0.0,86.15,1,Playmaker / Chance Creator,,,,,,,
969,Riyad Karim Mahrez,FWD,Algeria,Algeria,4,269,2.0,0.669,0.334,2.0,0.669,0.334,6.0,2.007,1.002,3.0,1.004,0.501,147.0,49.182,24.545,127.0,42.491,21.206,9.0,3.011,1.503,12.0,4.015,2.004,1.0,0.335,0.167,2.0,0.669,0.334,6.0,2.007,1.002,4.0,1.338,0.668,1.0,0.335,0.167,1.0,0.335,0.167,6.0,2.007,1.002,1.0,0.335,0.167,7.0,2.342,1.169,1.0,0.335,0.167,86.39,1,Playmaker / Chance Creator,,,,,,,
1035,Mahmoud Ahmed Nizar Alrashdan,MID,Jordan,Jordan,3,269,1.0,0.335,0.167,0.0,0.0,0.0,2.0,0.669,0.334,1.0,0.335,0.167,80.0,26.766,13.358,62.0,20.743,10.353,0.0,0.0,0.0,20.0,6.691,3.34,4.0,1.338,0.668,6.0,2.007,1.002,11.0,3.68,1.837,13.0,4.349,2.171,4.0,1.338,0.668,4.0,1.338,0.668,10.0,3.346,1.67,5.0,1.673,0.835,4.0,1.338,0.668,0.0,0.0,0.0,77.5,0,Ball Progressor,,,,,,,
134,Tarik Muharemovic,DEF,Bosnia and Herzegovina,Bosnia and Herzegovina,3,268,0.0,0.0,0.0,0.0,0.0,0.0,1.0,0.336,0.167,0.0,0.0,0.0,153.0,51.381,25.595,132.0,44.328,22.082,0.0,0.0,0.0,6.0,2.015,1.004,4.0,1.343,0.669,38.0,12.761,6.357,12.0,4.03,2.007,24.0,8.06,4.015,13.0,4.366,2.175,13.0,4.366,2.175,2.0,0.672,0.335,5.0,1.679,0.836,2.0,0.672,0.335,0.0,0.0,0.0,86.27,0,Ball Progressor,,,,,,,
7,Luis Francisco Romo,MID,Mexico,Mexico,4,268,1.0,0.336,0.167,1.0,0.336,0.167,3.0,1.007,0.502,1.0,0.336,0.167,106.0,35.597,17.732,93.0,31.231,15.558,2.0,0.672,0.335,10.0,3.358,1.673,1.0,0.336,0.167,5.0,1.679,0.836,6.0,2.015,1.004,8.0,2.687,1.338,4.0,1.343,0.669,3.0,1.007,0.502,0.0,0.0,0.0,1.0,0.336,0.167,3.0,1.007,0.502,0.0,0.0,0.0,87.74,3,Box-to-Box / All-rounder,,,,,,,
1017,Mousa Musallam Abdallah Nasib,DEF,Jordan,Jordan,3,266,0.0,0.0,0.0,0.0,0.0,0.0,0.0,0.0,0.0,0.0,0.0,0.0,97.0,32.82,16.287,70.0,23.684,11.754,0.0,0.0,0.0,9.0,3.045,1.511,3.0,1.015,0.504,19.0,6.429,3.19,12.0,4.06,2.015,23.0,7.782,3.862,7.0,2.368,1.175,5.0,1.692,0.84,1.0,0.338,0.168,1.0,0.338,0.168,1.0,0.338,0.168,0.0,0.0,0.0,72.16,0,Ball Progressor,,,,,,,
1037,Manel Farhan Ehsan Haddad,DEF,Jordan,Jordan,3,266,0.0,0.0,0.0,1.0,0.338,0.168,1.0,0.338,0.168,0.0,0.0,0.0,73.0,24.699,12.257,54.0,18.271,9.067,7.0,2.368,1.175,10.0,3.383,1.679,2.0,0.677,0.336,6.0,2.03,1.007,13.0,4.398,2.183,9.0,3.045,1.511,1.0,0.338,0.168,1.0,0.338,0.168,4.0,1.353,0.672,3.0,1.015,0.504,1.0,0.338,0.168,0.0,0.0,0.0,73.97,3,Box-to-Box / All-rounder,,,,,,,
277,Danley Jean Jacques,MID,Haiti,Haiti,3,265,0.0,0.0,0.0,0.0,0.0,0.0,0.0,0.0,0.0,0.0,0.0,0.0,116.0,39.396,19.514,102.0,34.642,17.159,2.0,0.679,0.336,16.0,5.434,2.692,0.0,0.0,0.0,10.0,3.396,1.682,9.0,3.057,1.514,14.0,4.755,2.355,3.0,1.019,0.505,3.0,1.019,0.505,4.0,1.358,0.673,5.0,1.698,0.841,3.0,1.019,0.505,0.0,0.0,0.0,87.93,3,Box-to-Box / All-rounder,,,,,,,
991,Kevin Danso,DEF,Austria,Austria,4,265,0.0,0.0,0.0,0.0,0.0,0.0,1.0,0.34,0.168,0.0,0.0,0.0,164.0,55.698,27.589,147.0,49.925,24.729,1.0,0.34,0.168,8.0,2.717,1.346,1.0,0.34,0.168,15.0,5.094,2.523,9.0,3.057,1.514,9.0,3.057,1.514,8.0,2.717,1.346,8.0,2.717,1.346,6.0,2.038,1.009,1.0,0.34,0.168,2.0,0.679,0.336,0.0,0.0,0.0,89.63,0,Ball Progressor,,,,,,,
58,Inbeom Hwang,MID,Korea Republic,South Korea,3,264,1.0,0.341,0.169,1.0,0.341,0.169,4.0,1.364,0.674,2.0,0.682,0.337,218.0,74.318,36.742,193.0,65.795,32.528,3.0,1.023,0.506,6.0,2.045,1.011,3.0,1.023,0.506,4.0,1.364,0.674,5.0,1.705,0.843,9.0,3.068,1.517,3.0,1.023,0.506,3.0,1.023,0.506,3.0,1.023,0.506,1.0,0.341,0.169,1.0,0.341,0.169,0.0,0.0,0.0,88.53,1,Playmaker / Chance Creator,,,,,,,
685,Mehdi Taremi,FWD,IR Iran,IR Iran,3,264,0.0,0.0,0.0,0.0,0.0,0.0,5.0,1.705,0.843,2.0,0.682,0.337,71.0,24.205,11.966,58.0,19.773,9.775,2.0,0.682,0.337,6.0,2.045,1.011,2.0,0.682,0.337,4.0,1.364,0.674,1.0,0.341,0.169,4.0,1.364,0.674,14.0,4.773,2.36,14.0,4.773,2.36,11.0,3.75,1.854,3.0,1.023,0.506,5.0,1.705,0.843,2.0,0.682,0.337,81.69,3,Box-to-Box / All-rounder,,,,,,,
381,Nestory Irankunda,FWD,Australia,Australia,4,263,1.0,0.342,0.169,0.0,0.0,0.0,6.0,2.053,1.013,2.0,0.684,0.338,44.0,15.057,7.43,32.0,10.951,5.403,1.0,0.342,0.169,1.0,0.342,0.169,1.0,0.342,0.169,2.0,0.684,0.338,2.0,0.684,0.338,4.0,1.369,0.675,10.0,3.422,1.689,10.0,3.422,1.689,8.0,2.738,1.351,4.0,1.369,0.675,5.0,1.711,0.844,0.0,0.0,0.0,72.73,3,Box-to-Box / All-rounder,,,,,,,
1204,Kwasi Sibo,MID,Ghana,Ghana,4,263,0.0,0.0,0.0,0.0,0.0,0.0,0.0,0.0,0.0,0.0,0.0,0.0,93.0,31.825,15.704,88.0,30.114,14.859,0.0,0.0,0.0,8.0,2.738,1.351,0.0,0.0,0.0,5.0,1.711,0.844,4.0,1.369,0.675,4.0,1.369,0.675,3.0,1.027,0.507,3.0,1.027,0.507,2.0,0.684,0.338,7.0,2.395,1.182,1.0,0.342,0.169,0.0,0.0,0.0,94.62,3,Box-to-Box / All-rounder,,,,,,,
116,Tanitoluwa Oluwatimilehin Oluwaseyi,FWD,Canada,Canada,5,262,0.0,0.0,0.0,0.0,0.0,0.0,8.0,2.748,1.353,4.0,1.374,0.677,41.0,14.084,6.936,27.0,9.275,4.568,4.0,1.374,0.677,11.0,3.779,1.861,2.0,0.687,0.338,0.0,0.0,0.0,2.0,0.687,0.338,8.0,2.748,1.353,15.0,5.153,2.538,14.0,4.809,2.368,7.0,2.405,1.184,5.0,1.718,0.846,5.0,1.718,0.846,1.0,0.344,0.169,65.85,2,Finisher / Goal Scorer,,,,,,,
418,Antonio Ruediger,DEF,Germany,Germany,4,262,0.0,0.0,0.0,0.0,0.0,0.0,1.0,0.344,0.169,0.0,0.0,0.0,246.0,84.504,41.617,230.0,79.008,38.91,1.0,0.344,0.169,4.0,1.374,0.677,5.0,1.718,0.846,11.0,3.779,1.861,6.0,2.061,1.015,18.0,6.183,3.045,9.0,3.092,1.523,8.0,2.748,1.353,1.0,0.344,0.169,1.0,0.344,0.169,0.0,0.0,0.0,0.0,0.0,0.0,93.5,0,Ball Progressor,,,,,,,
712,Sarpreet Singh,MID,New Zealand,New Zealand,3,262,0.0,0.0,0.0,0.0,0.0,0.0,4.0,1.374,0.677,2.0,0.687,0.338,76.0,26.107,12.857,58.0,19.924,9.812,7.0,2.405,1.184,2.0,0.687,0.338,1.0,0.344,0.169,3.0,1.031,0.508,8.0,2.748,1.353,5.0,1.718,0.846,4.0,1.374,0.677,3.0,1.031,0.508,4.0,1.374,0.677,2.0,0.687,0.338,2.0,0.687,0.338,0.0,0.0,0.0,76.32,3,Box-to-Box / All-rounder,,,,,,,
931,Andreas Rædergård Schjelderup,MID,Norway,Norway,6,262,1.0,0.344,0.169,2.0,0.687,0.338,3.0,1.031,0.508,2.0,0.687,0.338,104.0,35.725,17.594,89.0,30.573,15.056,7.0,2.405,1.184,13.0,4.466,2.199,2.0,0.687,0.338,3.0,1.031,0.508,4.0,1.374,0.677,9.0,3.092,1.523,1.0,0.344,0.169,1.0,0.344,0.169,15.0,5.153,2.538,2.0,0.687,0.338,3.0,1.031,0.508,0.0,0.0,0.0,85.58,1,Playmaker / Chance Creator,,,,,,,
340,Victor Gustavo Velazquez,DEF,Paraguay,Paraguay,5,261,0.0,0.0,0.0,0.0,0.0,0.0,0.0,0.0,0.0,0.0,0.0,0.0,80.0,27.586,13.559,57.0,19.655,9.661,4.0,1.379,0.678,5.0,1.724,0.847,3.0,1.034,0.508,18.0,6.207,3.051,5.0,1.724,0.847,10.0,3.448,1.695,7.0,2.414,1.186,7.0,2.414,1.186,1.0,0.345,0.169,2.0,0.69,0.339,0.0,0.0,0.0,0.0,0.0,0.0,71.25,3,Box-to-Box / All-rounder,,,,,,,
293,Mc,MID,Scotland,Scotland,3,261,1.0,0.345,0.169,0.0,0.0,0.0,3.0,1.034,0.508,1.0,0.345,0.169,55.0,18.966,9.322,47.0,16.207,7.966,9.0,3.103,1.525,4.0,1.379,0.678,0.0,0.0,0.0,1.0,0.345,0.169,3.0,1.034,0.508,4.0,1.379,0.678,2.0,0.69,0.339,2.0,0.69,0.339,11.0,3.793,1.864,2.0,0.69,0.339,11.0,3.793,1.864,0.0,0.0,0.0,85.45,1,Playmaker / Chance Creator,,,,,,,
1080,Noah Junior Sadiki,MID,Congo DR,Congo DR,4,261,0.0,0.0,0.0,0.0,0.0,0.0,0.0,0.0,0.0,0.0,0.0,0.0,116.0,40.0,19.661,103.0,35.517,17.458,1.0,0.345,0.169,17.0,5.862,2.881,1.0,0.345,0.169,5.0,1.724,0.847,11.0,3.793,1.864,10.0,3.448,1.695,0.0,0.0,0.0,0.0,0.0,0.0,10.0,3.448,1.695,2.0,0.69,0.339,3.0,1.034,0.508,0.0,0.0,0.0,88.79,3,Box-to-Box / All-rounder,,,,,,,
31,Thalente Wandile Mbatha,MID,South Africa,South Africa,4,260,0.0,0.0,0.0,0.0,0.0,0.0,4.0,1.385,0.679,1.0,0.346,0.17,97.0,33.577,16.472,82.0,28.385,13.925,4.0,1.385,0.679,11.0,3.808,1.868,3.0,1.038,0.509,8.0,2.769,1.358,10.0,3.462,1.698,12.0,4.154,2.038,5.0,1.731,0.849,3.0,1.038,0.509,3.0,1.038,0.509,4.0,1.385,0.679,0.0,0.0,0.0,0.0,0.0,0.0,84.54,3,Box-to-Box / All-rounder,,,,,,,
33,Oswin Reagan Appollis,FWD,South Africa,South Africa,4,260,0.0,0.0,0.0,0.0,0.0,0.0,4.0,1.385,0.679,1.0,0.346,0.17,99.0,34.269,16.811,82.0,28.385,13.925,7.0,2.423,1.189,7.0,2.423,1.189,1.0,0.346,0.17,0.0,0.0,0.0,6.0,2.077,1.019,6.0,2.077,1.019,1.0,0.346,0.17,1.0,0.346,0.17,10.0,3.462,1.698,1.0,0.346,0.17,2.0,0.692,0.34,0.0,0.0,0.0,82.83,3,Box-to-Box / All-rounder,,,,,,,
1233,Edgar Yoel Barcenas,MID,Panama,Panama,3,260,0.0,0.0,0.0,0.0,0.0,0.0,2.0,0.692,0.34,0.0,0.0,0.0,109.0,37.731,18.509,96.0,33.231,16.302,5.0,1.731,0.849,5.0,1.731,0.849,3.0,1.038,0.509,4.0,1.385,0.679,2.0,0.692,0.34,12.0,4.154,2.038,7.0,2.423,1.189,7.0,2.423,1.189,8.0,2.769,1.358,3.0,1.038,0.509,3.0,1.038,0.509,0.0,0.0,0.0,88.07,3,Box-to-Box / All-rounder,,,,,,,
1097,Rustamjon Ashurmatov,DEF,Uzbekistan,Uzbekistan,3,260,0.0,0.0,0.0,0.0,0.0,0.0,0.0,0.0,0.0,0.0,0.0,0.0,123.0,42.577,20.887,101.0,34.962,17.151,0.0,0.0,0.0,5.0,1.731,0.849,3.0,1.038,0.509,27.0,9.346,4.585,13.0,4.5,2.208,15.0,5.192,2.547,9.0,3.115,1.528,9.0,3.115,1.528,0.0,0.0,0.0,1.0,0.346,0.17,0.0,0.0,0.0,0.0,0.0,0.0,82.11,0,Ball Progressor,,,,,,,
164,Junior Edmilson,FWD,Qatar,Qatar,3,259,0.0,0.0,0.0,1.0,0.347,0.17,3.0,1.042,0.51,2.0,0.695,0.34,41.0,14.247,6.975,33.0,11.467,5.614,4.0,1.39,0.681,5.0,1.737,0.851,1.0,0.347,0.17,4.0,1.39,0.681,3.0,1.042,0.51,8.0,2.78,1.361,1.0,0.347,0.17,1.0,0.347,0.17,5.0,1.737,0.851,4.0,1.39,0.681,2.0,0.695,0.34,1.0,0.347,0.17,80.49,3,Box-to-Box / All-rounder,,,,,,,
74,Youngwoo Seol,DEF,Korea Republic,South Korea,3,257,0.0,0.0,0.0,0.0,0.0,0.0,2.0,0.7,0.342,0.0,0.0,0.0,123.0,43.074,21.006,113.0,39.572,19.298,11.0,3.852,1.879,5.0,1.751,0.854,2.0,0.7,0.342,6.0,2.101,1.025,3.0,1.051,0.512,7.0,2.451,1.195,1.0,0.35,0.171,1.0,0.35,0.171,3.0,1.051,0.512,1.0,0.35,0.171,2.0,0.7,0.342,4.0,1.401,0.683,91.87,3,Box-to-Box / All-rounder,,,,,,,
826,Maximiliano Javier Araujo,MID,Uruguay,Uruguay,3,256,2.0,0.703,0.342,0.0,0.0,0.0,4.0,1.406,0.684,3.0,1.055,0.513,57.0,20.039,9.753,50.0,17.578,8.555,18.0,6.328,3.08,4.0,1.406,0.684,2.0,0.703,0.342,1.0,0.352,0.171,3.0,1.055,0.513,7.0,2.461,1.198,1.0,0.352,0.171,1.0,0.352,0.171,14.0,4.922,2.395,2.0,0.703,0.342,7.0,2.461,1.198,6.0,2.109,1.027,87.72,2,Finisher / Goal Scorer,,,,,,,
449,Juninho Gracielo Bacuna,MID,Curaçao,Curaçao,3,255,0.0,0.0,0.0,0.0,0.0,0.0,5.0,1.765,0.857,1.0,0.353,0.171,75.0,26.471,12.857,60.0,21.176,10.286,5.0,1.765,0.857,17.0,6.0,2.914,2.0,0.706,0.343,2.0,0.706,0.343,17.0,6.0,2.914,10.0,3.529,1.714,3.0,1.059,0.514,3.0,1.059,0.514,20.0,7.059,3.429,6.0,2.118,1.029,3.0,1.059,0.514,0.0,0.0,0.0,80.0,1,Playmaker / Chance Creator,,,,,,,
708,Joe Zen Robert Bell,MID,New Zealand,New Zealand,3,255,0.0,0.0,0.0,0.0,0.0,0.0,1.0,0.353,0.171,0.0,0.0,0.0,143.0,50.471,24.514,120.0,42.353,20.571,0.0,0.0,0.0,7.0,2.471,1.2,3.0,1.059,0.514,10.0,3.529,1.714,4.0,1.412,0.686,12.0,4.235,2.057,5.0,1.765,0.857,4.0,1.412,0.686,2.0,0.706,0.343,3.0,1.059,0.514,0.0,0.0,0.0,0.0,0.0,0.0,83.92,3,Box-to-Box / All-rounder,,,,,,,
900,Fouad Aboud Amir Alammari,MID,Iraq,Iraq,3,254,0.0,0.0,0.0,1.0,0.354,0.172,0.0,0.0,0.0,0.0,0.0,0.0,125.0,44.291,21.469,99.0,35.079,17.004,7.0,2.48,1.202,9.0,3.189,1.546,3.0,1.063,0.515,7.0,2.48,1.202,10.0,3.543,1.718,16.0,5.669,2.748,2.0,0.709,0.344,2.0,0.709,0.344,1.0,0.354,0.172,3.0,1.063,0.515,0.0,0.0,0.0,0.0,0.0,0.0,79.2,0,Ball Progressor,,,,,,,
557,Daizen Maeda,MID,Japan,Japan,3,253,1.0,0.356,0.172,0.0,0.0,0.0,2.0,0.711,0.344,1.0,0.356,0.172,30.0,10.672,5.163,28.0,9.96,4.818,3.0,1.067,0.516,10.0,3.557,1.721,1.0,0.356,0.172,7.0,2.49,1.205,5.0,1.779,0.86,4.0,1.423,0.688,2.0,0.711,0.344,2.0,0.711,0.344,7.0,2.49,1.205,2.0,0.711,0.344,1.0,0.356,0.172,1.0,0.356,0.172,93.33,3,Box-to-Box / All-rounder,,,,,,,
866,Lamine Camara,MID,Senegal,Senegal,4,253,0.0,0.0,0.0,1.0,0.356,0.172,3.0,1.067,0.516,0.0,0.0,0.0,131.0,46.601,22.543,117.0,41.621,20.134,8.0,2.846,1.377,7.0,2.49,1.205,0.0,0.0,0.0,10.0,3.557,1.721,6.0,2.134,1.033,11.0,3.913,1.893,4.0,1.423,0.688,3.0,1.067,0.516,7.0,2.49,1.205,5.0,1.779,0.86,3.0,1.067,0.516,0.0,0.0,0.0,89.31,1,Playmaker / Chance Creator,,,,,,,
544,Crysencio Jilbert Sylverio Cir Summerville,FWD,Netherlands,Netherlands,4,252,2.0,0.714,0.345,2.0,0.714,0.345,2.0,0.714,0.345,2.0,0.714,0.345,67.0,23.929,11.552,56.0,20.0,9.655,8.0,2.857,1.379,8.0,2.857,1.379,1.0,0.357,0.172,0.0,0.0,0.0,6.0,2.143,1.034,5.0,1.786,0.862,2.0,0.714,0.345,2.0,0.714,0.345,13.0,4.643,2.241,2.0,0.714,0.345,5.0,1.786,0.862,1.0,0.357,0.172,83.58,1,Playmaker / Chance Creator,,,,,,,
618,Yan Valery,DEF,Tunisia,Tunisia,3,252,0.0,0.0,0.0,0.0,0.0,0.0,0.0,0.0,0.0,0.0,0.0,0.0,80.0,28.571,13.793,54.0,19.286,9.31,7.0,2.5,1.207,9.0,3.214,1.552,0.0,0.0,0.0,10.0,3.571,1.724,5.0,1.786,0.862,9.0,3.214,1.552,5.0,1.786,0.862,4.0,1.429,0.69,4.0,1.429,0.69,4.0,1.429,0.69,0.0,0.0,0.0,1.0,0.357,0.172,67.5,3,Box-to-Box / All-rounder,,,,,,,
615,Ellyes Joris Skhiri,MID,Tunisia,Tunisia,3,252,0.0,0.0,0.0,0.0,0.0,0.0,0.0,0.0,0.0,0.0,0.0,0.0,109.0,38.929,18.793,99.0,35.357,17.069,0.0,0.0,0.0,7.0,2.5,1.207,4.0,1.429,0.69,12.0,4.286,2.069,9.0,3.214,1.552,12.0,4.286,2.069,2.0,0.714,0.345,2.0,0.714,0.345,2.0,0.714,0.345,0.0,0.0,0.0,1.0,0.357,0.172,0.0,0.0,0.0,90.83,3,Box-to-Box / All-rounder,,,,,,,
971,Amine Ferid Gouiri,FWD,Algeria,Algeria,4,252,1.0,0.357,0.172,0.0,0.0,0.0,3.0,1.071,0.517,2.0,0.714,0.345,58.0,20.714,10.0,51.0,18.214,8.793,1.0,0.357,0.172,5.0,1.786,0.862,0.0,0.0,0.0,1.0,0.357,0.172,0.0,0.0,0.0,2.0,0.714,0.345,1.0,0.357,0.172,1.0,0.357,0.172,2.0,0.714,0.345,1.0,0.357,0.172,1.0,0.357,0.172,0.0,0.0,0.0,87.93,3,Box-to-Box / All-rounder,,,,,,,
858,Maxence Guy Lacroix,DEF,France,France,3,252,0.0,0.0,0.0,0.0,0.0,0.0,0.0,0.0,0.0,0.0,0.0,0.0,130.0,46.429,22.414,125.0,44.643,21.552,0.0,0.0,0.0,8.0,2.857,1.379,2.0,0.714,0.345,6.0,2.143,1.034,10.0,3.571,1.724,18.0,6.429,3.103,9.0,3.214,1.552,9.0,3.214,1.552,4.0,1.429,0.69,5.0,1.786,0.862,0.0,0.0,0.0,1.0,0.357,0.172,96.15,0,Ball Progressor,,,,,,,
56,Minjae Kim,DEF,Korea Republic,South Korea,3,251,0.0,0.0,0.0,0.0,0.0,0.0,1.0,0.359,0.173,1.0,0.359,0.173,226.0,81.036,39.04,221.0,79.243,38.177,0.0,0.0,0.0,3.0,1.076,0.518,5.0,1.793,0.864,11.0,3.944,1.9,6.0,2.151,1.036,20.0,7.171,3.455,8.0,2.869,1.382,8.0,2.869,1.382,3.0,1.076,0.518,2.0,0.717,0.345,1.0,0.359,0.173,0.0,0.0,0.0,97.79,0,Ball Progressor,,,,,,,
60,Seungho Paik,MID,Korea Republic,South Korea,3,251,0.0,0.0,0.0,0.0,0.0,0.0,0.0,0.0,0.0,0.0,0.0,0.0,152.0,54.502,26.257,135.0,48.406,23.321,1.0,0.359,0.173,3.0,1.076,0.518,0.0,0.0,0.0,9.0,3.227,1.555,3.0,1.076,0.518,6.0,2.151,1.036,3.0,1.076,0.518,3.0,1.076,0.518,1.0,0.359,0.173,1.0,0.359,0.173,2.0,0.717,0.345,0.0,0.0,0.0,88.82,3,Box-to-Box / All-rounder,,,,,,,
940,Gonzalo Ariel Montiel,DEF,Argentina,Argentina,6,250,0.0,0.0,0.0,0.0,0.0,0.0,1.0,0.36,0.173,0.0,0.0,0.0,100.0,36.0,17.308,81.0,29.16,14.019,5.0,1.8,0.865,7.0,2.52,1.212,3.0,1.08,0.519,6.0,2.16,1.038,8.0,2.88,1.385,9.0,3.24,1.558,2.0,0.72,0.346,0.0,0.0,0.0,0.0,0.0,0.0,4.0,1.44,0.692,2.0,0.72,0.346,0.0,0.0,0.0,81.0,3,Box-to-Box / All-rounder,,,,,,,
684,Mohammad Mohebbi,MID,IR Iran,IR Iran,3,249,1.0,0.361,0.173,0.0,0.0,0.0,2.0,0.723,0.347,1.0,0.361,0.173,69.0,24.94,11.965,49.0,17.711,8.497,1.0,0.361,0.173,8.0,2.892,1.387,1.0,0.361,0.173,6.0,2.169,1.04,6.0,2.169,1.04,9.0,3.253,1.561,13.0,4.699,2.254,13.0,4.699,2.254,3.0,1.084,0.52,1.0,0.361,0.173,1.0,0.361,0.173,0.0,0.0,0.0,71.01,3,Box-to-Box / All-rounder,,,,,,,
1099,Otabek Shukurov,MID,Uzbekistan,Uzbekistan,3,249,0.0,0.0,0.0,0.0,0.0,0.0,2.0,0.723,0.347,0.0,0.0,0.0,117.0,42.289,20.289,103.0,37.229,17.861,1.0,0.361,0.173,12.0,4.337,2.081,1.0,0.361,0.173,7.0,2.53,1.214,8.0,2.892,1.387,9.0,3.253,1.561,4.0,1.446,0.694,4.0,1.446,0.694,8.0,2.892,1.387,2.0,0.723,0.347,5.0,1.807,0.867,0.0,0.0,0.0,88.03,3,Box-to-Box / All-rounder,,,,,,,
463,Tahith Jose Girigorio Djorkaef Chong,MID,Curaçao,Curaçao,3,247,0.0,0.0,0.0,0.0,0.0,0.0,4.0,1.457,0.696,2.0,0.729,0.348,61.0,22.227,10.619,51.0,18.583,8.878,0.0,0.0,0.0,5.0,1.822,0.87,4.0,1.457,0.696,0.0,0.0,0.0,2.0,0.729,0.348,9.0,3.279,1.567,3.0,1.093,0.522,2.0,0.729,0.348,20.0,7.287,3.482,3.0,1.093,0.522,13.0,4.737,2.263,0.0,0.0,0.0,83.61,1,Playmaker / Chance Creator,,,,,,,
790,Mohammed Salem Aldawsari,FWD,Saudi Arabia,Saudi Arabia,3,247,0.0,0.0,0.0,0.0,0.0,0.0,3.0,1.093,0.522,0.0,0.0,0.0,81.0,29.514,14.101,58.0,21.134,10.097,2.0,0.729,0.348,13.0,4.737,2.263,1.0,0.364,0.174,1.0,0.364,0.174,2.0,0.729,0.348,4.0,1.457,0.696,0.0,0.0,0.0,0.0,0.0,0.0,9.0,3.279,1.567,3.0,1.093,0.522,4.0,1.457,0.696,1.0,0.364,0.174,71.6,3,Box-to-Box / All-rounder,,,,,,,
1012,Paul Wanner,MID,Austria,Austria,4,247,0.0,0.0,0.0,0.0,0.0,0.0,1.0,0.364,0.174,0.0,0.0,0.0,80.0,29.15,13.926,68.0,24.777,11.838,1.0,0.364,0.174,10.0,3.644,1.741,4.0,1.457,0.696,1.0,0.364,0.174,7.0,2.551,1.219,11.0,4.008,1.915,5.0,1.822,0.87,4.0,1.457,0.696,15.0,5.466,2.611,4.0,1.457,0.696,2.0,0.729,0.348,0.0,0.0,0.0,85.0,3,Box-to-Box / All-rounder,,,,,,,
784,Ali Abdulelah Alamri,DEF,Saudi Arabia,Saudi Arabia,3,246,1.0,0.366,0.174,0.0,0.0,0.0,4.0,1.463,0.698,2.0,0.732,0.349,99.0,36.22,17.267,81.0,29.634,14.128,1.0,0.366,0.174,4.0,1.463,0.698,2.0,0.732,0.349,15.0,5.488,2.616,7.0,2.561,1.221,15.0,5.488,2.616,3.0,1.098,0.523,3.0,1.098,0.523,1.0,0.366,0.174,1.0,0.366,0.174,0.0,0.0,0.0,0.0,0.0,0.0,81.82,3,Box-to-Box / All-rounder,,,,,,,
789,Tariq Feras,FWD,Saudi Arabia,Saudi Arabia,3,246,0.0,0.0,0.0,0.0,0.0,0.0,0.0,0.0,0.0,0.0,0.0,0.0,51.0,18.659,8.895,32.0,11.707,5.581,0.0,0.0,0.0,5.0,1.829,0.872,0.0,0.0,0.0,2.0,0.732,0.349,7.0,2.561,1.221,2.0,0.732,0.349,9.0,3.293,1.57,7.0,2.561,1.221,2.0,0.732,0.349,2.0,0.732,0.349,3.0,1.098,0.523,0.0,0.0,0.0,62.75,3,Box-to-Box / All-rounder,,,,,,,
955,Nicolas Hernan Gonzalo Otamendi,DEF,Argentina,Argentina,6,246,0.0,0.0,0.0,0.0,0.0,0.0,1.0,0.366,0.174,0.0,0.0,0.0,180.0,65.854,31.395,172.0,62.927,30.0,0.0,0.0,0.0,6.0,2.195,1.047,2.0,0.732,0.349,17.0,6.22,2.965,5.0,1.829,0.872,17.0,6.22,2.965,13.0,4.756,2.267,12.0,4.39,2.093,5.0,1.829,0.872,4.0,1.463,0.698,4.0,1.463,0.698,1.0,0.366,0.174,95.56,0,Ball Progressor,,,,,,,
1072,Ngal’ayel Mukau,MID,Congo DR,Congo DR,4,246,0.0,0.0,0.0,0.0,0.0,0.0,1.0,0.366,0.174,0.0,0.0,0.0,69.0,25.244,12.035,60.0,21.951,10.465,0.0,0.0,0.0,7.0,2.561,1.221,4.0,1.463,0.698,6.0,2.195,1.047,4.0,1.463,0.698,9.0,3.293,1.57,0.0,0.0,0.0,0.0,0.0,0.0,4.0,1.463,0.698,3.0,1.098,0.523,4.0,1.463,0.698,1.0,0.366,0.174,86.96,3,Box-to-Box / All-rounder,,,,,,,
4,Edson Omar Alvarez,DEF,Mexico,Mexico,4,245,0.0,0.0,0.0,0.0,0.0,0.0,2.0,0.735,0.35,0.0,0.0,0.0,153.0,56.204,26.738,138.0,50.694,24.117,2.0,0.735,0.35,15.0,5.51,2.621,1.0,0.367,0.175,14.0,5.143,2.447,2.0,0.735,0.35,11.0,4.041,1.922,5.0,1.837,0.874,5.0,1.837,0.874,2.0,0.735,0.35,5.0,1.837,0.874,2.0,0.735,0.35,0.0,0.0,0.0,90.2,0,Ball Progressor,,,,,,,
144,Ivan Sunjic,MID,Bosnia and Herzegovina,Bosnia and Herzegovina,4,245,0.0,0.0,0.0,0.0,0.0,0.0,1.0,0.367,0.175,1.0,0.367,0.175,102.0,37.469,17.825,88.0,32.327,15.379,1.0,0.367,0.175,11.0,4.041,1.922,0.0,0.0,0.0,3.0,1.102,0.524,3.0,1.102,0.524,4.0,1.469,0.699,2.0,0.735,0.35,2.0,0.735,0.35,1.0,0.367,0.175,7.0,2.571,1.223,0.0,0.0,0.0,0.0,0.0,0.0,86.27,3,Box-to-Box / All-rounder,,,,,,,
1228,Cristian Jesus Martinez,MID,Panama,Panama,3,245,0.0,0.0,0.0,0.0,0.0,0.0,1.0,0.367,0.175,0.0,0.0,0.0,78.0,28.653,13.631,57.0,20.939,9.961,12.0,4.408,2.097,15.0,5.51,2.621,0.0,0.0,0.0,4.0,1.469,0.699,3.0,1.102,0.524,5.0,1.837,0.874,4.0,1.469,0.699,4.0,1.469,0.699,4.0,1.469,0.699,5.0,1.837,0.874,5.0,1.837,0.874,1.0,0.367,0.175,73.08,3,Box-to-Box / All-rounder,,,,,,,
38,Thapelo Maseko,FWD,South Africa,South Africa,3,245,1.0,0.367,0.175,0.0,0.0,0.0,8.0,2.939,1.398,1.0,0.367,0.175,49.0,18.0,8.563,37.0,13.592,6.466,2.0,0.735,0.35,10.0,3.673,1.748,3.0,1.102,0.524,0.0,0.0,0.0,6.0,2.204,1.049,8.0,2.939,1.398,0.0,0.0,0.0,0.0,0.0,0.0,20.0,7.347,3.495,4.0,1.469,0.699,10.0,3.673,1.748,0.0,0.0,0.0,75.51,1,Playmaker / Chance Creator,,,,,,,
136,Benjamin Tahirovic,MID,Bosnia and Herzegovina,Bosnia and Herzegovina,4,244,0.0,0.0,0.0,0.0,0.0,0.0,1.0,0.369,0.175,0.0,0.0,0.0,107.0,39.467,18.735,91.0,33.566,15.934,2.0,0.738,0.35,7.0,2.582,1.226,2.0,0.738,0.35,10.0,3.689,1.751,5.0,1.844,0.875,10.0,3.689,1.751,2.0,0.738,0.35,1.0,0.369,0.175,1.0,0.369,0.175,3.0,1.107,0.525,2.0,0.738,0.35,0.0,0.0,0.0,85.05,3,Box-to-Box / All-rounder,,,,,,,
167,Hassan Akram,FWD,Qatar,Qatar,3,243,0.0,0.0,0.0,0.0,0.0,0.0,2.0,0.741,0.351,0.0,0.0,0.0,93.0,34.444,16.316,73.0,27.037,12.807,12.0,4.444,2.105,2.0,0.741,0.351,1.0,0.37,0.175,1.0,0.37,0.175,2.0,0.741,0.351,4.0,1.481,0.702,0.0,0.0,0.0,0.0,0.0,0.0,11.0,4.074,1.93,0.0,0.0,0.0,4.0,1.481,0.702,2.0,0.741,0.351,78.49,3,Box-to-Box / All-rounder,,,,,,,
150,Esmir Bajraktarevic,FWD,Bosnia and Herzegovina,Bosnia and Herzegovina,4,242,0.0,0.0,0.0,0.0,0.0,0.0,3.0,1.116,0.527,2.0,0.744,0.352,71.0,26.405,12.48,58.0,21.57,10.195,8.0,2.975,1.406,4.0,1.488,0.703,3.0,1.116,0.527,4.0,1.488,0.703,8.0,2.975,1.406,10.0,3.719,1.758,1.0,0.372,0.176,1.0,0.372,0.176,11.0,4.091,1.934,1.0,0.372,0.176,2.0,0.744,0.352,0.0,0.0,0.0,81.69,3,Box-to-Box / All-rounder,,,,,,,
354,Damián Josue Bobadilla,MID,Paraguay,Paraguay,4,242,0.0,0.0,0.0,0.0,0.0,0.0,0.0,0.0,0.0,0.0,0.0,0.0,32.0,11.901,5.625,24.0,8.926,4.219,1.0,0.372,0.176,12.0,4.463,2.109,2.0,0.744,0.352,11.0,4.091,1.934,8.0,2.975,1.406,8.0,2.975,1.406,0.0,0.0,0.0,0.0,0.0,0.0,0.0,0.0,0.0,1.0,0.372,0.176,1.0,0.372,0.176,0.0,0.0,0.0,75.0,3,Box-to-Box / All-rounder,,,,,,,
161,Gaber Jassem,DEF,Qatar,Qatar,3,242,0.0,0.0,0.0,0.0,0.0,0.0,0.0,0.0,0.0,0.0,0.0,0.0,32.0,11.901,5.625,25.0,9.298,4.395,0.0,0.0,0.0,11.0,4.091,1.934,0.0,0.0,0.0,3.0,1.116,0.527,4.0,1.488,0.703,3.0,1.116,0.527,3.0,1.116,0.527,3.0,1.116,0.527,0.0,0.0,0.0,7.0,2.603,1.23,0.0,0.0,0.0,0.0,0.0,0.0,78.12,3,Box-to-Box / All-rounder,,,,,,,
466,Deveron Lenny Fonville,DEF,Curaçao,Curaçao,3,242,0.0,0.0,0.0,0.0,0.0,0.0,0.0,0.0,0.0,0.0,0.0,0.0,66.0,24.545,11.602,55.0,20.455,9.668,0.0,0.0,0.0,8.0,2.975,1.406,4.0,1.488,0.703,6.0,2.231,1.055,8.0,2.975,1.406,9.0,3.347,1.582,1.0,0.372,0.176,1.0,0.372,0.176,13.0,4.835,2.285,2.0,0.744,0.352,3.0,1.116,0.527,0.0,0.0,0.0,83.33,3,Box-to-Box / All-rounder,,,,,,,
869,Nicolas Jackson,FWD,Senegal,Senegal,4,242,0.0,0.0,0.0,0.0,0.0,0.0,7.0,2.603,1.23,3.0,1.116,0.527,45.0,16.736,7.91,36.0,13.388,6.328,1.0,0.372,0.176,7.0,2.603,1.23,0.0,0.0,0.0,2.0,0.744,0.352,4.0,1.488,0.703,4.0,1.488,0.703,9.0,3.347,1.582,9.0,3.347,1.582,4.0,1.488,0.703,2.0,0.744,0.352,0.0,0.0,0.0,5.0,1.86,0.879,80.0,2,Finisher / Goal Scorer,,,,,,,
623,Anis Slimane,MID,Tunisia,Tunisia,3,241,0.0,0.0,0.0,0.0,0.0,0.0,1.0,0.373,0.176,1.0,0.373,0.176,75.0,28.008,13.209,59.0,22.033,10.391,4.0,1.494,0.705,5.0,1.867,0.881,0.0,0.0,0.0,7.0,2.614,1.233,7.0,2.614,1.233,7.0,2.614,1.233,7.0,2.614,1.233,7.0,2.614,1.233,5.0,1.867,0.881,0.0,0.0,0.0,0.0,0.0,0.0,2.0,0.747,0.352,78.67,3,Box-to-Box / All-rounder,,,,,,,
633,Romelu Lukaku,FWD,Belgium,Belgium,6,241,3.0,1.12,0.528,0.0,0.0,0.0,6.0,2.241,1.057,3.0,1.12,0.528,42.0,15.685,7.397,32.0,11.95,5.636,0.0,0.0,0.0,0.0,0.0,0.0,1.0,0.373,0.176,2.0,0.747,0.352,1.0,0.373,0.176,1.0,0.373,0.176,7.0,2.614,1.233,6.0,2.241,1.057,1.0,0.373,0.176,2.0,0.747,0.352,0.0,0.0,0.0,1.0,0.373,0.176,76.19,2,Finisher / Goal Scorer,,,,,,,
814,Federico Santiago Valverde,MID,Uruguay,Uruguay,3,241,0.0,0.0,0.0,1.0,0.373,0.176,10.0,3.734,1.761,2.0,0.747,0.352,120.0,44.813,21.135,98.0,36.598,17.26,8.0,2.988,1.409,7.0,2.614,1.233,2.0,0.747,0.352,2.0,0.747,0.352,6.0,2.241,1.057,6.0,2.241,1.057,1.0,0.373,0.176,1.0,0.373,0.176,7.0,2.614,1.233,1.0,0.373,0.176,0.0,0.0,0.0,0.0,0.0,0.0,81.67,1,Playmaker / Chance Creator,,,,,,,
487,Nicolas Pepe,FWD,Côte d'Ivoire,Côte d'Ivoire,4,240,2.0,0.75,0.353,0.0,0.0,0.0,6.0,2.25,1.059,3.0,1.125,0.529,109.0,40.875,19.235,93.0,34.875,16.412,10.0,3.75,1.765,12.0,4.5,2.118,0.0,0.0,0.0,0.0,0.0,0.0,4.0,1.5,0.706,5.0,1.875,0.882,7.0,2.625,1.235,7.0,2.625,1.235,14.0,5.25,2.471,1.0,0.375,0.176,1.0,0.375,0.176,1.0,0.375,0.176,85.32,2,Finisher / Goal Scorer,,,,,,,
124,Ali Ahmed,FWD,Canada,Canada,4,239,0.0,0.0,0.0,0.0,0.0,0.0,2.0,0.753,0.354,1.0,0.377,0.177,65.0,24.477,11.493,51.0,19.205,9.018,15.0,5.649,2.652,13.0,4.895,2.299,1.0,0.377,0.177,0.0,0.0,0.0,11.0,4.142,1.945,6.0,2.259,1.061,4.0,1.506,0.707,4.0,1.506,0.707,9.0,3.389,1.591,1.0,0.377,0.177,5.0,1.883,0.884,0.0,0.0,0.0,78.46,1,Playmaker / Chance Creator,,,,,,,
549,Shogo Taniguchi,DEF,Japan,Japan,3,239,0.0,0.0,0.0,0.0,0.0,0.0,0.0,0.0,0.0,0.0,0.0,0.0,127.0,47.824,22.456,122.0,45.941,21.572,1.0,0.377,0.177,1.0,0.377,0.177,0.0,0.0,0.0,26.0,9.791,4.597,5.0,1.883,0.884,12.0,4.519,2.122,5.0,1.883,0.884,4.0,1.506,0.707,2.0,0.753,0.354,2.0,0.753,0.354,1.0,0.377,0.177,0.0,0.0,0.0,96.06,0,Ball Progressor,,,,,,,
451,Jürgen Leonardo Locadia,FWD,Curaçao,Curaçao,3,238,0.0,0.0,0.0,0.0,0.0,0.0,1.0,0.378,0.177,0.0,0.0,0.0,48.0,18.151,8.504,37.0,13.992,6.555,0.0,0.0,0.0,1.0,0.378,0.177,1.0,0.378,0.177,3.0,1.134,0.531,4.0,1.513,0.709,2.0,0.756,0.354,8.0,3.025,1.417,5.0,1.891,0.886,2.0,0.756,0.354,3.0,1.134,0.531,4.0,1.513,0.709,2.0,0.756,0.354,77.08,3,Box-to-Box / All-rounder,,,,,,,
884,Pape Alassane Gueye,MID,Senegal,Senegal,4,237,2.0,0.759,0.355,1.0,0.38,0.178,8.0,3.038,1.42,3.0,1.139,0.533,161.0,61.139,28.58,138.0,52.405,24.497,3.0,1.139,0.533,11.0,4.177,1.953,2.0,0.759,0.355,4.0,1.519,0.71,7.0,2.658,1.243,12.0,4.557,2.13,3.0,1.139,0.533,3.0,1.139,0.533,5.0,1.899,0.888,4.0,1.519,0.71,2.0,0.759,0.355,0.0,0.0,0.0,85.71,1,Playmaker / Chance Creator,,,,,,,
1229,Jose Luis Rodriguez,MID,Panama,Panama,3,237,0.0,0.0,0.0,0.0,0.0,0.0,3.0,1.139,0.533,1.0,0.38,0.178,48.0,18.228,8.521,35.0,13.291,6.213,16.0,6.076,2.84,15.0,5.696,2.663,0.0,0.0,0.0,0.0,0.0,0.0,0.0,0.0,0.0,4.0,1.519,0.71,2.0,0.759,0.355,2.0,0.759,0.355,12.0,4.557,2.13,4.0,1.519,0.71,2.0,0.759,0.355,0.0,0.0,0.0,72.92,1,Playmaker / Chance Creator,,,,,,,
926,Marcus Holmgren Holmgren Pedersen,DEF,Norway,Norway,4,237,1.0,0.38,0.178,0.0,0.0,0.0,1.0,0.38,0.178,1.0,0.38,0.178,107.0,40.633,18.994,87.0,33.038,15.444,7.0,2.658,1.243,5.0,1.899,0.888,0.0,0.0,0.0,5.0,1.899,0.888,3.0,1.139,0.533,4.0,1.519,0.71,2.0,0.759,0.355,2.0,0.759,0.355,4.0,1.519,0.71,3.0,1.139,0.533,1.0,0.38,0.178,0.0,0.0,0.0,81.31,3,Box-to-Box / All-rounder,,,,,,,
477,Ange-Yoan Laurent Bonny,FWD,Côte d'Ivoire,Côte d'Ivoire,4,236,0.0,0.0,0.0,0.0,0.0,0.0,1.0,0.381,0.178,1.0,0.381,0.178,30.0,11.441,5.336,26.0,9.915,4.625,3.0,1.144,0.534,6.0,2.288,1.067,1.0,0.381,0.178,4.0,1.525,0.711,3.0,1.144,0.534,8.0,3.051,1.423,5.0,1.907,0.889,2.0,0.763,0.356,2.0,0.763,0.356,1.0,0.381,0.178,3.0,1.144,0.534,1.0,0.381,0.178,86.67,3,Box-to-Box / All-rounder,,,,,,,
892,Bayesh Kamil Ibrahim Bayesh,MID,Iraq,Iraq,3,236,0.0,0.0,0.0,0.0,0.0,0.0,1.0,0.381,0.178,0.0,0.0,0.0,48.0,18.305,8.538,40.0,15.254,7.115,1.0,0.381,0.178,11.0,4.195,1.957,1.0,0.381,0.178,3.0,1.144,0.534,8.0,3.051,1.423,10.0,3.814,1.779,7.0,2.669,1.245,6.0,2.288,1.067,14.0,5.339,2.49,3.0,1.144,0.534,5.0,1.907,0.889,0.0,0.0,0.0,83.33,3,Box-to-Box / All-rounder,,,,,,,
627,Arthur Nicolas Theate,DEF,Belgium,Belgium,3,236,0.0,0.0,0.0,0.0,0.0,0.0,5.0,1.907,0.889,1.0,0.381,0.178,164.0,62.542,29.17,153.0,58.347,27.213,0.0,0.0,0.0,3.0,1.144,0.534,5.0,1.907,0.889,11.0,4.195,1.957,4.0,1.525,0.711,14.0,5.339,2.49,8.0,3.051,1.423,7.0,2.669,1.245,0.0,0.0,0.0,1.0,0.381,0.178,0.0,0.0,0.0,0.0,0.0,0.0,93.29,0,Ball Progressor,,,,,,,
145,Amar Memic,MID,Bosnia and Herzegovina,Bosnia and Herzegovina,4,235,0.0,0.0,0.0,0.0,0.0,0.0,3.0,1.149,0.535,1.0,0.383,0.178,52.0,19.915,9.267,39.0,14.936,6.95,5.0,1.915,0.891,7.0,2.681,1.248,4.0,1.532,0.713,7.0,2.681,1.248,5.0,1.915,0.891,9.0,3.447,1.604,5.0,1.915,0.891,5.0,1.915,0.891,9.0,3.447,1.604,4.0,1.532,0.713,3.0,1.149,0.535,0.0,0.0,0.0,75.0,3,Box-to-Box / All-rounder,,,,,,,
538,Donyell Malen,FWD,Netherlands,Netherlands,3,235,0.0,0.0,0.0,0.0,0.0,0.0,4.0,1.532,0.713,2.0,0.766,0.356,34.0,13.021,6.059,27.0,10.34,4.812,8.0,3.064,1.426,0.0,0.0,0.0,0.0,0.0,0.0,0.0,0.0,0.0,1.0,0.383,0.178,1.0,0.383,0.178,2.0,0.766,0.356,1.0,0.383,0.178,15.0,5.745,2.673,0.0,0.0,0.0,2.0,0.766,0.356,0.0,0.0,0.0,79.41,3,Box-to-Box / All-rounder,,,,,,,
932,Oscar Bobb,MID,Norway,Norway,6,235,0.0,0.0,0.0,0.0,0.0,0.0,4.0,1.532,0.713,2.0,0.766,0.356,111.0,42.511,19.782,102.0,39.064,18.178,2.0,0.766,0.356,10.0,3.83,1.782,2.0,0.766,0.356,1.0,0.383,0.178,6.0,2.298,1.069,7.0,2.681,1.248,1.0,0.383,0.178,0.0,0.0,0.0,11.0,4.213,1.96,1.0,0.383,0.178,4.0,1.532,0.713,0.0,0.0,0.0,91.89,1,Playmaker / Chance Creator,,,,,,,
450,Livano Shyron Liomar Comenencia,MID,Curaçao,Curaçao,3,234,1.0,0.385,0.179,0.0,0.0,0.0,5.0,1.923,0.893,2.0,0.769,0.357,62.0,23.846,11.071,50.0,19.231,8.929,1.0,0.385,0.179,7.0,2.692,1.25,6.0,2.308,1.071,5.0,1.923,0.893,18.0,6.923,3.214,19.0,7.308,3.393,2.0,0.769,0.357,2.0,0.769,0.357,8.0,3.077,1.429,4.0,1.538,0.714,1.0,0.385,0.179,0.0,0.0,0.0,80.65,0,Ball Progressor,,,,,,,
483,Amad Diallo,FWD,Côte d'Ivoire,Côte d'Ivoire,4,232,2.0,0.776,0.359,0.0,0.0,0.0,8.0,3.103,1.434,4.0,1.552,0.717,73.0,28.319,13.088,69.0,26.767,12.371,7.0,2.716,1.255,5.0,1.94,0.896,2.0,0.776,0.359,1.0,0.388,0.179,5.0,1.94,0.896,5.0,1.94,0.896,0.0,0.0,0.0,0.0,0.0,0.0,17.0,6.595,3.048,0.0,0.0,0.0,2.0,0.776,0.359,1.0,0.388,0.179,94.52,2,Finisher / Goal Scorer,,,,,,,
936,Julian Ryerson,FWD,Norway,Norway,4,232,0.0,0.0,0.0,0.0,0.0,0.0,0.0,0.0,0.0,0.0,0.0,0.0,149.0,57.802,26.713,131.0,50.819,23.486,14.0,5.431,2.51,20.0,7.759,3.586,2.0,0.776,0.359,8.0,3.103,1.434,0.0,0.0,0.0,10.0,3.879,1.793,1.0,0.388,0.179,1.0,0.388,0.179,5.0,1.94,0.896,6.0,2.328,1.076,1.0,0.388,0.179,0.0,0.0,0.0,87.92,1,Playmaker / Chance Creator,,,,,,,
39,Sphephelo S'miso Sithole,MID,South Africa,South Africa,3,231,0.0,0.0,0.0,0.0,0.0,0.0,0.0,0.0,0.0,0.0,0.0,0.0,129.0,50.26,23.174,109.0,42.468,19.581,0.0,0.0,0.0,8.0,3.117,1.437,3.0,1.169,0.539,6.0,2.338,1.078,11.0,4.286,1.976,19.0,7.403,3.413,7.0,2.727,1.257,7.0,2.727,1.257,1.0,0.39,0.18,5.0,1.948,0.898,1.0,0.39,0.18,0.0,0.0,0.0,84.5,0,Ball Progressor,,,,,,,
820,Agustin Canobbio,MID,Uruguay,Uruguay,3,231,1.0,0.39,0.18,0.0,0.0,0.0,4.0,1.558,0.719,1.0,0.39,0.18,68.0,26.494,12.216,61.0,23.766,10.958,9.0,3.506,1.617,12.0,4.675,2.156,1.0,0.39,0.18,3.0,1.169,0.539,5.0,1.948,0.898,5.0,1.948,0.898,1.0,0.39,0.18,1.0,0.39,0.18,14.0,5.455,2.515,7.0,2.727,1.257,5.0,1.948,0.898,1.0,0.39,0.18,89.71,1,Playmaker / Chance Creator,,,,,,,
386,Jackson Alexander Irvine,MID,Australia,Australia,4,230,0.0,0.0,0.0,0.0,0.0,0.0,3.0,1.174,0.54,1.0,0.391,0.18,124.0,48.522,22.32,103.0,40.304,18.54,2.0,0.783,0.36,4.0,1.565,0.72,0.0,0.0,0.0,16.0,6.261,2.88,8.0,3.13,1.44,8.0,3.13,1.44,4.0,1.565,0.72,4.0,1.565,0.72,4.0,1.565,0.72,3.0,1.174,0.54,3.0,1.174,0.54,0.0,0.0,0.0,83.06,3,Box-to-Box / All-rounder,,,,,,,
803,Ibrahim Mohamed,MID,Saudi Arabia,Saudi Arabia,3,230,0.0,0.0,0.0,0.0,0.0,0.0,3.0,1.174,0.54,2.0,0.783,0.36,104.0,40.696,18.72,97.0,37.957,17.46,1.0,0.391,0.18,12.0,4.696,2.16,2.0,0.783,0.36,6.0,2.348,1.08,5.0,1.957,0.9,10.0,3.913,1.8,8.0,3.13,1.44,8.0,3.13,1.44,3.0,1.174,0.54,5.0,1.957,0.9,0.0,0.0,0.0,0.0,0.0,0.0,93.27,0,Ball Progressor,,,,,,,
321,Ricardo Daniel Pepi,FWD,USA,USA,5,227,0.0,0.0,0.0,0.0,0.0,0.0,5.0,1.982,0.905,0.0,0.0,0.0,38.0,15.066,6.881,33.0,13.084,5.976,1.0,0.396,0.181,5.0,1.982,0.905,0.0,0.0,0.0,0.0,0.0,0.0,3.0,1.189,0.543,3.0,1.189,0.543,6.0,2.379,1.087,5.0,1.982,0.905,4.0,1.586,0.724,5.0,1.982,0.905,3.0,1.189,0.543,2.0,0.793,0.362,86.84,3,Box-to-Box / All-rounder,,,,,,,
539,Brian Ebenezer Adjei Brobbey,FWD,Netherlands,Netherlands,4,227,3.0,1.189,0.543,0.0,0.0,0.0,4.0,1.586,0.724,3.0,1.189,0.543,21.0,8.326,3.803,18.0,7.137,3.26,1.0,0.396,0.181,2.0,0.793,0.362,0.0,0.0,0.0,0.0,0.0,0.0,2.0,0.793,0.362,2.0,0.793,0.362,7.0,2.775,1.268,3.0,1.189,0.543,1.0,0.396,0.181,4.0,1.586,0.724,3.0,1.189,0.543,2.0,0.793,0.362,85.71,2,Finisher / Goal Scorer,,,,,,,
576,Isak Malcolm Kwaku Hien,DEF,Sweden,Sweden,3,226,0.0,0.0,0.0,0.0,0.0,0.0,0.0,0.0,0.0,0.0,0.0,0.0,128.0,50.973,23.226,122.0,48.584,22.137,0.0,0.0,0.0,5.0,1.991,0.907,4.0,1.593,0.726,14.0,5.575,2.54,3.0,1.195,0.544,20.0,7.965,3.629,13.0,5.177,2.359,9.0,3.584,1.633,0.0,0.0,0.0,3.0,1.195,0.544,3.0,1.195,0.544,0.0,0.0,0.0,95.31,0,Ball Progressor,,,,,,,
704,Timothy John Payne,DEF,New Zealand,New Zealand,3,226,0.0,0.0,0.0,1.0,0.398,0.181,1.0,0.398,0.181,0.0,0.0,0.0,87.0,34.646,15.786,72.0,28.673,13.065,9.0,3.584,1.633,9.0,3.584,1.633,2.0,0.796,0.363,12.0,4.779,2.177,7.0,2.788,1.27,8.0,3.186,1.452,2.0,0.796,0.363,1.0,0.398,0.181,2.0,0.796,0.363,2.0,0.796,0.363,2.0,0.796,0.363,0.0,0.0,0.0,82.76,3,Box-to-Box / All-rounder,,,,,,,
411,Barı ş Alper Yilmaz,FWD,Türkiye,Türkiye,3,225,1.0,0.4,0.182,0.0,0.0,0.0,2.0,0.8,0.364,1.0,0.4,0.182,38.0,15.2,6.909,29.0,11.6,5.273,15.0,6.0,2.727,3.0,1.2,0.545,0.0,0.0,0.0,0.0,0.0,0.0,1.0,0.4,0.182,0.0,0.0,0.0,3.0,1.2,0.545,1.0,0.4,0.182,10.0,4.0,1.818,4.0,1.6,0.727,1.0,0.4,0.182,2.0,0.8,0.364,76.32,3,Box-to-Box / All-rounder,,,,,,,
1098,Akmal Mozgovoy,MID,Uzbekistan,Uzbekistan,3,225,0.0,0.0,0.0,1.0,0.4,0.182,1.0,0.4,0.182,0.0,0.0,0.0,79.0,31.6,14.364,65.0,26.0,11.818,0.0,0.0,0.0,4.0,1.6,0.727,4.0,1.6,0.727,4.0,1.6,0.727,6.0,2.4,1.091,9.0,3.6,1.636,0.0,0.0,0.0,0.0,0.0,0.0,3.0,1.2,0.545,0.0,0.0,0.0,3.0,1.2,0.545,0.0,0.0,0.0,82.28,3,Box-to-Box / All-rounder,,,,,,,
583,Anthony David Junior Elanga,FWD,Sweden,Sweden,4,224,2.0,0.804,0.364,0.0,0.0,0.0,3.0,1.205,0.547,3.0,1.205,0.547,76.0,30.536,13.846,60.0,24.107,10.931,12.0,4.821,2.186,0.0,0.0,0.0,0.0,0.0,0.0,1.0,0.402,0.182,1.0,0.402,0.182,1.0,0.402,0.182,1.0,0.402,0.182,0.0,0.0,0.0,10.0,4.018,1.822,0.0,0.0,0.0,7.0,2.812,1.275,1.0,0.402,0.182,78.95,1,Playmaker / Chance Creator,,,,,,,
275,Ruben Fritzner Providence,FWD,Haiti,Haiti,3,223,0.0,0.0,0.0,0.0,0.0,0.0,4.0,1.614,0.73,1.0,0.404,0.183,48.0,19.372,8.763,42.0,16.951,7.667,7.0,2.825,1.278,9.0,3.632,1.643,0.0,0.0,0.0,3.0,1.211,0.548,3.0,1.211,0.548,2.0,0.807,0.365,0.0,0.0,0.0,0.0,0.0,0.0,14.0,5.65,2.556,3.0,1.211,0.548,5.0,2.018,0.913,0.0,0.0,0.0,87.5,1,Playmaker / Chance Creator,,,,,,,
715,Liberato Gianpaolo Cacace,DEF,New Zealand,New Zealand,3,223,0.0,0.0,0.0,0.0,0.0,0.0,1.0,0.404,0.183,1.0,0.404,0.183,88.0,35.516,16.065,75.0,30.269,13.692,6.0,2.422,1.095,7.0,2.825,1.278,4.0,1.614,0.73,9.0,3.632,1.643,6.0,2.422,1.095,13.0,5.247,2.373,2.0,0.807,0.365,2.0,0.807,0.365,8.0,3.229,1.46,1.0,0.404,0.183,5.0,2.018,0.913,0.0,0.0,0.0,85.23,3,Box-to-Box / All-rounder,,,,,,,
1114,Abbosbek Fayzullaev,MID,Uzbekistan,Uzbekistan,3,223,1.0,0.404,0.183,0.0,0.0,0.0,3.0,1.211,0.548,2.0,0.807,0.365,36.0,14.529,6.572,24.0,9.686,4.381,8.0,3.229,1.46,16.0,6.457,2.921,2.0,0.807,0.365,7.0,2.825,1.278,6.0,2.422,1.095,9.0,3.632,1.643,0.0,0.0,0.0,0.0,0.0,0.0,3.0,1.211,0.548,6.0,2.422,1.095,4.0,1.614,0.73,0.0,0.0,0.0,66.67,1,Playmaker / Chance Creator,,,,,,,
872,Ismail Joshua Jakobs,DEF,Senegal,Senegal,3,222,0.0,0.0,0.0,0.0,0.0,0.0,1.0,0.405,0.183,0.0,0.0,0.0,117.0,47.432,21.402,106.0,42.973,19.39,19.0,7.703,3.476,10.0,4.054,1.829,2.0,0.811,0.366,9.0,3.649,1.646,6.0,2.432,1.098,12.0,4.865,2.195,6.0,2.432,1.098,5.0,2.027,0.915,2.0,0.811,0.366,2.0,0.811,0.366,0.0,0.0,0.0,0.0,0.0,0.0,90.6,0,Ball Progressor,,,,,,,
707,Michael Joseph Boxall,DEF,New Zealand,New Zealand,3,221,0.0,0.0,0.0,0.0,0.0,0.0,0.0,0.0,0.0,0.0,0.0,0.0,115.0,46.833,21.079,104.0,42.353,19.063,1.0,0.407,0.183,6.0,2.443,1.1,5.0,2.036,0.916,18.0,7.33,3.299,11.0,4.48,2.016,23.0,9.367,4.216,5.0,2.036,0.916,5.0,2.036,0.916,5.0,2.036,0.916,2.0,0.814,0.367,2.0,0.814,0.367,0.0,0.0,0.0,90.43,0,Ball Progressor,,,,,,,
380,Aziz Behich,DEF,Australia,Australia,3,220,0.0,0.0,0.0,0.0,0.0,0.0,1.0,0.409,0.184,1.0,0.409,0.184,82.0,33.545,15.061,60.0,24.545,11.02,6.0,2.455,1.102,9.0,3.682,1.653,2.0,0.818,0.367,7.0,2.864,1.286,6.0,2.455,1.102,7.0,2.864,1.286,1.0,0.409,0.184,1.0,0.409,0.184,5.0,2.045,0.918,1.0,0.409,0.184,4.0,1.636,0.735,0.0,0.0,0.0,73.17,3,Box-to-Box / All-rounder,,,,,,,
593,Alexander Olof Bernhardsson,DEF,Sweden,Sweden,3,220,0.0,0.0,0.0,0.0,0.0,0.0,1.0,0.409,0.184,1.0,0.409,0.184,67.0,27.409,12.306,51.0,20.864,9.367,3.0,1.227,0.551,9.0,3.682,1.653,2.0,0.818,0.367,12.0,4.909,2.204,7.0,2.864,1.286,10.0,4.091,1.837,3.0,1.227,0.551,3.0,1.227,0.551,12.0,4.909,2.204,2.0,0.818,0.367,4.0,1.636,0.735,0.0,0.0,0.0,76.12,3,Box-to-Box / All-rounder,,,,,,,
401,Kenan Yildiz,FWD,Türkiye,Türkiye,3,219,0.0,0.0,0.0,0.0,0.0,0.0,14.0,5.753,2.577,1.0,0.411,0.184,121.0,49.726,22.27,108.0,44.384,19.877,8.0,3.288,1.472,4.0,1.644,0.736,1.0,0.411,0.184,0.0,0.0,0.0,5.0,2.055,0.92,5.0,2.055,0.92,0.0,0.0,0.0,0.0,0.0,0.0,19.0,7.808,3.497,2.0,0.822,0.368,4.0,1.644,0.736,0.0,0.0,0.0,89.26,1,Playmaker / Chance Creator,,,,,,,
19,Gilberto Rafael Mora,MID,Mexico,Mexico,4,218,0.0,0.0,0.0,0.0,0.0,0.0,5.0,2.064,0.922,0.0,0.0,0.0,87.0,35.917,16.045,79.0,32.615,14.57,5.0,2.064,0.922,3.0,1.239,0.553,2.0,0.826,0.369,0.0,0.0,0.0,2.0,0.826,0.369,4.0,1.651,0.738,1.0,0.413,0.184,1.0,0.413,0.184,11.0,4.541,2.029,3.0,1.239,0.553,3.0,1.239,0.553,0.0,0.0,0.0,90.8,3,Box-to-Box / All-rounder,,,,,,,
514,Nilson David Angulo,FWD,Ecuador,Ecuador,4,218,1.0,0.413,0.184,0.0,0.0,0.0,2.0,0.826,0.369,2.0,0.826,0.369,78.0,32.202,14.385,63.0,26.009,11.619,8.0,3.303,1.475,8.0,3.303,1.475,5.0,2.064,0.922,0.0,0.0,0.0,3.0,1.239,0.553,6.0,2.477,1.107,3.0,1.239,0.553,3.0,1.239,0.553,24.0,9.908,4.426,4.0,1.651,0.738,3.0,1.239,0.553,0.0,0.0,0.0,80.77,1,Playmaker / Chance Creator,,,,,,,
373,Mohamed Toure,FWD,Australia,Australia,3,217,0.0,0.0,0.0,0.0,0.0,0.0,4.0,1.659,0.739,1.0,0.415,0.185,16.0,6.636,2.957,12.0,4.977,2.218,2.0,0.829,0.37,3.0,1.244,0.554,0.0,0.0,0.0,0.0,0.0,0.0,2.0,0.829,0.37,2.0,0.829,0.37,5.0,2.074,0.924,5.0,2.074,0.924,8.0,3.318,1.478,4.0,1.659,0.739,2.0,0.829,0.37,1.0,0.415,0.185,75.0,3,Box-to-Box / All-rounder,,,,,,,
560,Junya Ito,MID,Japan,Japan,4,217,1.0,0.415,0.185,0.0,0.0,0.0,3.0,1.244,0.554,1.0,0.415,0.185,85.0,35.253,15.708,65.0,26.959,12.012,17.0,7.051,3.142,4.0,1.659,0.739,1.0,0.415,0.185,4.0,1.659,0.739,6.0,2.488,1.109,4.0,1.659,0.739,2.0,0.829,0.37,2.0,0.829,0.37,15.0,6.221,2.772,2.0,0.829,0.37,5.0,2.074,0.924,0.0,0.0,0.0,76.47,1,Playmaker / Chance Creator,,,,,,,
43,Sekotori Evidence Makgopa,FWD,South Africa,South Africa,4,216,0.0,0.0,0.0,0.0,0.0,0.0,4.0,1.667,0.741,3.0,1.25,0.556,29.0,12.083,5.37,20.0,8.333,3.704,0.0,0.0,0.0,10.0,4.167,1.852,2.0,0.833,0.37,4.0,1.667,0.741,6.0,2.5,1.111,4.0,1.667,0.741,15.0,6.25,2.778,15.0,6.25,2.778,3.0,1.25,0.556,1.0,0.417,0.185,1.0,0.417,0.185,2.0,0.833,0.37,68.97,3,Box-to-Box / All-rounder,,,,,,,
952,Thiago Ezequiel Almada,FWD,Argentina,Argentina,4,216,0.0,0.0,0.0,0.0,0.0,0.0,2.0,0.833,0.37,0.0,0.0,0.0,142.0,59.167,26.296,128.0,53.333,23.704,0.0,0.0,0.0,6.0,2.5,1.111,3.0,1.25,0.556,1.0,0.417,0.185,6.0,2.5,1.111,9.0,3.75,1.667,2.0,0.833,0.37,2.0,0.833,0.37,5.0,2.083,0.926,1.0,0.417,0.185,2.0,0.833,0.37,2.0,0.833,0.37,90.14,3,Box-to-Box / All-rounder,,,,,,,
1024,Mohammad Mousa Mousa Altamari,FWD,Jordan,Jordan,3,216,1.0,0.417,0.185,1.0,0.417,0.185,8.0,3.333,1.481,3.0,1.25,0.556,36.0,15.0,6.667,28.0,11.667,5.185,1.0,0.417,0.185,3.0,1.25,0.556,0.0,0.0,0.0,0.0,0.0,0.0,2.0,0.833,0.37,1.0,0.417,0.185,3.0,1.25,0.556,3.0,1.25,0.556,12.0,5.0,2.222,2.0,0.833,0.37,3.0,1.25,0.556,1.0,0.417,0.185,77.78,2,Finisher / Goal Scorer,,,,,,,
36,Relebohile Mofokeng,FWD,South Africa,South Africa,3,216,0.0,0.0,0.0,0.0,0.0,0.0,3.0,1.25,0.556,1.0,0.417,0.185,54.0,22.5,10.0,44.0,18.333,8.148,2.0,0.833,0.37,8.0,3.333,1.481,0.0,0.0,0.0,1.0,0.417,0.185,6.0,2.5,1.111,2.0,0.833,0.37,0.0,0.0,0.0,0.0,0.0,0.0,1.0,0.417,0.185,3.0,1.25,0.556,2.0,0.833,0.37,0.0,0.0,0.0,81.48,3,Box-to-Box / All-rounder,,,,,,,
15,Israel Reyes,DEF,Mexico,Mexico,4,215,0.0,0.0,0.0,0.0,0.0,0.0,2.0,0.837,0.371,0.0,0.0,0.0,102.0,42.698,18.928,93.0,38.93,17.258,2.0,0.837,0.371,3.0,1.256,0.557,2.0,0.837,0.371,9.0,3.767,1.67,8.0,3.349,1.485,12.0,5.023,2.227,5.0,2.093,0.928,5.0,2.093,0.928,0.0,0.0,0.0,1.0,0.419,0.186,0.0,0.0,0.0,0.0,0.0,0.0,91.18,3,Box-to-Box / All-rounder,,,,,,,
785,Mohammed Hassan Altambakti,DEF,Saudi Arabia,Saudi Arabia,3,215,0.0,0.0,0.0,0.0,0.0,0.0,0.0,0.0,0.0,0.0,0.0,0.0,87.0,36.419,16.144,71.0,29.721,13.175,0.0,0.0,0.0,9.0,3.767,1.67,2.0,0.837,0.371,9.0,3.767,1.67,8.0,3.349,1.485,11.0,4.605,2.041,2.0,0.837,0.371,2.0,0.837,0.371,3.0,1.256,0.557,0.0,0.0,0.0,1.0,0.419,0.186,0.0,0.0,0.0,81.61,3,Box-to-Box / All-rounder,,,,,,,
26,Brian Gutierrez,MID,Mexico,Mexico,4,214,0.0,0.0,0.0,0.0,0.0,0.0,6.0,2.523,1.116,0.0,0.0,0.0,60.0,25.234,11.157,53.0,22.29,9.855,6.0,2.523,1.116,6.0,2.523,1.116,2.0,0.841,0.372,4.0,1.682,0.744,0.0,0.0,0.0,3.0,1.262,0.558,2.0,0.841,0.372,2.0,0.841,0.372,5.0,2.103,0.93,5.0,2.103,0.93,3.0,1.262,0.558,0.0,0.0,0.0,88.33,3,Box-to-Box / All-rounder,,,,,,,
734,Mikel Merino,MID,Spain,Spain,8,213,2.0,0.845,0.373,0.0,0.0,0.0,5.0,2.113,0.932,3.0,1.268,0.559,101.0,42.676,18.82,89.0,37.606,16.584,1.0,0.423,0.186,11.0,4.648,2.05,2.0,0.845,0.373,4.0,1.69,0.745,6.0,2.535,1.118,9.0,3.803,1.677,13.0,5.493,2.422,12.0,5.07,2.236,3.0,1.268,0.559,6.0,2.535,1.118,8.0,3.38,1.491,0.0,0.0,0.0,88.12,2,Finisher / Goal Scorer,,,,,,,
786,Essa Nasser Aldawsari,MID,Saudi Arabia,Saudi Arabia,3,213,0.0,0.0,0.0,0.0,0.0,0.0,1.0,0.423,0.186,0.0,0.0,0.0,107.0,45.211,19.938,92.0,38.873,17.143,1.0,0.423,0.186,16.0,6.761,2.981,2.0,0.845,0.373,6.0,2.535,1.118,11.0,4.648,2.05,12.0,5.07,2.236,3.0,1.268,0.559,3.0,1.268,0.559,12.0,5.07,2.236,7.0,2.958,1.304,2.0,0.845,0.373,0.0,0.0,0.0,85.98,0,Ball Progressor,,,,,,,
389,Lucas Herrington,DEF,Australia,Australia,2,213,0.0,0.0,0.0,0.0,0.0,0.0,0.0,0.0,0.0,0.0,0.0,0.0,106.0,44.789,19.752,101.0,42.676,18.82,0.0,0.0,0.0,1.0,0.423,0.186,4.0,1.69,0.745,21.0,8.873,3.913,1.0,0.423,0.186,18.0,7.606,3.354,8.0,3.38,1.491,8.0,3.38,1.491,1.0,0.423,0.186,2.0,0.845,0.373,0.0,0.0,0.0,0.0,0.0,0.0,95.28,0,Ball Progressor,,,,,,,
260,Anass Salah Eddine,DEF,Morocco,Morocco,4,212,0.0,0.0,0.0,0.0,0.0,0.0,1.0,0.425,0.187,0.0,0.0,0.0,166.0,70.472,30.996,152.0,64.528,28.382,3.0,1.274,0.56,8.0,3.396,1.494,2.0,0.849,0.373,3.0,1.274,0.56,5.0,2.123,0.934,16.0,6.792,2.988,3.0,1.274,0.56,3.0,1.274,0.56,1.0,0.425,0.187,3.0,1.274,0.56,2.0,0.849,0.373,0.0,0.0,0.0,91.57,0,Ball Progressor,,,,,,,
494,Christ Ravynel Inao Oulai,MID,Côte d'Ivoire,Côte d'Ivoire,4,211,0.0,0.0,0.0,0.0,0.0,0.0,2.0,0.853,0.374,0.0,0.0,0.0,125.0,53.318,23.389,115.0,49.052,21.518,0.0,0.0,0.0,15.0,6.398,2.807,6.0,2.559,1.123,4.0,1.706,0.748,6.0,2.559,1.123,13.0,5.545,2.432,3.0,1.28,0.561,3.0,1.28,0.561,15.0,6.398,2.807,3.0,1.28,0.561,5.0,2.133,0.936,0.0,0.0,0.0,92.0,0,Ball Progressor,,,,,,,
690,Seyed Saman Ghoddos,MID,IR Iran,IR Iran,3,211,0.0,0.0,0.0,0.0,0.0,0.0,4.0,1.706,0.748,0.0,0.0,0.0,64.0,27.299,11.975,45.0,19.194,8.42,1.0,0.427,0.187,11.0,4.692,2.058,3.0,1.28,0.561,9.0,3.839,1.684,6.0,2.559,1.123,9.0,3.839,1.684,3.0,1.28,0.561,2.0,0.853,0.374,5.0,2.133,0.936,3.0,1.28,0.561,0.0,0.0,0.0,1.0,0.427,0.187,70.31,3,Box-to-Box / All-rounder,,,,,,,
681,Milad Mohammadi,DEF,IR Iran,IR Iran,3,210,0.0,0.0,0.0,0.0,0.0,0.0,1.0,0.429,0.188,1.0,0.429,0.188,80.0,34.286,15.0,66.0,28.286,12.375,4.0,1.714,0.75,12.0,5.143,2.25,3.0,1.286,0.562,9.0,3.857,1.688,4.0,1.714,0.75,13.0,5.571,2.438,3.0,1.286,0.562,3.0,1.286,0.562,11.0,4.714,2.062,1.0,0.429,0.188,1.0,0.429,0.188,2.0,0.857,0.375,82.5,3,Box-to-Box / All-rounder,,,,,,,
191,Johan Kula Manzambi,MID,Switzerland,Switzerland,4,209,3.0,1.292,0.564,2.0,0.861,0.376,6.0,2.584,1.127,3.0,1.292,0.564,54.0,23.254,10.146,43.0,18.517,8.079,7.0,3.014,1.315,6.0,2.584,1.127,0.0,0.0,0.0,2.0,0.861,0.376,2.0,0.861,0.376,1.0,0.431,0.188,2.0,0.861,0.376,1.0,0.431,0.188,16.0,6.89,3.006,3.0,1.292,0.564,3.0,1.292,0.564,1.0,0.431,0.188,79.63,2,Finisher / Goal Scorer,,,,,,,
815,Darwin Gabriel Nunez,FWD,Uruguay,Uruguay,3,209,0.0,0.0,0.0,0.0,0.0,0.0,2.0,0.861,0.376,0.0,0.0,0.0,25.0,10.766,4.697,20.0,8.612,3.758,3.0,1.292,0.564,3.0,1.292,0.564,2.0,0.861,0.376,0.0,0.0,0.0,0.0,0.0,0.0,4.0,1.722,0.752,4.0,1.722,0.752,4.0,1.722,0.752,3.0,1.292,0.564,1.0,0.431,0.188,1.0,0.431,0.188,2.0,0.861,0.376,80.0,3,Box-to-Box / All-rounder,,,,,,,
1181,Ante Budimir,FWD,Croatia,Croatia,3,208,1.0,0.433,0.188,0.0,0.0,0.0,3.0,1.298,0.565,1.0,0.433,0.188,10.0,4.327,1.883,6.0,2.596,1.13,0.0,0.0,0.0,4.0,1.731,0.753,0.0,0.0,0.0,1.0,0.433,0.188,2.0,0.865,0.377,2.0,0.865,0.377,7.0,3.029,1.318,7.0,3.029,1.318,1.0,0.433,0.188,6.0,2.596,1.13,4.0,1.731,0.753,0.0,0.0,0.0,60.0,3,Box-to-Box / All-rounder,,,,,,,
619,Mohamed Amine Ben Hmida,DEF,Tunisia,Tunisia,3,207,0.0,0.0,0.0,0.0,0.0,0.0,0.0,0.0,0.0,0.0,0.0,0.0,98.0,42.609,18.491,81.0,35.217,15.283,0.0,0.0,0.0,15.0,6.522,2.83,5.0,2.174,0.943,19.0,8.261,3.585,8.0,3.478,1.509,16.0,6.957,3.019,1.0,0.435,0.189,1.0,0.435,0.189,4.0,1.739,0.755,3.0,1.304,0.566,1.0,0.435,0.189,0.0,0.0,0.0,82.65,0,Ball Progressor,,,,,,,
831,Juan Manuel Sanabria,MID,Uruguay,Uruguay,3,207,0.0,0.0,0.0,0.0,0.0,0.0,3.0,1.304,0.566,0.0,0.0,0.0,103.0,44.783,19.434,89.0,38.696,16.792,12.0,5.217,2.264,12.0,5.217,2.264,4.0,1.739,0.755,8.0,3.478,1.509,4.0,1.739,0.755,12.0,5.217,2.264,1.0,0.435,0.189,1.0,0.435,0.189,1.0,0.435,0.189,1.0,0.435,0.189,0.0,0.0,0.0,1.0,0.435,0.189,86.41,3,Box-to-Box / All-rounder,,,,,,,
326,Sebastian Matthew Berhalter,MID,USA,USA,5,206,1.0,0.437,0.189,1.0,0.437,0.189,3.0,1.311,0.567,1.0,0.437,0.189,136.0,59.417,25.714,114.0,49.806,21.555,9.0,3.932,1.702,9.0,3.932,1.702,3.0,1.311,0.567,8.0,3.495,1.513,5.0,2.184,0.945,13.0,5.68,2.458,7.0,3.058,1.324,6.0,2.621,1.134,2.0,0.874,0.378,5.0,2.184,0.945,6.0,2.621,1.134,0.0,0.0,0.0,83.82,0,Ball Progressor,,,,,,,
1051,João Joao Felix,FWD,Portugal,Portugal,3,204,0.0,0.0,0.0,0.0,0.0,0.0,6.0,2.647,1.139,1.0,0.441,0.19,60.0,26.471,11.392,47.0,20.735,8.924,4.0,1.765,0.759,15.0,6.618,2.848,1.0,0.441,0.19,0.0,0.0,0.0,8.0,3.529,1.519,7.0,3.088,1.329,3.0,1.324,0.57,2.0,0.882,0.38,15.0,6.618,2.848,3.0,1.324,0.57,6.0,2.647,1.139,0.0,0.0,0.0,78.33,1,Playmaker / Chance Creator,,,,,,,
113,Cyle Christopher Larin,FWD,Canada,Canada,4,202,2.0,0.891,0.381,0.0,0.0,0.0,9.0,4.01,1.716,4.0,1.782,0.763,23.0,10.248,4.386,20.0,8.911,3.814,0.0,0.0,0.0,3.0,1.337,0.572,1.0,0.446,0.191,1.0,0.446,0.191,0.0,0.0,0.0,1.0,0.446,0.191,5.0,2.228,0.953,3.0,1.337,0.572,2.0,0.891,0.381,5.0,2.228,0.953,1.0,0.446,0.191,3.0,1.337,0.572,86.96,2,Finisher / Goal Scorer,,,,,,,
534,Tijjani Martinus Jan Reijnders,MID,Netherlands,Netherlands,3,201,0.0,0.0,0.0,0.0,0.0,0.0,4.0,1.791,0.764,2.0,0.896,0.382,67.0,30.0,12.803,53.0,23.731,10.127,15.0,6.716,2.866,3.0,1.343,0.573,1.0,0.448,0.191,0.0,0.0,0.0,3.0,1.343,0.573,4.0,1.791,0.764,0.0,0.0,0.0,0.0,0.0,0.0,2.0,0.896,0.382,0.0,0.0,0.0,3.0,1.343,0.573,1.0,0.448,0.191,79.1,1,Playmaker / Chance Creator,,,,,,,
995,Marko Arnautovic,FWD,Austria,Austria,4,201,2.0,0.896,0.382,0.0,0.0,0.0,3.0,1.343,0.573,3.0,1.343,0.573,32.0,14.328,6.115,25.0,11.194,4.777,1.0,0.448,0.191,2.0,0.896,0.382,0.0,0.0,0.0,0.0,0.0,0.0,0.0,0.0,0.0,0.0,0.0,0.0,1.0,0.448,0.191,1.0,0.448,0.191,1.0,0.448,0.191,3.0,1.343,0.573,1.0,0.448,0.191,5.0,2.239,0.955,78.12,2,Finisher / Goal Scorer,,,,,,,
119,Moïse Bombito Bombito,DEF,Canada,Canada,3,201,0.0,0.0,0.0,0.0,0.0,0.0,1.0,0.448,0.191,1.0,0.448,0.191,111.0,49.701,21.21,96.0,42.985,18.344,0.0,0.0,0.0,2.0,0.896,0.382,2.0,0.896,0.382,5.0,2.239,0.955,1.0,0.448,0.191,6.0,2.687,1.146,4.0,1.791,0.764,4.0,1.791,0.764,1.0,0.448,0.191,2.0,0.896,0.382,0.0,0.0,0.0,0.0,0.0,0.0,86.49,3,Box-to-Box / All-rounder,,,,,,,
1211,Elisha Owusu,MID,Ghana,Ghana,3,200,0.0,0.0,0.0,0.0,0.0,0.0,0.0,0.0,0.0,0.0,0.0,0.0,58.0,26.1,11.106,50.0,22.5,9.574,4.0,1.8,0.766,6.0,2.7,1.149,1.0,0.45,0.191,2.0,0.9,0.383,7.0,3.15,1.34,7.0,3.15,1.34,0.0,0.0,0.0,0.0,0.0,0.0,3.0,1.35,0.574,2.0,0.9,0.383,0.0,0.0,0.0,0.0,0.0,0.0,86.21,3,Box-to-Box / All-rounder,,,,,,,
1170,Jarell Amorin Quansah,DEF,England,England,3,200,0.0,0.0,0.0,0.0,0.0,0.0,0.0,0.0,0.0,0.0,0.0,0.0,106.0,47.7,20.298,92.0,41.4,17.617,1.0,0.45,0.191,7.0,3.15,1.34,3.0,1.35,0.574,3.0,1.35,0.574,5.0,2.25,0.957,8.0,3.6,1.532,5.0,2.25,0.957,5.0,2.25,0.957,1.0,0.45,0.191,2.0,0.9,0.383,2.0,0.9,0.383,0.0,0.0,0.0,86.79,3,Box-to-Box / All-rounder,,,,,,,
553,Ao Tanaka,MID,Japan,Japan,3,199,0.0,0.0,0.0,0.0,0.0,0.0,2.0,0.905,0.384,0.0,0.0,0.0,160.0,72.362,30.704,145.0,65.578,27.825,0.0,0.0,0.0,16.0,7.236,3.07,2.0,0.905,0.384,2.0,0.905,0.384,7.0,3.166,1.343,13.0,5.879,2.495,2.0,0.905,0.384,2.0,0.905,0.384,5.0,2.261,0.959,6.0,2.714,1.151,2.0,0.905,0.384,0.0,0.0,0.0,90.62,0,Ball Progressor,,,,,,,
262,Carlens Jean Fedlaire Ruby Arcus,DEF,Haiti,Haiti,3,198,0.0,0.0,0.0,0.0,0.0,0.0,0.0,0.0,0.0,0.0,0.0,0.0,61.0,27.727,11.731,54.0,24.545,10.385,2.0,0.909,0.385,8.0,3.636,1.538,2.0,0.909,0.385,5.0,2.273,0.962,2.0,0.909,0.385,7.0,3.182,1.346,1.0,0.455,0.192,0.0,0.0,0.0,1.0,0.455,0.192,5.0,2.273,0.962,3.0,1.364,0.577,2.0,0.909,0.385,88.52,3,Box-to-Box / All-rounder,,,,,,,
388,Paul Michael Junior Okon-Engstler,MID,Australia,Australia,4,198,0.0,0.0,0.0,1.0,0.455,0.192,0.0,0.0,0.0,0.0,0.0,0.0,89.0,40.455,17.115,77.0,35.0,14.808,1.0,0.455,0.192,11.0,5.0,2.115,4.0,1.818,0.769,9.0,4.091,1.731,7.0,3.182,1.346,15.0,6.818,2.885,5.0,2.273,0.962,5.0,2.273,0.962,4.0,1.818,0.769,3.0,1.364,0.577,2.0,0.909,0.385,0.0,0.0,0.0,86.52,0,Ball Progressor,,,,,,,
827,Federico Sebastian Vinas,FWD,Uruguay,Uruguay,3,198,0.0,0.0,0.0,0.0,0.0,0.0,6.0,2.727,1.154,3.0,1.364,0.577,29.0,13.182,5.577,18.0,8.182,3.462,0.0,0.0,0.0,3.0,1.364,0.577,1.0,0.455,0.192,1.0,0.455,0.192,6.0,2.727,1.154,4.0,1.818,0.769,8.0,3.636,1.538,8.0,3.636,1.538,1.0,0.455,0.192,3.0,1.364,0.577,3.0,1.364,0.577,3.0,1.364,0.577,62.07,2,Finisher / Goal Scorer,,,,,,,
1003,Philipp Lienhart,DEF,Austria,Austria,2,198,0.0,0.0,0.0,0.0,0.0,0.0,1.0,0.455,0.192,0.0,0.0,0.0,140.0,63.636,26.923,128.0,58.182,24.615,0.0,0.0,0.0,3.0,1.364,0.577,0.0,0.0,0.0,13.0,5.909,2.5,4.0,1.818,0.769,3.0,1.364,0.577,2.0,0.909,0.385,2.0,0.909,0.385,4.0,1.818,0.769,0.0,0.0,0.0,0.0,0.0,0.0,0.0,0.0,0.0,91.43,3,Box-to-Box / All-rounder,,,,,,,
787,Fahad Musab Aljuwayr,MID,Saudi Arabia,Saudi Arabia,3,197,0.0,0.0,0.0,0.0,0.0,0.0,0.0,0.0,0.0,0.0,0.0,0.0,79.0,36.091,15.225,64.0,29.239,12.334,7.0,3.198,1.349,5.0,2.284,0.964,1.0,0.457,0.193,0.0,0.0,0.0,1.0,0.457,0.193,3.0,1.371,0.578,0.0,0.0,0.0,0.0,0.0,0.0,4.0,1.827,0.771,1.0,0.457,0.193,1.0,0.457,0.193,2.0,0.914,0.385,81.01,3,Box-to-Box / All-rounder,,,,,,,
1025,Burhan Shehadeh Odeh Fakhoury,FWD,Jordan,Jordan,3,197,0.0,0.0,0.0,0.0,0.0,0.0,2.0,0.914,0.385,1.0,0.457,0.193,21.0,9.594,4.047,17.0,7.766,3.276,1.0,0.457,0.193,4.0,1.827,0.771,2.0,0.914,0.385,0.0,0.0,0.0,2.0,0.914,0.385,4.0,1.827,0.771,1.0,0.457,0.193,1.0,0.457,0.193,4.0,1.827,0.771,2.0,0.914,0.385,3.0,1.371,0.578,1.0,0.457,0.193,80.95,3,Box-to-Box / All-rounder,,,,,,,
280,Frantzdy Pierrot,FWD,Haiti,Haiti,3,195,0.0,0.0,0.0,0.0,0.0,0.0,3.0,1.385,0.581,1.0,0.462,0.194,17.0,7.846,3.29,13.0,6.0,2.516,0.0,0.0,0.0,0.0,0.0,0.0,0.0,0.0,0.0,4.0,1.846,0.774,1.0,0.462,0.194,1.0,0.462,0.194,9.0,4.154,1.742,8.0,3.692,1.548,2.0,0.923,0.387,5.0,2.308,0.968,4.0,1.846,0.774,2.0,0.923,0.387,76.47,3,Box-to-Box / All-rounder,,,,,,,
639,Thomas Andre Meunier,DEF,Belgium,Belgium,3,195,0.0,0.0,0.0,1.0,0.462,0.194,2.0,0.923,0.387,1.0,0.462,0.194,116.0,53.538,22.452,98.0,45.231,18.968,8.0,3.692,1.548,6.0,2.769,1.161,0.0,0.0,0.0,15.0,6.923,2.903,6.0,2.769,1.161,17.0,7.846,3.29,8.0,3.692,1.548,8.0,3.692,1.548,5.0,2.308,0.968,9.0,4.154,1.742,0.0,0.0,0.0,0.0,0.0,0.0,84.48,0,Ball Progressor,,,,,,,
856,Mathis Rayan Cherki,MID,France,France,7,195,0.0,0.0,0.0,0.0,0.0,0.0,1.0,0.462,0.194,1.0,0.462,0.194,104.0,48.0,20.129,89.0,41.077,17.226,3.0,1.385,0.581,3.0,1.385,0.581,1.0,0.462,0.194,0.0,0.0,0.0,2.0,0.923,0.387,2.0,0.923,0.387,0.0,0.0,0.0,0.0,0.0,0.0,6.0,2.769,1.161,2.0,0.923,0.387,2.0,0.923,0.387,0.0,0.0,0.0,85.58,3,Box-to-Box / All-rounder,,,,,,,
864,Ismaila Pathe Ciss,MID,Senegal,Senegal,4,195,0.0,0.0,0.0,0.0,0.0,0.0,2.0,0.923,0.387,1.0,0.462,0.194,139.0,64.154,26.903,128.0,59.077,24.774,0.0,0.0,0.0,2.0,0.923,0.387,4.0,1.846,0.774,11.0,5.077,2.129,8.0,3.692,1.548,12.0,5.538,2.323,2.0,0.923,0.387,2.0,0.923,0.387,3.0,1.385,0.581,1.0,0.462,0.194,0.0,0.0,0.0,0.0,0.0,0.0,92.09,0,Ball Progressor,,,,,,,
898,Aamar Iqbal Zidane,MID,Iraq,Iraq,3,195,0.0,0.0,0.0,0.0,0.0,0.0,0.0,0.0,0.0,0.0,0.0,0.0,128.0,59.077,24.774,118.0,54.462,22.839,1.0,0.462,0.194,9.0,4.154,1.742,0.0,0.0,0.0,1.0,0.462,0.194,3.0,1.385,0.581,1.0,0.462,0.194,1.0,0.462,0.194,0.0,0.0,0.0,8.0,3.692,1.548,1.0,0.462,0.194,2.0,0.923,0.387,0.0,0.0,0.0,92.19,3,Box-to-Box / All-rounder,,,,,,,
96,Michal Sadilek,MID,Czechia,Czechia,3,194,1.0,0.464,0.194,0.0,0.0,0.0,7.0,3.247,1.358,3.0,1.392,0.582,84.0,38.969,16.293,69.0,32.01,13.384,11.0,5.103,2.134,6.0,2.784,1.164,3.0,1.392,0.582,1.0,0.464,0.194,2.0,0.928,0.388,6.0,2.784,1.164,0.0,0.0,0.0,0.0,0.0,0.0,0.0,0.0,0.0,0.0,0.0,0.0,3.0,1.392,0.582,0.0,0.0,0.0,82.14,1,Playmaker / Chance Creator,,,,,,,
733,Marcos Llorente,DEF,Spain,Spain,3,194,0.0,0.0,0.0,1.0,0.464,0.194,0.0,0.0,0.0,0.0,0.0,0.0,152.0,70.515,29.483,142.0,65.876,27.543,6.0,2.784,1.164,11.0,5.103,2.134,0.0,0.0,0.0,3.0,1.392,0.582,2.0,0.928,0.388,6.0,2.784,1.164,0.0,0.0,0.0,0.0,0.0,0.0,2.0,0.928,0.388,2.0,0.928,0.388,1.0,0.464,0.194,0.0,0.0,0.0,93.42,3,Box-to-Box / All-rounder,,,,,,,
804,Saad Moteb Alharbi,DEF,Saudi Arabia,Saudi Arabia,3,194,0.0,0.0,0.0,0.0,0.0,0.0,0.0,0.0,0.0,0.0,0.0,0.0,77.0,35.722,14.935,57.0,26.443,11.056,2.0,0.928,0.388,1.0,0.464,0.194,5.0,2.32,0.97,9.0,4.175,1.746,4.0,1.856,0.776,9.0,4.175,1.746,2.0,0.928,0.388,2.0,0.928,0.388,4.0,1.856,0.776,0.0,0.0,0.0,4.0,1.856,0.776,0.0,0.0,0.0,74.03,3,Box-to-Box / All-rounder,,,,,,,
1174,Joško Gvardiol,DEF,Croatia,Croatia,4,194,0.0,0.0,0.0,0.0,0.0,0.0,1.0,0.464,0.194,0.0,0.0,0.0,89.0,41.289,17.263,77.0,35.722,14.935,0.0,0.0,0.0,4.0,1.856,0.776,2.0,0.928,0.388,7.0,3.247,1.358,5.0,2.32,0.97,7.0,3.247,1.358,1.0,0.464,0.194,1.0,0.464,0.194,4.0,1.856,0.776,2.0,0.928,0.388,3.0,1.392,0.582,0.0,0.0,0.0,86.52,3,Box-to-Box / All-rounder,,,,,,,
1083,Cedric Bakambu,FWD,Congo DR,Congo DR,3,193,0.0,0.0,0.0,0.0,0.0,0.0,3.0,1.399,0.583,0.0,0.0,0.0,23.0,10.725,4.471,16.0,7.461,3.11,1.0,0.466,0.194,3.0,1.399,0.583,0.0,0.0,0.0,1.0,0.466,0.194,2.0,0.933,0.389,2.0,0.933,0.389,7.0,3.264,1.361,7.0,3.264,1.361,3.0,1.399,0.583,2.0,0.933,0.389,1.0,0.466,0.194,4.0,1.865,0.778,69.57,3,Box-to-Box / All-rounder,,,,,,,
953,Giuliano Simeone,FWD,Argentina,Argentina,3,193,0.0,0.0,0.0,0.0,0.0,0.0,1.0,0.466,0.194,0.0,0.0,0.0,82.0,38.238,15.94,70.0,32.642,13.607,6.0,2.798,1.166,8.0,3.731,1.555,1.0,0.466,0.194,2.0,0.933,0.389,6.0,2.798,1.166,10.0,4.663,1.944,4.0,1.865,0.778,4.0,1.865,0.778,4.0,1.865,0.778,9.0,4.197,1.749,1.0,0.466,0.194,1.0,0.466,0.194,85.37,3,Box-to-Box / All-rounder,,,,,,,
93,Pavel Sulc,FWD,Czechia,Czechia,3,192,0.0,0.0,0.0,0.0,0.0,0.0,2.0,0.938,0.39,0.0,0.0,0.0,51.0,23.906,9.935,39.0,18.281,7.597,1.0,0.469,0.195,7.0,3.281,1.364,1.0,0.469,0.195,3.0,1.406,0.584,5.0,2.344,0.974,7.0,3.281,1.364,3.0,1.406,0.584,3.0,1.406,0.584,7.0,3.281,1.364,2.0,0.938,0.39,1.0,0.469,0.195,1.0,0.469,0.195,76.47,3,Box-to-Box / All-rounder,,,,,,,
1183,Nikola Vlasic,MID,Croatia,Croatia,3,192,1.0,0.469,0.195,0.0,0.0,0.0,3.0,1.406,0.584,1.0,0.469,0.195,40.0,18.75,7.792,33.0,15.469,6.429,3.0,1.406,0.584,14.0,6.562,2.727,0.0,0.0,0.0,3.0,1.406,0.584,4.0,1.875,0.779,5.0,2.344,0.974,3.0,1.406,0.584,2.0,0.938,0.39,2.0,0.938,0.39,5.0,2.344,0.974,0.0,0.0,0.0,2.0,0.938,0.39,82.5,3,Box-to-Box / All-rounder,,,,,,,
568,Takehiro Tomiyasu,DEF,Japan,Japan,3,191,0.0,0.0,0.0,0.0,0.0,0.0,1.0,0.471,0.195,0.0,0.0,0.0,127.0,59.843,24.794,109.0,51.361,21.28,1.0,0.471,0.195,4.0,1.885,0.781,2.0,0.942,0.39,13.0,6.126,2.538,5.0,2.356,0.976,13.0,6.126,2.538,7.0,3.298,1.367,7.0,3.298,1.367,2.0,0.942,0.39,5.0,2.356,0.976,2.0,0.942,0.39,0.0,0.0,0.0,85.83,0,Ball Progressor,,,,,,,
1110,Abdulla Abdullaev,DEF,Uzbekistan,Uzbekistan,2,191,0.0,0.0,0.0,0.0,0.0,0.0,0.0,0.0,0.0,0.0,0.0,0.0,72.0,33.927,14.056,65.0,30.628,12.69,0.0,0.0,0.0,7.0,3.298,1.367,0.0,0.0,0.0,17.0,8.01,3.319,7.0,3.298,1.367,8.0,3.77,1.562,0.0,0.0,0.0,0.0,0.0,0.0,2.0,0.942,0.39,5.0,2.356,0.976,1.0,0.471,0.195,0.0,0.0,0.0,90.28,3,Box-to-Box / All-rounder,,,,,,,
1116,Behruzjon Karimov,DEF,Uzbekistan,Uzbekistan,2,191,0.0,0.0,0.0,0.0,0.0,0.0,2.0,0.942,0.39,0.0,0.0,0.0,55.0,25.916,10.738,43.0,20.262,8.395,2.0,0.942,0.39,11.0,5.183,2.148,3.0,1.414,0.586,6.0,2.827,1.171,5.0,2.356,0.976,8.0,3.77,1.562,0.0,0.0,0.0,0.0,0.0,0.0,10.0,4.712,1.952,8.0,3.77,1.562,4.0,1.885,0.781,0.0,0.0,0.0,78.18,3,Box-to-Box / All-rounder,,,,,,,
259,Redouane Halhal,DEF,Morocco,Morocco,2,191,0.0,0.0,0.0,0.0,0.0,0.0,0.0,0.0,0.0,0.0,0.0,0.0,119.0,56.073,23.232,113.0,53.246,22.061,0.0,0.0,0.0,4.0,1.885,0.781,2.0,0.942,0.39,6.0,2.827,1.171,1.0,0.471,0.195,5.0,2.356,0.976,9.0,4.241,1.757,7.0,3.298,1.367,3.0,1.414,0.586,3.0,1.414,0.586,5.0,2.356,0.976,1.0,0.471,0.195,94.96,3,Box-to-Box / All-rounder,,,,,,,
281,Josue Jeremie Casimir,FWD,Haiti,Haiti,3,189,0.0,0.0,0.0,0.0,0.0,0.0,1.0,0.476,0.196,0.0,0.0,0.0,52.0,24.762,10.196,43.0,20.476,8.431,2.0,0.952,0.392,7.0,3.333,1.373,0.0,0.0,0.0,1.0,0.476,0.196,4.0,1.905,0.784,0.0,0.0,0.0,3.0,1.429,0.588,3.0,1.429,0.588,6.0,2.857,1.176,4.0,1.905,0.784,4.0,1.905,0.784,0.0,0.0,0.0,82.69,3,Box-to-Box / All-rounder,,,,,,,
308,Nathan Kenneth Patterson,DEF,Scotland,Scotland,3,189,0.0,0.0,0.0,0.0,0.0,0.0,0.0,0.0,0.0,0.0,0.0,0.0,109.0,51.905,21.373,94.0,44.762,18.431,2.0,0.952,0.392,9.0,4.286,1.765,3.0,1.429,0.588,4.0,1.905,0.784,3.0,1.429,0.588,8.0,3.81,1.569,1.0,0.476,0.196,1.0,0.476,0.196,4.0,1.905,0.784,2.0,0.952,0.392,0.0,0.0,0.0,0.0,0.0,0.0,86.24,3,Box-to-Box / All-rounder,,,,,,,
999,Michael Gregoritsch,FWD,Austria,Austria,3,189,0.0,0.0,0.0,0.0,0.0,0.0,1.0,0.476,0.196,0.0,0.0,0.0,29.0,13.81,5.686,20.0,9.524,3.922,0.0,0.0,0.0,2.0,0.952,0.392,0.0,0.0,0.0,3.0,1.429,0.588,6.0,2.857,1.176,7.0,3.333,1.373,8.0,3.81,1.569,8.0,3.81,1.569,0.0,0.0,0.0,1.0,0.476,0.196,1.0,0.476,0.196,2.0,0.952,0.392,68.97,3,Box-to-Box / All-rounder,,,,,,,
579,Lucas Erik Holger Bergvall,MID,Sweden,Sweden,4,188,0.0,0.0,0.0,0.0,0.0,0.0,2.0,0.957,0.393,0.0,0.0,0.0,88.0,42.128,17.293,80.0,38.298,15.721,2.0,0.957,0.393,7.0,3.351,1.376,2.0,0.957,0.393,5.0,2.394,0.983,1.0,0.479,0.197,6.0,2.872,1.179,2.0,0.957,0.393,2.0,0.957,0.393,4.0,1.915,0.786,7.0,3.351,1.376,4.0,1.915,0.786,0.0,0.0,0.0,90.91,3,Box-to-Box / All-rounder,,,,,,,
241,Chemsdine Talbi,MID,Morocco,Morocco,5,187,0.0,0.0,0.0,0.0,0.0,0.0,2.0,0.963,0.394,0.0,0.0,0.0,54.0,25.989,10.635,47.0,22.62,9.256,9.0,4.332,1.772,2.0,0.963,0.394,1.0,0.481,0.197,2.0,0.963,0.394,6.0,2.888,1.182,5.0,2.406,0.985,1.0,0.481,0.197,1.0,0.481,0.197,9.0,4.332,1.772,0.0,0.0,0.0,1.0,0.481,0.197,0.0,0.0,0.0,87.04,3,Box-to-Box / All-rounder,,,,,,,
811,Manuel Ugarte,MID,Uruguay,Uruguay,3,187,0.0,0.0,0.0,0.0,0.0,0.0,3.0,1.444,0.591,1.0,0.481,0.197,136.0,65.455,26.783,118.0,56.791,23.239,0.0,0.0,0.0,10.0,4.813,1.969,4.0,1.925,0.788,6.0,2.888,1.182,5.0,2.406,0.985,10.0,4.813,1.969,1.0,0.481,0.197,1.0,0.481,0.197,3.0,1.444,0.591,1.0,0.481,0.197,0.0,0.0,0.0,0.0,0.0,0.0,86.76,3,Box-to-Box / All-rounder,,,,,,,
278,Wilson Isidor,FWD,Haiti,Haiti,3,186,1.0,0.484,0.197,0.0,0.0,0.0,5.0,2.419,0.987,2.0,0.968,0.395,21.0,10.161,4.145,18.0,8.71,3.553,0.0,0.0,0.0,3.0,1.452,0.592,0.0,0.0,0.0,1.0,0.484,0.197,5.0,2.419,0.987,4.0,1.935,0.789,5.0,2.419,0.987,5.0,2.419,0.987,2.0,0.968,0.395,3.0,1.452,0.592,2.0,0.968,0.395,1.0,0.484,0.197,85.71,3,Box-to-Box / All-rounder,,,,,,,
303,Ben Gannon Gannon-Doak,FWD,Scotland,Scotland,3,186,0.0,0.0,0.0,0.0,0.0,0.0,4.0,1.935,0.789,0.0,0.0,0.0,52.0,25.161,10.263,47.0,22.742,9.276,7.0,3.387,1.382,3.0,1.452,0.592,2.0,0.968,0.395,1.0,0.484,0.197,3.0,1.452,0.592,4.0,1.935,0.789,0.0,0.0,0.0,0.0,0.0,0.0,10.0,4.839,1.974,3.0,1.452,0.592,1.0,0.484,0.197,0.0,0.0,0.0,90.38,3,Box-to-Box / All-rounder,,,,,,,
385,Cameron Robert Burgess,DEF,Australia,Australia,2,186,0.0,0.0,0.0,0.0,0.0,0.0,0.0,0.0,0.0,0.0,0.0,0.0,56.0,27.097,11.053,45.0,21.774,8.882,0.0,0.0,0.0,7.0,3.387,1.382,0.0,0.0,0.0,7.0,3.387,1.382,3.0,1.452,0.592,9.0,4.355,1.776,5.0,2.419,0.987,5.0,2.419,0.987,1.0,0.484,0.197,0.0,0.0,0.0,0.0,0.0,0.0,0.0,0.0,0.0,80.36,3,Box-to-Box / All-rounder,,,,,,,
602,Omar Rekik,DEF,Tunisia,Tunisia,2,186,1.0,0.484,0.197,0.0,0.0,0.0,1.0,0.484,0.197,1.0,0.484,0.197,93.0,45.0,18.355,77.0,37.258,15.197,2.0,0.968,0.395,5.0,2.419,0.987,2.0,0.968,0.395,12.0,5.806,2.368,6.0,2.903,1.184,6.0,2.903,1.184,3.0,1.452,0.592,3.0,1.452,0.592,3.0,1.452,0.592,0.0,0.0,0.0,1.0,0.484,0.197,1.0,0.484,0.197,82.8,3,Box-to-Box / All-rounder,,,,,,,
1069,Steve Nkanu Kapuadi,DEF,Congo DR,Congo DR,2,186,0.0,0.0,0.0,0.0,0.0,0.0,1.0,0.484,0.197,0.0,0.0,0.0,55.0,26.613,10.855,46.0,22.258,9.079,0.0,0.0,0.0,2.0,0.968,0.395,2.0,0.968,0.395,5.0,2.419,0.987,4.0,1.935,0.789,4.0,1.935,0.789,1.0,0.484,0.197,1.0,0.484,0.197,1.0,0.484,0.197,2.0,0.968,0.395,0.0,0.0,0.0,0.0,0.0,0.0,83.64,3,Box-to-Box / All-rounder,,,,,,,
143,Ivan Basic,MID,Bosnia and Herzegovina,Bosnia and Herzegovina,3,185,0.0,0.0,0.0,1.0,0.486,0.198,4.0,1.946,0.791,0.0,0.0,0.0,104.0,50.595,20.571,96.0,46.703,18.989,12.0,5.838,2.374,6.0,2.919,1.187,1.0,0.486,0.198,2.0,0.973,0.396,4.0,1.946,0.791,4.0,1.946,0.791,1.0,0.486,0.198,1.0,0.486,0.198,3.0,1.459,0.593,2.0,0.973,0.396,3.0,1.459,0.593,0.0,0.0,0.0,92.31,1,Playmaker / Chance Creator,,,,,,,
291,Grant Campbell Hanley,DEF,Scotland,Scotland,2,185,0.0,0.0,0.0,0.0,0.0,0.0,0.0,0.0,0.0,0.0,0.0,0.0,101.0,49.135,19.978,94.0,45.73,18.593,0.0,0.0,0.0,1.0,0.486,0.198,1.0,0.486,0.198,8.0,3.892,1.582,6.0,2.919,1.187,10.0,4.865,1.978,5.0,2.432,0.989,5.0,2.432,0.989,0.0,0.0,0.0,1.0,0.486,0.198,0.0,0.0,0.0,1.0,0.486,0.198,93.07,3,Box-to-Box / All-rounder,,,,,,,
129,Nathan-Dylan Saliba,MID,Canada,Canada,3,185,1.0,0.486,0.198,1.0,0.486,0.198,3.0,1.459,0.593,1.0,0.486,0.198,93.0,45.243,18.396,79.0,38.432,15.626,4.0,1.946,0.791,11.0,5.351,2.176,2.0,0.973,0.396,6.0,2.919,1.187,5.0,2.432,0.989,14.0,6.811,2.769,3.0,1.459,0.593,3.0,1.459,0.593,6.0,2.919,1.187,5.0,2.432,0.989,2.0,0.973,0.396,0.0,0.0,0.0,84.95,1,Playmaker / Chance Creator,,,,,,,
151,Stjepan Radeljic,DEF,Bosnia and Herzegovina,Bosnia and Herzegovina,2,185,0.0,0.0,0.0,0.0,0.0,0.0,1.0,0.486,0.198,0.0,0.0,0.0,153.0,74.432,30.264,137.0,66.649,27.099,0.0,0.0,0.0,3.0,1.459,0.593,3.0,1.459,0.593,7.0,3.405,1.385,5.0,2.432,0.989,9.0,4.378,1.78,1.0,0.486,0.198,1.0,0.486,0.198,1.0,0.486,0.198,1.0,0.486,0.198,3.0,1.459,0.593,0.0,0.0,0.0,89.54,3,Box-to-Box / All-rounder,,,,,,,
431,Nico Cédric Schlotterbeck,DEF,Germany,Germany,2,184,1.0,0.489,0.198,0.0,0.0,0.0,2.0,0.978,0.396,2.0,0.978,0.396,123.0,60.163,24.383,110.0,53.804,21.806,0.0,0.0,0.0,8.0,3.913,1.586,7.0,3.424,1.388,7.0,3.424,1.388,5.0,2.446,0.991,11.0,5.38,2.181,8.0,3.913,1.586,8.0,3.913,1.586,3.0,1.467,0.595,2.0,0.978,0.396,1.0,0.489,0.198,0.0,0.0,0.0,89.43,0,Ball Progressor,,,,,,,
689,Mohammadhossein Kanani,DEF,IR Iran,IR Iran,2,184,0.0,0.0,0.0,0.0,0.0,0.0,1.0,0.489,0.198,1.0,0.489,0.198,34.0,16.63,6.74,33.0,16.141,6.542,0.0,0.0,0.0,3.0,1.467,0.595,1.0,0.489,0.198,9.0,4.402,1.784,7.0,3.424,1.388,6.0,2.935,1.189,2.0,0.978,0.396,2.0,0.978,0.396,2.0,0.978,0.396,1.0,0.489,0.198,0.0,0.0,0.0,0.0,0.0,0.0,97.06,3,Box-to-Box / All-rounder,,,,,,,
657,Ahmed Ibrahim Trezeguet,FWD,Egypt,Egypt,4,184,1.0,0.489,0.198,0.0,0.0,0.0,8.0,3.913,1.586,3.0,1.467,0.595,81.0,39.62,16.057,68.0,33.261,13.48,3.0,1.467,0.595,5.0,2.446,0.991,2.0,0.978,0.396,6.0,2.935,1.189,5.0,2.446,0.991,3.0,1.467,0.595,1.0,0.489,0.198,1.0,0.489,0.198,11.0,5.38,2.181,3.0,1.467,0.595,2.0,0.978,0.396,0.0,0.0,0.0,83.95,1,Playmaker / Chance Creator,,,,,,,
1219,Derrick Luckassen,DEF,Ghana,Ghana,2,184,1.0,0.489,0.198,0.0,0.0,0.0,1.0,0.489,0.198,1.0,0.489,0.198,125.0,61.141,24.78,109.0,53.315,21.608,0.0,0.0,0.0,3.0,1.467,0.595,2.0,0.978,0.396,8.0,3.913,1.586,3.0,1.467,0.595,8.0,3.913,1.586,6.0,2.935,1.189,6.0,2.935,1.189,0.0,0.0,0.0,1.0,0.489,0.198,2.0,0.978,0.396,0.0,0.0,0.0,87.2,3,Box-to-Box / All-rounder,,,,,,,
88,Patrik Schick,FWD,Czechia,Czechia,3,183,0.0,0.0,0.0,0.0,0.0,0.0,2.0,0.984,0.397,1.0,0.492,0.199,28.0,13.77,5.563,24.0,11.803,4.768,0.0,0.0,0.0,4.0,1.967,0.795,0.0,0.0,0.0,1.0,0.492,0.199,1.0,0.492,0.199,2.0,0.984,0.397,4.0,1.967,0.795,4.0,1.967,0.795,3.0,1.475,0.596,1.0,0.492,0.199,3.0,1.475,0.596,0.0,0.0,0.0,85.71,3,Box-to-Box / All-rounder,,,,,,,
883,El Hadji Malick Diouf,DEF,Senegal,Senegal,3,182,0.0,0.0,0.0,0.0,0.0,0.0,0.0,0.0,0.0,0.0,0.0,0.0,89.0,44.011,17.721,74.0,36.593,14.735,9.0,4.451,1.792,9.0,4.451,1.792,3.0,1.484,0.597,13.0,6.429,2.588,5.0,2.473,0.996,10.0,4.945,1.991,4.0,1.978,0.796,3.0,1.484,0.597,1.0,0.495,0.199,2.0,0.989,0.398,0.0,0.0,0.0,0.0,0.0,0.0,83.15,0,Ball Progressor,,,,,,,
393,Merih Demiral,DEF,Türkiye,Türkiye,2,181,0.0,0.0,0.0,0.0,0.0,0.0,6.0,2.983,1.197,2.0,0.994,0.399,124.0,61.657,24.745,119.0,59.171,23.747,1.0,0.497,0.2,4.0,1.989,0.798,2.0,0.994,0.399,17.0,8.453,3.392,3.0,1.492,0.599,14.0,6.961,2.794,12.0,5.967,2.395,11.0,5.47,2.195,2.0,0.994,0.399,2.0,0.994,0.399,1.0,0.497,0.2,3.0,1.492,0.599,95.97,0,Ball Progressor,,,,,,,
400,Hakan Calhanoglu,MID,Türkiye,Türkiye,2,181,0.0,0.0,0.0,0.0,0.0,0.0,11.0,5.47,2.195,2.0,0.994,0.399,190.0,94.475,37.916,171.0,85.028,34.124,10.0,4.972,1.996,8.0,3.978,1.596,3.0,1.492,0.599,2.0,0.994,0.399,3.0,1.492,0.599,6.0,2.983,1.197,3.0,1.492,0.599,3.0,1.492,0.599,5.0,2.486,0.998,2.0,0.994,0.399,1.0,0.497,0.2,0.0,0.0,0.0,90.0,1,Playmaker / Chance Creator,,,,,,,
665,Hafez Ramadan Karim Hafez,DEF,Egypt,Egypt,3,181,0.0,0.0,0.0,0.0,0.0,0.0,1.0,0.497,0.2,0.0,0.0,0.0,113.0,56.188,22.55,99.0,49.227,19.756,2.0,0.994,0.399,9.0,4.475,1.796,4.0,1.989,0.798,7.0,3.481,1.397,2.0,0.994,0.399,7.0,3.481,1.397,3.0,1.492,0.599,3.0,1.492,0.599,3.0,1.492,0.599,1.0,0.497,0.2,2.0,0.994,0.399,0.0,0.0,0.0,87.61,3,Box-to-Box / All-rounder,,,,,,,
893,Ibrahim Karim Ali Alhamadi,FWD,Iraq,Iraq,3,181,0.0,0.0,0.0,0.0,0.0,0.0,6.0,2.983,1.197,0.0,0.0,0.0,35.0,17.403,6.984,26.0,12.928,5.188,0.0,0.0,0.0,6.0,2.983,1.197,0.0,0.0,0.0,1.0,0.497,0.2,3.0,1.492,0.599,4.0,1.989,0.798,6.0,2.983,1.197,5.0,2.486,0.998,4.0,1.989,0.798,1.0,0.497,0.2,5.0,2.486,0.998,0.0,0.0,0.0,74.29,3,Box-to-Box / All-rounder,,,,,,,
462,Joshua Benjamin Brenet,DEF,Curaçao,Curaçao,2,181,0.0,0.0,0.0,0.0,0.0,0.0,0.0,0.0,0.0,0.0,0.0,0.0,63.0,31.326,12.572,49.0,24.365,9.778,1.0,0.497,0.2,11.0,5.47,2.195,3.0,1.492,0.599,6.0,2.983,1.197,8.0,3.978,1.596,11.0,5.47,2.195,2.0,0.994,0.399,2.0,0.994,0.399,7.0,3.481,1.397,0.0,0.0,0.0,1.0,0.497,0.2,1.0,0.497,0.2,77.78,3,Box-to-Box / All-rounder,,,,,,,
1018,Ali Mohammad Husam Abudahab,DEF,Jordan,Jordan,2,181,0.0,0.0,0.0,0.0,0.0,0.0,0.0,0.0,0.0,0.0,0.0,0.0,58.0,28.84,11.574,43.0,21.381,8.581,0.0,0.0,0.0,11.0,5.47,2.195,0.0,0.0,0.0,7.0,3.481,1.397,7.0,3.481,1.397,7.0,3.481,1.397,3.0,1.492,0.599,3.0,1.492,0.599,0.0,0.0,0.0,2.0,0.994,0.399,1.0,0.497,0.2,0.0,0.0,0.0,74.14,3,Box-to-Box / All-rounder,,,,,,,
1224,Cesar Rodolfo Blackman,DEF,Panama,Panama,2,180,0.0,0.0,0.0,0.0,0.0,0.0,2.0,1.0,0.4,1.0,0.5,0.2,79.0,39.5,15.8,69.0,34.5,13.8,0.0,0.0,0.0,7.0,3.5,1.4,1.0,0.5,0.2,3.0,1.5,0.6,4.0,2.0,0.8,7.0,3.5,1.4,5.0,2.5,1.0,5.0,2.5,1.0,5.0,2.5,1.0,2.0,1.0,0.4,2.0,1.0,0.4,1.0,0.5,0.2,87.34,3,Box-to-Box / All-rounder,,,,,,,
349,Mauricio Mauricio,MID,Paraguay,Paraguay,4,179,1.0,0.503,0.2,0.0,0.0,0.0,4.0,2.011,0.802,3.0,1.508,0.601,69.0,34.693,13.831,54.0,27.151,10.824,12.0,6.034,2.405,9.0,4.525,1.804,4.0,2.011,0.802,1.0,0.503,0.2,3.0,1.508,0.601,8.0,4.022,1.604,2.0,1.006,0.401,2.0,1.006,0.401,3.0,1.508,0.601,3.0,1.508,0.601,3.0,1.508,0.601,0.0,0.0,0.0,78.26,1,Playmaker / Chance Creator,,,,,,,
970,Houssem-Eddine Chaabane Aouar,MID,Algeria,Algeria,3,178,0.0,0.0,0.0,1.0,0.506,0.201,3.0,1.517,0.603,1.0,0.506,0.201,84.0,42.472,16.875,79.0,39.944,15.871,1.0,0.506,0.201,3.0,1.517,0.603,0.0,0.0,0.0,0.0,0.0,0.0,2.0,1.011,0.402,3.0,1.517,0.603,2.0,1.011,0.402,2.0,1.011,0.402,6.0,3.034,1.205,1.0,0.506,0.201,2.0,1.011,0.402,0.0,0.0,0.0,94.05,3,Box-to-Box / All-rounder,,,,,,,
141,Edin Dzeko,FWD,Bosnia and Herzegovina,Bosnia and Herzegovina,3,177,0.0,0.0,0.0,0.0,0.0,0.0,3.0,1.525,0.604,0.0,0.0,0.0,48.0,24.407,9.664,33.0,16.78,6.644,2.0,1.017,0.403,1.0,0.508,0.201,0.0,0.0,0.0,4.0,2.034,0.805,1.0,0.508,0.201,3.0,1.525,0.604,4.0,2.034,0.805,4.0,2.034,0.805,2.0,1.017,0.403,1.0,0.508,0.201,2.0,1.017,0.403,0.0,0.0,0.0,68.75,3,Box-to-Box / All-rounder,,,,,,,
397,Muhammed Kerem Akturkoglu,FWD,Türkiye,Türkiye,2,176,0.0,0.0,0.0,0.0,0.0,0.0,3.0,1.534,0.605,1.0,0.511,0.202,15.0,7.67,3.027,9.0,4.602,1.816,2.0,1.023,0.404,1.0,0.511,0.202,0.0,0.0,0.0,0.0,0.0,0.0,0.0,0.0,0.0,0.0,0.0,0.0,2.0,1.023,0.404,2.0,1.023,0.404,2.0,1.023,0.404,0.0,0.0,0.0,2.0,1.023,0.404,0.0,0.0,0.0,60.0,3,Box-to-Box / All-rounder,,,,,,,
1057,Alexandre Rafael Leao,FWD,Portugal,Portugal,5,176,1.0,0.511,0.202,0.0,0.0,0.0,4.0,2.045,0.807,1.0,0.511,0.202,82.0,41.932,16.547,71.0,36.307,14.327,8.0,4.091,1.614,1.0,0.511,0.202,2.0,1.023,0.404,1.0,0.511,0.202,3.0,1.534,0.605,3.0,1.534,0.605,0.0,0.0,0.0,0.0,0.0,0.0,28.0,14.318,5.65,1.0,0.511,0.202,2.0,1.023,0.404,0.0,0.0,0.0,86.59,1,Playmaker / Chance Creator,,,,,,,
1235,Jiovany Javier Ramos,DEF,Panama,Panama,2,176,0.0,0.0,0.0,0.0,0.0,0.0,2.0,1.023,0.404,0.0,0.0,0.0,121.0,61.875,24.417,108.0,55.227,21.794,0.0,0.0,0.0,12.0,6.136,2.422,2.0,1.023,0.404,4.0,2.045,0.807,3.0,1.534,0.605,12.0,6.136,2.422,3.0,1.534,0.605,3.0,1.534,0.605,7.0,3.58,1.413,2.0,1.023,0.404,1.0,0.511,0.202,0.0,0.0,0.0,89.26,3,Box-to-Box / All-rounder,,,,,,,
773,Dailon Dailon Livramento,FWD,Cabo Verde,Cabo Verde,3,175,0.0,0.0,0.0,0.0,0.0,0.0,1.0,0.514,0.202,0.0,0.0,0.0,19.0,9.771,3.843,15.0,7.714,3.034,3.0,1.543,0.607,2.0,1.029,0.404,0.0,0.0,0.0,1.0,0.514,0.202,0.0,0.0,0.0,0.0,0.0,0.0,9.0,4.629,1.82,7.0,3.6,1.416,3.0,1.543,0.607,1.0,0.514,0.202,1.0,0.514,0.202,2.0,1.029,0.404,78.95,3,Box-to-Box / All-rounder,,,,,,,
769,Michael Laros Duarte,MID,Cabo Verde,Cabo Verde,4,174,0.0,0.0,0.0,0.0,0.0,0.0,3.0,1.552,0.608,3.0,1.552,0.608,41.0,21.207,8.311,33.0,17.069,6.689,2.0,1.034,0.405,4.0,2.069,0.811,1.0,0.517,0.203,3.0,1.552,0.608,3.0,1.552,0.608,7.0,3.621,1.419,1.0,0.517,0.203,1.0,0.517,0.203,10.0,5.172,2.027,0.0,0.0,0.0,2.0,1.034,0.405,0.0,0.0,0.0,80.49,3,Box-to-Box / All-rounder,,,,,,,
976,Hicham Boudaoui,MID,Algeria,Algeria,3,174,0.0,0.0,0.0,0.0,0.0,0.0,0.0,0.0,0.0,0.0,0.0,0.0,86.0,44.483,17.432,83.0,42.931,16.824,0.0,0.0,0.0,11.0,5.69,2.23,3.0,1.552,0.608,3.0,1.552,0.608,0.0,0.0,0.0,5.0,2.586,1.014,2.0,1.034,0.405,2.0,1.034,0.405,2.0,1.034,0.405,4.0,2.069,0.811,1.0,0.517,0.203,0.0,0.0,0.0,96.51,3,Box-to-Box / All-rounder,,,,,,,
306,Lawrence Shankland,FWD,Scotland,Scotland,2,173,0.0,0.0,0.0,0.0,0.0,0.0,4.0,2.081,0.813,0.0,0.0,0.0,34.0,17.688,6.907,20.0,10.405,4.063,0.0,0.0,0.0,4.0,2.081,0.813,0.0,0.0,0.0,3.0,1.561,0.609,0.0,0.0,0.0,2.0,1.04,0.406,8.0,4.162,1.625,7.0,3.642,1.422,0.0,0.0,0.0,5.0,2.601,1.016,3.0,1.561,0.609,1.0,0.52,0.203,58.82,3,Box-to-Box / All-rounder,,,,,,,
596,Elliot Karl Stroud,DEF,Sweden,Sweden,4,173,0.0,0.0,0.0,0.0,0.0,0.0,1.0,0.52,0.203,0.0,0.0,0.0,49.0,25.491,9.955,38.0,19.769,7.72,6.0,3.121,1.219,3.0,1.561,0.609,0.0,0.0,0.0,4.0,2.081,0.813,3.0,1.561,0.609,3.0,1.561,0.609,1.0,0.52,0.203,1.0,0.52,0.203,6.0,3.121,1.219,3.0,1.561,0.609,1.0,0.52,0.203,0.0,0.0,0.0,77.55,3,Box-to-Box / All-rounder,,,,,,,
185,Silvan Dominic Widmer,DEF,Switzerland,Switzerland,5,173,0.0,0.0,0.0,0.0,0.0,0.0,0.0,0.0,0.0,0.0,0.0,0.0,73.0,37.977,14.831,57.0,29.653,11.58,4.0,2.081,0.813,10.0,5.202,2.032,3.0,1.561,0.609,9.0,4.682,1.828,7.0,3.642,1.422,11.0,5.723,2.235,1.0,0.52,0.203,1.0,0.52,0.203,3.0,1.561,0.609,2.0,1.04,0.406,0.0,0.0,0.0,0.0,0.0,0.0,78.08,3,Box-to-Box / All-rounder,,,,,,,
473,Wilfried Stephane Singo,DEF,Côte d'Ivoire,Côte d'Ivoire,2,172,0.0,0.0,0.0,1.0,0.523,0.204,2.0,1.047,0.407,0.0,0.0,0.0,92.0,48.14,18.733,79.0,41.337,16.086,1.0,0.523,0.204,4.0,2.093,0.814,4.0,2.093,0.814,11.0,5.756,2.24,6.0,3.14,1.222,10.0,5.233,2.036,4.0,2.093,0.814,4.0,2.093,0.814,14.0,7.326,2.851,3.0,1.57,0.611,1.0,0.523,0.204,0.0,0.0,0.0,85.87,0,Ball Progressor,,,,,,,
525,Nathan Benjamin Ake,DEF,Netherlands,Netherlands,3,171,0.0,0.0,0.0,0.0,0.0,0.0,1.0,0.526,0.204,0.0,0.0,0.0,123.0,64.737,25.102,112.0,58.947,22.857,1.0,0.526,0.204,5.0,2.632,1.02,1.0,0.526,0.204,5.0,2.632,1.02,11.0,5.789,2.245,7.0,3.684,1.429,1.0,0.526,0.204,1.0,0.526,0.204,1.0,0.526,0.204,2.0,1.053,0.408,2.0,1.053,0.408,0.0,0.0,0.0,91.06,3,Box-to-Box / All-rounder,,,,,,,
59,Heung Min Son,FWD,Korea Republic,South Korea,3,170,0.0,0.0,0.0,0.0,0.0,0.0,7.0,3.706,1.432,1.0,0.529,0.205,58.0,30.706,11.864,49.0,25.941,10.023,3.0,1.588,0.614,1.0,0.529,0.205,0.0,0.0,0.0,1.0,0.529,0.205,1.0,0.529,0.205,1.0,0.529,0.205,0.0,0.0,0.0,0.0,0.0,0.0,6.0,3.176,1.227,0.0,0.0,0.0,4.0,2.118,0.818,2.0,1.059,0.409,84.48,3,Box-to-Box / All-rounder,,,,,,,
368,Jacob Michael Italiano,DEF,Australia,Australia,2,170,0.0,0.0,0.0,0.0,0.0,0.0,1.0,0.529,0.205,0.0,0.0,0.0,43.0,22.765,8.795,33.0,17.471,6.75,9.0,4.765,1.841,10.0,5.294,2.045,2.0,1.059,0.409,11.0,5.824,2.25,9.0,4.765,1.841,5.0,2.647,1.023,2.0,1.059,0.409,2.0,1.059,0.409,7.0,3.706,1.432,0.0,0.0,0.0,0.0,0.0,0.0,0.0,0.0,0.0,76.74,3,Box-to-Box / All-rounder,,,,,,,
282,Jean-Kévin Duverne,DEF,Haiti,Haiti,2,170,0.0,0.0,0.0,0.0,0.0,0.0,1.0,0.529,0.205,0.0,0.0,0.0,69.0,36.529,14.114,59.0,31.235,12.068,2.0,1.059,0.409,10.0,5.294,2.045,4.0,2.118,0.818,4.0,2.118,0.818,9.0,4.765,1.841,14.0,7.412,2.864,0.0,0.0,0.0,0.0,0.0,0.0,7.0,3.706,1.432,2.0,1.059,0.409,1.0,0.529,0.205,1.0,0.529,0.205,85.51,3,Box-to-Box / All-rounder,,,,,,,
351,Jose Maria Canale,DEF,Paraguay,Paraguay,4,170,0.0,0.0,0.0,0.0,0.0,0.0,0.0,0.0,0.0,0.0,0.0,0.0,27.0,14.294,5.523,18.0,9.529,3.682,1.0,0.529,0.205,6.0,3.176,1.227,1.0,0.529,0.205,13.0,6.882,2.659,7.0,3.706,1.432,11.0,5.824,2.25,2.0,1.059,0.409,2.0,1.059,0.409,0.0,0.0,0.0,1.0,0.529,0.205,2.0,1.059,0.409,0.0,0.0,0.0,66.67,3,Box-to-Box / All-rounder,,,,,,,
243,Soufiane Rahimi,FWD,Morocco,Morocco,6,169,2.0,1.065,0.41,0.0,0.0,0.0,6.0,3.195,1.23,4.0,2.13,0.82,37.0,19.704,7.585,27.0,14.379,5.535,5.0,2.663,1.025,6.0,3.195,1.23,0.0,0.0,0.0,2.0,1.065,0.41,3.0,1.598,0.615,5.0,2.663,1.025,5.0,2.663,1.025,4.0,2.13,0.82,7.0,3.728,1.435,5.0,2.663,1.025,6.0,3.195,1.23,2.0,1.065,0.41,72.97,2,Finisher / Goal Scorer,,,,,,,
861,Kalidou Koulibaly,DEF,Senegal,Senegal,2,168,0.0,0.0,0.0,0.0,0.0,0.0,0.0,0.0,0.0,0.0,0.0,0.0,83.0,44.464,17.055,73.0,39.107,15.0,0.0,0.0,0.0,11.0,5.893,2.26,3.0,1.607,0.616,2.0,1.071,0.411,2.0,1.071,0.411,7.0,3.75,1.438,0.0,0.0,0.0,0.0,0.0,0.0,2.0,1.071,0.411,0.0,0.0,0.0,0.0,0.0,0.0,0.0,0.0,0.0,87.95,3,Box-to-Box / All-rounder,,,,,,,
878,Ibrahim Mbaye,FWD,Senegal,Senegal,4,168,1.0,0.536,0.205,0.0,0.0,0.0,4.0,2.143,0.822,1.0,0.536,0.205,67.0,35.893,13.767,63.0,33.75,12.945,8.0,4.286,1.644,2.0,1.071,0.411,1.0,0.536,0.205,2.0,1.071,0.411,1.0,0.536,0.205,3.0,1.607,0.616,5.0,2.679,1.027,5.0,2.679,1.027,12.0,6.429,2.466,0.0,0.0,0.0,2.0,1.071,0.411,0.0,0.0,0.0,94.03,1,Playmaker / Chance Creator,,,,,,,
445,Juriën Godfried Juan Gaari,DEF,Curaçao,Curaçao,2,168,0.0,0.0,0.0,0.0,0.0,0.0,2.0,1.071,0.411,0.0,0.0,0.0,54.0,28.929,11.096,41.0,21.964,8.425,0.0,0.0,0.0,4.0,2.143,0.822,0.0,0.0,0.0,8.0,4.286,1.644,5.0,2.679,1.027,6.0,3.214,1.233,2.0,1.071,0.411,2.0,1.071,0.411,1.0,0.536,0.205,4.0,2.143,0.822,1.0,0.536,0.205,0.0,0.0,0.0,75.93,3,Box-to-Box / All-rounder,,,,,,,
638,Dodi Lukebakio,FWD,Belgium,Belgium,3,168,0.0,0.0,0.0,0.0,0.0,0.0,7.0,3.75,1.438,1.0,0.536,0.205,55.0,29.464,11.301,44.0,23.571,9.041,7.0,3.75,1.438,3.0,1.607,0.616,0.0,0.0,0.0,0.0,0.0,0.0,6.0,3.214,1.233,2.0,1.071,0.411,3.0,1.607,0.616,3.0,1.607,0.616,17.0,9.107,3.493,1.0,0.536,0.205,2.0,1.071,0.411,0.0,0.0,0.0,80.0,1,Playmaker / Chance Creator,,,,,,,
775,Miguel Nuno Da Costa,MID,Cabo Verde,Cabo Verde,4,167,0.0,0.0,0.0,0.0,0.0,0.0,1.0,0.539,0.206,0.0,0.0,0.0,23.0,12.395,4.737,18.0,9.701,3.707,1.0,0.539,0.206,3.0,1.617,0.618,0.0,0.0,0.0,0.0,0.0,0.0,4.0,2.156,0.824,1.0,0.539,0.206,6.0,3.234,1.236,5.0,2.695,1.03,6.0,3.234,1.236,0.0,0.0,0.0,3.0,1.617,0.618,0.0,0.0,0.0,78.26,3,Box-to-Box / All-rounder,,,,,,,
384,Cristian Volpato,FWD,Australia,Australia,3,167,0.0,0.0,0.0,0.0,0.0,0.0,4.0,2.156,0.824,1.0,0.539,0.206,66.0,35.569,13.593,52.0,28.024,10.709,13.0,7.006,2.677,4.0,2.156,0.824,1.0,0.539,0.206,0.0,0.0,0.0,3.0,1.617,0.618,3.0,1.617,0.618,3.0,1.617,0.618,2.0,1.078,0.412,24.0,12.934,4.943,1.0,0.539,0.206,2.0,1.078,0.412,0.0,0.0,0.0,78.79,1,Playmaker / Chance Creator,,,,,,,
90,Lukáš Cerv,MID,Czechia,Czechia,2,165,0.0,0.0,0.0,0.0,0.0,0.0,3.0,1.636,0.621,2.0,1.091,0.414,42.0,22.909,8.69,36.0,19.636,7.448,1.0,0.545,0.207,5.0,2.727,1.034,0.0,0.0,0.0,7.0,3.818,1.448,5.0,2.727,1.034,7.0,3.818,1.448,0.0,0.0,0.0,0.0,0.0,0.0,5.0,2.727,1.034,3.0,1.636,0.621,3.0,1.636,0.621,0.0,0.0,0.0,85.71,3,Box-to-Box / All-rounder,,,,,,,
87,Adam Hlozek,FWD,Czechia,Czechia,3,164,0.0,0.0,0.0,0.0,0.0,0.0,3.0,1.646,0.622,1.0,0.549,0.207,26.0,14.268,5.392,18.0,9.878,3.733,1.0,0.549,0.207,3.0,1.646,0.622,0.0,0.0,0.0,0.0,0.0,0.0,2.0,1.098,0.415,1.0,0.549,0.207,4.0,2.195,0.829,4.0,2.195,0.829,8.0,4.39,1.659,4.0,2.195,0.829,4.0,2.195,0.829,0.0,0.0,0.0,69.23,3,Box-to-Box / All-rounder,,,,,,,
392,Mehmet Zeki Celik,DEF,Türkiye,Türkiye,2,164,0.0,0.0,0.0,0.0,0.0,0.0,1.0,0.549,0.207,1.0,0.549,0.207,79.0,43.354,16.382,70.0,38.415,14.516,1.0,0.549,0.207,8.0,4.39,1.659,1.0,0.549,0.207,9.0,4.939,1.866,4.0,2.195,0.829,6.0,3.293,1.244,5.0,2.744,1.037,5.0,2.744,1.037,3.0,1.646,0.622,1.0,0.549,0.207,0.0,0.0,0.0,0.0,0.0,0.0,88.61,3,Box-to-Box / All-rounder,,,,,,,
722,Mc,MID,New Zealand,New Zealand,3,164,0.0,0.0,0.0,0.0,0.0,0.0,4.0,2.195,0.829,3.0,1.646,0.622,93.0,51.037,19.286,78.0,42.805,16.175,2.0,1.098,0.415,9.0,4.939,1.866,2.0,1.098,0.415,1.0,0.549,0.207,1.0,0.549,0.207,5.0,2.744,1.037,4.0,2.195,0.829,4.0,2.195,0.829,2.0,1.098,0.415,4.0,2.195,0.829,1.0,0.549,0.207,0.0,0.0,0.0,83.87,3,Box-to-Box / All-rounder,,,,,,,
887,Haydar Hussein Hussein,DEF,Iraq,Iraq,2,164,0.0,0.0,0.0,0.0,0.0,0.0,1.0,0.549,0.207,0.0,0.0,0.0,40.0,21.951,8.295,32.0,17.561,6.636,2.0,1.098,0.415,4.0,2.195,0.829,1.0,0.549,0.207,6.0,3.293,1.244,4.0,2.195,0.829,4.0,2.195,0.829,1.0,0.549,0.207,1.0,0.549,0.207,3.0,1.646,0.622,1.0,0.549,0.207,0.0,0.0,0.0,1.0,0.549,0.207,80.0,3,Box-to-Box / All-rounder,,,,,,,
41,Iqraam Rayners,FWD,South Africa,South Africa,4,163,0.0,0.0,0.0,0.0,0.0,0.0,1.0,0.552,0.208,0.0,0.0,0.0,24.0,13.252,4.988,21.0,11.595,4.365,2.0,1.104,0.416,1.0,0.552,0.208,0.0,0.0,0.0,2.0,1.104,0.416,2.0,1.104,0.416,2.0,1.104,0.416,3.0,1.656,0.624,2.0,1.104,0.416,1.0,0.552,0.208,1.0,0.552,0.208,1.0,0.552,0.208,2.0,1.104,0.416,87.5,3,Box-to-Box / All-rounder,,,,,,,
115,Liam Alan Millar,MID,Canada,Canada,3,163,0.0,0.0,0.0,0.0,0.0,0.0,1.0,0.552,0.208,0.0,0.0,0.0,67.0,36.994,13.926,50.0,27.607,10.393,10.0,5.521,2.079,9.0,4.969,1.871,0.0,0.0,0.0,0.0,0.0,0.0,7.0,3.865,1.455,4.0,2.209,0.831,3.0,1.656,0.624,3.0,1.656,0.624,15.0,8.282,3.118,3.0,1.656,0.624,1.0,0.552,0.208,0.0,0.0,0.0,74.63,1,Playmaker / Chance Creator,,,,,,,
1239,Jose Fajardo,FWD,Panama,Panama,3,163,0.0,0.0,0.0,0.0,0.0,0.0,1.0,0.552,0.208,0.0,0.0,0.0,18.0,9.939,3.741,11.0,6.074,2.286,0.0,0.0,0.0,11.0,6.074,2.286,0.0,0.0,0.0,0.0,0.0,0.0,2.0,1.104,0.416,0.0,0.0,0.0,1.0,0.552,0.208,1.0,0.552,0.208,0.0,0.0,0.0,4.0,2.209,0.831,3.0,1.656,0.624,1.0,0.552,0.208,61.11,3,Box-to-Box / All-rounder,,,,,,,
606,Elias Saad,FWD,Tunisia,Tunisia,2,162,0.0,0.0,0.0,0.0,0.0,0.0,1.0,0.556,0.208,0.0,0.0,0.0,29.0,16.111,6.042,22.0,12.222,4.583,2.0,1.111,0.417,1.0,0.556,0.208,0.0,0.0,0.0,0.0,0.0,0.0,1.0,0.556,0.208,2.0,1.111,0.417,0.0,0.0,0.0,0.0,0.0,0.0,3.0,1.667,0.625,1.0,0.556,0.208,3.0,1.667,0.625,1.0,0.556,0.208,75.86,3,Box-to-Box / All-rounder,,,,,,,
49,Jayden Oswin Adams,MID,South Africa,South Africa,3,161,0.0,0.0,0.0,0.0,0.0,0.0,0.0,0.0,0.0,0.0,0.0,0.0,44.0,24.596,9.188,40.0,22.36,8.353,0.0,0.0,0.0,3.0,1.677,0.626,0.0,0.0,0.0,3.0,1.677,0.626,5.0,2.795,1.044,2.0,1.118,0.418,0.0,0.0,0.0,0.0,0.0,0.0,0.0,0.0,0.0,0.0,0.0,0.0,0.0,0.0,0.0,0.0,0.0,0.0,90.91,3,Box-to-Box / All-rounder,,,,,,,
410,Ferdi Erenay Kadioglu,DEF,Türkiye,Türkiye,2,161,0.0,0.0,0.0,0.0,0.0,0.0,1.0,0.559,0.209,0.0,0.0,0.0,175.0,97.826,36.543,161.0,90.0,33.619,4.0,2.236,0.835,4.0,2.236,0.835,3.0,1.677,0.626,7.0,3.913,1.462,1.0,0.559,0.209,8.0,4.472,1.671,1.0,0.559,0.209,1.0,0.559,0.209,6.0,3.354,1.253,0.0,0.0,0.0,3.0,1.677,0.626,0.0,0.0,0.0,92.0,3,Box-to-Box / All-rounder,,,,,,,
1091,Edo Kayembe Kayembe,MID,Congo DR,Congo DR,3,160,0.0,0.0,0.0,0.0,0.0,0.0,2.0,1.125,0.419,1.0,0.562,0.209,41.0,23.062,8.581,35.0,19.688,7.326,2.0,1.125,0.419,10.0,5.625,2.093,2.0,1.125,0.419,1.0,0.562,0.209,1.0,0.562,0.209,7.0,3.938,1.465,1.0,0.562,0.209,1.0,0.562,0.209,4.0,2.25,0.837,5.0,2.812,1.047,3.0,1.688,0.628,0.0,0.0,0.0,85.37,3,Box-to-Box / All-rounder,,,,,,,
65,Taeseok Lee,DEF,Korea Republic,South Korea,2,159,0.0,0.0,0.0,0.0,0.0,0.0,0.0,0.0,0.0,0.0,0.0,0.0,45.0,25.472,9.441,39.0,22.075,8.182,9.0,5.094,1.888,5.0,2.83,1.049,0.0,0.0,0.0,4.0,2.264,0.839,2.0,1.132,0.42,6.0,3.396,1.259,3.0,1.698,0.629,3.0,1.698,0.629,2.0,1.132,0.42,3.0,1.698,0.629,1.0,0.566,0.21,0.0,0.0,0.0,86.67,3,Box-to-Box / All-rounder,,,,,,,
1050,Bernardo Bernardo Silva,MID,Portugal,Portugal,4,159,0.0,0.0,0.0,0.0,0.0,0.0,1.0,0.566,0.21,0.0,0.0,0.0,59.0,33.396,12.378,55.0,31.132,11.538,0.0,0.0,0.0,3.0,1.698,0.629,2.0,1.132,0.42,2.0,1.132,0.42,2.0,1.132,0.42,3.0,1.698,0.629,0.0,0.0,0.0,0.0,0.0,0.0,2.0,1.132,0.42,3.0,1.698,0.629,0.0,0.0,0.0,0.0,0.0,0.0,93.22,3,Box-to-Box / All-rounder,,,,,,,
1196,Petar Musa,FWD,Croatia,Croatia,2,158,1.0,0.57,0.21,0.0,0.0,0.0,1.0,0.57,0.21,1.0,0.57,0.21,11.0,6.266,2.313,7.0,3.987,1.472,0.0,0.0,0.0,5.0,2.848,1.051,0.0,0.0,0.0,1.0,0.57,0.21,0.0,0.0,0.0,2.0,1.139,0.421,5.0,2.848,1.051,5.0,2.848,1.051,1.0,0.57,0.21,1.0,0.57,0.21,1.0,0.57,0.21,0.0,0.0,0.0,63.64,3,Box-to-Box / All-rounder,,,,,,,
63,Hee Chan Hwang,MID,Korea Republic,South Korea,3,157,0.0,0.0,0.0,0.0,0.0,0.0,1.0,0.573,0.211,0.0,0.0,0.0,47.0,26.943,9.906,40.0,22.93,8.431,1.0,0.573,0.211,3.0,1.72,0.632,0.0,0.0,0.0,2.0,1.146,0.422,1.0,0.573,0.211,2.0,1.146,0.422,0.0,0.0,0.0,0.0,0.0,0.0,7.0,4.013,1.475,1.0,0.573,0.211,2.0,1.146,0.422,0.0,0.0,0.0,85.11,3,Box-to-Box / All-rounder,,,,,,,
968,Ramiz Larbi Zerrouki,MID,Algeria,Algeria,3,157,0.0,0.0,0.0,0.0,0.0,0.0,0.0,0.0,0.0,0.0,0.0,0.0,105.0,60.191,22.131,97.0,55.605,20.445,0.0,0.0,0.0,3.0,1.72,0.632,3.0,1.72,0.632,4.0,2.293,0.843,4.0,2.293,0.843,7.0,4.013,1.475,2.0,1.146,0.422,2.0,1.146,0.422,0.0,0.0,0.0,4.0,2.293,0.843,0.0,0.0,0.0,0.0,0.0,0.0,92.38,3,Box-to-Box / All-rounder,,,,,,,
202,Michel Aebischer,MID,Switzerland,Switzerland,4,156,0.0,0.0,0.0,0.0,0.0,0.0,2.0,1.154,0.423,1.0,0.577,0.211,76.0,43.846,16.056,66.0,38.077,13.944,6.0,3.462,1.268,6.0,3.462,1.268,2.0,1.154,0.423,5.0,2.885,1.056,2.0,1.154,0.423,8.0,4.615,1.69,0.0,0.0,0.0,0.0,0.0,0.0,3.0,1.731,0.634,3.0,1.731,0.634,2.0,1.154,0.423,0.0,0.0,0.0,86.84,3,Box-to-Box / All-rounder,,,,,,,
888,Tahseen Abd Zaid Zaid,DEF,Iraq,Iraq,2,156,0.0,0.0,0.0,0.0,0.0,0.0,2.0,1.154,0.423,0.0,0.0,0.0,64.0,36.923,13.521,53.0,30.577,11.197,0.0,0.0,0.0,3.0,1.731,0.634,3.0,1.731,0.634,8.0,4.615,1.69,4.0,2.308,0.845,7.0,4.038,1.479,2.0,1.154,0.423,1.0,0.577,0.211,1.0,0.577,0.211,3.0,1.731,0.634,2.0,1.154,0.423,0.0,0.0,0.0,82.81,3,Box-to-Box / All-rounder,,,,,,,
238,Sofyan Amrabat,MID,Morocco,Morocco,3,156,0.0,0.0,0.0,0.0,0.0,0.0,0.0,0.0,0.0,0.0,0.0,0.0,106.0,61.154,22.394,98.0,56.538,20.704,0.0,0.0,0.0,9.0,5.192,1.901,1.0,0.577,0.211,2.0,1.154,0.423,5.0,2.885,1.056,5.0,2.885,1.056,1.0,0.577,0.211,1.0,0.577,0.211,1.0,0.577,0.211,4.0,2.308,0.845,2.0,1.154,0.423,0.0,0.0,0.0,92.45,3,Box-to-Box / All-rounder,,,,,,,
396,Orkun Kokcu,MID,Türkiye,Türkiye,3,155,0.0,0.0,0.0,0.0,0.0,0.0,3.0,1.742,0.635,0.0,0.0,0.0,85.0,49.355,18.0,60.0,34.839,12.706,6.0,3.484,1.271,10.0,5.806,2.118,2.0,1.161,0.424,3.0,1.742,0.635,4.0,2.323,0.847,4.0,2.323,0.847,0.0,0.0,0.0,0.0,0.0,0.0,5.0,2.903,1.059,2.0,1.161,0.424,4.0,2.323,0.847,0.0,0.0,0.0,70.59,1,Playmaker / Chance Creator,,,,,,,
176,Fathy Ahmed Fathy,MID,Qatar,Qatar,3,154,0.0,0.0,0.0,0.0,0.0,0.0,0.0,0.0,0.0,0.0,0.0,0.0,65.0,37.987,13.797,59.0,34.481,12.524,0.0,0.0,0.0,6.0,3.506,1.274,3.0,1.753,0.637,3.0,1.753,0.637,11.0,6.429,2.335,8.0,4.675,1.698,0.0,0.0,0.0,0.0,0.0,0.0,0.0,0.0,0.0,2.0,1.169,0.425,1.0,0.584,0.212,0.0,0.0,0.0,90.77,3,Box-to-Box / All-rounder,,,,,,,
1004,Phillip Mwene,DEF,Austria,Austria,2,154,0.0,0.0,0.0,0.0,0.0,0.0,1.0,0.584,0.212,0.0,0.0,0.0,64.0,37.403,13.585,56.0,32.727,11.887,6.0,3.506,1.274,1.0,0.584,0.212,2.0,1.169,0.425,4.0,2.338,0.849,4.0,2.338,0.849,8.0,4.675,1.698,1.0,0.584,0.212,1.0,0.584,0.212,1.0,0.584,0.212,1.0,0.584,0.212,1.0,0.584,0.212,0.0,0.0,0.0,87.5,3,Box-to-Box / All-rounder,,,,,,,
81,Tomáš Holes,DEF,Czechia,Czechia,2,154,0.0,0.0,0.0,0.0,0.0,0.0,0.0,0.0,0.0,0.0,0.0,0.0,66.0,38.571,14.009,55.0,32.143,11.675,0.0,0.0,0.0,4.0,2.338,0.849,2.0,1.169,0.425,6.0,3.506,1.274,9.0,5.26,1.91,12.0,7.013,2.547,1.0,0.584,0.212,1.0,0.584,0.212,2.0,1.169,0.425,2.0,1.169,0.425,2.0,1.169,0.425,0.0,0.0,0.0,83.33,3,Box-to-Box / All-rounder,,,,,,,
442,Deniz Undav,FWD,Germany,Germany,4,153,3.0,1.765,0.638,2.0,1.176,0.426,6.0,3.529,1.277,4.0,2.353,0.851,31.0,18.235,6.596,23.0,13.529,4.894,2.0,1.176,0.426,2.0,1.176,0.426,0.0,0.0,0.0,0.0,0.0,0.0,0.0,0.0,0.0,0.0,0.0,0.0,1.0,0.588,0.213,0.0,0.0,0.0,1.0,0.588,0.213,3.0,1.765,0.638,0.0,0.0,0.0,0.0,0.0,0.0,74.19,2,Finisher / Goal Scorer,,,,,,,
548,Yukinari Sugawara,DEF,Japan,Japan,4,153,0.0,0.0,0.0,0.0,0.0,0.0,2.0,1.176,0.426,2.0,1.176,0.426,73.0,42.941,15.532,52.0,30.588,11.064,5.0,2.941,1.064,3.0,1.765,0.638,0.0,0.0,0.0,13.0,7.647,2.766,2.0,1.176,0.426,5.0,2.941,1.064,5.0,2.941,1.064,5.0,2.941,1.064,1.0,0.588,0.213,3.0,1.765,0.638,1.0,0.588,0.213,0.0,0.0,0.0,71.23,3,Box-to-Box / All-rounder,,,,,,,
169,Mohamed Ayoub Aloui,DEF,Qatar,Qatar,2,152,0.0,0.0,0.0,0.0,0.0,0.0,0.0,0.0,0.0,0.0,0.0,0.0,28.0,16.579,5.972,11.0,6.513,2.346,1.0,0.592,0.213,7.0,4.145,1.493,2.0,1.184,0.427,11.0,6.513,2.346,8.0,4.737,1.706,5.0,2.961,1.066,2.0,1.184,0.427,2.0,1.184,0.427,1.0,0.592,0.213,1.0,0.592,0.213,0.0,0.0,0.0,0.0,0.0,0.0,39.29,3,Box-to-Box / All-rounder,,,,,,,
611,Rani Khedira,MID,Tunisia,Tunisia,3,152,0.0,0.0,0.0,0.0,0.0,0.0,1.0,0.592,0.213,0.0,0.0,0.0,30.0,17.763,6.398,25.0,14.803,5.332,1.0,0.592,0.213,4.0,2.368,0.853,1.0,0.592,0.213,2.0,1.184,0.427,4.0,2.368,0.853,4.0,2.368,0.853,0.0,0.0,0.0,0.0,0.0,0.0,0.0,0.0,0.0,3.0,1.776,0.64,0.0,0.0,0.0,0.0,0.0,0.0,83.33,3,Box-to-Box / All-rounder,,,,,,,
783,Mohammed Ali Lajami,DEF,Saudi Arabia,Saudi Arabia,3,152,0.0,0.0,0.0,0.0,0.0,0.0,0.0,0.0,0.0,0.0,0.0,0.0,68.0,40.263,14.502,56.0,33.158,11.943,0.0,0.0,0.0,7.0,4.145,1.493,3.0,1.776,0.64,16.0,9.474,3.412,11.0,6.513,2.346,16.0,9.474,3.412,4.0,2.368,0.853,4.0,2.368,0.853,2.0,1.184,0.427,0.0,0.0,0.0,2.0,1.184,0.427,0.0,0.0,0.0,82.35,0,Ball Progressor,,,,,,,
196,Ardon Jashari,MID,Switzerland,Switzerland,3,150,0.0,0.0,0.0,0.0,0.0,0.0,2.0,1.2,0.429,0.0,0.0,0.0,30.0,18.0,6.429,25.0,15.0,5.357,1.0,0.6,0.214,3.0,1.8,0.643,0.0,0.0,0.0,1.0,0.6,0.214,0.0,0.0,0.0,1.0,0.6,0.214,1.0,0.6,0.214,1.0,0.6,0.214,2.0,1.2,0.429,2.0,1.2,0.429,1.0,0.6,0.214,0.0,0.0,0.0,83.33,3,Box-to-Box / All-rounder,,,,,,,
879,Habib Mbacke Diarra,MID,Senegal,Senegal,3,150,2.0,1.2,0.429,0.0,0.0,0.0,4.0,2.4,0.857,2.0,1.2,0.429,54.0,32.4,11.571,52.0,31.2,11.143,1.0,0.6,0.214,5.0,3.0,1.071,1.0,0.6,0.214,3.0,1.8,0.643,4.0,2.4,0.857,5.0,3.0,1.071,1.0,0.6,0.214,1.0,0.6,0.214,3.0,1.8,0.643,2.0,1.2,0.429,2.0,1.2,0.429,0.0,0.0,0.0,96.3,3,Box-to-Box / All-rounder,,,,,,,
1124,Richard Rios,MID,Colombia,Colombia,5,150,0.0,0.0,0.0,0.0,0.0,0.0,5.0,3.0,1.071,1.0,0.6,0.214,56.0,33.6,12.0,47.0,28.2,10.071,2.0,1.2,0.429,16.0,9.6,3.429,2.0,1.2,0.429,1.0,0.6,0.214,4.0,2.4,0.857,11.0,6.6,2.357,2.0,1.2,0.429,2.0,1.2,0.429,6.0,3.6,1.286,10.0,6.0,2.143,4.0,2.4,0.857,0.0,0.0,0.0,83.93,1,Playmaker / Chance Creator,,,,,,,
230,MARTINELLIGabriel Gabriel,FWD,Brazil,Brazil,4,150,1.0,0.6,0.214,0.0,0.0,0.0,2.0,1.2,0.429,1.0,0.6,0.214,65.0,39.0,13.929,59.0,35.4,12.643,3.0,1.8,0.643,0.0,0.0,0.0,2.0,1.2,0.429,2.0,1.2,0.429,4.0,2.4,0.857,5.0,3.0,1.071,0.0,0.0,0.0,0.0,0.0,0.0,4.0,2.4,0.857,4.0,2.4,0.857,3.0,1.8,0.643,0.0,0.0,0.0,90.77,3,Box-to-Box / All-rounder,,,,,,,
112,Ismaël Kenneth Jordan Kone,MID,Canada,Canada,2,149,0.0,0.0,0.0,0.0,0.0,0.0,2.0,1.208,0.43,0.0,0.0,0.0,108.0,65.235,23.198,93.0,56.174,19.976,2.0,1.208,0.43,8.0,4.832,1.718,1.0,0.604,0.215,2.0,1.208,0.43,3.0,1.812,0.644,7.0,4.228,1.504,2.0,1.208,0.43,2.0,1.208,0.43,4.0,2.416,0.859,1.0,0.604,0.215,3.0,1.812,0.644,0.0,0.0,0.0,86.11,3,Box-to-Box / All-rounder,,,,,,,
359,Gabriel Avalos,FWD,Paraguay,Paraguay,4,149,0.0,0.0,0.0,0.0,0.0,0.0,1.0,0.604,0.215,0.0,0.0,0.0,23.0,13.893,4.94,12.0,7.248,2.578,0.0,0.0,0.0,3.0,1.812,0.644,0.0,0.0,0.0,2.0,1.208,0.43,3.0,1.812,0.644,3.0,1.812,0.644,8.0,4.832,1.718,8.0,4.832,1.718,0.0,0.0,0.0,1.0,0.604,0.215,2.0,1.208,0.43,0.0,0.0,0.0,52.17,3,Box-to-Box / All-rounder,,,,,,,
1073,Nathanaël Mbuku,MID,Congo DR,Congo DR,3,148,0.0,0.0,0.0,0.0,0.0,0.0,3.0,1.824,0.646,2.0,1.216,0.431,45.0,27.365,9.689,35.0,21.284,7.536,14.0,8.514,3.014,6.0,3.649,1.292,0.0,0.0,0.0,1.0,0.608,0.215,1.0,0.608,0.215,2.0,1.216,0.431,0.0,0.0,0.0,0.0,0.0,0.0,12.0,7.297,2.584,4.0,2.432,0.861,8.0,4.865,1.722,0.0,0.0,0.0,77.78,1,Playmaker / Chance Creator,,,,,,,
1075,Kibambe Brian Cipenga,FWD,Congo DR,Congo DR,2,148,1.0,0.608,0.215,0.0,0.0,0.0,6.0,3.649,1.292,1.0,0.608,0.215,47.0,28.581,10.12,28.0,17.027,6.029,11.0,6.689,2.368,7.0,4.257,1.507,1.0,0.608,0.215,0.0,0.0,0.0,1.0,0.608,0.215,3.0,1.824,0.646,1.0,0.608,0.215,1.0,0.608,0.215,19.0,11.554,4.091,2.0,1.216,0.431,1.0,0.608,0.215,1.0,0.608,0.215,59.57,1,Playmaker / Chance Creator,,,,,,,
296,Che Sac Everton Fred Adams,FWD,Scotland,Scotland,3,147,0.0,0.0,0.0,0.0,0.0,0.0,1.0,0.612,0.216,1.0,0.612,0.216,19.0,11.633,4.101,12.0,7.347,2.59,0.0,0.0,0.0,3.0,1.837,0.647,1.0,0.612,0.216,0.0,0.0,0.0,0.0,0.0,0.0,3.0,1.837,0.647,6.0,3.673,1.295,5.0,3.061,1.079,0.0,0.0,0.0,4.0,2.449,0.863,2.0,1.224,0.432,0.0,0.0,0.0,63.16,3,Box-to-Box / All-rounder,,,,,,,
102,Alexandr Sojka,MID,Czechia,Czechia,3,146,0.0,0.0,0.0,1.0,0.616,0.216,0.0,0.0,0.0,0.0,0.0,0.0,65.0,40.068,14.062,52.0,32.055,11.25,5.0,3.082,1.082,4.0,2.466,0.865,1.0,0.616,0.216,4.0,2.466,0.865,6.0,3.699,1.298,5.0,3.082,1.082,1.0,0.616,0.216,1.0,0.616,0.216,4.0,2.466,0.865,0.0,0.0,0.0,2.0,1.233,0.433,0.0,0.0,0.0,80.0,3,Box-to-Box / All-rounder,,,,,,,
100,Tomáš Soucek,MID,Czechia,Czechia,3,142,0.0,0.0,0.0,0.0,0.0,0.0,1.0,0.634,0.218,0.0,0.0,0.0,44.0,27.887,9.612,35.0,22.183,7.646,0.0,0.0,0.0,4.0,2.535,0.874,0.0,0.0,0.0,5.0,3.169,1.092,2.0,1.268,0.437,2.0,1.268,0.437,4.0,2.535,0.874,4.0,2.535,0.874,0.0,0.0,0.0,3.0,1.901,0.655,1.0,0.634,0.218,2.0,1.268,0.437,79.55,3,Box-to-Box / All-rounder,,,,,,,
1042,SEMEDONélson Nelson,DEF,Portugal,Portugal,4,142,0.0,0.0,0.0,0.0,0.0,0.0,0.0,0.0,0.0,0.0,0.0,0.0,91.0,57.676,19.879,84.0,53.239,18.35,5.0,3.169,1.092,1.0,0.634,0.218,4.0,2.535,0.874,5.0,3.169,1.092,1.0,0.634,0.218,8.0,5.07,1.748,1.0,0.634,0.218,1.0,0.634,0.218,7.0,4.437,1.529,2.0,1.268,0.437,2.0,1.268,0.437,0.0,0.0,0.0,92.31,3,Box-to-Box / All-rounder,,,,,,,
1203,Abdul Fatawu Fatawu,FWD,Ghana,Ghana,4,142,0.0,0.0,0.0,0.0,0.0,0.0,3.0,1.901,0.655,0.0,0.0,0.0,22.0,13.944,4.806,18.0,11.408,3.932,7.0,4.437,1.529,3.0,1.901,0.655,0.0,0.0,0.0,1.0,0.634,0.218,4.0,2.535,0.874,5.0,3.169,1.092,0.0,0.0,0.0,0.0,0.0,0.0,22.0,13.944,4.806,1.0,0.634,0.218,7.0,4.437,1.529,0.0,0.0,0.0,81.82,1,Playmaker / Chance Creator,,,,,,,
174,Hussain Sultan,DEF,Qatar,Qatar,2,142,0.0,0.0,0.0,0.0,0.0,0.0,0.0,0.0,0.0,0.0,0.0,0.0,42.0,26.62,9.175,33.0,20.915,7.209,3.0,1.901,0.655,4.0,2.535,0.874,1.0,0.634,0.218,8.0,5.07,1.748,7.0,4.437,1.529,4.0,2.535,0.874,0.0,0.0,0.0,0.0,0.0,0.0,0.0,0.0,0.0,2.0,1.268,0.437,0.0,0.0,0.0,0.0,0.0,0.0,78.57,3,Box-to-Box / All-rounder,,,,,,,
761,Eduardo Jovane,MID,Cabo Verde,Cabo Verde,2,141,0.0,0.0,0.0,0.0,0.0,0.0,2.0,1.277,0.438,0.0,0.0,0.0,34.0,21.702,7.445,27.0,17.234,5.912,1.0,0.638,0.219,6.0,3.83,1.314,2.0,1.277,0.438,1.0,0.638,0.219,2.0,1.277,0.438,7.0,4.468,1.533,0.0,0.0,0.0,0.0,0.0,0.0,4.0,2.553,0.876,1.0,0.638,0.219,2.0,1.277,0.438,0.0,0.0,0.0,79.41,3,Box-to-Box / All-rounder,,,,,,,
725,Ryan Jared Thomas,MID,New Zealand,New Zealand,3,141,0.0,0.0,0.0,0.0,0.0,0.0,0.0,0.0,0.0,0.0,0.0,0.0,25.0,15.957,5.474,18.0,11.489,3.942,1.0,0.638,0.219,6.0,3.83,1.314,0.0,0.0,0.0,1.0,0.638,0.219,3.0,1.915,0.657,5.0,3.191,1.095,2.0,1.277,0.438,2.0,1.277,0.438,0.0,0.0,0.0,3.0,1.915,0.657,3.0,1.915,0.657,0.0,0.0,0.0,72.0,3,Box-to-Box / All-rounder,,,,,,,
1027,Nayef Ahmad Mahmoud Almardi,FWD,Jordan,Jordan,3,141,0.0,0.0,0.0,0.0,0.0,0.0,1.0,0.638,0.219,1.0,0.638,0.219,39.0,24.894,8.54,32.0,20.426,7.007,7.0,4.468,1.533,4.0,2.553,0.876,0.0,0.0,0.0,0.0,0.0,0.0,2.0,1.277,0.438,0.0,0.0,0.0,0.0,0.0,0.0,0.0,0.0,0.0,7.0,4.468,1.533,4.0,2.553,0.876,2.0,1.277,0.438,0.0,0.0,0.0,82.05,3,Box-to-Box / All-rounder,,,,,,,
406,Ismailİsma Yuksek,MID,Türkiye,Türkiye,2,140,0.0,0.0,0.0,0.0,0.0,0.0,5.0,3.214,1.098,0.0,0.0,0.0,111.0,71.357,24.366,104.0,66.857,22.829,1.0,0.643,0.22,13.0,8.357,2.854,4.0,2.571,0.878,7.0,4.5,1.537,5.0,3.214,1.098,18.0,11.571,3.951,2.0,1.286,0.439,2.0,1.286,0.439,5.0,3.214,1.098,2.0,1.286,0.439,0.0,0.0,0.0,0.0,0.0,0.0,93.69,0,Ball Progressor,,,,,,,
806,Waheeb Mohammed Abu Alshamat,DEF,Saudi Arabia,Saudi Arabia,3,140,0.0,0.0,0.0,0.0,0.0,0.0,1.0,0.643,0.22,1.0,0.643,0.22,64.0,41.143,14.049,51.0,32.786,11.195,3.0,1.929,0.659,6.0,3.857,1.317,0.0,0.0,0.0,6.0,3.857,1.317,8.0,5.143,1.756,3.0,1.929,0.659,1.0,0.643,0.22,1.0,0.643,0.22,1.0,0.643,0.22,2.0,1.286,0.439,1.0,0.643,0.22,0.0,0.0,0.0,79.69,3,Box-to-Box / All-rounder,,,,,,,
1165,Eberechi Oluchi Eze,MID,England,England,4,140,0.0,0.0,0.0,0.0,0.0,0.0,4.0,2.571,0.878,0.0,0.0,0.0,81.0,52.071,17.78,75.0,48.214,16.463,1.0,0.643,0.22,0.0,0.0,0.0,0.0,0.0,0.0,2.0,1.286,0.439,1.0,0.643,0.22,0.0,0.0,0.0,1.0,0.643,0.22,1.0,0.643,0.22,7.0,4.5,1.537,1.0,0.643,0.22,3.0,1.929,0.659,0.0,0.0,0.0,92.59,3,Box-to-Box / All-rounder,,,,,,,
588,Jesper Kewe Karlstrom,MID,Sweden,Sweden,2,139,0.0,0.0,0.0,0.0,0.0,0.0,1.0,0.647,0.22,0.0,0.0,0.0,37.0,23.957,8.142,31.0,20.072,6.822,0.0,0.0,0.0,6.0,3.885,1.32,2.0,1.295,0.44,7.0,4.532,1.54,2.0,1.295,0.44,9.0,5.827,1.98,3.0,1.942,0.66,3.0,1.942,0.66,2.0,1.295,0.44,3.0,1.942,0.66,0.0,0.0,0.0,0.0,0.0,0.0,83.78,3,Box-to-Box / All-rounder,,,,,,,
1066,Francisco Francisco Conceicao,FWD,Portugal,Portugal,4,139,0.0,0.0,0.0,0.0,0.0,0.0,2.0,1.295,0.44,0.0,0.0,0.0,73.0,47.266,16.064,65.0,42.086,14.303,5.0,3.237,1.1,3.0,1.942,0.66,0.0,0.0,0.0,1.0,0.647,0.22,3.0,1.942,0.66,3.0,1.942,0.66,0.0,0.0,0.0,0.0,0.0,0.0,13.0,8.417,2.861,1.0,0.647,0.22,2.0,1.295,0.44,1.0,0.647,0.22,89.04,3,Box-to-Box / All-rounder,,,,,,,
1002,Saša Kalajdzic,FWD,Austria,Austria,3,136,1.0,0.662,0.222,0.0,0.0,0.0,4.0,2.647,0.887,1.0,0.662,0.222,24.0,15.882,5.32,16.0,10.588,3.547,1.0,0.662,0.222,1.0,0.662,0.222,0.0,0.0,0.0,0.0,0.0,0.0,0.0,0.0,0.0,2.0,1.324,0.443,1.0,0.662,0.222,1.0,0.662,0.222,3.0,1.985,0.665,2.0,1.324,0.443,2.0,1.324,0.443,0.0,0.0,0.0,66.67,3,Box-to-Box / All-rounder,,,,,,,
1185,Mario Pasalic,MID,Croatia,Croatia,4,135,0.0,0.0,0.0,0.0,0.0,0.0,4.0,2.667,0.889,1.0,0.667,0.222,50.0,33.333,11.111,45.0,30.0,10.0,0.0,0.0,0.0,7.0,4.667,1.556,1.0,0.667,0.222,1.0,0.667,0.222,4.0,2.667,0.889,4.0,2.667,0.889,2.0,1.333,0.444,2.0,1.333,0.444,1.0,0.667,0.222,2.0,1.333,0.444,0.0,0.0,0.0,1.0,0.667,0.222,90.0,3,Box-to-Box / All-rounder,,,,,,,
1095,Khojiakbar Alijonov,DEF,Uzbekistan,Uzbekistan,2,135,0.0,0.0,0.0,0.0,0.0,0.0,0.0,0.0,0.0,0.0,0.0,0.0,41.0,27.333,9.111,27.0,18.0,6.0,4.0,2.667,0.889,10.0,6.667,2.222,2.0,1.333,0.444,2.0,1.333,0.444,7.0,4.667,1.556,8.0,5.333,1.778,0.0,0.0,0.0,0.0,0.0,0.0,7.0,4.667,1.556,2.0,1.333,0.444,1.0,0.667,0.222,0.0,0.0,0.0,65.85,3,Box-to-Box / All-rounder,,,,,,,
70,Hyeongyu Oh,FWD,Korea Republic,South Korea,3,134,1.0,0.672,0.223,0.0,0.0,0.0,4.0,2.687,0.891,2.0,1.343,0.446,22.0,14.776,4.901,15.0,10.075,3.342,1.0,0.672,0.223,2.0,1.343,0.446,0.0,0.0,0.0,0.0,0.0,0.0,1.0,0.672,0.223,1.0,0.672,0.223,5.0,3.358,1.114,5.0,3.358,1.114,5.0,3.358,1.114,0.0,0.0,0.0,1.0,0.672,0.223,0.0,0.0,0.0,68.18,3,Box-to-Box / All-rounder,,,,,,,
678,Saleh Hardani,DEF,IR Iran,IR Iran,2,134,0.0,0.0,0.0,0.0,0.0,0.0,0.0,0.0,0.0,0.0,0.0,0.0,29.0,19.478,6.46,21.0,14.104,4.678,1.0,0.672,0.223,6.0,4.03,1.337,3.0,2.015,0.668,4.0,2.687,0.891,5.0,3.358,1.114,8.0,5.373,1.782,0.0,0.0,0.0,0.0,0.0,0.0,1.0,0.672,0.223,0.0,0.0,0.0,2.0,1.343,0.446,0.0,0.0,0.0,72.41,3,Box-to-Box / All-rounder,,,,,,,
771,Johnson Willy,MID,Cabo Verde,Cabo Verde,3,133,0.0,0.0,0.0,0.0,0.0,0.0,3.0,2.03,0.67,0.0,0.0,0.0,33.0,22.331,7.37,30.0,20.301,6.7,2.0,1.353,0.447,4.0,2.707,0.893,1.0,0.677,0.223,6.0,4.06,1.34,8.0,5.414,1.787,7.0,4.737,1.563,2.0,1.353,0.447,2.0,1.353,0.447,9.0,6.09,2.01,4.0,2.707,0.893,2.0,1.353,0.447,0.0,0.0,0.0,90.91,3,Box-to-Box / All-rounder,,,,,,,
98,Jaroslav Zeleny,DEF,Czechia,Czechia,2,131,0.0,0.0,0.0,0.0,0.0,0.0,1.0,0.687,0.224,0.0,0.0,0.0,47.0,32.29,10.549,35.0,24.046,7.855,2.0,1.374,0.449,2.0,1.374,0.449,2.0,1.374,0.449,4.0,2.748,0.898,3.0,2.061,0.673,4.0,2.748,0.898,1.0,0.687,0.224,1.0,0.687,0.224,4.0,2.748,0.898,0.0,0.0,0.0,2.0,1.374,0.449,0.0,0.0,0.0,74.47,3,Box-to-Box / All-rounder,,,,,,,
609,Ismael Seifallah Gharbi,MID,Tunisia,Tunisia,3,131,0.0,0.0,0.0,0.0,0.0,0.0,3.0,2.061,0.673,0.0,0.0,0.0,36.0,24.733,8.08,35.0,24.046,7.855,1.0,0.687,0.224,6.0,4.122,1.347,0.0,0.0,0.0,3.0,2.061,0.673,3.0,2.061,0.673,1.0,0.687,0.224,0.0,0.0,0.0,0.0,0.0,0.0,5.0,3.435,1.122,0.0,0.0,0.0,2.0,1.374,0.449,0.0,0.0,0.0,97.22,3,Box-to-Box / All-rounder,,,,,,,
914,Leo Skiri Ostigard,DEF,Norway,Norway,4,131,1.0,0.687,0.224,0.0,0.0,0.0,3.0,2.061,0.673,1.0,0.687,0.224,84.0,57.71,18.853,69.0,47.405,15.486,0.0,0.0,0.0,4.0,2.748,0.898,1.0,0.687,0.224,6.0,4.122,1.347,2.0,1.374,0.449,7.0,4.809,1.571,5.0,3.435,1.122,5.0,3.435,1.122,1.0,0.687,0.224,2.0,1.374,0.449,1.0,0.687,0.224,0.0,0.0,0.0,82.14,3,Box-to-Box / All-rounder,,,,,,,
219,Raphael Raphinha,FWD,Brazil,Brazil,2,130,0.0,0.0,0.0,0.0,0.0,0.0,3.0,2.077,0.675,2.0,1.385,0.45,44.0,30.462,9.9,30.0,20.769,6.75,10.0,6.923,2.25,6.0,4.154,1.35,0.0,0.0,0.0,0.0,0.0,0.0,3.0,2.077,0.675,1.0,0.692,0.225,2.0,1.385,0.45,2.0,1.385,0.45,6.0,4.154,1.35,1.0,0.692,0.225,2.0,1.385,0.45,2.0,1.385,0.45,68.18,1,Playmaker / Chance Creator,,,,,,,
582,Erik Benjamin Nygren,MID,Sweden,Sweden,4,130,0.0,0.0,0.0,0.0,0.0,0.0,1.0,0.692,0.225,0.0,0.0,0.0,50.0,34.615,11.25,46.0,31.846,10.35,6.0,4.154,1.35,3.0,2.077,0.675,2.0,1.385,0.45,0.0,0.0,0.0,2.0,1.385,0.45,2.0,1.385,0.45,2.0,1.385,0.45,2.0,1.385,0.45,2.0,1.385,0.45,3.0,2.077,0.675,0.0,0.0,0.0,0.0,0.0,0.0,92.0,3,Box-to-Box / All-rounder,,,,,,,
901,Jasim Elaibi Ali Jasim,FWD,Iraq,Iraq,2,130,0.0,0.0,0.0,0.0,0.0,0.0,4.0,2.769,0.9,1.0,0.692,0.225,36.0,24.923,8.1,29.0,20.077,6.525,5.0,3.462,1.125,6.0,4.154,1.35,1.0,0.692,0.225,3.0,2.077,0.675,2.0,1.385,0.45,3.0,2.077,0.675,0.0,0.0,0.0,0.0,0.0,0.0,3.0,2.077,0.675,1.0,0.692,0.225,0.0,0.0,0.0,0.0,0.0,0.0,80.56,3,Box-to-Box / All-rounder,,,,,,,
895,Ihab Ahmed Ahmed,FWD,Iraq,Iraq,3,130,0.0,0.0,0.0,0.0,0.0,0.0,0.0,0.0,0.0,0.0,0.0,0.0,16.0,11.077,3.6,13.0,9.0,2.925,1.0,0.692,0.225,4.0,2.769,0.9,0.0,0.0,0.0,1.0,0.692,0.225,1.0,0.692,0.225,1.0,0.692,0.225,1.0,0.692,0.225,1.0,0.692,0.225,0.0,0.0,0.0,0.0,0.0,0.0,1.0,0.692,0.225,0.0,0.0,0.0,81.25,3,Box-to-Box / All-rounder,,,,,,,
179,Omer Assim Madibo,MID,Qatar,Qatar,2,129,0.0,0.0,0.0,0.0,0.0,0.0,0.0,0.0,0.0,0.0,0.0,0.0,33.0,23.023,7.444,27.0,18.837,6.09,0.0,0.0,0.0,5.0,3.488,1.128,0.0,0.0,0.0,6.0,4.186,1.353,9.0,6.279,2.03,6.0,4.186,1.353,0.0,0.0,0.0,0.0,0.0,0.0,2.0,1.395,0.451,2.0,1.395,0.451,1.0,0.698,0.226,0.0,0.0,0.0,81.82,3,Box-to-Box / All-rounder,,,,,,,
1218,Kamal Deen Sulemana,FWD,Ghana,Ghana,2,129,0.0,0.0,0.0,0.0,0.0,0.0,1.0,0.698,0.226,0.0,0.0,0.0,31.0,21.628,6.992,27.0,18.837,6.09,4.0,2.791,0.902,5.0,3.488,1.128,1.0,0.698,0.226,1.0,0.698,0.226,1.0,0.698,0.226,4.0,2.791,0.902,0.0,0.0,0.0,0.0,0.0,0.0,11.0,7.674,2.481,2.0,1.395,0.451,1.0,0.698,0.226,1.0,0.698,0.226,87.1,3,Box-to-Box / All-rounder,,,,,,,
127,Niko Kristian Sigur,DEF,Canada,Canada,3,129,0.0,0.0,0.0,0.0,0.0,0.0,1.0,0.698,0.226,0.0,0.0,0.0,64.0,44.651,14.436,52.0,36.279,11.729,4.0,2.791,0.902,3.0,2.093,0.677,2.0,1.395,0.451,4.0,2.791,0.902,3.0,2.093,0.677,5.0,3.488,1.128,2.0,1.395,0.451,2.0,1.395,0.451,1.0,0.698,0.226,5.0,3.488,1.128,1.0,0.698,0.226,0.0,0.0,0.0,81.25,3,Box-to-Box / All-rounder,,,,,,,
550,Kou Itakura,DEF,Japan,Japan,2,129,0.0,0.0,0.0,0.0,0.0,0.0,0.0,0.0,0.0,0.0,0.0,0.0,110.0,76.744,24.812,107.0,74.651,24.135,0.0,0.0,0.0,1.0,0.698,0.226,1.0,0.698,0.226,13.0,9.07,2.932,0.0,0.0,0.0,8.0,5.581,1.805,6.0,4.186,1.353,6.0,4.186,1.353,0.0,0.0,0.0,1.0,0.698,0.226,0.0,0.0,0.0,0.0,0.0,0.0,97.27,3,Box-to-Box / All-rounder,,,,,,,
1215,Inaki Williams,FWD,Ghana,Ghana,2,128,0.0,0.0,0.0,0.0,0.0,0.0,3.0,2.109,0.678,0.0,0.0,0.0,23.0,16.172,5.201,15.0,10.547,3.392,4.0,2.812,0.905,2.0,1.406,0.452,1.0,0.703,0.226,0.0,0.0,0.0,1.0,0.703,0.226,1.0,0.703,0.226,0.0,0.0,0.0,0.0,0.0,0.0,2.0,1.406,0.452,2.0,1.406,0.452,1.0,0.703,0.226,1.0,0.703,0.226,65.22,3,Box-to-Box / All-rounder,,,,,,,
170,Elamin Homam,DEF,Qatar,Qatar,2,127,0.0,0.0,0.0,0.0,0.0,0.0,1.0,0.709,0.227,0.0,0.0,0.0,33.0,23.386,7.481,25.0,17.717,5.668,3.0,2.126,0.68,5.0,3.543,1.134,1.0,0.709,0.227,5.0,3.543,1.134,7.0,4.961,1.587,4.0,2.835,0.907,1.0,0.709,0.227,1.0,0.709,0.227,1.0,0.709,0.227,4.0,2.835,0.907,0.0,0.0,0.0,0.0,0.0,0.0,75.76,3,Box-to-Box / All-rounder,,,,,,,
662,Yousry Fouad Haissem Hassan,FWD,Egypt,Egypt,2,127,0.0,0.0,0.0,1.0,0.709,0.227,1.0,0.709,0.227,0.0,0.0,0.0,41.0,29.055,9.295,35.0,24.803,7.935,9.0,6.378,2.04,3.0,2.126,0.68,0.0,0.0,0.0,1.0,0.709,0.227,1.0,0.709,0.227,2.0,1.417,0.453,1.0,0.709,0.227,1.0,0.709,0.227,18.0,12.756,4.081,2.0,1.417,0.453,2.0,1.417,0.453,0.0,0.0,0.0,85.37,1,Playmaker / Chance Creator,,,,,,,
387,Nishan Matthew Velupillay,FWD,Australia,Australia,2,125,0.0,0.0,0.0,0.0,0.0,0.0,0.0,0.0,0.0,0.0,0.0,0.0,12.0,8.64,2.734,6.0,4.32,1.367,0.0,0.0,0.0,4.0,2.88,0.911,1.0,0.72,0.228,0.0,0.0,0.0,2.0,1.44,0.456,2.0,1.44,0.456,1.0,0.72,0.228,1.0,0.72,0.228,3.0,2.16,0.684,1.0,0.72,0.228,0.0,0.0,0.0,0.0,0.0,0.0,50.0,3,Box-to-Box / All-rounder,,,,,,,
834,Malo Arthur Gusto,DEF,France,France,5,125,0.0,0.0,0.0,0.0,0.0,0.0,0.0,0.0,0.0,0.0,0.0,0.0,76.0,54.72,17.316,69.0,49.68,15.722,3.0,2.16,0.684,14.0,10.08,3.19,2.0,1.44,0.456,3.0,2.16,0.684,6.0,4.32,1.367,6.0,4.32,1.367,1.0,0.72,0.228,0.0,0.0,0.0,2.0,1.44,0.456,4.0,2.88,0.911,2.0,1.44,0.456,0.0,0.0,0.0,90.79,3,Box-to-Box / All-rounder,,,,,,,
1101,Odiljon Xamrobekov,MID,Uzbekistan,Uzbekistan,2,125,0.0,0.0,0.0,0.0,0.0,0.0,1.0,0.72,0.228,0.0,0.0,0.0,43.0,30.96,9.797,38.0,27.36,8.658,0.0,0.0,0.0,2.0,1.44,0.456,1.0,0.72,0.228,0.0,0.0,0.0,1.0,0.72,0.228,2.0,1.44,0.456,0.0,0.0,0.0,0.0,0.0,0.0,0.0,0.0,0.0,1.0,0.72,0.228,1.0,0.72,0.228,0.0,0.0,0.0,88.37,3,Box-to-Box / All-rounder,,,,,,,
1111,Azizjon Ganiev,MID,Uzbekistan,Uzbekistan,2,125,0.0,0.0,0.0,0.0,0.0,0.0,1.0,0.72,0.228,0.0,0.0,0.0,59.0,42.48,13.443,48.0,34.56,10.937,6.0,4.32,1.367,11.0,7.92,2.506,0.0,0.0,0.0,1.0,0.72,0.228,1.0,0.72,0.228,5.0,3.6,1.139,0.0,0.0,0.0,0.0,0.0,0.0,2.0,1.44,0.456,2.0,1.44,0.456,1.0,0.72,0.228,0.0,0.0,0.0,81.36,3,Box-to-Box / All-rounder,,,,,,,
95,Lukáš Provod,MID,Czechia,Czechia,3,124,0.0,0.0,0.0,0.0,0.0,0.0,1.0,0.726,0.228,0.0,0.0,0.0,48.0,34.839,10.964,37.0,26.855,8.452,2.0,1.452,0.457,6.0,4.355,1.371,0.0,0.0,0.0,4.0,2.903,0.914,2.0,1.452,0.457,4.0,2.903,0.914,3.0,2.177,0.685,2.0,1.452,0.457,4.0,2.903,0.914,2.0,1.452,0.457,1.0,0.726,0.228,1.0,0.726,0.228,77.08,3,Box-to-Box / All-rounder,,,,,,,
1138,Juan Fernando Quintero,MID,Colombia,Colombia,4,124,0.0,0.0,0.0,1.0,0.726,0.228,4.0,2.903,0.914,0.0,0.0,0.0,89.0,64.597,20.33,74.0,53.71,16.904,12.0,8.71,2.741,0.0,0.0,0.0,1.0,0.726,0.228,0.0,0.0,0.0,0.0,0.0,0.0,1.0,0.726,0.228,1.0,0.726,0.228,1.0,0.726,0.228,1.0,0.726,0.228,0.0,0.0,0.0,1.0,0.726,0.228,0.0,0.0,0.0,83.15,1,Playmaker / Chance Creator,,,,,,,
309,Mc,MID,Scotland,Scotland,3,123,0.0,0.0,0.0,0.0,0.0,0.0,1.0,0.732,0.229,0.0,0.0,0.0,63.0,46.098,14.427,56.0,40.976,12.824,2.0,1.463,0.458,9.0,6.585,2.061,1.0,0.732,0.229,3.0,2.195,0.687,4.0,2.927,0.916,3.0,2.195,0.687,1.0,0.732,0.229,0.0,0.0,0.0,7.0,5.122,1.603,1.0,0.732,0.229,1.0,0.732,0.229,0.0,0.0,0.0,88.89,3,Box-to-Box / All-rounder,,,,,,,
505,Kevin Jose Rodriguez,FWD,Ecuador,Ecuador,4,123,0.0,0.0,0.0,0.0,0.0,0.0,6.0,4.39,1.374,1.0,0.732,0.229,27.0,19.756,6.183,23.0,16.829,5.267,1.0,0.732,0.229,1.0,0.732,0.229,0.0,0.0,0.0,1.0,0.732,0.229,3.0,2.195,0.687,3.0,2.195,0.687,8.0,5.854,1.832,7.0,5.122,1.603,4.0,2.927,0.916,3.0,2.195,0.687,2.0,1.463,0.458,0.0,0.0,0.0,85.19,3,Box-to-Box / All-rounder,,,,,,,
276,Lenny Alvin Pico Joseph,FWD,Haiti,Haiti,3,122,0.0,0.0,0.0,0.0,0.0,0.0,2.0,1.475,0.459,0.0,0.0,0.0,20.0,14.754,4.592,13.0,9.59,2.985,0.0,0.0,0.0,3.0,2.213,0.689,0.0,0.0,0.0,0.0,0.0,0.0,2.0,1.475,0.459,1.0,0.738,0.23,5.0,3.689,1.148,2.0,1.475,0.459,12.0,8.852,2.755,6.0,4.426,1.378,1.0,0.738,0.23,0.0,0.0,0.0,65.0,3,Box-to-Box / All-rounder,,,,,,,
540,Teun Koopmeiners,MID,Netherlands,Netherlands,4,122,0.0,0.0,0.0,0.0,0.0,0.0,2.0,1.475,0.459,0.0,0.0,0.0,63.0,46.475,14.464,54.0,39.836,12.398,4.0,2.951,0.918,10.0,7.377,2.296,0.0,0.0,0.0,5.0,3.689,1.148,2.0,1.475,0.459,6.0,4.426,1.378,2.0,1.475,0.459,2.0,1.475,0.459,0.0,0.0,0.0,3.0,2.213,0.689,0.0,0.0,0.0,0.0,0.0,0.0,85.71,3,Box-to-Box / All-rounder,,,,,,,
902,Hussein Ghadhban Aymen,FWD,Iraq,Iraq,2,122,1.0,0.738,0.23,0.0,0.0,0.0,3.0,2.213,0.689,1.0,0.738,0.23,16.0,11.803,3.673,12.0,8.852,2.755,0.0,0.0,0.0,0.0,0.0,0.0,0.0,0.0,0.0,1.0,0.738,0.23,2.0,1.475,0.459,2.0,1.475,0.459,11.0,8.115,2.526,11.0,8.115,2.526,0.0,0.0,0.0,2.0,1.475,0.459,1.0,0.738,0.23,0.0,0.0,0.0,75.0,3,Box-to-Box / All-rounder,,,,,,,
745,Nicholas Williams,FWD,Spain,Spain,6,121,0.0,0.0,0.0,1.0,0.744,0.23,4.0,2.975,0.921,2.0,1.488,0.46,50.0,37.19,11.509,45.0,33.471,10.358,9.0,6.694,2.072,0.0,0.0,0.0,1.0,0.744,0.23,2.0,1.488,0.46,6.0,4.463,1.381,7.0,5.207,1.611,2.0,1.488,0.46,2.0,1.488,0.46,13.0,9.669,2.992,2.0,1.488,0.46,1.0,0.744,0.23,1.0,0.744,0.23,90.0,1,Playmaker / Chance Creator,,,,,,,
227,Felipe Endrick,FWD,Brazil,Brazil,4,121,0.0,0.0,0.0,0.0,0.0,0.0,3.0,2.231,0.691,0.0,0.0,0.0,20.0,14.876,4.604,16.0,11.901,3.683,1.0,0.744,0.23,4.0,2.975,0.921,0.0,0.0,0.0,0.0,0.0,0.0,6.0,4.463,1.381,2.0,1.488,0.46,2.0,1.488,0.46,1.0,0.744,0.23,3.0,2.231,0.691,1.0,0.744,0.23,1.0,0.744,0.23,1.0,0.744,0.23,80.0,3,Box-to-Box / All-rounder,,,,,,,
871,Iliman Cheikh Baroy Ndiaye,FWD,Senegal,Senegal,3,120,1.0,0.75,0.231,1.0,0.75,0.231,3.0,2.25,0.692,2.0,1.5,0.462,59.0,44.25,13.615,53.0,39.75,12.231,2.0,1.5,0.462,2.0,1.5,0.462,3.0,2.25,0.692,0.0,0.0,0.0,2.0,1.5,0.462,3.0,2.25,0.692,0.0,0.0,0.0,0.0,0.0,0.0,12.0,9.0,2.769,2.0,1.5,0.462,1.0,0.75,0.231,0.0,0.0,0.0,89.83,1,Playmaker / Chance Creator,,,,,,,
62,Jae Sung Lee,MID,Korea Republic,South Korea,2,119,0.0,0.0,0.0,0.0,0.0,0.0,2.0,1.513,0.463,1.0,0.756,0.231,59.0,44.622,13.65,46.0,34.79,10.643,1.0,0.756,0.231,6.0,4.538,1.388,0.0,0.0,0.0,1.0,0.756,0.231,5.0,3.782,1.157,5.0,3.782,1.157,1.0,0.756,0.231,1.0,0.756,0.231,0.0,0.0,0.0,1.0,0.756,0.231,4.0,3.025,0.925,1.0,0.756,0.231,77.97,3,Box-to-Box / All-rounder,,,,,,,
908,Ismael Khaleel Zaid Ismael,MID,Iraq,Iraq,2,119,0.0,0.0,0.0,0.0,0.0,0.0,0.0,0.0,0.0,0.0,0.0,0.0,71.0,53.697,16.427,63.0,47.647,14.576,0.0,0.0,0.0,12.0,9.076,2.776,1.0,0.756,0.231,1.0,0.756,0.231,1.0,0.756,0.231,10.0,7.563,2.314,3.0,2.269,0.694,3.0,2.269,0.694,1.0,0.756,0.231,2.0,1.513,0.463,0.0,0.0,0.0,0.0,0.0,0.0,88.73,3,Box-to-Box / All-rounder,,,,,,,
403,Evren Eren Elmali,DEF,Türkiye,Türkiye,2,118,0.0,0.0,0.0,1.0,0.763,0.232,0.0,0.0,0.0,0.0,0.0,0.0,59.0,45.0,13.686,52.0,39.661,12.062,4.0,3.051,0.928,4.0,3.051,0.928,0.0,0.0,0.0,3.0,2.288,0.696,6.0,4.576,1.392,7.0,5.339,1.624,0.0,0.0,0.0,0.0,0.0,0.0,4.0,3.051,0.928,2.0,1.525,0.464,1.0,0.763,0.232,0.0,0.0,0.0,88.14,3,Box-to-Box / All-rounder,,,,,,,
928,Kristian Thorstvedt,MID,Norway,Norway,2,117,0.0,0.0,0.0,0.0,0.0,0.0,3.0,2.308,0.698,1.0,0.769,0.233,24.0,18.462,5.581,19.0,14.615,4.419,0.0,0.0,0.0,4.0,3.077,0.93,0.0,0.0,0.0,3.0,2.308,0.698,0.0,0.0,0.0,0.0,0.0,0.0,2.0,1.538,0.465,1.0,0.769,0.233,3.0,2.308,0.698,2.0,1.538,0.465,1.0,0.769,0.233,0.0,0.0,0.0,79.17,3,Box-to-Box / All-rounder,,,,,,,
1103,Oston Urunov,MID,Uzbekistan,Uzbekistan,2,117,0.0,0.0,0.0,0.0,0.0,0.0,0.0,0.0,0.0,0.0,0.0,0.0,10.0,7.692,2.326,8.0,6.154,1.86,0.0,0.0,0.0,0.0,0.0,0.0,0.0,0.0,0.0,0.0,0.0,0.0,1.0,0.769,0.233,1.0,0.769,0.233,0.0,0.0,0.0,0.0,0.0,0.0,2.0,1.538,0.465,0.0,0.0,0.0,0.0,0.0,0.0,0.0,0.0,0.0,80.0,3,Box-to-Box / All-rounder,,,,,,,
850,Warren Marie Jean-Pierre Zaire-Emery,MID,France,France,2,117,0.0,0.0,0.0,0.0,0.0,0.0,1.0,0.769,0.233,0.0,0.0,0.0,70.0,53.846,16.279,66.0,50.769,15.349,1.0,0.769,0.233,4.0,3.077,0.93,2.0,1.538,0.465,0.0,0.0,0.0,2.0,1.538,0.465,3.0,2.308,0.698,1.0,0.769,0.233,1.0,0.769,0.233,0.0,0.0,0.0,1.0,0.769,0.233,0.0,0.0,0.0,0.0,0.0,0.0,94.29,3,Box-to-Box / All-rounder,,,,,,,
847,Ibrahima Konate,DEF,France,France,2,116,0.0,0.0,0.0,0.0,0.0,0.0,0.0,0.0,0.0,0.0,0.0,0.0,34.0,26.379,7.927,32.0,24.828,7.461,0.0,0.0,0.0,1.0,0.776,0.233,2.0,1.552,0.466,1.0,0.776,0.233,3.0,2.328,0.699,4.0,3.103,0.933,2.0,1.552,0.466,2.0,1.552,0.466,1.0,0.776,0.233,2.0,1.552,0.466,1.0,0.776,0.233,0.0,0.0,0.0,94.12,3,Box-to-Box / All-rounder,,,,,,,
271,Don Deedson Deedson,FWD,Haiti,Haiti,3,115,0.0,0.0,0.0,0.0,0.0,0.0,2.0,1.565,0.468,0.0,0.0,0.0,15.0,11.739,3.506,13.0,10.174,3.039,5.0,3.913,1.169,0.0,0.0,0.0,1.0,0.783,0.234,4.0,3.13,0.935,4.0,3.13,0.935,3.0,2.348,0.701,1.0,0.783,0.234,1.0,0.783,0.234,11.0,8.609,2.571,3.0,2.348,0.701,1.0,0.783,0.234,1.0,0.783,0.234,86.67,3,Box-to-Box / All-rounder,,,,,,,
648,Amadou Ba Onana,MID,Belgium,Belgium,4,115,0.0,0.0,0.0,0.0,0.0,0.0,2.0,1.565,0.468,0.0,0.0,0.0,64.0,50.087,14.961,57.0,44.609,13.325,0.0,0.0,0.0,8.0,6.261,1.87,0.0,0.0,0.0,5.0,3.913,1.169,4.0,3.13,0.935,11.0,8.609,2.571,2.0,1.565,0.468,2.0,1.565,0.468,2.0,1.565,0.468,1.0,0.783,0.234,3.0,2.348,0.701,0.0,0.0,0.0,89.06,3,Box-to-Box / All-rounder,,,,,,,
1038,Ahmad Ali Ali Azaizeh,FWD,Jordan,Jordan,3,115,0.0,0.0,0.0,0.0,0.0,0.0,2.0,1.565,0.468,0.0,0.0,0.0,13.0,10.174,3.039,12.0,9.391,2.805,1.0,0.783,0.234,3.0,2.348,0.701,0.0,0.0,0.0,0.0,0.0,0.0,2.0,1.565,0.468,3.0,2.348,0.701,1.0,0.783,0.234,1.0,0.783,0.234,2.0,1.565,0.468,1.0,0.783,0.234,1.0,0.783,0.234,0.0,0.0,0.0,92.31,3,Box-to-Box / All-rounder,,,,,,,
318,Auston Levi-Jesaiah Trusty,DEF,USA,USA,2,114,1.0,0.789,0.234,0.0,0.0,0.0,3.0,2.368,0.703,2.0,1.579,0.469,50.0,39.474,11.719,38.0,30.0,8.906,2.0,1.579,0.469,2.0,1.579,0.469,4.0,3.158,0.938,10.0,7.895,2.344,5.0,3.947,1.172,5.0,3.947,1.172,8.0,6.316,1.875,8.0,6.316,1.875,0.0,0.0,0.0,2.0,1.579,0.469,0.0,0.0,0.0,0.0,0.0,0.0,76.0,0,Ball Progressor,,,,,,,
480,Elye Delmas Wahi,FWD,Côte d'Ivoire,Côte d'Ivoire,3,112,0.0,0.0,0.0,0.0,0.0,0.0,3.0,2.411,0.707,2.0,1.607,0.471,21.0,16.875,4.948,15.0,12.054,3.534,1.0,0.804,0.236,2.0,1.607,0.471,0.0,0.0,0.0,0.0,0.0,0.0,0.0,0.0,0.0,1.0,0.804,0.236,1.0,0.804,0.236,0.0,0.0,0.0,0.0,0.0,0.0,0.0,0.0,0.0,0.0,0.0,0.0,0.0,0.0,0.0,71.43,3,Box-to-Box / All-rounder,,,,,,,
938,Marcos Nicolás Senesi,DEF,Argentina,Argentina,2,112,0.0,0.0,0.0,0.0,0.0,0.0,1.0,0.804,0.236,0.0,0.0,0.0,79.0,63.482,18.613,75.0,60.268,17.67,0.0,0.0,0.0,2.0,1.607,0.471,2.0,1.607,0.471,3.0,2.411,0.707,1.0,0.804,0.236,5.0,4.018,1.178,2.0,1.607,0.471,1.0,0.804,0.236,0.0,0.0,0.0,0.0,0.0,0.0,3.0,2.411,0.707,0.0,0.0,0.0,94.94,3,Box-to-Box / All-rounder,,,,,,,
762,Paulo Joao Paulo,MID,Cabo Verde,Cabo Verde,2,111,0.0,0.0,0.0,0.0,0.0,0.0,2.0,1.622,0.472,0.0,0.0,0.0,62.0,50.27,14.646,52.0,42.162,12.283,5.0,4.054,1.181,4.0,3.243,0.945,5.0,4.054,1.181,11.0,8.919,2.598,5.0,4.054,1.181,11.0,8.919,2.598,4.0,3.243,0.945,4.0,3.243,0.945,7.0,5.676,1.654,0.0,0.0,0.0,4.0,3.243,0.945,0.0,0.0,0.0,83.87,0,Ball Progressor,,,,,,,
706,Tyler Grant Bindon,DEF,New Zealand,New Zealand,3,109,0.0,0.0,0.0,0.0,0.0,0.0,2.0,1.651,0.475,1.0,0.826,0.237,68.0,56.147,16.148,49.0,40.459,11.636,0.0,0.0,0.0,1.0,0.826,0.237,2.0,1.651,0.475,11.0,9.083,2.612,4.0,3.303,0.95,10.0,8.257,2.375,3.0,2.477,0.712,3.0,2.477,0.712,3.0,2.477,0.712,2.0,1.651,0.475,1.0,0.826,0.237,0.0,0.0,0.0,72.06,3,Box-to-Box / All-rounder,,,,,,,
975,Jaouen Djimmy Hadjam,DEF,Algeria,Algeria,3,109,0.0,0.0,0.0,0.0,0.0,0.0,1.0,0.826,0.237,0.0,0.0,0.0,67.0,55.321,15.91,56.0,46.239,13.298,0.0,0.0,0.0,4.0,3.303,0.95,2.0,1.651,0.475,1.0,0.826,0.237,3.0,2.477,0.712,6.0,4.954,1.425,2.0,1.651,0.475,2.0,1.651,0.475,13.0,10.734,3.087,0.0,0.0,0.0,0.0,0.0,0.0,0.0,0.0,0.0,83.58,3,Box-to-Box / All-rounder,,,,,,,
1061,Diogo Ruben,MID,Portugal,Portugal,2,109,0.0,0.0,0.0,0.0,0.0,0.0,2.0,1.651,0.475,0.0,0.0,0.0,29.0,23.945,6.887,27.0,22.294,6.412,0.0,0.0,0.0,0.0,0.0,0.0,0.0,0.0,0.0,3.0,2.477,0.712,2.0,1.651,0.475,0.0,0.0,0.0,0.0,0.0,0.0,0.0,0.0,0.0,0.0,0.0,0.0,0.0,0.0,0.0,0.0,0.0,0.0,0.0,0.0,0.0,93.1,3,Box-to-Box / All-rounder,,,,,,,
408,Mert Muldur,DEF,Türkiye,Türkiye,3,108,0.0,0.0,0.0,0.0,0.0,0.0,3.0,2.5,0.714,0.0,0.0,0.0,81.0,67.5,19.286,72.0,60.0,17.143,6.0,5.0,1.429,5.0,4.167,1.19,0.0,0.0,0.0,3.0,2.5,0.714,2.0,1.667,0.476,5.0,4.167,1.19,4.0,3.333,0.952,4.0,3.333,0.952,4.0,3.333,0.952,1.0,0.833,0.238,2.0,1.667,0.476,0.0,0.0,0.0,88.89,3,Box-to-Box / All-rounder,,,,,,,
395,Salih Ozcan,MID,Türkiye,Türkiye,2,108,0.0,0.0,0.0,0.0,0.0,0.0,0.0,0.0,0.0,0.0,0.0,0.0,61.0,50.833,14.524,52.0,43.333,12.381,1.0,0.833,0.238,8.0,6.667,1.905,3.0,2.5,0.714,0.0,0.0,0.0,4.0,3.333,0.952,10.0,8.333,2.381,1.0,0.833,0.238,1.0,0.833,0.238,0.0,0.0,0.0,2.0,1.667,0.476,2.0,1.667,0.476,0.0,0.0,0.0,85.25,3,Box-to-Box / All-rounder,,,,,,,
438,David Raum,DEF,Germany,Germany,2,108,0.0,0.0,0.0,0.0,0.0,0.0,1.0,0.833,0.238,1.0,0.833,0.238,52.0,43.333,12.381,44.0,36.667,10.476,14.0,11.667,3.333,8.0,6.667,1.905,1.0,0.833,0.238,1.0,0.833,0.238,5.0,4.167,1.19,5.0,4.167,1.19,0.0,0.0,0.0,0.0,0.0,0.0,2.0,1.667,0.476,2.0,1.667,0.476,0.0,0.0,0.0,0.0,0.0,0.0,84.62,3,Box-to-Box / All-rounder,,,,,,,
780,Sandro Helio Varela,MID,Cabo Verde,Cabo Verde,3,108,1.0,0.833,0.238,0.0,0.0,0.0,3.0,2.5,0.714,1.0,0.833,0.238,29.0,24.167,6.905,27.0,22.5,6.429,1.0,0.833,0.238,0.0,0.0,0.0,0.0,0.0,0.0,2.0,1.667,0.476,2.0,1.667,0.476,1.0,0.833,0.238,0.0,0.0,0.0,0.0,0.0,0.0,9.0,7.5,2.143,1.0,0.833,0.238,2.0,1.667,0.476,1.0,0.833,0.238,93.1,3,Box-to-Box / All-rounder,,,,,,,
8,Álvaro Fidalgo,MID,Mexico,Mexico,3,107,1.0,0.841,0.239,0.0,0.0,0.0,3.0,2.523,0.716,2.0,1.682,0.477,77.0,64.766,18.382,72.0,60.561,17.188,3.0,2.523,0.716,1.0,0.841,0.239,2.0,1.682,0.477,0.0,0.0,0.0,1.0,0.841,0.239,2.0,1.682,0.477,1.0,0.841,0.239,1.0,0.841,0.239,6.0,5.047,1.432,0.0,0.0,0.0,2.0,1.682,0.477,0.0,0.0,0.0,93.51,3,Box-to-Box / All-rounder,,,,,,,
772,Emanuel Telmo,MID,Cabo Verde,Cabo Verde,2,107,0.0,0.0,0.0,0.0,0.0,0.0,0.0,0.0,0.0,0.0,0.0,0.0,14.0,11.776,3.342,12.0,10.093,2.865,1.0,0.841,0.239,0.0,0.0,0.0,0.0,0.0,0.0,1.0,0.841,0.239,4.0,3.364,0.955,2.0,1.682,0.477,0.0,0.0,0.0,0.0,0.0,0.0,4.0,3.364,0.955,0.0,0.0,0.0,1.0,0.841,0.239,0.0,0.0,0.0,85.71,3,Box-to-Box / All-rounder,,,,,,,
168,Karim Karim Boudiaf,MID,Qatar,Qatar,2,106,0.0,0.0,0.0,0.0,0.0,0.0,1.0,0.849,0.239,0.0,0.0,0.0,69.0,58.585,16.516,65.0,55.189,15.559,0.0,0.0,0.0,3.0,2.547,0.718,0.0,0.0,0.0,3.0,2.547,0.718,5.0,4.245,1.197,4.0,3.396,0.957,1.0,0.849,0.239,1.0,0.849,0.239,0.0,0.0,0.0,0.0,0.0,0.0,2.0,1.698,0.479,0.0,0.0,0.0,94.2,3,Box-to-Box / All-rounder,,,,,,,
511,Ángelo Smit Preciado,DEF,Ecuador,Ecuador,4,106,0.0,0.0,0.0,0.0,0.0,0.0,0.0,0.0,0.0,0.0,0.0,0.0,47.0,39.906,11.25,32.0,27.17,7.66,8.0,6.792,1.915,5.0,4.245,1.197,2.0,1.698,0.479,5.0,4.245,1.197,1.0,0.849,0.239,7.0,5.943,1.676,1.0,0.849,0.239,1.0,0.849,0.239,2.0,1.698,0.479,0.0,0.0,0.0,1.0,0.849,0.239,0.0,0.0,0.0,68.09,3,Box-to-Box / All-rounder,,,,,,,
1118,Jakhongir Urozov,DEF,Uzbekistan,Uzbekistan,2,104,0.0,0.0,0.0,0.0,0.0,0.0,0.0,0.0,0.0,0.0,0.0,0.0,45.0,38.942,10.829,31.0,26.827,7.46,0.0,0.0,0.0,3.0,2.596,0.722,2.0,1.731,0.481,6.0,5.192,1.444,2.0,1.731,0.481,7.0,6.058,1.684,5.0,4.327,1.203,5.0,4.327,1.203,2.0,1.731,0.481,0.0,0.0,0.0,0.0,0.0,0.0,0.0,0.0,0.0,68.89,3,Box-to-Box / All-rounder,,,,,,,
11,Santiago Tomás Gimenez,FWD,Mexico,Mexico,4,104,0.0,0.0,0.0,0.0,0.0,0.0,2.0,1.731,0.481,1.0,0.865,0.241,13.0,11.25,3.128,7.0,6.058,1.684,0.0,0.0,0.0,1.0,0.865,0.241,0.0,0.0,0.0,2.0,1.731,0.481,2.0,1.731,0.481,0.0,0.0,0.0,2.0,1.731,0.481,2.0,1.731,0.481,2.0,1.731,0.481,1.0,0.865,0.241,3.0,2.596,0.722,0.0,0.0,0.0,53.85,3,Box-to-Box / All-rounder,,,,,,,
292,Kieran Tierney,DEF,Scotland,Scotland,2,104,0.0,0.0,0.0,0.0,0.0,0.0,2.0,1.731,0.481,0.0,0.0,0.0,48.0,41.538,11.551,36.0,31.154,8.663,7.0,6.058,1.684,5.0,4.327,1.203,2.0,1.731,0.481,3.0,2.596,0.722,3.0,2.596,0.722,4.0,3.462,0.963,0.0,0.0,0.0,0.0,0.0,0.0,0.0,0.0,0.0,3.0,2.596,0.722,2.0,1.731,0.481,0.0,0.0,0.0,75.0,3,Box-to-Box / All-rounder,,,,,,,
1127,Jhon Andrés Cordoba,FWD,Colombia,Colombia,3,104,0.0,0.0,0.0,0.0,0.0,0.0,2.0,1.731,0.481,1.0,0.865,0.241,12.0,10.385,2.888,9.0,7.788,2.166,0.0,0.0,0.0,1.0,0.865,0.241,0.0,0.0,0.0,0.0,0.0,0.0,0.0,0.0,0.0,1.0,0.865,0.241,7.0,6.058,1.684,6.0,5.192,1.444,0.0,0.0,0.0,1.0,0.865,0.241,2.0,1.731,0.481,2.0,1.731,0.481,75.0,3,Box-to-Box / All-rounder,,,,,,,
580,Daniel Jonathan Svensson,DEF,Sweden,Sweden,3,103,0.0,0.0,0.0,0.0,0.0,0.0,1.0,0.874,0.241,0.0,0.0,0.0,46.0,40.194,11.099,38.0,33.204,9.169,2.0,1.748,0.483,3.0,2.621,0.724,0.0,0.0,0.0,2.0,1.748,0.483,2.0,1.748,0.483,1.0,0.874,0.241,0.0,0.0,0.0,0.0,0.0,0.0,0.0,0.0,0.0,0.0,0.0,0.0,0.0,0.0,0.0,1.0,0.874,0.241,82.61,3,Box-to-Box / All-rounder,,,,,,,
362,Gustavo Ruben Caballero,MID,Paraguay,Paraguay,2,103,0.0,0.0,0.0,0.0,0.0,0.0,1.0,0.874,0.241,1.0,0.874,0.241,8.0,6.99,1.93,5.0,4.369,1.206,0.0,0.0,0.0,8.0,6.99,1.93,0.0,0.0,0.0,2.0,1.748,0.483,2.0,1.748,0.483,2.0,1.748,0.483,2.0,1.748,0.483,2.0,1.748,0.483,5.0,4.369,1.206,2.0,1.748,0.483,2.0,1.748,0.483,1.0,0.874,0.241,62.5,3,Box-to-Box / All-rounder,,,,,,,
118,Jacob Everett Shaffelburg,MID,Canada,Canada,5,102,0.0,0.0,0.0,0.0,0.0,0.0,3.0,2.647,0.726,0.0,0.0,0.0,41.0,36.176,9.919,37.0,32.647,8.952,19.0,16.765,4.597,5.0,4.412,1.21,0.0,0.0,0.0,6.0,5.294,1.452,4.0,3.529,0.968,3.0,2.647,0.726,1.0,0.882,0.242,1.0,0.882,0.242,4.0,3.529,0.968,2.0,1.765,0.484,1.0,0.882,0.242,0.0,0.0,0.0,90.24,1,Playmaker / Chance Creator,,,,,,,
1194,Marco Pasalic,FWD,Croatia,Croatia,3,102,0.0,0.0,0.0,0.0,0.0,0.0,3.0,2.647,0.726,2.0,1.765,0.484,37.0,32.647,8.952,23.0,20.294,5.565,12.0,10.588,2.903,5.0,4.412,1.21,2.0,1.765,0.484,2.0,1.765,0.484,1.0,0.882,0.242,5.0,4.412,1.21,0.0,0.0,0.0,0.0,0.0,0.0,12.0,10.588,2.903,0.0,0.0,0.0,2.0,1.765,0.484,2.0,1.765,0.484,62.16,1,Playmaker / Chance Creator,,,,,,,
1109,Dostonbek Khamdamov,MID,Uzbekistan,Uzbekistan,2,102,0.0,0.0,0.0,0.0,0.0,0.0,2.0,1.765,0.484,0.0,0.0,0.0,34.0,30.0,8.226,29.0,25.588,7.016,5.0,4.412,1.21,10.0,8.824,2.419,1.0,0.882,0.242,2.0,1.765,0.484,1.0,0.882,0.242,4.0,3.529,0.968,1.0,0.882,0.242,1.0,0.882,0.242,1.0,0.882,0.242,1.0,0.882,0.242,0.0,0.0,0.0,1.0,0.882,0.242,85.29,3,Box-to-Box / All-rounder,,,,,,,
364,Alexandro Maidana,DEF,Paraguay,Paraguay,2,102,0.0,0.0,0.0,0.0,0.0,0.0,0.0,0.0,0.0,0.0,0.0,0.0,19.0,16.765,4.597,13.0,11.471,3.145,1.0,0.882,0.242,2.0,1.765,0.484,0.0,0.0,0.0,7.0,6.176,1.694,4.0,3.529,0.968,1.0,0.882,0.242,0.0,0.0,0.0,0.0,0.0,0.0,0.0,0.0,0.0,0.0,0.0,0.0,0.0,0.0,0.0,0.0,0.0,0.0,68.42,3,Box-to-Box / All-rounder,,,,,,,
297,Ryan Christie,MID,Scotland,Scotland,3,101,0.0,0.0,0.0,0.0,0.0,0.0,2.0,1.782,0.485,0.0,0.0,0.0,35.0,31.188,8.491,29.0,25.842,7.035,1.0,0.891,0.243,7.0,6.238,1.698,1.0,0.891,0.243,2.0,1.782,0.485,6.0,5.347,1.456,5.0,4.455,1.213,0.0,0.0,0.0,0.0,0.0,0.0,4.0,3.564,0.97,2.0,1.782,0.485,1.0,0.891,0.243,0.0,0.0,0.0,82.86,3,Box-to-Box / All-rounder,,,,,,,
424,Leon Christoph Goretzka,MID,Germany,Germany,3,101,0.0,0.0,0.0,0.0,0.0,0.0,2.0,1.782,0.485,0.0,0.0,0.0,30.0,26.733,7.278,23.0,20.495,5.58,1.0,0.891,0.243,2.0,1.782,0.485,1.0,0.891,0.243,6.0,5.347,1.456,0.0,0.0,0.0,3.0,2.673,0.728,3.0,2.673,0.728,3.0,2.673,0.728,3.0,2.673,0.728,0.0,0.0,0.0,0.0,0.0,0.0,0.0,0.0,0.0,76.67,3,Box-to-Box / All-rounder,,,,,,,
721,Benjamin Craig Old,MID,New Zealand,New Zealand,3,101,0.0,0.0,0.0,0.0,0.0,0.0,0.0,0.0,0.0,0.0,0.0,0.0,33.0,29.406,8.005,25.0,22.277,6.065,1.0,0.891,0.243,0.0,0.0,0.0,0.0,0.0,0.0,2.0,1.782,0.485,5.0,4.455,1.213,4.0,3.564,0.97,0.0,0.0,0.0,0.0,0.0,0.0,4.0,3.564,0.97,0.0,0.0,0.0,1.0,0.891,0.243,0.0,0.0,0.0,75.76,3,Box-to-Box / All-rounder,,,,,,,
171,Abdurisag Yusuf Abdurisag,FWD,Qatar,Qatar,2,100,0.0,0.0,0.0,0.0,0.0,0.0,0.0,0.0,0.0,0.0,0.0,0.0,14.0,12.6,3.405,9.0,8.1,2.189,0.0,0.0,0.0,5.0,4.5,1.216,0.0,0.0,0.0,2.0,1.8,0.486,3.0,2.7,0.73,1.0,0.9,0.243,2.0,1.8,0.486,2.0,1.8,0.486,3.0,2.7,0.73,1.0,0.9,0.243,2.0,1.8,0.486,0.0,0.0,0.0,64.29,3,Box-to-Box / All-rounder,,,,,,,
973,Anis Hadj Moussa,FWD,Algeria,Algeria,3,98,0.0,0.0,0.0,0.0,0.0,0.0,2.0,1.837,0.489,0.0,0.0,0.0,36.0,33.061,8.804,25.0,22.959,6.114,4.0,3.673,0.978,3.0,2.755,0.734,0.0,0.0,0.0,0.0,0.0,0.0,2.0,1.837,0.489,2.0,1.837,0.489,1.0,0.918,0.245,1.0,0.918,0.245,17.0,15.612,4.158,0.0,0.0,0.0,2.0,1.837,0.489,0.0,0.0,0.0,69.44,3,Box-to-Box / All-rounder,,,,,,,
1005,Carney Chibueze Chukwuemeka,MID,Austria,Austria,3,98,0.0,0.0,0.0,0.0,0.0,0.0,2.0,1.837,0.489,1.0,0.918,0.245,30.0,27.551,7.337,25.0,22.959,6.114,0.0,0.0,0.0,5.0,4.592,1.223,2.0,1.837,0.489,0.0,0.0,0.0,9.0,8.265,2.201,7.0,6.429,1.712,2.0,1.837,0.489,2.0,1.837,0.489,8.0,7.347,1.957,2.0,1.837,0.489,2.0,1.837,0.489,0.0,0.0,0.0,83.33,3,Box-to-Box / All-rounder,,,,,,,
405,Ozan Muhammed Kabak,DEF,Türkiye,Türkiye,1,98,0.0,0.0,0.0,0.0,0.0,0.0,0.0,0.0,0.0,0.0,0.0,0.0,36.0,33.061,8.804,26.0,23.878,6.359,0.0,0.0,0.0,5.0,4.592,1.223,0.0,0.0,0.0,4.0,3.673,0.978,1.0,0.918,0.245,5.0,4.592,1.223,4.0,3.673,0.978,4.0,3.673,0.978,2.0,1.837,0.489,3.0,2.755,0.734,0.0,0.0,0.0,0.0,0.0,0.0,72.22,3,Box-to-Box / All-rounder,,,,,,,
324,Miles Gordon Robinson,DEF,USA,USA,1,98,0.0,0.0,0.0,0.0,0.0,0.0,1.0,0.918,0.245,0.0,0.0,0.0,58.0,53.265,14.185,54.0,49.592,13.207,0.0,0.0,0.0,2.0,1.837,0.489,3.0,2.755,0.734,11.0,10.102,2.69,3.0,2.755,0.734,7.0,6.429,1.712,1.0,0.918,0.245,1.0,0.918,0.245,1.0,0.918,0.245,2.0,1.837,0.489,0.0,0.0,0.0,0.0,0.0,0.0,93.1,3,Box-to-Box / All-rounder,,,,,,,
334,Mc,DEF,USA,USA,1,98,0.0,0.0,0.0,0.0,0.0,0.0,0.0,0.0,0.0,0.0,0.0,0.0,51.0,46.837,12.473,47.0,43.163,11.495,0.0,0.0,0.0,1.0,0.918,0.245,1.0,0.918,0.245,11.0,10.102,2.69,0.0,0.0,0.0,8.0,7.347,1.957,3.0,2.755,0.734,2.0,1.837,0.489,0.0,0.0,0.0,1.0,0.918,0.245,1.0,0.918,0.245,0.0,0.0,0.0,92.16,3,Box-to-Box / All-rounder,,,,,,,
1190,Igor Matanovic,FWD,Croatia,Croatia,3,97,0.0,0.0,0.0,0.0,0.0,0.0,4.0,3.711,0.981,2.0,1.856,0.49,14.0,12.99,3.433,11.0,10.206,2.698,0.0,0.0,0.0,5.0,4.639,1.226,0.0,0.0,0.0,0.0,0.0,0.0,2.0,1.856,0.49,1.0,0.928,0.245,4.0,3.711,0.981,4.0,3.711,0.981,5.0,4.639,1.226,4.0,3.711,0.981,3.0,2.784,0.736,1.0,0.928,0.245,78.57,3,Box-to-Box / All-rounder,,,,,,,
84,ě pán Chaloupek,DEF,Czechia,Czechia,1,96,0.0,0.0,0.0,0.0,0.0,0.0,0.0,0.0,0.0,0.0,0.0,0.0,22.0,20.625,5.41,15.0,14.062,3.689,0.0,0.0,0.0,5.0,4.688,1.23,1.0,0.938,0.246,8.0,7.5,1.967,4.0,3.75,0.984,9.0,8.438,2.213,3.0,2.812,0.738,3.0,2.812,0.738,0.0,0.0,0.0,1.0,0.938,0.246,0.0,0.0,0.0,0.0,0.0,0.0,68.18,3,Box-to-Box / All-rounder,,,,,,,
474,Seko Mohamed Fofana,MID,Côte d'Ivoire,Côte d'Ivoire,2,96,0.0,0.0,0.0,0.0,0.0,0.0,5.0,4.688,1.23,1.0,0.938,0.246,45.0,42.188,11.066,38.0,35.625,9.344,0.0,0.0,0.0,0.0,0.0,0.0,0.0,0.0,0.0,3.0,2.812,0.738,3.0,2.812,0.738,6.0,5.625,1.475,0.0,0.0,0.0,0.0,0.0,0.0,0.0,0.0,0.0,1.0,0.938,0.246,0.0,0.0,0.0,0.0,0.0,0.0,84.44,3,Box-to-Box / All-rounder,,,,,,,
671,Saber Abdelmohsen Mahmoud,MID,Egypt,Egypt,2,95,1.0,0.947,0.247,0.0,0.0,0.0,3.0,2.842,0.74,1.0,0.947,0.247,34.0,32.211,8.384,30.0,28.421,7.397,1.0,0.947,0.247,3.0,2.842,0.74,0.0,0.0,0.0,0.0,0.0,0.0,0.0,0.0,0.0,0.0,0.0,0.0,0.0,0.0,0.0,0.0,0.0,0.0,1.0,0.947,0.247,2.0,1.895,0.493,1.0,0.947,0.247,0.0,0.0,0.0,88.24,3,Box-to-Box / All-rounder,,,,,,,
319,Giovanni Alejandro Reyna,MID,USA,USA,4,94,1.0,0.957,0.247,0.0,0.0,0.0,2.0,1.915,0.495,1.0,0.957,0.247,65.0,62.234,16.071,54.0,51.702,13.352,1.0,0.957,0.247,0.0,0.0,0.0,0.0,0.0,0.0,1.0,0.957,0.247,4.0,3.83,0.989,2.0,1.915,0.495,2.0,1.915,0.495,2.0,1.915,0.495,4.0,3.83,0.989,1.0,0.957,0.247,3.0,2.872,0.742,0.0,0.0,0.0,83.08,3,Box-to-Box / All-rounder,,,,,,,
99,David Doudera,DEF,Czechia,Czechia,1,94,0.0,0.0,0.0,0.0,0.0,0.0,4.0,3.83,0.989,0.0,0.0,0.0,47.0,45.0,11.621,34.0,32.553,8.407,4.0,3.83,0.989,1.0,0.957,0.247,0.0,0.0,0.0,0.0,0.0,0.0,2.0,1.915,0.495,1.0,0.957,0.247,0.0,0.0,0.0,0.0,0.0,0.0,2.0,1.915,0.495,0.0,0.0,0.0,1.0,0.957,0.247,0.0,0.0,0.0,72.34,3,Box-to-Box / All-rounder,,,,,,,
925,Fredrik André Bjorkan,DEF,Norway,Norway,1,94,0.0,0.0,0.0,0.0,0.0,0.0,0.0,0.0,0.0,0.0,0.0,0.0,21.0,20.106,5.192,19.0,18.191,4.698,0.0,0.0,0.0,1.0,0.957,0.247,3.0,2.872,0.742,1.0,0.957,0.247,2.0,1.915,0.495,3.0,2.872,0.742,0.0,0.0,0.0,0.0,0.0,0.0,1.0,0.957,0.247,0.0,0.0,0.0,0.0,0.0,0.0,0.0,0.0,0.0,90.48,3,Box-to-Box / All-rounder,,,,,,,
929,Thelonious Gerard Aasgaard,MID,Norway,Norway,1,94,1.0,0.957,0.247,0.0,0.0,0.0,2.0,1.915,0.495,1.0,0.957,0.247,43.0,41.17,10.632,38.0,36.383,9.396,0.0,0.0,0.0,4.0,3.83,0.989,2.0,1.915,0.495,0.0,0.0,0.0,6.0,5.745,1.484,6.0,5.745,1.484,1.0,0.957,0.247,1.0,0.957,0.247,2.0,1.915,0.495,0.0,0.0,0.0,3.0,2.872,0.742,0.0,0.0,0.0,88.37,3,Box-to-Box / All-rounder,,,,,,,
921,Jørgen Strand Strand Larsen,FWD,Norway,Norway,1,94,0.0,0.0,0.0,0.0,0.0,0.0,2.0,1.915,0.495,1.0,0.957,0.247,21.0,20.106,5.192,16.0,15.319,3.956,0.0,0.0,0.0,1.0,0.957,0.247,0.0,0.0,0.0,0.0,0.0,0.0,2.0,1.915,0.495,1.0,0.957,0.247,5.0,4.787,1.236,4.0,3.83,0.989,0.0,0.0,0.0,0.0,0.0,0.0,2.0,1.915,0.495,1.0,0.957,0.247,76.19,3,Box-to-Box / All-rounder,,,,,,,
778,Fabricio Wagner Pina,DEF,Cabo Verde,Cabo Verde,1,94,0.0,0.0,0.0,0.0,0.0,0.0,1.0,0.957,0.247,0.0,0.0,0.0,38.0,36.383,9.396,30.0,28.723,7.418,3.0,2.872,0.742,0.0,0.0,0.0,1.0,0.957,0.247,4.0,3.83,0.989,5.0,4.787,1.236,8.0,7.66,1.978,2.0,1.915,0.495,2.0,1.915,0.495,4.0,3.83,0.989,1.0,0.957,0.247,3.0,2.872,0.742,0.0,0.0,0.0,78.95,3,Box-to-Box / All-rounder,,,,,,,
697,Mohammad Ghorbani,MID,IR Iran,IR Iran,1,94,0.0,0.0,0.0,0.0,0.0,0.0,2.0,1.915,0.495,1.0,0.957,0.247,19.0,18.191,4.698,16.0,15.319,3.956,0.0,0.0,0.0,7.0,6.702,1.731,1.0,0.957,0.247,5.0,4.787,1.236,4.0,3.83,0.989,5.0,4.787,1.236,1.0,0.957,0.247,1.0,0.957,0.247,1.0,0.957,0.247,2.0,1.915,0.495,1.0,0.957,0.247,0.0,0.0,0.0,84.21,3,Box-to-Box / All-rounder,,,,,,,
950,Exequiel Alejandro Palacios,MID,Argentina,Argentina,1,94,0.0,0.0,0.0,0.0,0.0,0.0,0.0,0.0,0.0,0.0,0.0,0.0,94.0,90.0,23.242,89.0,85.213,22.005,0.0,0.0,0.0,4.0,3.83,0.989,1.0,0.957,0.247,3.0,2.872,0.742,4.0,3.83,0.989,5.0,4.787,1.236,0.0,0.0,0.0,0.0,0.0,0.0,0.0,0.0,0.0,1.0,0.957,0.247,1.0,0.957,0.247,0.0,0.0,0.0,94.68,3,Box-to-Box / All-rounder,,,,,,,
793,Meshari Nawaf Bu Washl,DEF,Saudi Arabia,Saudi Arabia,2,93,0.0,0.0,0.0,0.0,0.0,0.0,0.0,0.0,0.0,0.0,0.0,0.0,46.0,44.516,11.405,35.0,33.871,8.678,0.0,0.0,0.0,4.0,3.871,0.992,2.0,1.935,0.496,9.0,8.71,2.231,3.0,2.903,0.744,5.0,4.839,1.24,0.0,0.0,0.0,0.0,0.0,0.0,1.0,0.968,0.248,1.0,0.968,0.248,1.0,0.968,0.248,0.0,0.0,0.0,76.09,3,Box-to-Box / All-rounder,,,,,,,
679,Ehsan Hajisafi,DEF,IR Iran,IR Iran,2,93,0.0,0.0,0.0,0.0,0.0,0.0,1.0,0.968,0.248,0.0,0.0,0.0,20.0,19.355,4.959,11.0,10.645,2.727,2.0,1.935,0.496,3.0,2.903,0.744,2.0,1.935,0.496,3.0,2.903,0.744,0.0,0.0,0.0,4.0,3.871,0.992,2.0,1.935,0.496,2.0,1.935,0.496,4.0,3.871,0.992,2.0,1.935,0.496,1.0,0.968,0.248,0.0,0.0,0.0,55.0,3,Box-to-Box / All-rounder,,,,,,,
646,Alexis Jesse Saelemaekers,MID,Belgium,Belgium,4,93,1.0,0.968,0.248,0.0,0.0,0.0,4.0,3.871,0.992,1.0,0.968,0.248,42.0,40.645,10.413,33.0,31.935,8.182,2.0,1.935,0.496,2.0,1.935,0.496,0.0,0.0,0.0,0.0,0.0,0.0,1.0,0.968,0.248,2.0,1.935,0.496,0.0,0.0,0.0,0.0,0.0,0.0,8.0,7.742,1.983,0.0,0.0,0.0,2.0,1.935,0.496,2.0,1.935,0.496,78.57,2,Finisher / Goal Scorer,,,,,,,
45,Nkosinathi Emmanuel Sibisi,DEF,South Africa,South Africa,1,92,0.0,0.0,0.0,0.0,0.0,0.0,0.0,0.0,0.0,0.0,0.0,0.0,52.0,50.87,12.928,42.0,41.087,10.442,0.0,0.0,0.0,0.0,0.0,0.0,2.0,1.957,0.497,2.0,1.957,0.497,0.0,0.0,0.0,5.0,4.891,1.243,0.0,0.0,0.0,0.0,0.0,0.0,0.0,0.0,0.0,1.0,0.978,0.249,0.0,0.0,0.0,0.0,0.0,0.0,80.77,3,Box-to-Box / All-rounder,,,,,,,
823,Matías Nicolas Vina,DEF,Uruguay,Uruguay,1,92,0.0,0.0,0.0,0.0,0.0,0.0,0.0,0.0,0.0,0.0,0.0,0.0,29.0,28.37,7.21,23.0,22.5,5.718,2.0,1.957,0.497,0.0,0.0,0.0,0.0,0.0,0.0,1.0,0.978,0.249,0.0,0.0,0.0,1.0,0.978,0.249,1.0,0.978,0.249,1.0,0.978,0.249,2.0,1.957,0.497,0.0,0.0,0.0,1.0,0.978,0.249,1.0,0.978,0.249,79.31,3,Box-to-Box / All-rounder,,,,,,,
813,Diego Nicolás De La Cruz,MID,Uruguay,Uruguay,3,92,0.0,0.0,0.0,0.0,0.0,0.0,4.0,3.913,0.994,2.0,1.957,0.497,55.0,53.804,13.674,45.0,44.022,11.188,4.0,3.913,0.994,3.0,2.935,0.746,1.0,0.978,0.249,2.0,1.957,0.497,3.0,2.935,0.746,8.0,7.826,1.989,1.0,0.978,0.249,1.0,0.978,0.249,2.0,1.957,0.497,2.0,1.957,0.497,3.0,2.935,0.746,0.0,0.0,0.0,81.82,3,Box-to-Box / All-rounder,,,,,,,
693,Arya Yousefi,DEF,IR Iran,IR Iran,1,92,0.0,0.0,0.0,0.0,0.0,0.0,1.0,0.978,0.249,1.0,0.978,0.249,18.0,17.609,4.475,16.0,15.652,3.978,0.0,0.0,0.0,0.0,0.0,0.0,1.0,0.978,0.249,1.0,0.978,0.249,1.0,0.978,0.249,2.0,1.957,0.497,0.0,0.0,0.0,0.0,0.0,0.0,2.0,1.957,0.497,0.0,0.0,0.0,1.0,0.978,0.249,0.0,0.0,0.0,88.89,3,Box-to-Box / All-rounder,,,,,,,
1044,Tomás Tomas Araujo,DEF,Portugal,Portugal,1,92,0.0,0.0,0.0,0.0,0.0,0.0,0.0,0.0,0.0,0.0,0.0,0.0,102.0,99.783,25.359,98.0,95.87,24.365,0.0,0.0,0.0,0.0,0.0,0.0,2.0,1.957,0.497,3.0,2.935,0.746,2.0,1.957,0.497,6.0,5.87,1.492,1.0,0.978,0.249,1.0,0.978,0.249,1.0,0.978,0.249,1.0,0.978,0.249,0.0,0.0,0.0,0.0,0.0,0.0,96.08,3,Box-to-Box / All-rounder,,,,,,,
1220,Ernest Nuamah Nuamah,FWD,Ghana,Ghana,3,92,0.0,0.0,0.0,1.0,0.978,0.249,0.0,0.0,0.0,0.0,0.0,0.0,29.0,28.37,7.21,20.0,19.565,4.972,0.0,0.0,0.0,2.0,1.957,0.497,0.0,0.0,0.0,0.0,0.0,0.0,1.0,0.978,0.249,4.0,3.913,0.994,2.0,1.957,0.497,2.0,1.957,0.497,11.0,10.761,2.735,2.0,1.957,0.497,2.0,1.957,0.497,0.0,0.0,0.0,68.97,3,Box-to-Box / All-rounder,,,,,,,
335,Joseph Michael Scally,DEF,USA,USA,2,92,0.0,0.0,0.0,0.0,0.0,0.0,0.0,0.0,0.0,0.0,0.0,0.0,53.0,51.848,13.177,46.0,45.0,11.436,4.0,3.913,0.994,1.0,0.978,0.249,4.0,3.913,0.994,2.0,1.957,0.497,1.0,0.978,0.249,8.0,7.826,1.989,3.0,2.935,0.746,3.0,2.935,0.746,0.0,0.0,0.0,0.0,0.0,0.0,2.0,1.957,0.497,1.0,0.978,0.249,86.79,3,Box-to-Box / All-rounder,,,,,,,
1231,Tomas Abdiel Rodriguez,FWD,Panama,Panama,2,92,0.0,0.0,0.0,0.0,0.0,0.0,1.0,0.978,0.249,1.0,0.978,0.249,9.0,8.804,2.238,7.0,6.848,1.74,0.0,0.0,0.0,0.0,0.0,0.0,0.0,0.0,0.0,0.0,0.0,0.0,2.0,1.957,0.497,2.0,1.957,0.497,1.0,0.978,0.249,1.0,0.978,0.249,0.0,0.0,0.0,3.0,2.935,0.746,1.0,0.978,0.249,0.0,0.0,0.0,77.78,3,Box-to-Box / All-rounder,,,,,,,
1140,Deiver Machado,DEF,Colombia,Colombia,1,92,0.0,0.0,0.0,0.0,0.0,0.0,0.0,0.0,0.0,0.0,0.0,0.0,23.0,22.5,5.718,22.0,21.522,5.47,2.0,1.957,0.497,3.0,2.935,0.746,0.0,0.0,0.0,3.0,2.935,0.746,2.0,1.957,0.497,1.0,0.978,0.249,0.0,0.0,0.0,0.0,0.0,0.0,1.0,0.978,0.249,1.0,0.978,0.249,2.0,1.957,0.497,0.0,0.0,0.0,95.65,3,Box-to-Box / All-rounder,,,,,,,
696,Shahriyar Moghanloo,FWD,IR Iran,IR Iran,3,91,0.0,0.0,0.0,0.0,0.0,0.0,3.0,2.967,0.748,0.0,0.0,0.0,25.0,24.725,6.233,15.0,14.835,3.74,2.0,1.978,0.499,5.0,4.945,1.247,0.0,0.0,0.0,1.0,0.989,0.249,3.0,2.967,0.748,7.0,6.923,1.745,12.0,11.868,2.992,12.0,11.868,2.992,1.0,0.989,0.249,1.0,0.989,0.249,1.0,0.989,0.249,1.0,0.989,0.249,60.0,3,Box-to-Box / All-rounder,,,,,,,
363,Isidro Miguel Pitta,FWD,Paraguay,Paraguay,1,91,0.0,0.0,0.0,0.0,0.0,0.0,0.0,0.0,0.0,0.0,0.0,0.0,4.0,3.956,0.997,3.0,2.967,0.748,1.0,0.989,0.249,0.0,0.0,0.0,0.0,0.0,0.0,1.0,0.989,0.249,0.0,0.0,0.0,0.0,0.0,0.0,4.0,3.956,0.997,4.0,3.956,0.997,0.0,0.0,0.0,2.0,1.978,0.499,0.0,0.0,0.0,2.0,1.978,0.499,75.0,3,Box-to-Box / All-rounder,,,,,,,
499,Jordy Jose Alcivar,MID,Ecuador,Ecuador,1,91,0.0,0.0,0.0,0.0,0.0,0.0,1.0,0.989,0.249,0.0,0.0,0.0,33.0,32.637,8.227,31.0,30.659,7.729,1.0,0.989,0.249,1.0,0.989,0.249,3.0,2.967,0.748,0.0,0.0,0.0,0.0,0.0,0.0,4.0,3.956,0.997,0.0,0.0,0.0,0.0,0.0,0.0,0.0,0.0,0.0,1.0,0.989,0.249,0.0,0.0,0.0,0.0,0.0,0.0,93.94,3,Box-to-Box / All-rounder,,,,,,,
312,Mc,DEF,Scotland,Scotland,1,91,0.0,0.0,0.0,0.0,0.0,0.0,0.0,0.0,0.0,0.0,0.0,0.0,52.0,51.429,12.964,49.0,48.462,12.216,0.0,0.0,0.0,0.0,0.0,0.0,1.0,0.989,0.249,4.0,3.956,0.997,5.0,4.945,1.247,5.0,4.945,1.247,2.0,1.978,0.499,2.0,1.978,0.499,0.0,0.0,0.0,0.0,0.0,0.0,0.0,0.0,0.0,0.0,0.0,0.0,94.23,3,Box-to-Box / All-rounder,,,,,,,
414,Oguz Aydin,FWD,Türkiye,Türkiye,1,91,0.0,0.0,0.0,0.0,0.0,0.0,0.0,0.0,0.0,0.0,0.0,0.0,46.0,45.495,11.468,39.0,38.571,9.723,3.0,2.967,0.748,8.0,7.912,1.994,0.0,0.0,0.0,4.0,3.956,0.997,3.0,2.967,0.748,1.0,0.989,0.249,0.0,0.0,0.0,0.0,0.0,0.0,2.0,1.978,0.499,0.0,0.0,0.0,2.0,1.978,0.499,0.0,0.0,0.0,84.78,3,Box-to-Box / All-rounder,,,,,,,
128,Promise Oluwatobi Emmanuel David,FWD,Canada,Canada,4,90,1.0,1.0,0.25,1.0,1.0,0.25,5.0,5.0,1.25,3.0,3.0,0.75,16.0,16.0,4.0,8.0,8.0,2.0,0.0,0.0,0.0,4.0,4.0,1.0,0.0,0.0,0.0,1.0,1.0,0.25,3.0,3.0,0.75,5.0,5.0,1.25,3.0,3.0,0.75,3.0,3.0,0.75,0.0,0.0,0.0,4.0,4.0,1.0,2.0,2.0,0.5,0.0,0.0,0.0,50.0,2,Finisher / Goal Scorer,,,,,,,
232,IBANEZRoger Roger,DEF,Brazil,Brazil,1,90,0.0,0.0,0.0,0.0,0.0,0.0,0.0,0.0,0.0,0.0,0.0,0.0,22.0,22.0,5.5,22.0,22.0,5.5,0.0,0.0,0.0,4.0,4.0,1.0,1.0,1.0,0.25,1.0,1.0,0.25,0.0,0.0,0.0,1.0,1.0,0.25,1.0,1.0,0.25,1.0,1.0,0.25,3.0,3.0,0.75,2.0,2.0,0.5,1.0,1.0,0.25,0.0,0.0,0.0,100.0,3,Box-to-Box / All-rounder,,,,,,,
465,Riechedly Guillermo Bazoer,DEF,Curaçao,Curaçao,1,90,0.0,0.0,0.0,0.0,0.0,0.0,0.0,0.0,0.0,0.0,0.0,0.0,36.0,36.0,9.0,31.0,31.0,7.75,0.0,0.0,0.0,4.0,4.0,1.0,0.0,0.0,0.0,3.0,3.0,0.75,5.0,5.0,1.25,4.0,4.0,1.0,0.0,0.0,0.0,0.0,0.0,0.0,0.0,0.0,0.0,2.0,2.0,0.5,0.0,0.0,0.0,0.0,0.0,0.0,86.11,3,Box-to-Box / All-rounder,,,,,,,
454,Juniffer Naigelino Hansen,FWD,Curaçao,Curaçao,1,90,0.0,0.0,0.0,0.0,0.0,0.0,1.0,1.0,0.25,1.0,1.0,0.25,6.0,6.0,1.5,5.0,5.0,1.25,0.0,0.0,0.0,2.0,2.0,0.5,0.0,0.0,0.0,2.0,2.0,0.5,0.0,0.0,0.0,2.0,2.0,0.5,0.0,0.0,0.0,0.0,0.0,0.0,1.0,1.0,0.25,0.0,0.0,0.0,0.0,0.0,0.0,0.0,0.0,0.0,83.33,3,Box-to-Box / All-rounder,,,,,,,
562,Tsuyoshi Watanabe,DEF,Japan,Japan,2,90,0.0,0.0,0.0,0.0,0.0,0.0,0.0,0.0,0.0,0.0,0.0,0.0,34.0,34.0,8.5,31.0,31.0,7.75,2.0,2.0,0.5,3.0,3.0,0.75,0.0,0.0,0.0,7.0,7.0,1.75,2.0,2.0,0.5,5.0,5.0,1.25,3.0,3.0,0.75,3.0,3.0,0.75,1.0,1.0,0.25,0.0,0.0,0.0,1.0,1.0,0.25,0.0,0.0,0.0,91.18,3,Box-to-Box / All-rounder,,,,,,,
501,Pervis Josue Estupinan,DEF,Ecuador,Ecuador,2,90,0.0,0.0,0.0,0.0,0.0,0.0,0.0,0.0,0.0,0.0,0.0,0.0,61.0,61.0,15.25,55.0,55.0,13.75,3.0,3.0,0.75,5.0,5.0,1.25,2.0,2.0,0.5,5.0,5.0,1.25,1.0,1.0,0.25,5.0,5.0,1.25,1.0,1.0,0.25,1.0,1.0,0.25,0.0,0.0,0.0,3.0,3.0,0.75,0.0,0.0,0.0,0.0,0.0,0.0,90.16,3,Box-to-Box / All-rounder,,,,,,,
604,Dylan Daniel Mahmoud Bronn,DEF,Tunisia,Tunisia,1,90,0.0,0.0,0.0,0.0,0.0,0.0,0.0,0.0,0.0,0.0,0.0,0.0,20.0,20.0,5.0,16.0,16.0,4.0,0.0,0.0,0.0,0.0,0.0,0.0,0.0,0.0,0.0,8.0,8.0,2.0,1.0,1.0,0.25,3.0,3.0,0.75,0.0,0.0,0.0,0.0,0.0,0.0,0.0,0.0,0.0,1.0,1.0,0.25,0.0,0.0,0.0,0.0,0.0,0.0,80.0,3,Box-to-Box / All-rounder,,,,,,,
154,Arjan Malic,DEF,Bosnia and Herzegovina,Bosnia and Herzegovina,1,90,0.0,0.0,0.0,0.0,0.0,0.0,0.0,0.0,0.0,0.0,0.0,0.0,27.0,27.0,6.75,25.0,25.0,6.25,2.0,2.0,0.5,2.0,2.0,0.5,0.0,0.0,0.0,2.0,2.0,0.5,0.0,0.0,0.0,1.0,1.0,0.25,0.0,0.0,0.0,0.0,0.0,0.0,3.0,3.0,0.75,1.0,1.0,0.25,1.0,1.0,0.25,0.0,0.0,0.0,92.59,3,Box-to-Box / All-rounder,,,,,,,
470,Ousmane Diomande,DEF,Côte d'Ivoire,Côte d'Ivoire,1,90,0.0,0.0,0.0,0.0,0.0,0.0,0.0,0.0,0.0,0.0,0.0,0.0,74.0,74.0,18.5,72.0,72.0,18.0,0.0,0.0,0.0,0.0,0.0,0.0,2.0,2.0,0.5,2.0,2.0,0.5,1.0,1.0,0.25,4.0,4.0,1.0,1.0,1.0,0.25,1.0,1.0,0.25,1.0,1.0,0.25,0.0,0.0,0.0,0.0,0.0,0.0,0.0,0.0,0.0,97.3,3,Box-to-Box / All-rounder,,,,,,,
481,Christopher Tea Domoraud Operi,DEF,Côte d'Ivoire,Côte d'Ivoire,1,90,0.0,0.0,0.0,0.0,0.0,0.0,0.0,0.0,0.0,0.0,0.0,0.0,78.0,78.0,19.5,70.0,70.0,17.5,1.0,1.0,0.25,4.0,4.0,1.0,1.0,1.0,0.25,2.0,2.0,0.5,3.0,3.0,0.75,3.0,3.0,0.75,0.0,0.0,0.0,0.0,0.0,0.0,1.0,1.0,0.25,2.0,2.0,0.5,0.0,0.0,0.0,0.0,0.0,0.0,89.74,3,Box-to-Box / All-rounder,,,,,,,
607,Hazem Mastouri,FWD,Tunisia,Tunisia,1,90,1.0,1.0,0.25,0.0,0.0,0.0,3.0,3.0,0.75,2.0,2.0,0.5,10.0,10.0,2.5,7.0,7.0,1.75,1.0,1.0,0.25,2.0,2.0,0.5,1.0,1.0,0.25,0.0,0.0,0.0,0.0,0.0,0.0,3.0,3.0,0.75,3.0,3.0,0.75,3.0,3.0,0.75,1.0,1.0,0.25,2.0,2.0,0.5,2.0,2.0,0.5,0.0,0.0,0.0,70.0,3,Box-to-Box / All-rounder,,,,,,,
910,Dhia Jirjis Frans,DEF,Iraq,Iraq,1,90,0.0,0.0,0.0,0.0,0.0,0.0,0.0,0.0,0.0,0.0,0.0,0.0,28.0,28.0,7.0,26.0,26.0,6.5,1.0,1.0,0.25,4.0,4.0,1.0,2.0,2.0,0.5,5.0,5.0,1.25,3.0,3.0,0.75,4.0,4.0,1.0,1.0,1.0,0.25,1.0,1.0,0.25,0.0,0.0,0.0,2.0,2.0,0.5,0.0,0.0,0.0,0.0,0.0,0.0,92.86,3,Box-to-Box / All-rounder,,,,,,,
1226,Fidel Escobar,DEF,Panama,Panama,1,90,0.0,0.0,0.0,0.0,0.0,0.0,0.0,0.0,0.0,0.0,0.0,0.0,27.0,27.0,6.75,20.0,20.0,5.0,1.0,1.0,0.25,5.0,5.0,1.25,1.0,1.0,0.25,8.0,8.0,2.0,4.0,4.0,1.0,5.0,5.0,1.25,0.0,0.0,0.0,0.0,0.0,0.0,1.0,1.0,0.25,1.0,1.0,0.25,0.0,0.0,0.0,0.0,0.0,0.0,74.07,3,Box-to-Box / All-rounder,,,,,,,
1,José Raúl Rangel,GK,Mexico,,5,457,,,,,,,,,,,,,,,,,,,,,,,,,,,,,,,,,,,,,,,,,,,,,,,,,,,,,,,,0,Safe Hands,8.0,0.0,3.0,4.0,5.0,72.73,1.575
27,Ronwen Hayden Williams,GK,South Africa,,4,364,,,,,,,,,,,,,,,,,,,,,,,,,,,,,,,,,,,,,,,,,,,,,,,,,,,,,,,,0,Safe Hands,11.0,0.0,4.0,1.0,4.0,73.33,2.72
53,Seunggyu Kim,GK,Korea Republic,,3,276,,,,,,,,,,,,,,,,,,,,,,,,,,,,,,,,,,,,,,,,,,,,,,,,,,,,,,,,0,Safe Hands,10.0,0.0,3.0,0.0,3.0,76.92,3.261
79,Mat ě j Kovar,GK,Czechia,,3,280,,,,,,,,,,,,,,,,,,,,,,,,,,,,,,,,,,,,,,,,,,,,,,,,,,,,,,,,0,Safe Hands,9.0,0.0,6.0,0.0,3.0,60.0,2.893
120,Maxime Crepeau,GK,Canada,,5,465,,,,,,,,,,,,,,,,,,,,,,,,,,,,,,,,,,,,,,,,,,,,,,,,,,,,,,,,1,Backup / Limited Minutes,6.0,0.0,6.0,2.0,5.0,50.0,1.161
131,Nikola Vasilj,GK,Bosnia and Herzegovina,,4,375,,,,,,,,,,,,,,,,,,,,,,,,,,,,,,,,,,,,,,,,,,,,,,,,,,,,,,,,1,Backup / Limited Minutes,6.0,0.0,8.0,0.0,4.0,42.86,1.44
336,Matthew Andrew Geary Freese,GK,USA,,4,382,,,,,,,,,,,,,,,,,,,,,,,,,,,,,,,,,,,,,,,,,,,,,,,,,,,,,,,,0,Safe Hands,8.0,0.0,5.0,2.0,4.0,61.54,1.885
350,Orlando Daniel Gill,GK,Paraguay,,5,500,,,,,,,,,,,,,,,,,,,,,,,,,,,,,,,,,,,,,,,,,,,,,,,,,,,,,,,,0,Safe Hands,23.0,0.0,6.0,2.0,5.0,79.31,4.14
157,Ibrahim Mahmoud Abunada,GK,Qatar,,3,276,,,,,,,,,,,,,,,,,,,,,,,,,,,,,,,,,,,,,,,,,,,,,,,,,,,,,,,,0,Safe Hands,12.0,0.0,10.0,0.0,3.0,54.55,3.913
183,Gregor Kobel,GK,Switzerland,,6,612,,,,,,,,,,,,,,,,,,,,,,,,,,,,,,,,,,,,,,,,,,,,,,,,,,,,,,,,0,Safe Hands,20.0,0.0,6.0,2.0,6.0,76.92,2.941
209,Ramsés Alisson,GK,Brazil,,5,468,,,,,,,,,,,,,,,,,,,,,,,,,,,,,,,,,,,,,,,,,,,,,,,,,,,,,,,,0,Safe Hands,14.0,0.0,4.0,2.0,5.0,77.78,2.692
235,Yassine Bounou,GK,Morocco,,6,581,,,,,,,,,,,,,,,,,,,,,,,,,,,,,,,,,,,,,,,,,,,,,,,,,,,,,,,,0,Safe Hands,15.0,0.0,6.0,2.0,6.0,71.43,2.324
261,Johny Placide,GK,Haiti,,3,278,,,,,,,,,,,,,,,,,,,,,,,,,,,,,,,,,,,,,,,,,,,,,,,,,,,,,,,,0,Safe Hands,11.0,0.0,8.0,0.0,3.0,57.89,3.561
287,Angus Fraser James Gunn,GK,Scotland,,3,276,,,,,,,,,,,,,,,,,,,,,,,,,,,,,,,,,,,,,,,,,,,,,,,,,,,,,,,,0,Safe Hands,8.0,0.0,4.0,1.0,3.0,66.67,2.609
382,Patrick Thomas Beach,GK,Australia,,4,397,,,,,,,,,,,,,,,,,,,,,,,,,,,,,,,,,,,,,,,,,,,,,,,,,,,,,,,,0,Safe Hands,14.0,0.0,3.0,2.0,4.0,82.35,3.174
413,Ugurcan Cakir,GK,Türkiye,,3,279,,,,,,,,,,,,,,,,,,,,,,,,,,,,,,,,,,,,,,,,,,,,,,,,,,,,,,,,0,Safe Hands,8.0,0.0,5.0,0.0,3.0,61.54,2.581
417,Manuel Peter Neuer,GK,Germany,,4,396,,,,,,,,,,,,,,,,,,,,,,,,,,,,,,,,,,,,,,,,,,,,,,,,,,,,,,,,1,Backup / Limited Minutes,5.0,0.0,5.0,0.0,4.0,50.0,1.136
443,Eloy Victor Room,GK,Curaçao,,3,271,,,,,,,,,,,,,,,,,,,,,,,,,,,,,,,,,,,,,,,,,,,,,,,,,,,,,,,,0,Safe Hands,20.0,0.0,9.0,1.0,3.0,68.97,6.642
521,Bart Verbruggen,GK,Netherlands,,4,394,,,,,,,,,,,,,,,,,,,,,,,,,,,,,,,,,,,,,,,,,,,,,,,,,,,,,,,,0,Safe Hands,16.0,0.0,5.0,0.0,4.0,76.19,3.655
547,Zion Suzuki,GK,Japan,,4,368,,,,,,,,,,,,,,,,,,,,,,,,,,,,,,,,,,,,,,,,,,,,,,,,,,,,,,,,0,Safe Hands,12.0,0.0,5.0,1.0,4.0,70.59,2.935
469,Yahia Fofana,GK,Côte d'Ivoire,,4,367,,,,,,,,,,,,,,,,,,,,,,,,,,,,,,,,,,,,,,,,,,,,,,,,,,,,,,,,0,Safe Hands,9.0,0.0,4.0,2.0,4.0,69.23,2.207
495,Hernán Ismael Galindez,GK,Ecuador,,4,370,,,,,,,,,,,,,,,,,,,,,,,,,,,,,,,,,,,,,,,,,,,,,,,,,,,,,,,,0,Safe Hands,9.0,0.0,4.0,1.0,4.0,69.23,2.189
595,Bo Kristoffer Nordfeldt,GK,Sweden,,2,189,,,,,,,,,,,,,,,,,,,,,,,,,,,,,,,,,,,,,,,,,,,,,,,,,,,,,,,,1,Backup / Limited Minutes,3.0,0.0,6.0,0.0,2.0,33.33,1.429
599,Abdelmouhib Chamakh,GK,Tunisia,,1,96,,,,,,,,,,,,,,,,,,,,,,,,,,,,,,,,,,,,,,,,,,,,,,,,,,,,,,,,1,Backup / Limited Minutes,1.0,0.0,5.0,0.0,1.0,16.67,0.938
751,Unai Simon,GK,Spain,,8,773,,,,,,,,,,,,,,,,,,,,,,,,,,,,,,,,,,,,,,,,,,,,,,,,,,,,,,,,0,Safe Hands,10.0,0.0,1.0,7.0,8.0,90.91,1.164
755,José Vozinha,GK,Cabo Verde,,4,400,,,,,,,,,,,,,,,,,,,,,,,,,,,,,,,,,,,,,,,,,,,,,,,,,,,,,,,,0,Safe Hands,18.0,0.0,5.0,2.0,4.0,78.26,4.05
625,Thibaut Nicolas Courtois,GK,Belgium,,6,563,,,,,,,,,,,,,,,,,,,,,,,,,,,,,,,,,,,,,,,,,,,,,,,,,,,,,,,,0,Safe Hands,14.0,0.0,6.0,1.0,6.0,70.0,2.238
673,Abdelaziz Mohame Mostafa,GK,Egypt,,5,503,,,,,,,,,,,,,,,,,,,,,,,,,,,,,,,,,,,,,,,,,,,,,,,,,,,,,,,,0,Safe Hands,14.0,0.0,7.0,0.0,5.0,66.67,2.505
801,Khalil Mohammed Alowais,GK,Saudi Arabia,,3,276,,,,,,,,,,,,,,,,,,,,,,,,,,,,,,,,,,,,,,,,,,,,,,,,,,,,,,,,0,Safe Hands,16.0,0.0,5.0,1.0,3.0,76.19,5.217
829,Nestor Fernando Muslera,GK,Uruguay,,3,279,,,,,,,,,,,,,,,,,,,,,,,,,,,,,,,,,,,,,,,,,,,,,,,,,,,,,,,,1,Backup / Limited Minutes,4.0,0.0,4.0,0.0,3.0,50.0,1.29
677,Ali Reza Beiranvand,GK,IR Iran,,3,276,,,,,,,,,,,,,,,,,,,,,,,,,,,,,,,,,,,,,,,,,,,,,,,,,,,,,,,,0,Safe Hands,15.0,0.0,3.0,1.0,3.0,83.33,4.891
703,Maxime Teremoana Crocombe,GK,New Zealand,,3,285,,,,,,,,,,,,,,,,,,,,,,,,,,,,,,,,,,,,,,,,,,,,,,,,,,,,,,,,0,Safe Hands,11.0,0.0,10.0,0.0,3.0,52.38,3.474
848,Mike Peterson Maignan,GK,France,,8,746,,,,,,,,,,,,,,,,,,,,,,,,,,,,,,,,,,,,,,,,,,,,,,,,,,,,,,,,1,Backup / Limited Minutes,13.0,0.0,10.0,4.0,8.0,56.52,1.568
874,Edouard Osoque Mendy,GK,Senegal,,2,159,,,,,,,,,,,,,,,,,,,,,,,,,,,,,,,,,,,,,,,,,,,,,,,,,,,,,,,,0,Safe Hands,8.0,0.0,6.0,0.0,2.0,57.14,4.528
896,Hasan Hachim Jalal Hassan,GK,Iraq,,2,140,,,,,,,,,,,,,,,,,,,,,,,,,,,,,,,,,,,,,,,,,,,,,,,,,,,,,,,,1,Backup / Limited Minutes,2.0,0.0,4.0,0.0,1.0,33.33,1.286
911,Ørjan Haskjold Nyland,GK,Norway,,5,502,,,,,,,,,,,,,,,,,,,,,,,,,,,,,,,,,,,,,,,,,,,,,,,,,,,,,,,,0,Safe Hands,16.0,0.0,7.0,0.0,5.0,69.57,2.869
959,Damián Emiliano Martinez,GK,Argentina,,8,835,,,,,,,,,,,,,,,,,,,,,,,,,,,,,,,,,,,,,,,,,,,,,,,,,,,,,,,,0,Safe Hands,20.0,0.0,8.0,2.0,8.0,71.43,2.156
985,Luca Zinedine Zidane,GK,Algeria,,3,271,,,,,,,,,,,,,,,,,,,,,,,,,,,,,,,,,,,,,,,,,,,,,,,,,,,,,,,,0,Safe Hands,8.0,0.0,6.0,0.0,3.0,57.14,2.657
989,Alexander Schlager,GK,Austria,,4,386,,,,,,,,,,,,,,,,,,,,,,,,,,,,,,,,,,,,,,,,,,,,,,,,,,,,,,,,0,Safe Hands,13.0,0.0,9.0,0.0,4.0,59.09,3.031
1015,Mo'ien Hasan Yazeed Abulaila,GK,Jordan,,3,287,,,,,,,,,,,,,,,,,,,,,,,,,,,,,,,,,,,,,,,,,,,,,,,,,,,,,,,,0,Safe Hands,8.0,0.0,8.0,0.0,3.0,50.0,2.509
1041,Diogo Diogo Costa,GK,Portugal,,5,472,,,,,,,,,,,,,,,,,,,,,,,,,,,,,,,,,,,,,,,,,,,,,,,,,,,,,,,,0,Safe Hands,19.0,0.0,3.0,2.0,5.0,86.36,3.623
1067,Lionel Nzau Mpasi,GK,Congo DR,,4,368,,,,,,,,,,,,,,,,,,,,,,,,,,,,,,,,,,,,,,,,,,,,,,,,,,,,,,,,0,Safe Hands,14.0,0.0,5.0,0.0,4.0,73.68,3.424
1145,Jordan Lee Pickford,GK,England,,7,680,,,,,,,,,,,,,,,,,,,,,,,,,,,,,,,,,,,,,,,,,,,,,,,,,,,,,,,,0,Safe Hands,15.0,0.0,8.0,2.0,7.0,65.22,1.985
1171,Dominik Livakovic,GK,Croatia,,4,374,,,,,,,,,,,,,,,,,,,,,,,,,,,,,,,,,,,,,,,,,,,,,,,,,,,,,,,,0,Safe Hands,10.0,0.0,7.0,1.0,4.0,58.82,2.406
1197,Lawrence Ati Zigi,GK,Ghana,,2,189,,,,,,,,,,,,,,,,,,,,,,,,,,,,,,,,,,,,,,,,,,,,,,,,,,,,,,,,0,Safe Hands,8.0,0.0,1.0,1.0,2.0,88.89,3.81
1212,Benjamin Asare,GK,Ghana,,3,233,,,,,,,,,,,,,,,,,,,,,,,,,,,,,,,,,,,,,,,,,,,,,,,,,,,,,,,,0,Safe Hands,5.0,0.0,2.0,1.0,2.0,71.43,1.931
1244,Orlando Mosquera,GK,Panama,,3,281,,,,,,,,,,,,,,,,,,,,,,,,,,,,,,,,,,,,,,,,,,,,,,,,,,,,,,,,0,Safe Hands,7.0,0.0,4.0,0.0,3.0,63.64,2.242
1093,Utkir Yusupov,GK,Uzbekistan,,1,99,,,,,,,,,,,,,,,,,,,,,,,,,,,,,,,,,,,,,,,,,,,,,,,,,,,,,,,,1,Backup / Limited Minutes,1.0,0.0,3.0,0.0,1.0,25.0,0.909
1130,Camilo Andres Vargas,GK,Colombia,,5,495,,,,,,,,,,,,,,,,,,,,,,,,,,,,,,,,,,,,,,,,,,,,,,,,,,,,,,,,0,Safe Hands,6.0,0.0,1.0,4.0,5.0,85.71,1.091
614,Aymen Dahmen,GK,Tunisia,,2,180,,,,,,,,,,,,,,,,,,,,,,,,,,,,,,,,,,,,,,,,,,,,,,,,,,,,,,,,1,Backup / Limited Minutes,5.0,0.0,7.0,0.0,2.0,41.67,2.5
906,Basil Fadhil Ahmed,GK,Iraq,,2,181,,,,,,,,,,,,,,,,,,,,,,,,,,,,,,,,,,,,,,,,,,,,,,,,,,,,,,,,1,Backup / Limited Minutes,3.0,0.0,8.0,0.0,2.0,27.27,1.492
881,Mory Diaw,GK,Senegal,,3,245,,,,,,,,,,,,,,,,,,,,,,,,,,,,,,,,,,,,,,,,,,,,,,,,,,,,,,,,0,Safe Hands,7.0,0.0,3.0,2.0,2.0,70.0,2.571
1104,Abduvakhid Nematov,GK,Uzbekistan,,2,183,,,,,,,,,,,,,,,,,,,,,,,,,,,,,,,,,,,,,,,,,,,,,,,,,,,,,,,,1,Backup / Limited Minutes,5.0,0.0,8.0,0.0,2.0,38.46,2.459
573,Jacob Mikael Widell Zetterstrom,GK,Sweden,,2,180,,,,,,,,,,,,,,,,,,,,,,,,,,,,,,,,,,,,,,,,,,,,,,,,,,,,,,,,0,Safe Hands,11.0,0.0,4.0,0.0,2.0,73.33,5.5
313,Matthew Charles Turner,GK,USA,,1,98,,,,,,,,,,,,,,,,,,,,,,,,,,,,,,,,,,,,,,,,,,,,,,,,,,,,,,,,1,Backup / Limited Minutes,0.0,0.0,3.0,0.0,1.0,0.0,0.0
923,Egil Selvik,GK,Norway,,1,94,,,,,,,,,,,,,,,,,,,,,,,,,,,,,,,,,,,,,,,,,,,,,,,,,,,,,,,,0,Safe Hands,5.0,0.0,4.0,0.0,1.0,55.56,4.787
978,Oussama Benbot,GK,Algeria,,1,96,,,,,,,,,,,,,,,,,,,,,,,,,,,,,,,,,,,,,,,,,,,,,,,,,,,,,,,,1,Backup / Limited Minutes,0.0,0.0,3.0,0.0,1.0,0.0,0.0
1157,Dean Bradley Henderson,GK,England,,1,98,,,,,,,,,,,,,,,,,,,,,,,,,,,,,,,,,,,,,,,,,,,,,,,,,,,,,,,,0,Safe Hands,5.0,0.0,4.0,0.0,1.0,55.56,4.592
