player_id,player_name,position_group,similar_player_id,similar_player_name,similarity
1,José Raúl Rangel,GK,1130,Camilo Andres Vargas,0.9874747052034891
1,José Raúl Rangel,GK,382,Patrick Thomas Beach,0.9729894149644459
1,José Raúl Rangel,GK,751,Unai Simon,0.9714264593740919
1,José Raúl Rangel,GK,336,Matthew Andrew Geary Freese,0.968739645701303
1,José Raúl Rangel,GK,469,Yahia Fofana,0.9565401400134762
1,José Raúl Rangel,GK,729,David Raya,0.9559496247634884
1,José Raúl Rangel,GK,1212,Benjamin Asare,0.933314521289969
1,José Raúl Rangel,GK,209,Ramsés Alisson,0.9255463937015327
1,José Raúl Rangel,GK,833,Brice Lauriche Samba,0.9130046358456237
1,José Raúl Rangel,GK,120,Maxime Crepeau,0.9065674040735512
2,Jorge Eduardo Sanchez,DF,211,Gabriel Gabriel Magalhaes,0.9999301328068758
2,Jorge Eduardo Sanchez,DF,742,Aymeric Laporte,0.999775987552669
2,Jorge Eduardo Sanchez,DF,653,Hany Gamal Mohamed Hany,0.9991222579365207
2,Jorge Eduardo Sanchez,DF,195,Ricardo Ivan Rodriguez,0.9831986919823945
2,Jorge Eduardo Sanchez,DF,752,Marc Cucurella,0.9824465209268155
2,Jorge Eduardo Sanchez,DF,877,Moussa Niakhate,0.9683459567166234
2,Jorge Eduardo Sanchez,DF,639,Thomas Andre Meunier,0.9606352494742892
2,Jorge Eduardo Sanchez,DF,836,Dayotchanculle Oswald Upamecano,0.9573434213250559
2,Jorge Eduardo Sanchez,DF,1132,Gustavo Adolfo Puerta,0.9515505935957932
2,Jorge Eduardo Sanchez,DF,314,Sergiño Gianni Dest,0.9480173670124988
3,César Jasib Montes,DF,170,Elamin Homam,0.9999948569294085
3,César Jasib Montes,DF,886,Ghareeb Solaka Rebin Sulaka,0.9989910878854277
3,César Jasib Montes,DF,134,Tarik Muharemovic,0.9947985314647121
3,César Jasib Montes,DF,1170,Jarell Amorin Quansah,0.9759476678814853
3,César Jasib Montes,DF,497,Piero Martin Hincapie,0.9683624713584763
3,César Jasib Montes,DF,649,Nathan Ngoy,0.9647903559121356
3,César Jasib Montes,DF,133,Dennis Hadzikadunic,-0.025250704785051196
3,César Jasib Montes,DF,4,Edson Omar Alvarez,-0.0273513714289383
3,César Jasib Montes,DF,778,Fabricio Wagner Pina,-0.029894764972423705
3,César Jasib Montes,DF,862,Abdoulaye Seck,-0.03132437553397878
4,Edson Omar Alvarez,DF,778,Fabricio Wagner Pina,0.9989339791412747
4,Edson Omar Alvarez,DF,262,Carlens Jean Fedlaire Ruby Arcus,0.9929926815257946
4,Edson Omar Alvarez,DF,368,Jacob Michael Italiano,0.9927768227924019
4,Edson Omar Alvarez,DF,56,Minjae Kim,0.9507137647669552
4,Edson Omar Alvarez,DF,792,Abdullah Saud Abdulhamid,0.9437756130883806
4,Edson Omar Alvarez,DF,907,Ghazi Salih Merchas,0.9437756130883806
4,Edson Omar Alvarez,DF,862,Abdoulaye Seck,0.8449879453898248
4,Edson Omar Alvarez,DF,369,Jordan Jacob Bos,0.8334344530215291
4,Edson Omar Alvarez,DF,317,Antonee Robinson,0.8010952740940686
4,Edson Omar Alvarez,DF,315,Christopher Jeffrey Richards,0.7930509874837773
5,Johan Felipe Vasquez,DF,65,Taeseok Lee,1.0000000000000002
5,Johan Felipe Vasquez,DF,81,Tomáš Holes,1.0000000000000002
5,Johan Felipe Vasquez,DF,1174,Joško Gvardiol,1.0000000000000002
5,Johan Felipe Vasquez,DF,1149,John Stones,1.0000000000000002
5,Johan Felipe Vasquez,DF,1110,Abdulla Abdullaev,1.0000000000000002
5,Johan Felipe Vasquez,DF,1116,Behruzjon Karimov,1.0000000000000002
5,Johan Felipe Vasquez,DF,119,Moïse Bombito Bombito,1.0000000000000002
5,Johan Felipe Vasquez,DF,1140,Deiver Machado,1.0000000000000002
5,Johan Felipe Vasquez,DF,1069,Steve Nkanu Kapuadi,1.0000000000000002
5,Johan Felipe Vasquez,DF,861,Kalidou Koulibaly,1.0000000000000002
6,Erik Antonio Lira,MF,1148,Declan Rice,0.9935706916489929
6,Erik Antonio Lira,MF,1063,Vitor Vitinha,0.9905407728874774
6,Erik Antonio Lira,MF,840,Aurélien Djani Tchouameni,0.9893947672656637
6,Erik Antonio Lira,MF,661,Mohamed Zaky Mostafa Zico,0.9845904814155968
6,Erik Antonio Lira,MF,743,Alejandro Baena,0.977558640460126
6,Erik Antonio Lira,MF,1152,Elliot Junior Anderson,0.9732970512109735
6,Erik Antonio Lira,MF,1161,Morgan Elliot Rogers,0.9658194477936551
6,Erik Antonio Lira,MF,956,Alexis Mac Allister,0.9642509184139576
6,Erik Antonio Lira,MF,361,Matias Galarza,0.9626318790083851
6,Erik Antonio Lira,MF,1154,Jude Victor William Bellingham,0.9592720112868229
7,Luis Francisco Romo,MF,326,Sebastian Matthew Berhalter,0.9997880827699253
7,Luis Francisco Romo,MF,970,Houssem-Eddine Chaabane Aouar,0.9966639258346336
7,Luis Francisco Romo,MF,102,Alexandr Sojka,0.9956963085097876
7,Luis Francisco Romo,MF,143,Ivan Basic,0.9946775986655901
7,Luis Francisco Romo,MF,388,Paul Michael Junior Okon-Engstler,0.9940917410366407
7,Luis Francisco Romo,MF,1098,Akmal Mozgovoy,0.9932956421536987
7,Luis Francisco Romo,MF,241,Chemsdine Talbi,0.991860105472502
7,Luis Francisco Romo,MF,554,Takefusa Kubo,0.9905883634142879
7,Luis Francisco Romo,MF,436,Nadiem Amiri,0.9903594562394025
7,Luis Francisco Romo,MF,931,Andreas Rædergård Schjelderup,0.9862913995149669
8,Álvaro Fidalgo,MF,156,Ermin Mahmic,0.9941485202943949
8,Álvaro Fidalgo,MF,250,Gessime Ben Youssef Mustapha Yassine,0.981441015996113
8,Álvaro Fidalgo,MF,947,Giovani Lo Celso,0.9767758633155889
8,Álvaro Fidalgo,MF,319,Giovanni Alejandro Reyna,0.9674497438942408
8,Álvaro Fidalgo,MF,929,Thelonious Gerard Aasgaard,0.9637761704916907
8,Álvaro Fidalgo,MF,780,Sandro Helio Varela,0.9291940583286646
8,Álvaro Fidalgo,MF,349,Mauricio Mauricio,0.887142652154215
8,Álvaro Fidalgo,MF,591,Mattias Olof Svanberg,0.8594245887117816
8,Álvaro Fidalgo,MF,125,Jonathan Osorio,0.7713887801748431
8,Álvaro Fidalgo,MF,226,Danilo Danilo Santos,0.7713887801748431
9,Raúl Alonso Jimenez,FW,113,Cyle Christopher Larin,0.9988194087561735
9,Raúl Alonso Jimenez,FW,483,Amad Diallo,0.9964329413760229
9,Raúl Alonso Jimenez,FW,583,Anthony David Junior Elanga,0.9907587238068885
9,Raúl Alonso Jimenez,FW,1196,Petar Musa,0.9887752266220625
9,Raúl Alonso Jimenez,FW,902,Hussein Ghadhban Aymen,0.9865588716138405
9,Raúl Alonso Jimenez,FW,844,Bradley Jean-Manuel Essolisa Barcola,0.9760853945296449
9,Raúl Alonso Jimenez,FW,166,Khalid Hassan Alhaydos,0.9745724283281421
9,Raúl Alonso Jimenez,FW,1139,Jaminton Leandro Campaz,0.9732123910905811
9,Raúl Alonso Jimenez,FW,16,Julián Andrés Quinones,0.9717296239802676
9,Raúl Alonso Jimenez,FW,155,Jovo Lukic,0.9690054078763827
10,Ernesto Alexis Vega,FW,1246,Azarías Emmanuel Londono,0.9999999999999997
10,Ernesto Alexis Vega,FW,14,Armando Gonzalez,0.9999999999999997
10,Ernesto Alexis Vega,FW,21,César Saúl Huerta,0.9999999999999997
10,Ernesto Alexis Vega,FW,97,Tomáš Chory,0.9999999999999997
10,Ernesto Alexis Vega,FW,91,Mojmír Chytil,0.9999999999999997
10,Ernesto Alexis Vega,FW,139,Samed Bazdar,0.9999999999999997
10,Ernesto Alexis Vega,FW,130,Jayden Nelson,0.9999999999999997
10,Ernesto Alexis Vega,FW,1144,Carlos Andrés Gomez,0.9999999999999997
10,Ernesto Alexis Vega,FW,1113,Igor Sergeev,0.9999999999999997
10,Ernesto Alexis Vega,FW,1089,Simon Bokote Banza,0.9999999999999997
11,Santiago Tomás Gimenez,FW,141,Edin Dzeko,1.0000000000000002
11,Santiago Tomás Gimenez,FW,167,Hassan Akram,1.0000000000000002
11,Santiago Tomás Gimenez,FW,1083,Cedric Bakambu,1.0000000000000002
11,Santiago Tomás Gimenez,FW,275,Ruben Fritzner Providence,1.0000000000000002
11,Santiago Tomás Gimenez,FW,954,Nicolas Paz,1.0000000000000002
11,Santiago Tomás Gimenez,FW,936,Julian Ryerson,1.0000000000000002
11,Santiago Tomás Gimenez,FW,952,Thiago Ezequiel Almada,1.0000000000000002
11,Santiago Tomás Gimenez,FW,477,Ange-Yoan Laurent Bonny,1.0000000000000002
11,Santiago Tomás Gimenez,FW,451,Jürgen Leonardo Locadia,1.0000000000000002
11,Santiago Tomás Gimenez,FW,1164,Azuka Tristan Madueke,1.0000000000000002
12,Carlos Acevedo,GK,64,Bumkeun Song,1.0
12,Carlos Acevedo,GK,48,Stuart Ricardo Goss,1.0
12,Carlos Acevedo,GK,42,Sipho Justin Chaine,1.0
12,Carlos Acevedo,GK,122,Owen Olamidayo Goodman,1.0
12,Carlos Acevedo,GK,101,Lukáš Hornicek,1.0
12,Carlos Acevedo,GK,94,Jind ř ich Stanek,1.0
12,Carlos Acevedo,GK,73,Hyeonwoo Jo,1.0
12,Carlos Acevedo,GK,220,Weverton Weverton,1.0
12,Carlos Acevedo,GK,231,Ederson Ederson,1.0
12,Carlos Acevedo,GK,194,Yvon Landry Mvogo,1.0
13,Francisco Guillermo Ochoa,GK,105,Dayne Tristan St. Clair,0.9999999999999999
13,Francisco Guillermo Ochoa,GK,365,Mathew David Ryan,0.9999999999999999
13,Francisco Guillermo Ochoa,GK,807,Sergio Ramón Rochet,0.9999999999999999
13,Francisco Guillermo Ochoa,GK,937,Juan Agustín Musso,0.7903802751826774
13,Francisco Guillermo Ochoa,GK,881,Mory Diaw,0.550621122333312
13,Francisco Guillermo Ochoa,GK,64,Bumkeun Song,0.49993767188286814
13,Francisco Guillermo Ochoa,GK,48,Stuart Ricardo Goss,0.49993767188286814
13,Francisco Guillermo Ochoa,GK,122,Owen Olamidayo Goodman,0.49993767188286814
13,Francisco Guillermo Ochoa,GK,94,Jind ř ich Stanek,0.49993767188286814
13,Francisco Guillermo Ochoa,GK,194,Yvon Landry Mvogo,0.49993767188286814
14,Armando Gonzalez,FW,1246,Azarías Emmanuel Londono,0.9999999999999997
14,Armando Gonzalez,FW,10,Ernesto Alexis Vega,0.9999999999999997
14,Armando Gonzalez,FW,21,César Saúl Huerta,0.9999999999999997
14,Armando Gonzalez,FW,97,Tomáš Chory,0.9999999999999997
14,Armando Gonzalez,FW,91,Mojmír Chytil,0.9999999999999997
14,Armando Gonzalez,FW,139,Samed Bazdar,0.9999999999999997
14,Armando Gonzalez,FW,130,Jayden Nelson,0.9999999999999997
14,Armando Gonzalez,FW,1144,Carlos Andrés Gomez,0.9999999999999997
14,Armando Gonzalez,FW,1113,Igor Sergeev,0.9999999999999997
14,Armando Gonzalez,FW,1089,Simon Bokote Banza,0.9999999999999997
15,Israel Reyes,DF,74,Youngwoo Seol,0.9999999999999999
15,Israel Reyes,DF,82,Robin Hranac,0.9999999999999999
15,Israel Reyes,DF,1173,Marin Pongracic,0.9999999999999999
15,Israel Reyes,DF,1135,Johan Andrés Mojica,0.9999999999999999
15,Israel Reyes,DF,108,Luc De Fougerolles,0.9999999999999999
15,Israel Reyes,DF,1200,Jonas Adjei Adjetey,0.9999999999999999
15,Israel Reyes,DF,1094,Abdukodir Khusanov,0.9999999999999999
15,Israel Reyes,DF,207,Luca Antony Jaquez,0.9999999999999999
15,Israel Reyes,DF,1105,Sherzod Nasrullaev,0.9999999999999999
15,Israel Reyes,DF,1097,Rustamjon Ashurmatov,0.9999999999999999
16,Julián Andrés Quinones,FW,844,Bradley Jean-Manuel Essolisa Barcola,0.9992940713833762
16,Julián Andrés Quinones,FW,9,Raúl Alonso Jimenez,0.9717296239802676
16,Julián Andrés Quinones,FW,1139,Jaminton Leandro Campaz,0.9660088218019114
16,Julián Andrés Quinones,FW,113,Cyle Christopher Larin,0.9624116280266939
16,Julián Andrés Quinones,FW,483,Amad Diallo,0.9540692548020769
16,Julián Andrés Quinones,FW,166,Khalid Hassan Alhaydos,0.953510592737391
16,Julián Andrés Quinones,FW,155,Jovo Lukic,0.9440925739753535
16,Julián Andrés Quinones,FW,218,Neymar Neymar Jr,0.9401030468181747
16,Julián Andrés Quinones,FW,583,Anthony David Junior Elanga,0.9399355582307773
16,Julián Andrés Quinones,FW,995,Marko Arnautovic,0.9393965648931202
17,Orbelín Pineda,MF,1178,Mateo Kovacic,1.0
17,Orbelín Pineda,MF,1099,Otabek Shukurov,1.0
17,Orbelín Pineda,MF,144,Ivan Sunjic,1.0
17,Orbelín Pineda,MF,293,Mc,1.0
17,Orbelín Pineda,MF,270,Jean Ricner Bellegarde,1.0
17,Orbelín Pineda,MF,197,Djibril Ibrahima Sow,1.0
17,Orbelín Pineda,MF,305,Lewis Ferguson,1.0
17,Orbelín Pineda,MF,1072,Ngal’ayel Mukau,1.0
17,Orbelín Pineda,MF,449,Juninho Gracielo Bacuna,1.0
17,Orbelín Pineda,MF,452,Leandro Jones Johan Bacuna,1.0
18,Obed Goméz Vargas,MF,72,Hyunjun Yang,1.0
18,Obed Goméz Vargas,MF,69,Junho Bae,1.0
18,Obed Goméz Vargas,MF,77,Jisung Eom,1.0
18,Obed Goméz Vargas,MF,76,Jingyu Kim,1.0
18,Obed Goméz Vargas,MF,78,Donggyeong Lee,1.0
18,Obed Goméz Vargas,MF,103,Hugo Sochurek,1.0
18,Obed Goméz Vargas,MF,1160,Kobbie Boateng Mainoo,1.0
18,Obed Goméz Vargas,MF,1158,Jordan Brian Henderson,1.0
18,Obed Goméz Vargas,MF,125,Jonathan Osorio,1.0
18,Obed Goméz Vargas,MF,1177,Nikola Moro,1.0
19,Gilberto Rafael Mora,MF,1134,Jefferson Andrés Lerma,0.9999999999999998
19,Gilberto Rafael Mora,MF,240,Ayyoub Bouaddi,0.9999999999999998
19,Gilberto Rafael Mora,MF,918,Sander Gard Bolin Berge,0.9999999999999998
19,Gilberto Rafael Mora,MF,320,Mc,0.9999999999999998
19,Gilberto Rafael Mora,MF,744,Rodrigo Rodri,0.9999999999999998
19,Gilberto Rafael Mora,MF,838,Emmanuel Boris Kone,0.9999999999999998
19,Gilberto Rafael Mora,MF,257,Bilal El Khannouss,0.9987000498249574
19,Gilberto Rafael Mora,MF,1129,Jhon Adolfo Arias,0.9985909967528839
19,Gilberto Rafael Mora,MF,213,Henrique,0.9984082204887947
19,Gilberto Rafael Mora,MF,748,Pedro Pedri,0.9966353324159554
20,Mateo Chavez,DF,718,Finn Surman,1.0
20,Mateo Chavez,DF,767,CABRALSidny Sidny Lopes,0.9999271380036141
20,Mateo Chavez,DF,784,Ali Abdulelah Alamri,0.9997467711524922
20,Mateo Chavez,DF,248,Issa Laye Lucas Jean Diop,0.9997430360742955
20,Mateo Chavez,DF,1120,Daniel Munoz,0.9979349007900439
20,Mateo Chavez,DF,652,Ahmed Ibrahim Yasser,0.9946208545856926
20,Mateo Chavez,DF,602,Omar Rekik,0.9834669777293454
20,Mateo Chavez,DF,1219,Derrick Luckassen,0.9834669777293454
20,Mateo Chavez,DF,926,Marcus Holmgren Holmgren Pedersen,0.9833333664202227
20,Mateo Chavez,DF,431,Nico Cédric Schlotterbeck,0.9831668670148181
21,César Saúl Huerta,FW,1246,Azarías Emmanuel Londono,0.9999999999999997
21,César Saúl Huerta,FW,10,Ernesto Alexis Vega,0.9999999999999997
21,César Saúl Huerta,FW,14,Armando Gonzalez,0.9999999999999997
21,César Saúl Huerta,FW,97,Tomáš Chory,0.9999999999999997
21,César Saúl Huerta,FW,91,Mojmír Chytil,0.9999999999999997
21,César Saúl Huerta,FW,139,Samed Bazdar,0.9999999999999997
21,César Saúl Huerta,FW,130,Jayden Nelson,0.9999999999999997
21,César Saúl Huerta,FW,1144,Carlos Andrés Gomez,0.9999999999999997
21,César Saúl Huerta,FW,1113,Igor Sergeev,0.9999999999999997
21,César Saúl Huerta,FW,1089,Simon Bokote Banza,0.9999999999999997
22,Guillermo Martinez,FW,11,Santiago Tomás Gimenez,1.0000000000000002
22,Guillermo Martinez,FW,141,Edin Dzeko,1.0000000000000002
22,Guillermo Martinez,FW,167,Hassan Akram,1.0000000000000002
22,Guillermo Martinez,FW,1083,Cedric Bakambu,1.0000000000000002
22,Guillermo Martinez,FW,275,Ruben Fritzner Providence,1.0000000000000002
22,Guillermo Martinez,FW,954,Nicolas Paz,1.0000000000000002
22,Guillermo Martinez,FW,936,Julian Ryerson,1.0000000000000002
22,Guillermo Martinez,FW,952,Thiago Ezequiel Almada,1.0000000000000002
22,Guillermo Martinez,FW,477,Ange-Yoan Laurent Bonny,1.0000000000000002
22,Guillermo Martinez,FW,451,Jürgen Leonardo Locadia,1.0000000000000002
23,Jesús Daniel Gallardo,DF,1169,Tehuti Djed-Hotep Spence,1.0000000000000002
23,Jesús Daniel Gallardo,DF,106,Alistair William Johnston,1.0000000000000002
23,Jesús Daniel Gallardo,DF,1147,Nico Oreilly,1.0000000000000002
23,Jesús Daniel Gallardo,DF,1121,Jhon Janer Lucumi,1.0000000000000002
23,Jesús Daniel Gallardo,DF,212,MARQUINHOSMarcos,1.0000000000000002
23,Jesús Daniel Gallardo,DF,927,Torbjørn Lysaker Heggem,1.0000000000000002
23,Jesús Daniel Gallardo,DF,962,Nahuel Molina,1.0000000000000002
23,Jesús Daniel Gallardo,DF,237,Noussair Mazraoui,1.0000000000000002
23,Jesús Daniel Gallardo,DF,342,Juan Jose Caceres,1.0000000000000002
23,Jesús Daniel Gallardo,DF,858,Maxence Guy Lacroix,1.0000000000000002
24,Luis Gerardo Chavez,MF,1178,Mateo Kovacic,1.0
24,Luis Gerardo Chavez,MF,1099,Otabek Shukurov,1.0
24,Luis Gerardo Chavez,MF,144,Ivan Sunjic,1.0
24,Luis Gerardo Chavez,MF,293,Mc,1.0
24,Luis Gerardo Chavez,MF,270,Jean Ricner Bellegarde,1.0
24,Luis Gerardo Chavez,MF,197,Djibril Ibrahima Sow,1.0
24,Luis Gerardo Chavez,MF,305,Lewis Ferguson,1.0
24,Luis Gerardo Chavez,MF,1072,Ngal’ayel Mukau,1.0
24,Luis Gerardo Chavez,MF,449,Juninho Gracielo Bacuna,1.0
24,Luis Gerardo Chavez,MF,452,Leandro Jones Johan Bacuna,1.0
25,Roberto Carlos Alvarado,FW,1137,Juan Camilo Hernandez,0.9458973496364249
25,Roberto Carlos Alvarado,FW,1220,Ernest Nuamah Nuamah,0.9275978863417502
25,Roberto Carlos Alvarado,FW,34,Tshepang Moremi,0.9181698229363691
25,Roberto Carlos Alvarado,FW,416,Can Yılmaz Uzun,0.9102807168076651
25,Roberto Carlos Alvarado,FW,957,Jose Manuel Alberto Lopez,0.9060218014980584
25,Roberto Carlos Alvarado,FW,565,Koki Ogawa,0.901558267802854
25,Roberto Carlos Alvarado,FW,1079,Meschack Lina Elia,0.892034675752368
25,Roberto Carlos Alvarado,FW,999,Michael Gregoritsch,0.8820558440034294
25,Roberto Carlos Alvarado,FW,530,Memphis Depay,0.8735594735326985
25,Roberto Carlos Alvarado,FW,711,Christopher Grant Wood,0.811001949249451
26,Brian Gutierrez,MF,72,Hyunjun Yang,1.0
26,Brian Gutierrez,MF,69,Junho Bae,1.0
26,Brian Gutierrez,MF,77,Jisung Eom,1.0
26,Brian Gutierrez,MF,76,Jingyu Kim,1.0
26,Brian Gutierrez,MF,78,Donggyeong Lee,1.0
26,Brian Gutierrez,MF,103,Hugo Sochurek,1.0
26,Brian Gutierrez,MF,1160,Kobbie Boateng Mainoo,1.0
26,Brian Gutierrez,MF,1158,Jordan Brian Henderson,1.0
26,Brian Gutierrez,MF,125,Jonathan Osorio,1.0
26,Brian Gutierrez,MF,1177,Nikola Moro,1.0
27,Ronwen Hayden Williams,GK,1041,Diogo Diogo Costa,0.9810872791515062
27,Ronwen Hayden Williams,GK,350,Orlando Daniel Gill,0.9727940459596406
27,Ronwen Hayden Williams,GK,755,José Vozinha,0.9226194685535316
27,Ronwen Hayden Williams,GK,677,Ali Reza Beiranvand,0.8859921263522316
27,Ronwen Hayden Williams,GK,495,Hernán Ismael Galindez,0.8821769607358986
27,Ronwen Hayden Williams,GK,183,Gregor Kobel,0.8721750743961914
27,Ronwen Hayden Williams,GK,287,Angus Fraser James Gunn,0.8224456560812683
27,Ronwen Hayden Williams,GK,235,Yassine Bounou,0.7971623819885767
27,Ronwen Hayden Williams,GK,801,Khalil Mohammed Alowais,0.7751691966356379
27,Ronwen Hayden Williams,GK,469,Yahia Fofana,0.7643163508628431
28,Tholo Thabang Matuludi,DF,1247,Roderick Alonso Miller,1.0
28,Tholo Thabang Matuludi,DF,1156,Trevoh Tom Chalobah,1.0
28,Tholo Thabang Matuludi,DF,1159,Daniel Johnson Burn,1.0
28,Tholo Thabang Matuludi,DF,1237,Eric Javier Davis,1.0
28,Tholo Thabang Matuludi,DF,805,Abdullatif Jehad Thikri,1.0
28,Tholo Thabang Matuludi,DF,808,José María Gimenez,1.0
28,Tholo Thabang Matuludi,DF,810,Ronald Federico Araujo,1.0
28,Tholo Thabang Matuludi,DF,29,Khulumani Ndamane,1.0
28,Tholo Thabang Matuludi,DF,44,Samukele Alucious Kabini,1.0
28,Tholo Thabang Matuludi,DF,50,Olwethu Mpilwenhle Makhanya,1.0
29,Khulumani Ndamane,DF,1247,Roderick Alonso Miller,1.0
29,Khulumani Ndamane,DF,1156,Trevoh Tom Chalobah,1.0
29,Khulumani Ndamane,DF,1159,Daniel Johnson Burn,1.0
29,Khulumani Ndamane,DF,1237,Eric Javier Davis,1.0
29,Khulumani Ndamane,DF,805,Abdullatif Jehad Thikri,1.0
29,Khulumani Ndamane,DF,808,José María Gimenez,1.0
29,Khulumani Ndamane,DF,810,Ronald Federico Araujo,1.0
29,Khulumani Ndamane,DF,28,Tholo Thabang Matuludi,1.0
29,Khulumani Ndamane,DF,44,Samukele Alucious Kabini,1.0
29,Khulumani Ndamane,DF,50,Olwethu Mpilwenhle Makhanya,1.0
30,Teboho Mokoena,MF,277,Danley Jean Jacques,0.9818772615402321
30,Teboho Mokoena,MF,346,Diego Alexander Gomez,0.9806266475535238
30,Teboho Mokoena,MF,112,Ismaël Kenneth Jordan Kone,0.9806266475535238
30,Teboho Mokoena,MF,1199,Caleb Marfo Yirenkyi,0.8760026889446477
30,Teboho Mokoena,MF,290,Mc,0.8759989849663902
30,Teboho Mokoena,MF,426,Jamal Musiala,0.8759965539834836
30,Teboho Mokoena,MF,1035,Mahmoud Ahmed Nizar Alrashdan,0.8759751438442241
30,Teboho Mokoena,MF,646,Alexis Jesse Saelemaekers,0.8759751438442241
30,Teboho Mokoena,MF,557,Daizen Maeda,0.8758782432302914
30,Teboho Mokoena,MF,684,Mohammad Mohebbi,0.8758782432302914
31,Thalente Wandile Mbatha,MF,386,Jackson Alexander Irvine,0.99621223122432
31,Thalente Wandile Mbatha,MF,786,Essa Nasser Aldawsari,0.9914717551699939
31,Thalente Wandile Mbatha,MF,168,Karim Karim Boudiaf,0.7375927571420569
31,Thalente Wandile Mbatha,MF,146,Amir Hadziahmetovic,0.6611466183843017
31,Thalente Wandile Mbatha,MF,112,Ismaël Kenneth Jordan Kone,0.6587516879242139
31,Thalente Wandile Mbatha,MF,346,Diego Alexander Gomez,0.6587516879242139
31,Thalente Wandile Mbatha,MF,277,Danley Jean Jacques,0.640224386014338
31,Thalente Wandile Mbatha,MF,145,Amar Memic,0.6300154501404188
31,Thalente Wandile Mbatha,MF,1080,Noah Junior Sadiki,0.6300154501404188
31,Thalente Wandile Mbatha,MF,941,Leandro Daniel Paredes,0.6300154501404188
32,Aubrey Maphosa Modiba,DF,1168,Reece Lewis James,1.0
32,Aubrey Maphosa Modiba,DF,117,Derek Austin Cornelius,1.0
32,Aubrey Maphosa Modiba,DF,1210,Gideon Mensah,1.0
32,Aubrey Maphosa Modiba,DF,1176,Josip Sutalo,1.0
32,Aubrey Maphosa Modiba,DF,1141,Davinson Sanchez,1.0
32,Aubrey Maphosa Modiba,DF,186,Nico Elvedi,1.0
32,Aubrey Maphosa Modiba,DF,148,Nikola Katic,1.0
32,Aubrey Maphosa Modiba,DF,126,Richmond Mamah Laryea,1.0
32,Aubrey Maphosa Modiba,DF,1068,Wan Wan-Bissaka,1.0
32,Aubrey Maphosa Modiba,DF,1070,Axel Tuanzebe,1.0
33,Oswin Reagan Appollis,FW,11,Santiago Tomás Gimenez,1.0000000000000002
33,Oswin Reagan Appollis,FW,141,Edin Dzeko,1.0000000000000002
33,Oswin Reagan Appollis,FW,167,Hassan Akram,1.0000000000000002
33,Oswin Reagan Appollis,FW,1083,Cedric Bakambu,1.0000000000000002
33,Oswin Reagan Appollis,FW,275,Ruben Fritzner Providence,1.0000000000000002
33,Oswin Reagan Appollis,FW,954,Nicolas Paz,1.0000000000000002
33,Oswin Reagan Appollis,FW,936,Julian Ryerson,1.0000000000000002
33,Oswin Reagan Appollis,FW,952,Thiago Ezequiel Almada,1.0000000000000002
33,Oswin Reagan Appollis,FW,477,Ange-Yoan Laurent Bonny,1.0000000000000002
33,Oswin Reagan Appollis,FW,451,Jürgen Leonardo Locadia,1.0000000000000002
34,Tshepang Moremi,FW,416,Can Yılmaz Uzun,0.9995311851640166
34,Tshepang Moremi,FW,957,Jose Manuel Alberto Lopez,0.9989462659422265
34,Tshepang Moremi,FW,565,Koki Ogawa,0.9981293010023821
34,Tshepang Moremi,FW,1079,Meschack Lina Elia,0.9958069956936535
34,Tshepang Moremi,FW,530,Memphis Depay,0.9895927260585701
34,Tshepang Moremi,FW,1137,Juan Camilo Hernandez,0.9860743443666494
34,Tshepang Moremi,FW,1220,Ernest Nuamah Nuamah,0.9780398805525561
34,Tshepang Moremi,FW,662,Yousry Fouad Haissem Hassan,0.9317182460623813
34,Tshepang Moremi,FW,25,Roberto Carlos Alvarado,0.9181698229363691
34,Tshepang Moremi,FW,745,Nicholas Williams,0.9116501822881593
35,Lyle Brent Foster,FW,1240,Cecilio Alfonso Waterman,0.9999999999999998
35,Lyle Brent Foster,FW,1239,Jose Fajardo,0.9999999999999998
35,Lyle Brent Foster,FW,104,Denis Visinsky,0.9999999999999998
35,Lyle Brent Foster,FW,1027,Nayef Ahmad Mahmoud Almardi,0.9999999999999998
35,Lyle Brent Foster,FW,973,Anis Hadj Moussa,0.9999999999999998
35,Lyle Brent Foster,FW,1066,Francisco Francisco Conceicao,0.9999999999999998
35,Lyle Brent Foster,FW,1038,Ahmad Ali Ali Azaizeh,0.9999999999999998
35,Lyle Brent Foster,FW,921,Jørgen Strand Strand Larsen,0.9999999999999998
35,Lyle Brent Foster,FW,763,BENCHIMOLGilson Gilson,0.9999999999999998
35,Lyle Brent Foster,FW,271,Don Deedson Deedson,0.9999999999999998
36,Relebohile Mofokeng,FW,93,Pavel Sulc,1.0000000000000002
36,Relebohile Mofokeng,FW,88,Patrik Schick,1.0000000000000002
36,Relebohile Mofokeng,FW,124,Ali Ahmed,1.0000000000000002
36,Relebohile Mofokeng,FW,116,Tanitoluwa Oluwatimilehin Oluwaseyi,1.0000000000000002
36,Relebohile Mofokeng,FW,1127,Jhon Andrés Cordoba,1.0000000000000002
36,Relebohile Mofokeng,FW,171,Abdurisag Yusuf Abdurisag,1.0000000000000002
36,Relebohile Mofokeng,FW,150,Esmir Bajraktarevic,1.0000000000000002
36,Relebohile Mofokeng,FW,1051,João Joao Felix,1.0000000000000002
36,Relebohile Mofokeng,FW,827,Federico Sebastian Vinas,1.0000000000000002
36,Relebohile Mofokeng,FW,296,Che Sac Everton Fred Adams,1.0000000000000002
37,Themba Zwane,MF,179,Omer Assim Madibo,0.993665725733481
37,Themba Zwane,MF,39,Sphephelo S'miso Sithole,0.9287453869901853
37,Themba Zwane,MF,348,Miguel Angel Almiron,0.7431255844436683
37,Themba Zwane,MF,78,Donggyeong Lee,0.005404261981720432
37,Themba Zwane,MF,103,Hugo Sochurek,0.005404261981720432
37,Themba Zwane,MF,76,Jingyu Kim,0.005404261981720432
37,Themba Zwane,MF,69,Junho Bae,0.005404261981720432
37,Themba Zwane,MF,125,Jonathan Osorio,0.005404261981720432
37,Themba Zwane,MF,1177,Nikola Moro,0.005404261981720432
37,Themba Zwane,MF,226,Danilo Danilo Santos,0.005404261981720432
38,Thapelo Maseko,FW,971,Amine Ferid Gouiri,0.9997125896561839
38,Thapelo Maseko,FW,852,Désiré Nonka-Maho Doue,0.9991511160013866
38,Thapelo Maseko,FW,381,Nestory Irankunda,0.9986300535725499
38,Thapelo Maseko,FW,398,Arda Guler,0.9974655048534914
38,Thapelo Maseko,FW,1023,Iyad Ali Ali Olwan,0.9974655048534914
38,Thapelo Maseko,FW,1106,Eldor Shomurodov,0.9974655048534914
38,Thapelo Maseko,FW,149,Kerim Alajbegovic,0.9957879970355937
38,Thapelo Maseko,FW,114,Jonathan Christian David,0.984500266514315
38,Thapelo Maseko,FW,193,Dan Ndoye,0.979622647000175
38,Thapelo Maseko,FW,945,Julián Alvarez,0.9596310203054853
39,Sphephelo S'miso Sithole,MF,179,Omer Assim Madibo,0.9583361146218062
39,Sphephelo S'miso Sithole,MF,348,Miguel Angel Almiron,0.9345888988800446
39,Sphephelo S'miso Sithole,MF,37,Themba Zwane,0.9287453869901853
39,Sphephelo S'miso Sithole,MF,748,Pedro Pedri,0.2763465919389823
39,Sphephelo S'miso Sithole,MF,960,Enzo Jeremías Fernandez,0.2755239941662148
39,Sphephelo S'miso Sithole,MF,257,Bilal El Khannouss,0.27481034834578655
39,Sphephelo S'miso Sithole,MF,918,Sander Gard Bolin Berge,0.271714070492218
39,Sphephelo S'miso Sithole,MF,838,Emmanuel Boris Kone,0.271714070492218
39,Sphephelo S'miso Sithole,MF,320,Mc,0.271714070492218
39,Sphephelo S'miso Sithole,MF,19,Gilberto Rafael Mora,0.271714070492218
40,Mbekezeli Mfanufikile Mbokazi,DF,1168,Reece Lewis James,1.0
40,Mbekezeli Mfanufikile Mbokazi,DF,117,Derek Austin Cornelius,1.0
40,Mbekezeli Mfanufikile Mbokazi,DF,1210,Gideon Mensah,1.0
40,Mbekezeli Mfanufikile Mbokazi,DF,1176,Josip Sutalo,1.0
40,Mbekezeli Mfanufikile Mbokazi,DF,1141,Davinson Sanchez,1.0
40,Mbekezeli Mfanufikile Mbokazi,DF,186,Nico Elvedi,1.0
40,Mbekezeli Mfanufikile Mbokazi,DF,148,Nikola Katic,1.0
40,Mbekezeli Mfanufikile Mbokazi,DF,126,Richmond Mamah Laryea,1.0
40,Mbekezeli Mfanufikile Mbokazi,DF,1068,Wan Wan-Bissaka,1.0
40,Mbekezeli Mfanufikile Mbokazi,DF,1070,Axel Tuanzebe,1.0
41,Iqraam Rayners,FW,93,Pavel Sulc,1.0000000000000002
41,Iqraam Rayners,FW,88,Patrik Schick,1.0000000000000002
41,Iqraam Rayners,FW,124,Ali Ahmed,1.0000000000000002
41,Iqraam Rayners,FW,116,Tanitoluwa Oluwatimilehin Oluwaseyi,1.0000000000000002
41,Iqraam Rayners,FW,1127,Jhon Andrés Cordoba,1.0000000000000002
41,Iqraam Rayners,FW,171,Abdurisag Yusuf Abdurisag,1.0000000000000002
41,Iqraam Rayners,FW,150,Esmir Bajraktarevic,1.0000000000000002
41,Iqraam Rayners,FW,1051,João Joao Felix,1.0000000000000002
41,Iqraam Rayners,FW,827,Federico Sebastian Vinas,1.0000000000000002
41,Iqraam Rayners,FW,296,Che Sac Everton Fred Adams,1.0000000000000002
42,Sipho Justin Chaine,GK,12,Carlos Acevedo,1.0
42,Sipho Justin Chaine,GK,64,Bumkeun Song,1.0
42,Sipho Justin Chaine,GK,48,Stuart Ricardo Goss,1.0
42,Sipho Justin Chaine,GK,122,Owen Olamidayo Goodman,1.0
42,Sipho Justin Chaine,GK,101,Lukáš Hornicek,1.0
42,Sipho Justin Chaine,GK,94,Jind ř ich Stanek,1.0
42,Sipho Justin Chaine,GK,73,Hyeonwoo Jo,1.0
42,Sipho Justin Chaine,GK,220,Weverton Weverton,1.0
42,Sipho Justin Chaine,GK,231,Ederson Ederson,1.0
42,Sipho Justin Chaine,GK,194,Yvon Landry Mvogo,1.0
43,Sekotori Evidence Makgopa,FW,93,Pavel Sulc,1.0000000000000002
43,Sekotori Evidence Makgopa,FW,88,Patrik Schick,1.0000000000000002
43,Sekotori Evidence Makgopa,FW,124,Ali Ahmed,1.0000000000000002
43,Sekotori Evidence Makgopa,FW,116,Tanitoluwa Oluwatimilehin Oluwaseyi,1.0000000000000002
43,Sekotori Evidence Makgopa,FW,1127,Jhon Andrés Cordoba,1.0000000000000002
43,Sekotori Evidence Makgopa,FW,171,Abdurisag Yusuf Abdurisag,1.0000000000000002
43,Sekotori Evidence Makgopa,FW,150,Esmir Bajraktarevic,1.0000000000000002
43,Sekotori Evidence Makgopa,FW,1051,João Joao Felix,1.0000000000000002
43,Sekotori Evidence Makgopa,FW,827,Federico Sebastian Vinas,1.0000000000000002
43,Sekotori Evidence Makgopa,FW,296,Che Sac Everton Fred Adams,1.0000000000000002
44,Samukele Alucious Kabini,DF,1247,Roderick Alonso Miller,1.0
44,Samukele Alucious Kabini,DF,1156,Trevoh Tom Chalobah,1.0
44,Samukele Alucious Kabini,DF,1159,Daniel Johnson Burn,1.0
44,Samukele Alucious Kabini,DF,1237,Eric Javier Davis,1.0
44,Samukele Alucious Kabini,DF,805,Abdullatif Jehad Thikri,1.0
44,Samukele Alucious Kabini,DF,808,José María Gimenez,1.0
44,Samukele Alucious Kabini,DF,810,Ronald Federico Araujo,1.0
44,Samukele Alucious Kabini,DF,28,Tholo Thabang Matuludi,1.0
44,Samukele Alucious Kabini,DF,29,Khulumani Ndamane,1.0
44,Samukele Alucious Kabini,DF,50,Olwethu Mpilwenhle Makhanya,1.0
45,Nkosinathi Emmanuel Sibisi,DF,1248,Jorge Abdiel Gutierrez,1.0
45,Nkosinathi Emmanuel Sibisi,DF,1226,Fidel Escobar,1.0
45,Nkosinathi Emmanuel Sibisi,DF,1192,Luka Vuskovic,1.0
45,Nkosinathi Emmanuel Sibisi,DF,107,Alfie Charles Jones,1.0
45,Nkosinathi Emmanuel Sibisi,DF,123,Alphonso Boyle Davies,1.0
45,Nkosinathi Emmanuel Sibisi,DF,679,Ehsan Hajisafi,1.0
45,Nkosinathi Emmanuel Sibisi,DF,693,Arya Yousefi,1.0
45,Nkosinathi Emmanuel Sibisi,DF,706,Tyler Grant Bindon,1.0
45,Nkosinathi Emmanuel Sibisi,DF,665,Hafez Ramadan Karim Hafez,1.0
45,Nkosinathi Emmanuel Sibisi,DF,783,Mohammed Ali Lajami,1.0
46,Khuliso Johnson Mudau,DF,1168,Reece Lewis James,1.0
46,Khuliso Johnson Mudau,DF,117,Derek Austin Cornelius,1.0
46,Khuliso Johnson Mudau,DF,1210,Gideon Mensah,1.0
46,Khuliso Johnson Mudau,DF,1176,Josip Sutalo,1.0
46,Khuliso Johnson Mudau,DF,1141,Davinson Sanchez,1.0
46,Khuliso Johnson Mudau,DF,186,Nico Elvedi,1.0
46,Khuliso Johnson Mudau,DF,148,Nikola Katic,1.0
46,Khuliso Johnson Mudau,DF,126,Richmond Mamah Laryea,1.0
46,Khuliso Johnson Mudau,DF,1068,Wan Wan-Bissaka,1.0
46,Khuliso Johnson Mudau,DF,1070,Axel Tuanzebe,1.0
47,Ime Daniel Okon,DF,1168,Reece Lewis James,1.0
47,Ime Daniel Okon,DF,117,Derek Austin Cornelius,1.0
47,Ime Daniel Okon,DF,1210,Gideon Mensah,1.0
47,Ime Daniel Okon,DF,1176,Josip Sutalo,1.0
47,Ime Daniel Okon,DF,1141,Davinson Sanchez,1.0
47,Ime Daniel Okon,DF,186,Nico Elvedi,1.0
47,Ime Daniel Okon,DF,148,Nikola Katic,1.0
47,Ime Daniel Okon,DF,126,Richmond Mamah Laryea,1.0
47,Ime Daniel Okon,DF,1068,Wan Wan-Bissaka,1.0
47,Ime Daniel Okon,DF,1070,Axel Tuanzebe,1.0
48,Stuart Ricardo Goss,GK,12,Carlos Acevedo,1.0
48,Stuart Ricardo Goss,GK,64,Bumkeun Song,1.0
48,Stuart Ricardo Goss,GK,42,Sipho Justin Chaine,1.0
48,Stuart Ricardo Goss,GK,122,Owen Olamidayo Goodman,1.0
48,Stuart Ricardo Goss,GK,101,Lukáš Hornicek,1.0
48,Stuart Ricardo Goss,GK,94,Jind ř ich Stanek,1.0
48,Stuart Ricardo Goss,GK,73,Hyeonwoo Jo,1.0
48,Stuart Ricardo Goss,GK,220,Weverton Weverton,1.0
48,Stuart Ricardo Goss,GK,231,Ederson Ederson,1.0
48,Stuart Ricardo Goss,GK,194,Yvon Landry Mvogo,1.0
49,Jayden Oswin Adams,MF,62,Jae Sung Lee,1.0
49,Jayden Oswin Adams,MF,90,Lukáš Cerv,1.0
49,Jayden Oswin Adams,MF,1091,Edo Kayembe Kayembe,1.0
49,Jayden Oswin Adams,MF,136,Benjamin Tahirovic,1.0
49,Jayden Oswin Adams,MF,145,Amar Memic,1.0
49,Jayden Oswin Adams,MF,115,Liam Alan Millar,1.0
49,Jayden Oswin Adams,MF,976,Hicham Boudaoui,1.0
49,Jayden Oswin Adams,MF,941,Leandro Daniel Paredes,1.0
49,Jayden Oswin Adams,MF,1012,Paul Wanner,1.0
49,Jayden Oswin Adams,MF,968,Ramiz Larbi Zerrouki,1.0
50,Olwethu Mpilwenhle Makhanya,DF,1247,Roderick Alonso Miller,1.0
50,Olwethu Mpilwenhle Makhanya,DF,1156,Trevoh Tom Chalobah,1.0
50,Olwethu Mpilwenhle Makhanya,DF,1159,Daniel Johnson Burn,1.0
50,Olwethu Mpilwenhle Makhanya,DF,1237,Eric Javier Davis,1.0
50,Olwethu Mpilwenhle Makhanya,DF,805,Abdullatif Jehad Thikri,1.0
50,Olwethu Mpilwenhle Makhanya,DF,808,José María Gimenez,1.0
50,Olwethu Mpilwenhle Makhanya,DF,810,Ronald Federico Araujo,1.0
50,Olwethu Mpilwenhle Makhanya,DF,28,Tholo Thabang Matuludi,1.0
50,Olwethu Mpilwenhle Makhanya,DF,29,Khulumani Ndamane,1.0
50,Olwethu Mpilwenhle Makhanya,DF,44,Samukele Alucious Kabini,1.0
51,Kamogelo Michael Sebelebele,FW,1246,Azarías Emmanuel Londono,0.9999999999999997
51,Kamogelo Michael Sebelebele,FW,10,Ernesto Alexis Vega,0.9999999999999997
51,Kamogelo Michael Sebelebele,FW,14,Armando Gonzalez,0.9999999999999997
51,Kamogelo Michael Sebelebele,FW,21,César Saúl Huerta,0.9999999999999997
51,Kamogelo Michael Sebelebele,FW,97,Tomáš Chory,0.9999999999999997
51,Kamogelo Michael Sebelebele,FW,91,Mojmír Chytil,0.9999999999999997
51,Kamogelo Michael Sebelebele,FW,139,Samed Bazdar,0.9999999999999997
51,Kamogelo Michael Sebelebele,FW,130,Jayden Nelson,0.9999999999999997
51,Kamogelo Michael Sebelebele,FW,1144,Carlos Andrés Gomez,0.9999999999999997
51,Kamogelo Michael Sebelebele,FW,1113,Igor Sergeev,0.9999999999999997
52,Bradley Paul Cross,DF,1247,Roderick Alonso Miller,1.0
52,Bradley Paul Cross,DF,1156,Trevoh Tom Chalobah,1.0
52,Bradley Paul Cross,DF,1159,Daniel Johnson Burn,1.0
52,Bradley Paul Cross,DF,1237,Eric Javier Davis,1.0
52,Bradley Paul Cross,DF,805,Abdullatif Jehad Thikri,1.0
52,Bradley Paul Cross,DF,808,José María Gimenez,1.0
52,Bradley Paul Cross,DF,810,Ronald Federico Araujo,1.0
52,Bradley Paul Cross,DF,28,Tholo Thabang Matuludi,1.0
52,Bradley Paul Cross,DF,29,Khulumani Ndamane,1.0
52,Bradley Paul Cross,DF,44,Samukele Alucious Kabini,1.0
53,Seunggyu Kim,GK,673,Abdelaziz Mohame Mostafa,0.9706963997738046
53,Seunggyu Kim,GK,521,Bart Verbruggen,0.944415613973153
53,Seunggyu Kim,GK,1244,Orlando Mosquera,0.9442119045444934
53,Seunggyu Kim,GK,417,Manuel Peter Neuer,0.9229239424752286
53,Seunggyu Kim,GK,1067,Lionel Nzau Mpasi,0.8986396010911798
53,Seunggyu Kim,GK,911,Ørjan Haskjold Nyland,0.8281299970441628
53,Seunggyu Kim,GK,625,Thibaut Nicolas Courtois,0.7852588790756734
53,Seunggyu Kim,GK,413,Ugurcan Cakir,0.7566700211619419
53,Seunggyu Kim,GK,959,Damián Emiliano Martinez,0.69680545797091
53,Seunggyu Kim,GK,937,Juan Agustín Musso,0.6750288709901726
54,Hanbeom Lee,DF,74,Youngwoo Seol,0.9999999999999999
54,Hanbeom Lee,DF,82,Robin Hranac,0.9999999999999999
54,Hanbeom Lee,DF,15,Israel Reyes,0.9999999999999999
54,Hanbeom Lee,DF,1173,Marin Pongracic,0.9999999999999999
54,Hanbeom Lee,DF,1135,Johan Andrés Mojica,0.9999999999999999
54,Hanbeom Lee,DF,108,Luc De Fougerolles,0.9999999999999999
54,Hanbeom Lee,DF,1200,Jonas Adjei Adjetey,0.9999999999999999
54,Hanbeom Lee,DF,1094,Abdukodir Khusanov,0.9999999999999999
54,Hanbeom Lee,DF,207,Luca Antony Jaquez,0.9999999999999999
54,Hanbeom Lee,DF,1105,Sherzod Nasrullaev,0.9999999999999999
55,Gihyuk Lee,MF,1178,Mateo Kovacic,1.0
55,Gihyuk Lee,MF,1099,Otabek Shukurov,1.0
55,Gihyuk Lee,MF,144,Ivan Sunjic,1.0
55,Gihyuk Lee,MF,293,Mc,1.0
55,Gihyuk Lee,MF,270,Jean Ricner Bellegarde,1.0
55,Gihyuk Lee,MF,197,Djibril Ibrahima Sow,1.0
55,Gihyuk Lee,MF,305,Lewis Ferguson,1.0
55,Gihyuk Lee,MF,1072,Ngal’ayel Mukau,1.0
55,Gihyuk Lee,MF,449,Juninho Gracielo Bacuna,1.0
55,Gihyuk Lee,MF,452,Leandro Jones Johan Bacuna,1.0
56,Minjae Kim,DF,792,Abdullah Saud Abdulhamid,0.9997475183362053
56,Minjae Kim,DF,907,Ghazi Salih Merchas,0.9997475183362053
56,Minjae Kim,DF,368,Jacob Michael Italiano,0.9809005112860497
56,Minjae Kim,DF,262,Carlens Jean Fedlaire Ruby Arcus,0.980684308238829
56,Minjae Kim,DF,778,Fabricio Wagner Pina,0.9639411487937598
56,Minjae Kim,DF,369,Jordan Jacob Bos,0.9632880262661643
56,Minjae Kim,DF,4,Edson Omar Alvarez,0.9507137647669552
56,Minjae Kim,DF,317,Antonee Robinson,0.9468724314706607
56,Minjae Kim,DF,315,Christopher Jeffrey Richards,0.9425362338695503
56,Minjae Kim,DF,367,Alessandro Circati,0.928864926363678
57,Taehyeon Kim,DF,1247,Roderick Alonso Miller,1.0
57,Taehyeon Kim,DF,1156,Trevoh Tom Chalobah,1.0
57,Taehyeon Kim,DF,1159,Daniel Johnson Burn,1.0
57,Taehyeon Kim,DF,1237,Eric Javier Davis,1.0
57,Taehyeon Kim,DF,805,Abdullatif Jehad Thikri,1.0
57,Taehyeon Kim,DF,808,José María Gimenez,1.0
57,Taehyeon Kim,DF,810,Ronald Federico Araujo,1.0
57,Taehyeon Kim,DF,28,Tholo Thabang Matuludi,1.0
57,Taehyeon Kim,DF,29,Khulumani Ndamane,1.0
57,Taehyeon Kim,DF,44,Samukele Alucious Kabini,1.0
58,Inbeom Hwang,MF,570,Kaishu Sano,0.9999359798508202
58,Inbeom Hwang,MF,559,Keito Nakamura,0.9990146471207996
58,Inbeom Hwang,MF,1187,Petar Sucic,0.9989713548262212
58,Inbeom Hwang,MF,216,GUIMARAESBruno Bruno,0.997290901173222
58,Inbeom Hwang,MF,329,Malik Leon Tillman,0.9958368957544272
58,Inbeom Hwang,MF,920,Martín Odegaard,0.9951613085555028
58,Inbeom Hwang,MF,866,Lamine Camara,0.9945381408062488
58,Inbeom Hwang,MF,608,Hannibal Mejbri,0.9942666604884104
58,Inbeom Hwang,MF,1022,Mahmoud Ali Noor Alrawabdeh,0.9942666604884104
58,Inbeom Hwang,MF,71,Kangin Lee,0.9942666604884104
59,Heung Min Son,FW,93,Pavel Sulc,1.0000000000000002
59,Heung Min Son,FW,88,Patrik Schick,1.0000000000000002
59,Heung Min Son,FW,124,Ali Ahmed,1.0000000000000002
59,Heung Min Son,FW,116,Tanitoluwa Oluwatimilehin Oluwaseyi,1.0000000000000002
59,Heung Min Son,FW,1127,Jhon Andrés Cordoba,1.0000000000000002
59,Heung Min Son,FW,171,Abdurisag Yusuf Abdurisag,1.0000000000000002
59,Heung Min Son,FW,150,Esmir Bajraktarevic,1.0000000000000002
59,Heung Min Son,FW,1051,João Joao Felix,1.0000000000000002
59,Heung Min Son,FW,827,Federico Sebastian Vinas,1.0000000000000002
59,Heung Min Son,FW,296,Che Sac Everton Fred Adams,1.0000000000000002
60,Seungho Paik,MF,1178,Mateo Kovacic,1.0
60,Seungho Paik,MF,1099,Otabek Shukurov,1.0
60,Seungho Paik,MF,144,Ivan Sunjic,1.0
60,Seungho Paik,MF,293,Mc,1.0
60,Seungho Paik,MF,270,Jean Ricner Bellegarde,1.0
60,Seungho Paik,MF,197,Djibril Ibrahima Sow,1.0
60,Seungho Paik,MF,305,Lewis Ferguson,1.0
60,Seungho Paik,MF,1072,Ngal’ayel Mukau,1.0
60,Seungho Paik,MF,449,Juninho Gracielo Bacuna,1.0
60,Seungho Paik,MF,452,Leandro Jones Johan Bacuna,1.0
61,Guesung Cho,FW,1246,Azarías Emmanuel Londono,0.9999999999999997
61,Guesung Cho,FW,10,Ernesto Alexis Vega,0.9999999999999997
61,Guesung Cho,FW,14,Armando Gonzalez,0.9999999999999997
61,Guesung Cho,FW,21,César Saúl Huerta,0.9999999999999997
61,Guesung Cho,FW,97,Tomáš Chory,0.9999999999999997
61,Guesung Cho,FW,91,Mojmír Chytil,0.9999999999999997
61,Guesung Cho,FW,139,Samed Bazdar,0.9999999999999997
61,Guesung Cho,FW,130,Jayden Nelson,0.9999999999999997
61,Guesung Cho,FW,1144,Carlos Andrés Gomez,0.9999999999999997
61,Guesung Cho,FW,1113,Igor Sergeev,0.9999999999999997
62,Jae Sung Lee,MF,90,Lukáš Cerv,1.0
62,Jae Sung Lee,MF,1091,Edo Kayembe Kayembe,1.0
62,Jae Sung Lee,MF,136,Benjamin Tahirovic,1.0
62,Jae Sung Lee,MF,145,Amar Memic,1.0
62,Jae Sung Lee,MF,115,Liam Alan Millar,1.0
62,Jae Sung Lee,MF,976,Hicham Boudaoui,1.0
62,Jae Sung Lee,MF,941,Leandro Daniel Paredes,1.0
62,Jae Sung Lee,MF,1012,Paul Wanner,1.0
62,Jae Sung Lee,MF,968,Ramiz Larbi Zerrouki,1.0
62,Jae Sung Lee,MF,944,Valentin Barco,1.0
63,Hee Chan Hwang,MF,86,Vladimír Darida,0.9999999999999999
63,Hee Chan Hwang,MF,100,Tomáš Soucek,0.9999999999999999
63,Hee Chan Hwang,MF,95,Lukáš Provod,0.9999999999999999
63,Hee Chan Hwang,MF,110,Mathieu Choiniere,0.9999999999999999
63,Hee Chan Hwang,MF,1133,Juan Camilo Portilla,0.9999999999999999
63,Hee Chan Hwang,MF,118,Jacob Everett Shaffelburg,0.9999999999999999
63,Hee Chan Hwang,MF,1185,Mario Pasalic,0.9999999999999999
63,Hee Chan Hwang,MF,138,Armin Gigovic,0.9999999999999999
63,Hee Chan Hwang,MF,1103,Oston Urunov,0.9999999999999999
63,Hee Chan Hwang,MF,1109,Dostonbek Khamdamov,0.9999999999999999
64,Bumkeun Song,GK,12,Carlos Acevedo,1.0
64,Bumkeun Song,GK,48,Stuart Ricardo Goss,1.0
64,Bumkeun Song,GK,42,Sipho Justin Chaine,1.0
64,Bumkeun Song,GK,122,Owen Olamidayo Goodman,1.0
64,Bumkeun Song,GK,101,Lukáš Hornicek,1.0
64,Bumkeun Song,GK,94,Jind ř ich Stanek,1.0
64,Bumkeun Song,GK,73,Hyeonwoo Jo,1.0
64,Bumkeun Song,GK,220,Weverton Weverton,1.0
64,Bumkeun Song,GK,231,Ederson Ederson,1.0
64,Bumkeun Song,GK,194,Yvon Landry Mvogo,1.0
65,Taeseok Lee,DF,81,Tomáš Holes,1.0000000000000002
65,Taeseok Lee,DF,1174,Joško Gvardiol,1.0000000000000002
65,Taeseok Lee,DF,1149,John Stones,1.0000000000000002
65,Taeseok Lee,DF,1110,Abdulla Abdullaev,1.0000000000000002
65,Taeseok Lee,DF,1116,Behruzjon Karimov,1.0000000000000002
65,Taeseok Lee,DF,119,Moïse Bombito Bombito,1.0000000000000002
65,Taeseok Lee,DF,1140,Deiver Machado,1.0000000000000002
65,Taeseok Lee,DF,1069,Steve Nkanu Kapuadi,1.0000000000000002
65,Taeseok Lee,DF,861,Kalidou Koulibaly,1.0000000000000002
65,Taeseok Lee,DF,1004,Phillip Mwene,1.0000000000000002
66,Wije Cho,DF,1247,Roderick Alonso Miller,1.0
66,Wije Cho,DF,1156,Trevoh Tom Chalobah,1.0
66,Wije Cho,DF,1159,Daniel Johnson Burn,1.0
66,Wije Cho,DF,1237,Eric Javier Davis,1.0
66,Wije Cho,DF,805,Abdullatif Jehad Thikri,1.0
66,Wije Cho,DF,808,José María Gimenez,1.0
66,Wije Cho,DF,810,Ronald Federico Araujo,1.0
66,Wije Cho,DF,28,Tholo Thabang Matuludi,1.0
66,Wije Cho,DF,29,Khulumani Ndamane,1.0
66,Wije Cho,DF,44,Samukele Alucious Kabini,1.0
67,Moonhwan Kim,DF,1248,Jorge Abdiel Gutierrez,1.0
67,Moonhwan Kim,DF,1226,Fidel Escobar,1.0
67,Moonhwan Kim,DF,1192,Luka Vuskovic,1.0
67,Moonhwan Kim,DF,107,Alfie Charles Jones,1.0
67,Moonhwan Kim,DF,123,Alphonso Boyle Davies,1.0
67,Moonhwan Kim,DF,679,Ehsan Hajisafi,1.0
67,Moonhwan Kim,DF,693,Arya Yousefi,1.0
67,Moonhwan Kim,DF,706,Tyler Grant Bindon,1.0
67,Moonhwan Kim,DF,665,Hafez Ramadan Karim Hafez,1.0
67,Moonhwan Kim,DF,783,Mohammed Ali Lajami,1.0
68,Jinseob Park,DF,1247,Roderick Alonso Miller,1.0
68,Jinseob Park,DF,1156,Trevoh Tom Chalobah,1.0
68,Jinseob Park,DF,1159,Daniel Johnson Burn,1.0
68,Jinseob Park,DF,1237,Eric Javier Davis,1.0
68,Jinseob Park,DF,805,Abdullatif Jehad Thikri,1.0
68,Jinseob Park,DF,808,José María Gimenez,1.0
68,Jinseob Park,DF,810,Ronald Federico Araujo,1.0
68,Jinseob Park,DF,28,Tholo Thabang Matuludi,1.0
68,Jinseob Park,DF,29,Khulumani Ndamane,1.0
68,Jinseob Park,DF,44,Samukele Alucious Kabini,1.0
69,Junho Bae,MF,72,Hyunjun Yang,1.0
69,Junho Bae,MF,77,Jisung Eom,1.0
69,Junho Bae,MF,76,Jingyu Kim,1.0
69,Junho Bae,MF,78,Donggyeong Lee,1.0
69,Junho Bae,MF,103,Hugo Sochurek,1.0
69,Junho Bae,MF,1160,Kobbie Boateng Mainoo,1.0
69,Junho Bae,MF,1158,Jordan Brian Henderson,1.0
69,Junho Bae,MF,125,Jonathan Osorio,1.0
69,Junho Bae,MF,1177,Nikola Moro,1.0
69,Junho Bae,MF,1100,Jamshid Iskanderov,1.0
70,Hyeongyu Oh,FW,1049,RAMOSGonçalo Goncalo,0.9998664638758062
70,Hyeongyu Oh,FW,230,MARTINELLIGabriel Gabriel,0.9985037129122557
70,Hyeongyu Oh,FW,657,Ahmed Ibrahim Trezeguet,0.9977111398554288
70,Hyeongyu Oh,FW,878,Ibrahim Mbaye,0.9937651016073298
70,Hyeongyu Oh,FW,607,Hazem Mastouri,0.9894451140701245
70,Hyeongyu Oh,FW,1002,Saša Kalajdzic,0.9819930849928481
70,Hyeongyu Oh,FW,243,Soufiane Rahimi,0.9816273811720032
70,Hyeongyu Oh,FW,974,Ahmed Nadhir Benbouali,0.9812723380472961
70,Hyeongyu Oh,FW,995,Marko Arnautovic,0.9784108525464184
70,Hyeongyu Oh,FW,1085,Mayele Fiston Mayele,0.9772397844698547
71,Kangin Lee,MF,1022,Mahmoud Ali Noor Alrawabdeh,1.0
71,Kangin Lee,MF,608,Hannibal Mejbri,1.0
71,Kangin Lee,MF,866,Lamine Camara,0.9991451873186766
71,Kangin Lee,MF,814,Federico Santiago Valverde,0.9979671171958545
71,Kangin Lee,MF,216,GUIMARAESBruno Bruno,0.9976124111527481
71,Kangin Lee,MF,528,Ryan Jiro Gravenberch,0.9971317998800998
71,Kangin Lee,MF,559,Keito Nakamura,0.9958941259232522
71,Kangin Lee,MF,920,Martín Odegaard,0.995440282209754
71,Kangin Lee,MF,570,Kaishu Sano,0.9945014741666264
71,Kangin Lee,MF,1187,Petar Sucic,0.99444000793255
72,Hyunjun Yang,MF,69,Junho Bae,1.0
72,Hyunjun Yang,MF,77,Jisung Eom,1.0
72,Hyunjun Yang,MF,76,Jingyu Kim,1.0
72,Hyunjun Yang,MF,78,Donggyeong Lee,1.0
72,Hyunjun Yang,MF,103,Hugo Sochurek,1.0
72,Hyunjun Yang,MF,1160,Kobbie Boateng Mainoo,1.0
72,Hyunjun Yang,MF,1158,Jordan Brian Henderson,1.0
72,Hyunjun Yang,MF,125,Jonathan Osorio,1.0
72,Hyunjun Yang,MF,1177,Nikola Moro,1.0
72,Hyunjun Yang,MF,1100,Jamshid Iskanderov,1.0
73,Hyeonwoo Jo,GK,12,Carlos Acevedo,1.0
73,Hyeonwoo Jo,GK,64,Bumkeun Song,1.0
73,Hyeonwoo Jo,GK,48,Stuart Ricardo Goss,1.0
73,Hyeonwoo Jo,GK,42,Sipho Justin Chaine,1.0
73,Hyeonwoo Jo,GK,122,Owen Olamidayo Goodman,1.0
73,Hyeonwoo Jo,GK,101,Lukáš Hornicek,1.0
73,Hyeonwoo Jo,GK,94,Jind ř ich Stanek,1.0
73,Hyeonwoo Jo,GK,220,Weverton Weverton,1.0
73,Hyeonwoo Jo,GK,231,Ederson Ederson,1.0
73,Hyeonwoo Jo,GK,194,Yvon Landry Mvogo,1.0
74,Youngwoo Seol,DF,82,Robin Hranac,0.9999999999999999
74,Youngwoo Seol,DF,15,Israel Reyes,0.9999999999999999
74,Youngwoo Seol,DF,1173,Marin Pongracic,0.9999999999999999
74,Youngwoo Seol,DF,1135,Johan Andrés Mojica,0.9999999999999999
74,Youngwoo Seol,DF,108,Luc De Fougerolles,0.9999999999999999
74,Youngwoo Seol,DF,1200,Jonas Adjei Adjetey,0.9999999999999999
74,Youngwoo Seol,DF,1094,Abdukodir Khusanov,0.9999999999999999
74,Youngwoo Seol,DF,207,Luca Antony Jaquez,0.9999999999999999
74,Youngwoo Seol,DF,1105,Sherzod Nasrullaev,0.9999999999999999
74,Youngwoo Seol,DF,1097,Rustamjon Ashurmatov,0.9999999999999999
75,Jens Castrop,DF,1247,Roderick Alonso Miller,1.0
75,Jens Castrop,DF,1156,Trevoh Tom Chalobah,1.0
75,Jens Castrop,DF,1159,Daniel Johnson Burn,1.0
75,Jens Castrop,DF,1237,Eric Javier Davis,1.0
75,Jens Castrop,DF,805,Abdullatif Jehad Thikri,1.0
75,Jens Castrop,DF,808,José María Gimenez,1.0
75,Jens Castrop,DF,810,Ronald Federico Araujo,1.0
75,Jens Castrop,DF,28,Tholo Thabang Matuludi,1.0
75,Jens Castrop,DF,29,Khulumani Ndamane,1.0
75,Jens Castrop,DF,44,Samukele Alucious Kabini,1.0
76,Jingyu Kim,MF,72,Hyunjun Yang,1.0
76,Jingyu Kim,MF,69,Junho Bae,1.0
76,Jingyu Kim,MF,77,Jisung Eom,1.0
76,Jingyu Kim,MF,78,Donggyeong Lee,1.0
76,Jingyu Kim,MF,103,Hugo Sochurek,1.0
76,Jingyu Kim,MF,1160,Kobbie Boateng Mainoo,1.0
76,Jingyu Kim,MF,1158,Jordan Brian Henderson,1.0
76,Jingyu Kim,MF,125,Jonathan Osorio,1.0
76,Jingyu Kim,MF,1177,Nikola Moro,1.0
76,Jingyu Kim,MF,1100,Jamshid Iskanderov,1.0
77,Jisung Eom,MF,72,Hyunjun Yang,1.0
77,Jisung Eom,MF,69,Junho Bae,1.0
77,Jisung Eom,MF,76,Jingyu Kim,1.0
77,Jisung Eom,MF,78,Donggyeong Lee,1.0
77,Jisung Eom,MF,103,Hugo Sochurek,1.0
77,Jisung Eom,MF,1160,Kobbie Boateng Mainoo,1.0
77,Jisung Eom,MF,1158,Jordan Brian Henderson,1.0
77,Jisung Eom,MF,125,Jonathan Osorio,1.0
77,Jisung Eom,MF,1177,Nikola Moro,1.0
77,Jisung Eom,MF,1100,Jamshid Iskanderov,1.0
78,Donggyeong Lee,MF,72,Hyunjun Yang,1.0
78,Donggyeong Lee,MF,69,Junho Bae,1.0
78,Donggyeong Lee,MF,77,Jisung Eom,1.0
78,Donggyeong Lee,MF,76,Jingyu Kim,1.0
78,Donggyeong Lee,MF,103,Hugo Sochurek,1.0
78,Donggyeong Lee,MF,1160,Kobbie Boateng Mainoo,1.0
78,Donggyeong Lee,MF,1158,Jordan Brian Henderson,1.0
78,Donggyeong Lee,MF,125,Jonathan Osorio,1.0
78,Donggyeong Lee,MF,1177,Nikola Moro,1.0
78,Donggyeong Lee,MF,1100,Jamshid Iskanderov,1.0
79,Mat ě j Kovar,GK,989,Alexander Schlager,0.98745484711773
79,Mat ě j Kovar,GK,985,Luca Zinedine Zidane,0.974699524127326
79,Mat ě j Kovar,GK,131,Nikola Vasilj,0.9722551534380967
79,Mat ě j Kovar,GK,1015,Mo'ien Hasan Yazeed Abulaila,0.8685532026190196
79,Mat ě j Kovar,GK,413,Ugurcan Cakir,0.837974163534217
79,Mat ě j Kovar,GK,829,Nestor Fernando Muslera,0.8181999051951846
79,Mat ě j Kovar,GK,911,Ørjan Haskjold Nyland,0.787118930402446
79,Mat ě j Kovar,GK,313,Matthew Charles Turner,0.7800187504453392
79,Mat ě j Kovar,GK,1244,Orlando Mosquera,0.7261349339985236
79,Mat ě j Kovar,GK,1067,Lionel Nzau Mpasi,0.723854285898183
80,David Zima,DF,1247,Roderick Alonso Miller,1.0
80,David Zima,DF,1156,Trevoh Tom Chalobah,1.0
80,David Zima,DF,1159,Daniel Johnson Burn,1.0
80,David Zima,DF,1237,Eric Javier Davis,1.0
80,David Zima,DF,805,Abdullatif Jehad Thikri,1.0
80,David Zima,DF,808,José María Gimenez,1.0
80,David Zima,DF,810,Ronald Federico Araujo,1.0
80,David Zima,DF,28,Tholo Thabang Matuludi,1.0
80,David Zima,DF,29,Khulumani Ndamane,1.0
80,David Zima,DF,44,Samukele Alucious Kabini,1.0
81,Tomáš Holes,DF,65,Taeseok Lee,1.0000000000000002
81,Tomáš Holes,DF,1174,Joško Gvardiol,1.0000000000000002
81,Tomáš Holes,DF,1149,John Stones,1.0000000000000002
81,Tomáš Holes,DF,1110,Abdulla Abdullaev,1.0000000000000002
81,Tomáš Holes,DF,1116,Behruzjon Karimov,1.0000000000000002
81,Tomáš Holes,DF,119,Moïse Bombito Bombito,1.0000000000000002
81,Tomáš Holes,DF,1140,Deiver Machado,1.0000000000000002
81,Tomáš Holes,DF,1069,Steve Nkanu Kapuadi,1.0000000000000002
81,Tomáš Holes,DF,861,Kalidou Koulibaly,1.0000000000000002
81,Tomáš Holes,DF,1004,Phillip Mwene,1.0000000000000002
82,Robin Hranac,DF,74,Youngwoo Seol,0.9999999999999999
82,Robin Hranac,DF,15,Israel Reyes,0.9999999999999999
82,Robin Hranac,DF,1173,Marin Pongracic,0.9999999999999999
82,Robin Hranac,DF,1135,Johan Andrés Mojica,0.9999999999999999
82,Robin Hranac,DF,108,Luc De Fougerolles,0.9999999999999999
82,Robin Hranac,DF,1200,Jonas Adjei Adjetey,0.9999999999999999
82,Robin Hranac,DF,1094,Abdukodir Khusanov,0.9999999999999999
82,Robin Hranac,DF,207,Luca Antony Jaquez,0.9999999999999999
82,Robin Hranac,DF,1105,Sherzod Nasrullaev,0.9999999999999999
82,Robin Hranac,DF,1097,Rustamjon Ashurmatov,0.9999999999999999
83,Vladimír Coufal,DF,1037,Manel Farhan Ehsan Haddad,0.9999311537942701
83,Vladimír Coufal,DF,961,Facundo Axel Medina,0.9984756759498389
83,Vladimír Coufal,DF,704,Timothy John Payne,0.9979912689887
83,Vladimír Coufal,DF,422,Joshua Walter Kimmich,0.9937166408857276
83,Vladimír Coufal,DF,1172,Josip Stanisic,0.9931269038653007
83,Vladimír Coufal,DF,542,Denzel Justus Morris Dumfries,0.989876789065506
83,Vladimír Coufal,DF,1060,Pedro Joao Cancelo,0.971681762919674
83,Vladimír Coufal,DF,996,David Alaba,0.9548248974592635
83,Vladimír Coufal,DF,733,Marcos Llorente,0.9360491823700549
83,Vladimír Coufal,DF,473,Wilfried Stephane Singo,0.9357859077011417
84,ě pán Chaloupek,DF,1248,Jorge Abdiel Gutierrez,1.0
84,ě pán Chaloupek,DF,1226,Fidel Escobar,1.0
84,ě pán Chaloupek,DF,1192,Luka Vuskovic,1.0
84,ě pán Chaloupek,DF,107,Alfie Charles Jones,1.0
84,ě pán Chaloupek,DF,123,Alphonso Boyle Davies,1.0
84,ě pán Chaloupek,DF,679,Ehsan Hajisafi,1.0
84,ě pán Chaloupek,DF,693,Arya Yousefi,1.0
84,ě pán Chaloupek,DF,706,Tyler Grant Bindon,1.0
84,ě pán Chaloupek,DF,665,Hafez Ramadan Karim Hafez,1.0
84,ě pán Chaloupek,DF,783,Mohammed Ali Lajami,1.0
85,Ladislav Krejci,DF,1120,Daniel Munoz,0.74934793712977
85,Ladislav Krejci,DF,784,Ali Abdulelah Alamri,0.7431022940345732
85,Ladislav Krejci,DF,431,Nico Cédric Schlotterbeck,0.7429792555627628
85,Ladislav Krejci,DF,718,Finn Surman,0.7395772142545776
85,Ladislav Krejci,DF,20,Mateo Chavez,0.7395772142545776
85,Ladislav Krejci,DF,602,Omar Rekik,0.7377779125974377
85,Ladislav Krejci,DF,1219,Derrick Luckassen,0.7377779125974377
85,Ladislav Krejci,DF,767,CABRALSidny Sidny Lopes,0.7375319026404589
85,Ladislav Krejci,DF,318,Auston Levi-Jesaiah Trusty,0.7365654000628172
85,Ladislav Krejci,DF,248,Issa Laye Lucas Jean Diop,0.7356475329120905
86,Vladimír Darida,MF,63,Hee Chan Hwang,0.9999999999999999
86,Vladimír Darida,MF,100,Tomáš Soucek,0.9999999999999999
86,Vladimír Darida,MF,95,Lukáš Provod,0.9999999999999999
86,Vladimír Darida,MF,110,Mathieu Choiniere,0.9999999999999999
86,Vladimír Darida,MF,1133,Juan Camilo Portilla,0.9999999999999999
86,Vladimír Darida,MF,118,Jacob Everett Shaffelburg,0.9999999999999999
86,Vladimír Darida,MF,1185,Mario Pasalic,0.9999999999999999
86,Vladimír Darida,MF,138,Armin Gigovic,0.9999999999999999
86,Vladimír Darida,MF,1103,Oston Urunov,0.9999999999999999
86,Vladimír Darida,MF,1109,Dostonbek Khamdamov,0.9999999999999999
87,Adam Hlozek,FW,93,Pavel Sulc,1.0000000000000002
87,Adam Hlozek,FW,88,Patrik Schick,1.0000000000000002
87,Adam Hlozek,FW,124,Ali Ahmed,1.0000000000000002
87,Adam Hlozek,FW,116,Tanitoluwa Oluwatimilehin Oluwaseyi,1.0000000000000002
87,Adam Hlozek,FW,1127,Jhon Andrés Cordoba,1.0000000000000002
87,Adam Hlozek,FW,171,Abdurisag Yusuf Abdurisag,1.0000000000000002
87,Adam Hlozek,FW,150,Esmir Bajraktarevic,1.0000000000000002
87,Adam Hlozek,FW,1051,João Joao Felix,1.0000000000000002
87,Adam Hlozek,FW,827,Federico Sebastian Vinas,1.0000000000000002
87,Adam Hlozek,FW,296,Che Sac Everton Fred Adams,1.0000000000000002
88,Patrik Schick,FW,93,Pavel Sulc,1.0000000000000002
88,Patrik Schick,FW,124,Ali Ahmed,1.0000000000000002
88,Patrik Schick,FW,116,Tanitoluwa Oluwatimilehin Oluwaseyi,1.0000000000000002
88,Patrik Schick,FW,1127,Jhon Andrés Cordoba,1.0000000000000002
88,Patrik Schick,FW,171,Abdurisag Yusuf Abdurisag,1.0000000000000002
88,Patrik Schick,FW,150,Esmir Bajraktarevic,1.0000000000000002
88,Patrik Schick,FW,1051,João Joao Felix,1.0000000000000002
88,Patrik Schick,FW,827,Federico Sebastian Vinas,1.0000000000000002
88,Patrik Schick,FW,296,Che Sac Everton Fred Adams,1.0000000000000002
88,Patrik Schick,FW,953,Giuliano Simeone,1.0000000000000002
89,Jan Kuchta,FW,1246,Azarías Emmanuel Londono,0.9999999999999997
89,Jan Kuchta,FW,10,Ernesto Alexis Vega,0.9999999999999997
89,Jan Kuchta,FW,14,Armando Gonzalez,0.9999999999999997
89,Jan Kuchta,FW,21,César Saúl Huerta,0.9999999999999997
89,Jan Kuchta,FW,97,Tomáš Chory,0.9999999999999997
89,Jan Kuchta,FW,91,Mojmír Chytil,0.9999999999999997
89,Jan Kuchta,FW,139,Samed Bazdar,0.9999999999999997
89,Jan Kuchta,FW,130,Jayden Nelson,0.9999999999999997
89,Jan Kuchta,FW,1144,Carlos Andrés Gomez,0.9999999999999997
89,Jan Kuchta,FW,1113,Igor Sergeev,0.9999999999999997
90,Lukáš Cerv,MF,62,Jae Sung Lee,1.0
90,Lukáš Cerv,MF,1091,Edo Kayembe Kayembe,1.0
90,Lukáš Cerv,MF,136,Benjamin Tahirovic,1.0
90,Lukáš Cerv,MF,145,Amar Memic,1.0
90,Lukáš Cerv,MF,115,Liam Alan Millar,1.0
90,Lukáš Cerv,MF,976,Hicham Boudaoui,1.0
90,Lukáš Cerv,MF,941,Leandro Daniel Paredes,1.0
90,Lukáš Cerv,MF,1012,Paul Wanner,1.0
90,Lukáš Cerv,MF,968,Ramiz Larbi Zerrouki,1.0
90,Lukáš Cerv,MF,944,Valentin Barco,1.0
91,Mojmír Chytil,FW,1246,Azarías Emmanuel Londono,0.9999999999999997
91,Mojmír Chytil,FW,10,Ernesto Alexis Vega,0.9999999999999997
91,Mojmír Chytil,FW,14,Armando Gonzalez,0.9999999999999997
91,Mojmír Chytil,FW,21,César Saúl Huerta,0.9999999999999997
91,Mojmír Chytil,FW,97,Tomáš Chory,0.9999999999999997
91,Mojmír Chytil,FW,139,Samed Bazdar,0.9999999999999997
91,Mojmír Chytil,FW,130,Jayden Nelson,0.9999999999999997
91,Mojmír Chytil,FW,1144,Carlos Andrés Gomez,0.9999999999999997
91,Mojmír Chytil,FW,1113,Igor Sergeev,0.9999999999999997
91,Mojmír Chytil,FW,1089,Simon Bokote Banza,0.9999999999999997
92,David Jurasek,DF,1247,Roderick Alonso Miller,1.0
92,David Jurasek,DF,1156,Trevoh Tom Chalobah,1.0
92,David Jurasek,DF,1159,Daniel Johnson Burn,1.0
92,David Jurasek,DF,1237,Eric Javier Davis,1.0
92,David Jurasek,DF,805,Abdullatif Jehad Thikri,1.0
92,David Jurasek,DF,808,José María Gimenez,1.0
92,David Jurasek,DF,810,Ronald Federico Araujo,1.0
92,David Jurasek,DF,28,Tholo Thabang Matuludi,1.0
92,David Jurasek,DF,29,Khulumani Ndamane,1.0
92,David Jurasek,DF,44,Samukele Alucious Kabini,1.0
93,Pavel Sulc,FW,88,Patrik Schick,1.0000000000000002
93,Pavel Sulc,FW,124,Ali Ahmed,1.0000000000000002
93,Pavel Sulc,FW,116,Tanitoluwa Oluwatimilehin Oluwaseyi,1.0000000000000002
93,Pavel Sulc,FW,1127,Jhon Andrés Cordoba,1.0000000000000002
93,Pavel Sulc,FW,171,Abdurisag Yusuf Abdurisag,1.0000000000000002
93,Pavel Sulc,FW,150,Esmir Bajraktarevic,1.0000000000000002
93,Pavel Sulc,FW,1051,João Joao Felix,1.0000000000000002
93,Pavel Sulc,FW,827,Federico Sebastian Vinas,1.0000000000000002
93,Pavel Sulc,FW,296,Che Sac Everton Fred Adams,1.0000000000000002
93,Pavel Sulc,FW,953,Giuliano Simeone,1.0000000000000002
94,Jind ř ich Stanek,GK,12,Carlos Acevedo,1.0
94,Jind ř ich Stanek,GK,64,Bumkeun Song,1.0
94,Jind ř ich Stanek,GK,48,Stuart Ricardo Goss,1.0
94,Jind ř ich Stanek,GK,42,Sipho Justin Chaine,1.0
94,Jind ř ich Stanek,GK,122,Owen Olamidayo Goodman,1.0
94,Jind ř ich Stanek,GK,101,Lukáš Hornicek,1.0
94,Jind ř ich Stanek,GK,73,Hyeonwoo Jo,1.0
94,Jind ř ich Stanek,GK,220,Weverton Weverton,1.0
94,Jind ř ich Stanek,GK,231,Ederson Ederson,1.0
94,Jind ř ich Stanek,GK,194,Yvon Landry Mvogo,1.0
95,Lukáš Provod,MF,63,Hee Chan Hwang,0.9999999999999999
95,Lukáš Provod,MF,86,Vladimír Darida,0.9999999999999999
95,Lukáš Provod,MF,100,Tomáš Soucek,0.9999999999999999
95,Lukáš Provod,MF,110,Mathieu Choiniere,0.9999999999999999
95,Lukáš Provod,MF,1133,Juan Camilo Portilla,0.9999999999999999
95,Lukáš Provod,MF,118,Jacob Everett Shaffelburg,0.9999999999999999
95,Lukáš Provod,MF,1185,Mario Pasalic,0.9999999999999999
95,Lukáš Provod,MF,138,Armin Gigovic,0.9999999999999999
95,Lukáš Provod,MF,1103,Oston Urunov,0.9999999999999999
95,Lukáš Provod,MF,1109,Dostonbek Khamdamov,0.9999999999999999
96,Michal Sadilek,MF,1183,Nikola Vlasic,0.9998538767996629
96,Michal Sadilek,MF,560,Junya Ito,0.9966732911031246
96,Michal Sadilek,MF,644,Hans Vanaken,0.9961166790833517
96,Michal Sadilek,MF,820,Agustin Canobbio,0.9951284527642912
96,Michal Sadilek,MF,396,Orkun Kokcu,0.9948691689380418
96,Michal Sadilek,MF,768,Deroy Deroy Duarte,0.9858343235819336
96,Michal Sadilek,MF,671,Saber Abdelmohsen Mahmoud,0.9850335245347784
96,Michal Sadilek,MF,944,Valentin Barco,0.8408587772666172
96,Michal Sadilek,MF,202,Michel Aebischer,0.8408587772666172
96,Michal Sadilek,MF,1012,Paul Wanner,0.8408587772666172
97,Tomáš Chory,FW,1246,Azarías Emmanuel Londono,0.9999999999999997
97,Tomáš Chory,FW,10,Ernesto Alexis Vega,0.9999999999999997
97,Tomáš Chory,FW,14,Armando Gonzalez,0.9999999999999997
97,Tomáš Chory,FW,21,César Saúl Huerta,0.9999999999999997
97,Tomáš Chory,FW,91,Mojmír Chytil,0.9999999999999997
97,Tomáš Chory,FW,139,Samed Bazdar,0.9999999999999997
97,Tomáš Chory,FW,130,Jayden Nelson,0.9999999999999997
97,Tomáš Chory,FW,1144,Carlos Andrés Gomez,0.9999999999999997
97,Tomáš Chory,FW,1113,Igor Sergeev,0.9999999999999997
97,Tomáš Chory,FW,1089,Simon Bokote Banza,0.9999999999999997
98,Jaroslav Zeleny,DF,1248,Jorge Abdiel Gutierrez,1.0
98,Jaroslav Zeleny,DF,1226,Fidel Escobar,1.0
98,Jaroslav Zeleny,DF,1192,Luka Vuskovic,1.0
98,Jaroslav Zeleny,DF,107,Alfie Charles Jones,1.0
98,Jaroslav Zeleny,DF,123,Alphonso Boyle Davies,1.0
98,Jaroslav Zeleny,DF,679,Ehsan Hajisafi,1.0
98,Jaroslav Zeleny,DF,693,Arya Yousefi,1.0
98,Jaroslav Zeleny,DF,706,Tyler Grant Bindon,1.0
98,Jaroslav Zeleny,DF,665,Hafez Ramadan Karim Hafez,1.0
98,Jaroslav Zeleny,DF,783,Mohammed Ali Lajami,1.0
99,David Doudera,DF,1248,Jorge Abdiel Gutierrez,1.0
99,David Doudera,DF,1226,Fidel Escobar,1.0
99,David Doudera,DF,1192,Luka Vuskovic,1.0
99,David Doudera,DF,107,Alfie Charles Jones,1.0
99,David Doudera,DF,123,Alphonso Boyle Davies,1.0
99,David Doudera,DF,679,Ehsan Hajisafi,1.0
99,David Doudera,DF,693,Arya Yousefi,1.0
99,David Doudera,DF,706,Tyler Grant Bindon,1.0
99,David Doudera,DF,665,Hafez Ramadan Karim Hafez,1.0
99,David Doudera,DF,783,Mohammed Ali Lajami,1.0
100,Tomáš Soucek,MF,63,Hee Chan Hwang,0.9999999999999999
100,Tomáš Soucek,MF,86,Vladimír Darida,0.9999999999999999
100,Tomáš Soucek,MF,95,Lukáš Provod,0.9999999999999999
100,Tomáš Soucek,MF,110,Mathieu Choiniere,0.9999999999999999
100,Tomáš Soucek,MF,1133,Juan Camilo Portilla,0.9999999999999999
100,Tomáš Soucek,MF,118,Jacob Everett Shaffelburg,0.9999999999999999
100,Tomáš Soucek,MF,1185,Mario Pasalic,0.9999999999999999
100,Tomáš Soucek,MF,138,Armin Gigovic,0.9999999999999999
100,Tomáš Soucek,MF,1103,Oston Urunov,0.9999999999999999
100,Tomáš Soucek,MF,1109,Dostonbek Khamdamov,0.9999999999999999
101,Lukáš Hornicek,GK,12,Carlos Acevedo,1.0
101,Lukáš Hornicek,GK,64,Bumkeun Song,1.0
101,Lukáš Hornicek,GK,48,Stuart Ricardo Goss,1.0
101,Lukáš Hornicek,GK,42,Sipho Justin Chaine,1.0
101,Lukáš Hornicek,GK,122,Owen Olamidayo Goodman,1.0
101,Lukáš Hornicek,GK,94,Jind ř ich Stanek,1.0
101,Lukáš Hornicek,GK,73,Hyeonwoo Jo,1.0
101,Lukáš Hornicek,GK,220,Weverton Weverton,1.0
101,Lukáš Hornicek,GK,231,Ederson Ederson,1.0
101,Lukáš Hornicek,GK,194,Yvon Landry Mvogo,1.0
102,Alexandr Sojka,MF,143,Ivan Basic,0.9998676465136497
102,Alexandr Sojka,MF,970,Houssem-Eddine Chaabane Aouar,0.9997516483926968
102,Alexandr Sojka,MF,388,Paul Michael Junior Okon-Engstler,0.9997090769189002
102,Alexandr Sojka,MF,1098,Akmal Mozgovoy,0.999432783489817
102,Alexandr Sojka,MF,241,Chemsdine Talbi,0.9988135165323551
102,Alexandr Sojka,MF,326,Sebastian Matthew Berhalter,0.9963154945005198
102,Alexandr Sojka,MF,7,Luis Francisco Romo,0.9956963085097876
102,Alexandr Sojka,MF,554,Takefusa Kubo,0.9935221223691706
102,Alexandr Sojka,MF,436,Nadiem Amiri,0.9925980845040789
102,Alexandr Sojka,MF,931,Andreas Rædergård Schjelderup,0.9854125857357283
103,Hugo Sochurek,MF,72,Hyunjun Yang,1.0
103,Hugo Sochurek,MF,69,Junho Bae,1.0
103,Hugo Sochurek,MF,77,Jisung Eom,1.0
103,Hugo Sochurek,MF,76,Jingyu Kim,1.0
103,Hugo Sochurek,MF,78,Donggyeong Lee,1.0
103,Hugo Sochurek,MF,1160,Kobbie Boateng Mainoo,1.0
103,Hugo Sochurek,MF,1158,Jordan Brian Henderson,1.0
103,Hugo Sochurek,MF,125,Jonathan Osorio,1.0
103,Hugo Sochurek,MF,1177,Nikola Moro,1.0
103,Hugo Sochurek,MF,1100,Jamshid Iskanderov,1.0
104,Denis Visinsky,FW,1240,Cecilio Alfonso Waterman,0.9999999999999998
104,Denis Visinsky,FW,1239,Jose Fajardo,0.9999999999999998
104,Denis Visinsky,FW,1027,Nayef Ahmad Mahmoud Almardi,0.9999999999999998
104,Denis Visinsky,FW,973,Anis Hadj Moussa,0.9999999999999998
104,Denis Visinsky,FW,1066,Francisco Francisco Conceicao,0.9999999999999998
104,Denis Visinsky,FW,1038,Ahmad Ali Ali Azaizeh,0.9999999999999998
104,Denis Visinsky,FW,921,Jørgen Strand Strand Larsen,0.9999999999999998
104,Denis Visinsky,FW,763,BENCHIMOLGilson Gilson,0.9999999999999998
104,Denis Visinsky,FW,271,Don Deedson Deedson,0.9999999999999998
104,Denis Visinsky,FW,276,Lenny Alvin Pico Joseph,0.9999999999999998
105,Dayne Tristan St. Clair,GK,13,Francisco Guillermo Ochoa,0.9999999999999999
105,Dayne Tristan St. Clair,GK,365,Mathew David Ryan,0.9999999999999999
105,Dayne Tristan St. Clair,GK,807,Sergio Ramón Rochet,0.9999999999999999
105,Dayne Tristan St. Clair,GK,937,Juan Agustín Musso,0.7903802751826774
105,Dayne Tristan St. Clair,GK,881,Mory Diaw,0.550621122333312
105,Dayne Tristan St. Clair,GK,64,Bumkeun Song,0.49993767188286814
105,Dayne Tristan St. Clair,GK,48,Stuart Ricardo Goss,0.49993767188286814
105,Dayne Tristan St. Clair,GK,122,Owen Olamidayo Goodman,0.49993767188286814
105,Dayne Tristan St. Clair,GK,94,Jind ř ich Stanek,0.49993767188286814
105,Dayne Tristan St. Clair,GK,194,Yvon Landry Mvogo,0.49993767188286814
106,Alistair William Johnston,DF,1169,Tehuti Djed-Hotep Spence,1.0000000000000002
106,Alistair William Johnston,DF,1147,Nico Oreilly,1.0000000000000002
106,Alistair William Johnston,DF,1121,Jhon Janer Lucumi,1.0000000000000002
106,Alistair William Johnston,DF,212,MARQUINHOSMarcos,1.0000000000000002
106,Alistair William Johnston,DF,927,Torbjørn Lysaker Heggem,1.0000000000000002
106,Alistair William Johnston,DF,962,Nahuel Molina,1.0000000000000002
106,Alistair William Johnston,DF,237,Noussair Mazraoui,1.0000000000000002
106,Alistair William Johnston,DF,342,Juan Jose Caceres,1.0000000000000002
106,Alistair William Johnston,DF,23,Jesús Daniel Gallardo,1.0000000000000002
106,Alistair William Johnston,DF,858,Maxence Guy Lacroix,1.0000000000000002
107,Alfie Charles Jones,DF,1248,Jorge Abdiel Gutierrez,1.0
107,Alfie Charles Jones,DF,1226,Fidel Escobar,1.0
107,Alfie Charles Jones,DF,1192,Luka Vuskovic,1.0
107,Alfie Charles Jones,DF,123,Alphonso Boyle Davies,1.0
107,Alfie Charles Jones,DF,679,Ehsan Hajisafi,1.0
107,Alfie Charles Jones,DF,693,Arya Yousefi,1.0
107,Alfie Charles Jones,DF,706,Tyler Grant Bindon,1.0
107,Alfie Charles Jones,DF,665,Hafez Ramadan Karim Hafez,1.0
107,Alfie Charles Jones,DF,783,Mohammed Ali Lajami,1.0
107,Alfie Charles Jones,DF,793,Meshari Nawaf Bu Washl,1.0
108,Luc De Fougerolles,DF,74,Youngwoo Seol,0.9999999999999999
108,Luc De Fougerolles,DF,82,Robin Hranac,0.9999999999999999
108,Luc De Fougerolles,DF,15,Israel Reyes,0.9999999999999999
108,Luc De Fougerolles,DF,1173,Marin Pongracic,0.9999999999999999
108,Luc De Fougerolles,DF,1135,Johan Andrés Mojica,0.9999999999999999
108,Luc De Fougerolles,DF,1200,Jonas Adjei Adjetey,0.9999999999999999
108,Luc De Fougerolles,DF,1094,Abdukodir Khusanov,0.9999999999999999
108,Luc De Fougerolles,DF,207,Luca Antony Jaquez,0.9999999999999999
108,Luc De Fougerolles,DF,1105,Sherzod Nasrullaev,0.9999999999999999
108,Luc De Fougerolles,DF,1097,Rustamjon Ashurmatov,0.9999999999999999
109,Joel Robert Waterman,DF,1247,Roderick Alonso Miller,1.0
109,Joel Robert Waterman,DF,1156,Trevoh Tom Chalobah,1.0
109,Joel Robert Waterman,DF,1159,Daniel Johnson Burn,1.0
109,Joel Robert Waterman,DF,1237,Eric Javier Davis,1.0
109,Joel Robert Waterman,DF,805,Abdullatif Jehad Thikri,1.0
109,Joel Robert Waterman,DF,808,José María Gimenez,1.0
109,Joel Robert Waterman,DF,810,Ronald Federico Araujo,1.0
109,Joel Robert Waterman,DF,28,Tholo Thabang Matuludi,1.0
109,Joel Robert Waterman,DF,29,Khulumani Ndamane,1.0
109,Joel Robert Waterman,DF,44,Samukele Alucious Kabini,1.0
110,Mathieu Choiniere,MF,63,Hee Chan Hwang,0.9999999999999999
110,Mathieu Choiniere,MF,86,Vladimír Darida,0.9999999999999999
110,Mathieu Choiniere,MF,100,Tomáš Soucek,0.9999999999999999
110,Mathieu Choiniere,MF,95,Lukáš Provod,0.9999999999999999
110,Mathieu Choiniere,MF,1133,Juan Camilo Portilla,0.9999999999999999
110,Mathieu Choiniere,MF,118,Jacob Everett Shaffelburg,0.9999999999999999
110,Mathieu Choiniere,MF,1185,Mario Pasalic,0.9999999999999999
110,Mathieu Choiniere,MF,138,Armin Gigovic,0.9999999999999999
110,Mathieu Choiniere,MF,1103,Oston Urunov,0.9999999999999999
110,Mathieu Choiniere,MF,1109,Dostonbek Khamdamov,0.9999999999999999
111,Stephen Eustaquio,MF,1055,Pedro Joao Neves,0.9999999148652446
111,Stephen Eustaquio,MF,997,Marcel Sabitzer,0.9999744218115686
111,Stephen Eustaquio,MF,734,Mikel Merino,0.9999585787662134
111,Stephen Eustaquio,MF,760,Lenini Kevin Pina,0.9999533846119013
111,Stephen Eustaquio,MF,476,Franck Yannick Kessie,0.9999455585651826
111,Stephen Eustaquio,MF,435,Leroy Aziz Sane,0.9998767624963949
111,Stephen Eustaquio,MF,1186,Martin Baturina,0.9998574233077256
111,Stephen Eustaquio,MF,631,Kevin De Bruyne,0.9997042072021504
111,Stephen Eustaquio,MF,1006,Romano Schmid,0.999291081430585
111,Stephen Eustaquio,MF,316,Tyler Shaan Adams,0.9967797424669657
112,Ismaël Kenneth Jordan Kone,MF,346,Diego Alexander Gomez,0.9999999999999999
112,Ismaël Kenneth Jordan Kone,MF,277,Danley Jean Jacques,0.9989830169428203
112,Ismaël Kenneth Jordan Kone,MF,30,Teboho Mokoena,0.9806266475535238
112,Ismaël Kenneth Jordan Kone,MF,270,Jean Ricner Bellegarde,0.8466531356120947
112,Ismaël Kenneth Jordan Kone,MF,197,Djibril Ibrahima Sow,0.8466531356120947
112,Ismaël Kenneth Jordan Kone,MF,293,Mc,0.8466531356120947
112,Ismaël Kenneth Jordan Kone,MF,144,Ivan Sunjic,0.8466531356120947
112,Ismaël Kenneth Jordan Kone,MF,449,Juninho Gracielo Bacuna,0.8466531356120947
112,Ismaël Kenneth Jordan Kone,MF,452,Leandro Jones Johan Bacuna,0.8466531356120947
112,Ismaël Kenneth Jordan Kone,MF,463,Tahith Jose Girigorio Djorkaef Chong,0.8466531356120947
113,Cyle Christopher Larin,FW,483,Amad Diallo,0.9993559495535674
113,Cyle Christopher Larin,FW,9,Raúl Alonso Jimenez,0.9988194087561735
113,Cyle Christopher Larin,FW,583,Anthony David Junior Elanga,0.9961779265053146
113,Cyle Christopher Larin,FW,1196,Petar Musa,0.9948659078956181
113,Cyle Christopher Larin,FW,902,Hussein Ghadhban Aymen,0.993332040057211
113,Cyle Christopher Larin,FW,1075,Kibambe Brian Cipenga,0.9717943540104321
113,Cyle Christopher Larin,FW,844,Bradley Jean-Manuel Essolisa Barcola,0.9685398223975575
113,Cyle Christopher Larin,FW,539,Brian Ebenezer Adjei Brobbey,0.9667058346418859
113,Cyle Christopher Larin,FW,166,Khalid Hassan Alhaydos,0.9653398037351809
113,Cyle Christopher Larin,FW,1181,Ante Budimir,0.9645622256830463
114,Jonathan Christian David,FW,38,Thapelo Maseko,0.984500266514315
114,Jonathan Christian David,FW,193,Dan Ndoye,0.9825483978316141
114,Jonathan Christian David,FW,971,Amine Ferid Gouiri,0.9823971543600966
114,Jonathan Christian David,FW,1153,Harry Edward Kane,0.9817189161169352
114,Jonathan Christian David,FW,852,Désiré Nonka-Maho Doue,0.9805368712380512
114,Jonathan Christian David,FW,215,José Vinicius,0.980267946207798
114,Jonathan Christian David,FW,381,Nestory Irankunda,0.979178799057332
114,Jonathan Christian David,FW,398,Arda Guler,0.9766029986222461
114,Jonathan Christian David,FW,1023,Iyad Ali Ali Olwan,0.9766029986222461
114,Jonathan Christian David,FW,1106,Eldor Shomurodov,0.9766029986222461
115,Liam Alan Millar,MF,62,Jae Sung Lee,1.0
115,Liam Alan Millar,MF,90,Lukáš Cerv,1.0
115,Liam Alan Millar,MF,1091,Edo Kayembe Kayembe,1.0
115,Liam Alan Millar,MF,136,Benjamin Tahirovic,1.0
115,Liam Alan Millar,MF,145,Amar Memic,1.0
115,Liam Alan Millar,MF,976,Hicham Boudaoui,1.0
115,Liam Alan Millar,MF,941,Leandro Daniel Paredes,1.0
115,Liam Alan Millar,MF,1012,Paul Wanner,1.0
115,Liam Alan Millar,MF,968,Ramiz Larbi Zerrouki,1.0
115,Liam Alan Millar,MF,944,Valentin Barco,1.0
116,Tanitoluwa Oluwatimilehin Oluwaseyi,FW,93,Pavel Sulc,1.0000000000000002
116,Tanitoluwa Oluwatimilehin Oluwaseyi,FW,88,Patrik Schick,1.0000000000000002
116,Tanitoluwa Oluwatimilehin Oluwaseyi,FW,124,Ali Ahmed,1.0000000000000002
116,Tanitoluwa Oluwatimilehin Oluwaseyi,FW,1127,Jhon Andrés Cordoba,1.0000000000000002
116,Tanitoluwa Oluwatimilehin Oluwaseyi,FW,171,Abdurisag Yusuf Abdurisag,1.0000000000000002
116,Tanitoluwa Oluwatimilehin Oluwaseyi,FW,150,Esmir Bajraktarevic,1.0000000000000002
116,Tanitoluwa Oluwatimilehin Oluwaseyi,FW,1051,João Joao Felix,1.0000000000000002
116,Tanitoluwa Oluwatimilehin Oluwaseyi,FW,827,Federico Sebastian Vinas,1.0000000000000002
116,Tanitoluwa Oluwatimilehin Oluwaseyi,FW,296,Che Sac Everton Fred Adams,1.0000000000000002
116,Tanitoluwa Oluwatimilehin Oluwaseyi,FW,953,Giuliano Simeone,1.0000000000000002
117,Derek Austin Cornelius,DF,1168,Reece Lewis James,1.0
117,Derek Austin Cornelius,DF,1210,Gideon Mensah,1.0
117,Derek Austin Cornelius,DF,1176,Josip Sutalo,1.0
117,Derek Austin Cornelius,DF,1141,Davinson Sanchez,1.0
117,Derek Austin Cornelius,DF,186,Nico Elvedi,1.0
117,Derek Austin Cornelius,DF,148,Nikola Katic,1.0
117,Derek Austin Cornelius,DF,126,Richmond Mamah Laryea,1.0
117,Derek Austin Cornelius,DF,1068,Wan Wan-Bissaka,1.0
117,Derek Austin Cornelius,DF,1070,Axel Tuanzebe,1.0
117,Derek Austin Cornelius,DF,1088,Mangulu Chancel Mbemba,1.0
118,Jacob Everett Shaffelburg,MF,63,Hee Chan Hwang,0.9999999999999999
118,Jacob Everett Shaffelburg,MF,86,Vladimír Darida,0.9999999999999999
118,Jacob Everett Shaffelburg,MF,100,Tomáš Soucek,0.9999999999999999
118,Jacob Everett Shaffelburg,MF,95,Lukáš Provod,0.9999999999999999
118,Jacob Everett Shaffelburg,MF,110,Mathieu Choiniere,0.9999999999999999
118,Jacob Everett Shaffelburg,MF,1133,Juan Camilo Portilla,0.9999999999999999
118,Jacob Everett Shaffelburg,MF,1185,Mario Pasalic,0.9999999999999999
118,Jacob Everett Shaffelburg,MF,138,Armin Gigovic,0.9999999999999999
118,Jacob Everett Shaffelburg,MF,1103,Oston Urunov,0.9999999999999999
118,Jacob Everett Shaffelburg,MF,1109,Dostonbek Khamdamov,0.9999999999999999
119,Moïse Bombito Bombito,DF,65,Taeseok Lee,1.0000000000000002
119,Moïse Bombito Bombito,DF,81,Tomáš Holes,1.0000000000000002
119,Moïse Bombito Bombito,DF,1174,Joško Gvardiol,1.0000000000000002
119,Moïse Bombito Bombito,DF,1149,John Stones,1.0000000000000002
119,Moïse Bombito Bombito,DF,1110,Abdulla Abdullaev,1.0000000000000002
119,Moïse Bombito Bombito,DF,1116,Behruzjon Karimov,1.0000000000000002
119,Moïse Bombito Bombito,DF,1140,Deiver Machado,1.0000000000000002
119,Moïse Bombito Bombito,DF,1069,Steve Nkanu Kapuadi,1.0000000000000002
119,Moïse Bombito Bombito,DF,861,Kalidou Koulibaly,1.0000000000000002
119,Moïse Bombito Bombito,DF,1004,Phillip Mwene,1.0000000000000002
120,Maxime Crepeau,GK,209,Ramsés Alisson,0.9797135840903843
120,Maxime Crepeau,GK,1171,Dominik Livakovic,0.9489521956971105
120,Maxime Crepeau,GK,959,Damián Emiliano Martinez,0.9471189151168314
120,Maxime Crepeau,GK,547,Zion Suzuki,0.9353636084291613
120,Maxime Crepeau,GK,848,Mike Peterson Maignan,0.9328739175433717
120,Maxime Crepeau,GK,1,José Raúl Rangel,0.9065674040735512
120,Maxime Crepeau,GK,235,Yassine Bounou,0.895291657793889
120,Maxime Crepeau,GK,382,Patrick Thomas Beach,0.8945393540808231
120,Maxime Crepeau,GK,1145,Jordan Lee Pickford,0.8872521525797786
120,Maxime Crepeau,GK,1130,Camilo Andres Vargas,0.862976605375571
121,Tajon Trevor Buchanan,FW,140,Ermedin Demirovic,1.0
121,Tajon Trevor Buchanan,FW,917,Alexander Sorloth,1.0
121,Tajon Trevor Buchanan,FW,503,John Yeboah,1.0
121,Tajon Trevor Buchanan,FW,1205,Jordan Pierre Ayew,1.0
121,Tajon Trevor Buchanan,FW,774,Isaac Ryan,1.0
121,Tajon Trevor Buchanan,FW,507,Enner Remberto Valencia,1.0
121,Tajon Trevor Buchanan,FW,635,Jeremy Baffour Doku,0.9954384412803571
121,Tajon Trevor Buchanan,FW,936,Julian Ryerson,0.9796958359591635
121,Tajon Trevor Buchanan,FW,954,Nicolas Paz,0.9796958359591635
121,Tajon Trevor Buchanan,FW,952,Thiago Ezequiel Almada,0.9796958359591635
122,Owen Olamidayo Goodman,GK,12,Carlos Acevedo,1.0
122,Owen Olamidayo Goodman,GK,64,Bumkeun Song,1.0
122,Owen Olamidayo Goodman,GK,48,Stuart Ricardo Goss,1.0
122,Owen Olamidayo Goodman,GK,42,Sipho Justin Chaine,1.0
122,Owen Olamidayo Goodman,GK,101,Lukáš Hornicek,1.0
122,Owen Olamidayo Goodman,GK,94,Jind ř ich Stanek,1.0
122,Owen Olamidayo Goodman,GK,73,Hyeonwoo Jo,1.0
122,Owen Olamidayo Goodman,GK,220,Weverton Weverton,1.0
122,Owen Olamidayo Goodman,GK,231,Ederson Ederson,1.0
122,Owen Olamidayo Goodman,GK,194,Yvon Landry Mvogo,1.0
123,Alphonso Boyle Davies,DF,1248,Jorge Abdiel Gutierrez,1.0
123,Alphonso Boyle Davies,DF,1226,Fidel Escobar,1.0
123,Alphonso Boyle Davies,DF,1192,Luka Vuskovic,1.0
123,Alphonso Boyle Davies,DF,107,Alfie Charles Jones,1.0
123,Alphonso Boyle Davies,DF,679,Ehsan Hajisafi,1.0
123,Alphonso Boyle Davies,DF,693,Arya Yousefi,1.0
123,Alphonso Boyle Davies,DF,706,Tyler Grant Bindon,1.0
123,Alphonso Boyle Davies,DF,665,Hafez Ramadan Karim Hafez,1.0
123,Alphonso Boyle Davies,DF,783,Mohammed Ali Lajami,1.0
123,Alphonso Boyle Davies,DF,793,Meshari Nawaf Bu Washl,1.0
124,Ali Ahmed,FW,93,Pavel Sulc,1.0000000000000002
124,Ali Ahmed,FW,88,Patrik Schick,1.0000000000000002
124,Ali Ahmed,FW,116,Tanitoluwa Oluwatimilehin Oluwaseyi,1.0000000000000002
124,Ali Ahmed,FW,1127,Jhon Andrés Cordoba,1.0000000000000002
124,Ali Ahmed,FW,171,Abdurisag Yusuf Abdurisag,1.0000000000000002
124,Ali Ahmed,FW,150,Esmir Bajraktarevic,1.0000000000000002
124,Ali Ahmed,FW,1051,João Joao Felix,1.0000000000000002
124,Ali Ahmed,FW,827,Federico Sebastian Vinas,1.0000000000000002
124,Ali Ahmed,FW,296,Che Sac Everton Fred Adams,1.0000000000000002
124,Ali Ahmed,FW,953,Giuliano Simeone,1.0000000000000002
125,Jonathan Osorio,MF,72,Hyunjun Yang,1.0
125,Jonathan Osorio,MF,69,Junho Bae,1.0
125,Jonathan Osorio,MF,77,Jisung Eom,1.0
125,Jonathan Osorio,MF,76,Jingyu Kim,1.0
125,Jonathan Osorio,MF,78,Donggyeong Lee,1.0
125,Jonathan Osorio,MF,103,Hugo Sochurek,1.0
125,Jonathan Osorio,MF,1160,Kobbie Boateng Mainoo,1.0
125,Jonathan Osorio,MF,1158,Jordan Brian Henderson,1.0
125,Jonathan Osorio,MF,1177,Nikola Moro,1.0
125,Jonathan Osorio,MF,1100,Jamshid Iskanderov,1.0
126,Richmond Mamah Laryea,DF,1168,Reece Lewis James,1.0
126,Richmond Mamah Laryea,DF,117,Derek Austin Cornelius,1.0
126,Richmond Mamah Laryea,DF,1210,Gideon Mensah,1.0
126,Richmond Mamah Laryea,DF,1176,Josip Sutalo,1.0
126,Richmond Mamah Laryea,DF,1141,Davinson Sanchez,1.0
126,Richmond Mamah Laryea,DF,186,Nico Elvedi,1.0
126,Richmond Mamah Laryea,DF,148,Nikola Katic,1.0
126,Richmond Mamah Laryea,DF,1068,Wan Wan-Bissaka,1.0
126,Richmond Mamah Laryea,DF,1070,Axel Tuanzebe,1.0
126,Richmond Mamah Laryea,DF,1088,Mangulu Chancel Mbemba,1.0
127,Niko Kristian Sigur,DF,1247,Roderick Alonso Miller,1.0
127,Niko Kristian Sigur,DF,1156,Trevoh Tom Chalobah,1.0
127,Niko Kristian Sigur,DF,1159,Daniel Johnson Burn,1.0
127,Niko Kristian Sigur,DF,1237,Eric Javier Davis,1.0
127,Niko Kristian Sigur,DF,805,Abdullatif Jehad Thikri,1.0
127,Niko Kristian Sigur,DF,808,José María Gimenez,1.0
127,Niko Kristian Sigur,DF,810,Ronald Federico Araujo,1.0
127,Niko Kristian Sigur,DF,28,Tholo Thabang Matuludi,1.0
127,Niko Kristian Sigur,DF,29,Khulumani Ndamane,1.0
127,Niko Kristian Sigur,DF,44,Samukele Alucious Kabini,1.0
128,Promise Oluwatobi Emmanuel David,FW,1057,Alexandre Rafael Leao,0.99827081206002
128,Promise Oluwatobi Emmanuel David,FW,735,Ferran Torres,0.9440487249773393
128,Promise Oluwatobi Emmanuel David,FW,442,Deniz Undav,0.9386926152998831
128,Promise Oluwatobi Emmanuel David,FW,871,Iliman Cheikh Baroy Ndiaye,0.9221329619493509
128,Promise Oluwatobi Emmanuel David,FW,544,Crysencio Jilbert Sylverio Cir Summerville,0.8719427668888332
128,Promise Oluwatobi Emmanuel David,FW,16,Julián Andrés Quinones,0.7512108773831621
128,Promise Oluwatobi Emmanuel David,FW,1024,Mohammad Mousa Mousa Altamari,0.7344796958890272
128,Promise Oluwatobi Emmanuel David,FW,844,Bradley Jean-Manuel Essolisa Barcola,0.7299998325067654
128,Promise Oluwatobi Emmanuel David,FW,218,Neymar Neymar Jr,0.714627239685734
128,Promise Oluwatobi Emmanuel David,FW,1085,Mayele Fiston Mayele,0.7144721927881849
129,Nathan-Dylan Saliba,MF,916,Patrick Berg,0.9898416638703569
129,Nathan-Dylan Saliba,MF,433,Florian Richard Wirtz,0.9884965374113698
129,Nathan-Dylan Saliba,MF,920,Martín Odegaard,0.9856915117537053
129,Nathan-Dylan Saliba,MF,814,Federico Santiago Valverde,0.9812355151644209
129,Nathan-Dylan Saliba,MF,326,Sebastian Matthew Berhalter,0.9779769587193937
129,Nathan-Dylan Saliba,MF,7,Luis Francisco Romo,0.9777987859420534
129,Nathan-Dylan Saliba,MF,970,Houssem-Eddine Chaabane Aouar,0.9774958230160453
129,Nathan-Dylan Saliba,MF,102,Alexandr Sojka,0.9770892122036818
129,Nathan-Dylan Saliba,MF,866,Lamine Camara,0.9768102197932604
129,Nathan-Dylan Saliba,MF,143,Ivan Basic,0.9764858959947256
130,Jayden Nelson,FW,1246,Azarías Emmanuel Londono,0.9999999999999997
130,Jayden Nelson,FW,10,Ernesto Alexis Vega,0.9999999999999997
130,Jayden Nelson,FW,14,Armando Gonzalez,0.9999999999999997
130,Jayden Nelson,FW,21,César Saúl Huerta,0.9999999999999997
130,Jayden Nelson,FW,97,Tomáš Chory,0.9999999999999997
130,Jayden Nelson,FW,91,Mojmír Chytil,0.9999999999999997
130,Jayden Nelson,FW,139,Samed Bazdar,0.9999999999999997
130,Jayden Nelson,FW,1144,Carlos Andrés Gomez,0.9999999999999997
130,Jayden Nelson,FW,1113,Igor Sergeev,0.9999999999999997
130,Jayden Nelson,FW,1089,Simon Bokote Banza,0.9999999999999997
131,Nikola Vasilj,GK,989,Alexander Schlager,0.9879801977578129
131,Nikola Vasilj,GK,79,Mat ě j Kovar,0.9722551534380967
131,Nikola Vasilj,GK,985,Luca Zinedine Zidane,0.9424929966785346
131,Nikola Vasilj,GK,911,Ørjan Haskjold Nyland,0.9003851566484011
131,Nikola Vasilj,GK,829,Nestor Fernando Muslera,0.8666123445882808
131,Nikola Vasilj,GK,413,Ugurcan Cakir,0.8477521181206978
131,Nikola Vasilj,GK,1067,Lionel Nzau Mpasi,0.8412328086306076
131,Nikola Vasilj,GK,1244,Orlando Mosquera,0.7989945847168249
131,Nikola Vasilj,GK,521,Bart Verbruggen,0.7945331662182881
131,Nikola Vasilj,GK,1015,Mo'ien Hasan Yazeed Abulaila,0.7926715587048468
132,Nihad Mujakic,DF,1247,Roderick Alonso Miller,1.0
132,Nihad Mujakic,DF,1156,Trevoh Tom Chalobah,1.0
132,Nihad Mujakic,DF,1159,Daniel Johnson Burn,1.0
132,Nihad Mujakic,DF,1237,Eric Javier Davis,1.0
132,Nihad Mujakic,DF,805,Abdullatif Jehad Thikri,1.0
132,Nihad Mujakic,DF,808,José María Gimenez,1.0
132,Nihad Mujakic,DF,810,Ronald Federico Araujo,1.0
132,Nihad Mujakic,DF,28,Tholo Thabang Matuludi,1.0
132,Nihad Mujakic,DF,29,Khulumani Ndamane,1.0
132,Nihad Mujakic,DF,44,Samukele Alucious Kabini,1.0
133,Dennis Hadzikadunic,DF,403,Evren Eren Elmali,0.9953004305849651
133,Dennis Hadzikadunic,DF,473,Wilfried Stephane Singo,0.9928709148764642
133,Dennis Hadzikadunic,DF,733,Marcos Llorente,0.9922709520219419
133,Dennis Hadzikadunic,DF,704,Timothy John Payne,0.9261828294524221
133,Dennis Hadzikadunic,DF,1037,Manel Farhan Ehsan Haddad,0.9056408157421018
133,Dennis Hadzikadunic,DF,83,Vladimír Coufal,0.9006359096912724
133,Dennis Hadzikadunic,DF,961,Facundo Axel Medina,0.8754297658216348
133,Dennis Hadzikadunic,DF,422,Joshua Walter Kimmich,0.8701545064844439
133,Dennis Hadzikadunic,DF,1172,Josip Stanisic,0.8660325651718715
133,Dennis Hadzikadunic,DF,542,Denzel Justus Morris Dumfries,0.8479614478391277
134,Tarik Muharemovic,DF,170,Elamin Homam,0.9948452147992729
134,Tarik Muharemovic,DF,3,César Jasib Montes,0.9947985314647121
134,Tarik Muharemovic,DF,1170,Jarell Amorin Quansah,0.9929785809409546
134,Tarik Muharemovic,DF,886,Ghareeb Solaka Rebin Sulaka,0.9892204958214919
134,Tarik Muharemovic,DF,497,Piero Martin Hincapie,0.9886753631626622
134,Tarik Muharemovic,DF,649,Nathan Ngoy,0.986504104605075
134,Tarik Muharemovic,DF,837,Jules Olivier Kounde,0.060911698445331286
134,Tarik Muharemovic,DF,752,Marc Cucurella,0.053854124566574284
134,Tarik Muharemovic,DF,836,Dayotchanculle Oswald Upamecano,0.052802005204579915
134,Tarik Muharemovic,DF,849,William Alain André Gabriel Saliba,0.05172810858658703
135,Sead Kolasinac,DF,314,Sergiño Gianni Dest,0.9999643502477042
135,Sead Kolasinac,DF,915,David Møller Moller Wolfe,0.9999643502477042
135,Sead Kolasinac,DF,1132,Gustavo Adolfo Puerta,0.9997982299964936
135,Sead Kolasinac,DF,1092,Arthur Fuka Masuaku,0.9993291364017575
135,Sead Kolasinac,DF,639,Thomas Andre Meunier,0.998635673254417
135,Sead Kolasinac,DF,877,Moussa Niakhate,0.9965749843277953
135,Sead Kolasinac,DF,996,David Alaba,0.9939803286291037
135,Sead Kolasinac,DF,1060,Pedro Joao Cancelo,0.9843866848944457
135,Sead Kolasinac,DF,542,Denzel Justus Morris Dumfries,0.9589146491700848
135,Sead Kolasinac,DF,1172,Josip Stanisic,0.9483472502952736
136,Benjamin Tahirovic,MF,62,Jae Sung Lee,1.0
136,Benjamin Tahirovic,MF,90,Lukáš Cerv,1.0
136,Benjamin Tahirovic,MF,1091,Edo Kayembe Kayembe,1.0
136,Benjamin Tahirovic,MF,145,Amar Memic,1.0
136,Benjamin Tahirovic,MF,115,Liam Alan Millar,1.0
136,Benjamin Tahirovic,MF,976,Hicham Boudaoui,1.0
136,Benjamin Tahirovic,MF,941,Leandro Daniel Paredes,1.0
136,Benjamin Tahirovic,MF,1012,Paul Wanner,1.0
136,Benjamin Tahirovic,MF,968,Ramiz Larbi Zerrouki,1.0
136,Benjamin Tahirovic,MF,944,Valentin Barco,1.0
137,Amar Dedic,DF,74,Youngwoo Seol,0.9999999999999999
137,Amar Dedic,DF,82,Robin Hranac,0.9999999999999999
137,Amar Dedic,DF,15,Israel Reyes,0.9999999999999999
137,Amar Dedic,DF,1173,Marin Pongracic,0.9999999999999999
137,Amar Dedic,DF,1135,Johan Andrés Mojica,0.9999999999999999
137,Amar Dedic,DF,108,Luc De Fougerolles,0.9999999999999999
137,Amar Dedic,DF,1200,Jonas Adjei Adjetey,0.9999999999999999
137,Amar Dedic,DF,1094,Abdukodir Khusanov,0.9999999999999999
137,Amar Dedic,DF,207,Luca Antony Jaquez,0.9999999999999999
137,Amar Dedic,DF,1105,Sherzod Nasrullaev,0.9999999999999999
138,Armin Gigovic,MF,63,Hee Chan Hwang,0.9999999999999999
138,Armin Gigovic,MF,86,Vladimír Darida,0.9999999999999999
138,Armin Gigovic,MF,100,Tomáš Soucek,0.9999999999999999
138,Armin Gigovic,MF,95,Lukáš Provod,0.9999999999999999
138,Armin Gigovic,MF,110,Mathieu Choiniere,0.9999999999999999
138,Armin Gigovic,MF,1133,Juan Camilo Portilla,0.9999999999999999
138,Armin Gigovic,MF,118,Jacob Everett Shaffelburg,0.9999999999999999
138,Armin Gigovic,MF,1185,Mario Pasalic,0.9999999999999999
138,Armin Gigovic,MF,1103,Oston Urunov,0.9999999999999999
138,Armin Gigovic,MF,1109,Dostonbek Khamdamov,0.9999999999999999
139,Samed Bazdar,FW,1246,Azarías Emmanuel Londono,0.9999999999999997
139,Samed Bazdar,FW,10,Ernesto Alexis Vega,0.9999999999999997
139,Samed Bazdar,FW,14,Armando Gonzalez,0.9999999999999997
139,Samed Bazdar,FW,21,César Saúl Huerta,0.9999999999999997
139,Samed Bazdar,FW,97,Tomáš Chory,0.9999999999999997
139,Samed Bazdar,FW,91,Mojmír Chytil,0.9999999999999997
139,Samed Bazdar,FW,130,Jayden Nelson,0.9999999999999997
139,Samed Bazdar,FW,1144,Carlos Andrés Gomez,0.9999999999999997
139,Samed Bazdar,FW,1113,Igor Sergeev,0.9999999999999997
139,Samed Bazdar,FW,1089,Simon Bokote Banza,0.9999999999999997
140,Ermedin Demirovic,FW,121,Tajon Trevor Buchanan,1.0
140,Ermedin Demirovic,FW,917,Alexander Sorloth,1.0
140,Ermedin Demirovic,FW,503,John Yeboah,1.0
140,Ermedin Demirovic,FW,1205,Jordan Pierre Ayew,1.0
140,Ermedin Demirovic,FW,774,Isaac Ryan,1.0
140,Ermedin Demirovic,FW,507,Enner Remberto Valencia,1.0
140,Ermedin Demirovic,FW,635,Jeremy Baffour Doku,0.9954384412803571
140,Ermedin Demirovic,FW,936,Julian Ryerson,0.9796958359591635
140,Ermedin Demirovic,FW,954,Nicolas Paz,0.9796958359591635
140,Ermedin Demirovic,FW,952,Thiago Ezequiel Almada,0.9796958359591635
141,Edin Dzeko,FW,11,Santiago Tomás Gimenez,1.0000000000000002
141,Edin Dzeko,FW,167,Hassan Akram,1.0000000000000002
141,Edin Dzeko,FW,1083,Cedric Bakambu,1.0000000000000002
141,Edin Dzeko,FW,275,Ruben Fritzner Providence,1.0000000000000002
141,Edin Dzeko,FW,954,Nicolas Paz,1.0000000000000002
141,Edin Dzeko,FW,936,Julian Ryerson,1.0000000000000002
141,Edin Dzeko,FW,952,Thiago Ezequiel Almada,1.0000000000000002
141,Edin Dzeko,FW,477,Ange-Yoan Laurent Bonny,1.0000000000000002
141,Edin Dzeko,FW,451,Jürgen Leonardo Locadia,1.0000000000000002
141,Edin Dzeko,FW,1164,Azuka Tristan Madueke,1.0000000000000002
142,Mladen Jurkas,GK,12,Carlos Acevedo,1.0
142,Mladen Jurkas,GK,64,Bumkeun Song,1.0
142,Mladen Jurkas,GK,48,Stuart Ricardo Goss,1.0
142,Mladen Jurkas,GK,42,Sipho Justin Chaine,1.0
142,Mladen Jurkas,GK,122,Owen Olamidayo Goodman,1.0
142,Mladen Jurkas,GK,101,Lukáš Hornicek,1.0
142,Mladen Jurkas,GK,94,Jind ř ich Stanek,1.0
142,Mladen Jurkas,GK,73,Hyeonwoo Jo,1.0
142,Mladen Jurkas,GK,220,Weverton Weverton,1.0
142,Mladen Jurkas,GK,231,Ederson Ederson,1.0
143,Ivan Basic,MF,388,Paul Michael Junior Okon-Engstler,0.9999691726167457
143,Ivan Basic,MF,102,Alexandr Sojka,0.9998676465136497
143,Ivan Basic,MF,1098,Akmal Mozgovoy,0.9998483985866735
143,Ivan Basic,MF,241,Chemsdine Talbi,0.999473612142723
143,Ivan Basic,MF,970,Houssem-Eddine Chaabane Aouar,0.9992567594689921
143,Ivan Basic,MF,326,Sebastian Matthew Berhalter,0.9956261116119807
143,Ivan Basic,MF,7,Luis Francisco Romo,0.9946775986655901
143,Ivan Basic,MF,554,Takefusa Kubo,0.9928766728517815
143,Ivan Basic,MF,436,Nadiem Amiri,0.991742508637109
143,Ivan Basic,MF,931,Andreas Rædergård Schjelderup,0.9843549601470846
144,Ivan Sunjic,MF,1178,Mateo Kovacic,1.0
144,Ivan Sunjic,MF,1099,Otabek Shukurov,1.0
144,Ivan Sunjic,MF,293,Mc,1.0
144,Ivan Sunjic,MF,270,Jean Ricner Bellegarde,1.0
144,Ivan Sunjic,MF,197,Djibril Ibrahima Sow,1.0
144,Ivan Sunjic,MF,305,Lewis Ferguson,1.0
144,Ivan Sunjic,MF,1072,Ngal’ayel Mukau,1.0
144,Ivan Sunjic,MF,449,Juninho Gracielo Bacuna,1.0
144,Ivan Sunjic,MF,452,Leandro Jones Johan Bacuna,1.0
144,Ivan Sunjic,MF,463,Tahith Jose Girigorio Djorkaef Chong,1.0
145,Amar Memic,MF,62,Jae Sung Lee,1.0
145,Amar Memic,MF,90,Lukáš Cerv,1.0
145,Amar Memic,MF,1091,Edo Kayembe Kayembe,1.0
145,Amar Memic,MF,136,Benjamin Tahirovic,1.0
145,Amar Memic,MF,115,Liam Alan Millar,1.0
145,Amar Memic,MF,976,Hicham Boudaoui,1.0
145,Amar Memic,MF,941,Leandro Daniel Paredes,1.0
145,Amar Memic,MF,1012,Paul Wanner,1.0
145,Amar Memic,MF,968,Ramiz Larbi Zerrouki,1.0
145,Amar Memic,MF,944,Valentin Barco,1.0
146,Amir Hadziahmetovic,MF,786,Essa Nasser Aldawsari,0.752973142865966
146,Amir Hadziahmetovic,MF,168,Karim Karim Boudiaf,0.7437994351766358
146,Amir Hadziahmetovic,MF,386,Jackson Alexander Irvine,0.7236742746040911
146,Amir Hadziahmetovic,MF,31,Thalente Wandile Mbatha,0.6611466183843017
146,Amir Hadziahmetovic,MF,346,Diego Alexander Gomez,0.41028494967611545
146,Amir Hadziahmetovic,MF,112,Ismaël Kenneth Jordan Kone,0.41028494967611545
146,Amir Hadziahmetovic,MF,277,Danley Jean Jacques,0.3688043422740782
146,Amir Hadziahmetovic,MF,30,Teboho Mokoena,0.3547904904918516
146,Amir Hadziahmetovic,MF,900,Fouad Aboud Amir Alammari,0.17560397429990066
146,Amir Hadziahmetovic,MF,884,Pape Alassane Gueye,0.17548911122487734
147,Dzenis Burnic,MF,72,Hyunjun Yang,1.0
147,Dzenis Burnic,MF,69,Junho Bae,1.0
147,Dzenis Burnic,MF,77,Jisung Eom,1.0
147,Dzenis Burnic,MF,76,Jingyu Kim,1.0
147,Dzenis Burnic,MF,78,Donggyeong Lee,1.0
147,Dzenis Burnic,MF,103,Hugo Sochurek,1.0
147,Dzenis Burnic,MF,1160,Kobbie Boateng Mainoo,1.0
147,Dzenis Burnic,MF,1158,Jordan Brian Henderson,1.0
147,Dzenis Burnic,MF,125,Jonathan Osorio,1.0
147,Dzenis Burnic,MF,1177,Nikola Moro,1.0
148,Nikola Katic,DF,1168,Reece Lewis James,1.0
148,Nikola Katic,DF,117,Derek Austin Cornelius,1.0
148,Nikola Katic,DF,1210,Gideon Mensah,1.0
148,Nikola Katic,DF,1176,Josip Sutalo,1.0
148,Nikola Katic,DF,1141,Davinson Sanchez,1.0
148,Nikola Katic,DF,186,Nico Elvedi,1.0
148,Nikola Katic,DF,126,Richmond Mamah Laryea,1.0
148,Nikola Katic,DF,1068,Wan Wan-Bissaka,1.0
148,Nikola Katic,DF,1070,Axel Tuanzebe,1.0
148,Nikola Katic,DF,1088,Mangulu Chancel Mbemba,1.0
149,Kerim Alajbegovic,FW,1106,Eldor Shomurodov,0.9997877710192127
149,Kerim Alajbegovic,FW,398,Arda Guler,0.9997877710192127
149,Kerim Alajbegovic,FW,1023,Iyad Ali Ali Olwan,0.9997877710192127
149,Kerim Alajbegovic,FW,381,Nestory Irankunda,0.999221371119684
149,Kerim Alajbegovic,FW,852,Désiré Nonka-Maho Doue,0.9987197019141079
149,Kerim Alajbegovic,FW,971,Amine Ferid Gouiri,0.9976998419887443
149,Kerim Alajbegovic,FW,38,Thapelo Maseko,0.9957879970355937
149,Kerim Alajbegovic,FW,193,Dan Ndoye,0.9856362182075213
149,Kerim Alajbegovic,FW,945,Julián Alvarez,0.9760886890594546
149,Kerim Alajbegovic,FW,513,Gonzalo Jordy Plata,0.9748118506788322
150,Esmir Bajraktarevic,FW,93,Pavel Sulc,1.0000000000000002
150,Esmir Bajraktarevic,FW,88,Patrik Schick,1.0000000000000002
150,Esmir Bajraktarevic,FW,124,Ali Ahmed,1.0000000000000002
150,Esmir Bajraktarevic,FW,116,Tanitoluwa Oluwatimilehin Oluwaseyi,1.0000000000000002
150,Esmir Bajraktarevic,FW,1127,Jhon Andrés Cordoba,1.0000000000000002
150,Esmir Bajraktarevic,FW,171,Abdurisag Yusuf Abdurisag,1.0000000000000002
150,Esmir Bajraktarevic,FW,1051,João Joao Felix,1.0000000000000002
150,Esmir Bajraktarevic,FW,827,Federico Sebastian Vinas,1.0000000000000002
150,Esmir Bajraktarevic,FW,296,Che Sac Everton Fred Adams,1.0000000000000002
150,Esmir Bajraktarevic,FW,953,Giuliano Simeone,1.0000000000000002
151,Stjepan Radeljic,DF,65,Taeseok Lee,1.0000000000000002
151,Stjepan Radeljic,DF,81,Tomáš Holes,1.0000000000000002
151,Stjepan Radeljic,DF,1174,Joško Gvardiol,1.0000000000000002
151,Stjepan Radeljic,DF,1149,John Stones,1.0000000000000002
151,Stjepan Radeljic,DF,1110,Abdulla Abdullaev,1.0000000000000002
151,Stjepan Radeljic,DF,1116,Behruzjon Karimov,1.0000000000000002
151,Stjepan Radeljic,DF,119,Moïse Bombito Bombito,1.0000000000000002
151,Stjepan Radeljic,DF,1140,Deiver Machado,1.0000000000000002
151,Stjepan Radeljic,DF,1069,Steve Nkanu Kapuadi,1.0000000000000002
151,Stjepan Radeljic,DF,861,Kalidou Koulibaly,1.0000000000000002
152,Martin Zlomislic,GK,12,Carlos Acevedo,1.0
152,Martin Zlomislic,GK,64,Bumkeun Song,1.0
152,Martin Zlomislic,GK,48,Stuart Ricardo Goss,1.0
152,Martin Zlomislic,GK,42,Sipho Justin Chaine,1.0
152,Martin Zlomislic,GK,122,Owen Olamidayo Goodman,1.0
152,Martin Zlomislic,GK,101,Lukáš Hornicek,1.0
152,Martin Zlomislic,GK,94,Jind ř ich Stanek,1.0
152,Martin Zlomislic,GK,73,Hyeonwoo Jo,1.0
152,Martin Zlomislic,GK,220,Weverton Weverton,1.0
152,Martin Zlomislic,GK,231,Ederson Ederson,1.0
153,Haris Tabakovic,FW,1246,Azarías Emmanuel Londono,0.9999999999999997
153,Haris Tabakovic,FW,10,Ernesto Alexis Vega,0.9999999999999997
153,Haris Tabakovic,FW,14,Armando Gonzalez,0.9999999999999997
153,Haris Tabakovic,FW,21,César Saúl Huerta,0.9999999999999997
153,Haris Tabakovic,FW,97,Tomáš Chory,0.9999999999999997
153,Haris Tabakovic,FW,91,Mojmír Chytil,0.9999999999999997
153,Haris Tabakovic,FW,139,Samed Bazdar,0.9999999999999997
153,Haris Tabakovic,FW,130,Jayden Nelson,0.9999999999999997
153,Haris Tabakovic,FW,1144,Carlos Andrés Gomez,0.9999999999999997
153,Haris Tabakovic,FW,1113,Igor Sergeev,0.9999999999999997
154,Arjan Malic,DF,1248,Jorge Abdiel Gutierrez,1.0
154,Arjan Malic,DF,1226,Fidel Escobar,1.0
154,Arjan Malic,DF,1192,Luka Vuskovic,1.0
154,Arjan Malic,DF,107,Alfie Charles Jones,1.0
154,Arjan Malic,DF,123,Alphonso Boyle Davies,1.0
154,Arjan Malic,DF,679,Ehsan Hajisafi,1.0
154,Arjan Malic,DF,693,Arya Yousefi,1.0
154,Arjan Malic,DF,706,Tyler Grant Bindon,1.0
154,Arjan Malic,DF,665,Hafez Ramadan Karim Hafez,1.0
154,Arjan Malic,DF,783,Mohammed Ali Lajami,1.0
155,Jovo Lukic,FW,995,Marko Arnautovic,0.9998951662381803
155,Jovo Lukic,FW,166,Khalid Hassan Alhaydos,0.999516180616128
155,Jovo Lukic,FW,1002,Saša Kalajdzic,0.9994689753047898
155,Jovo Lukic,FW,607,Hazem Mastouri,0.9970192879984784
155,Jovo Lukic,FW,218,Neymar Neymar Jr,0.9966860270871526
155,Jovo Lukic,FW,1139,Jaminton Leandro Campaz,0.9960843915060039
155,Jovo Lukic,FW,1085,Mayele Fiston Mayele,0.9957849255707198
155,Jovo Lukic,FW,974,Ahmed Nadhir Benbouali,0.9935250632300368
155,Jovo Lukic,FW,243,Soufiane Rahimi,0.9932460669585821
155,Jovo Lukic,FW,1049,RAMOSGonçalo Goncalo,0.9787940768933336
156,Ermin Mahmic,MF,8,Álvaro Fidalgo,0.9941485202943949
156,Ermin Mahmic,MF,947,Giovani Lo Celso,0.980014817794641
156,Ermin Mahmic,MF,250,Gessime Ben Youssef Mustapha Yassine,0.9549834039074125
156,Ermin Mahmic,MF,319,Giovanni Alejandro Reyna,0.9493052852748336
156,Ermin Mahmic,MF,929,Thelonious Gerard Aasgaard,0.9431513356509951
156,Ermin Mahmic,MF,591,Mattias Olof Svanberg,0.9096232065438934
156,Ermin Mahmic,MF,780,Sandro Helio Varela,0.8838328646667402
156,Ermin Mahmic,MF,349,Mauricio Mauricio,0.8320999795557552
156,Ermin Mahmic,MF,412,Kaan Ayhan,0.7013763662646116
156,Ermin Mahmic,MF,1158,Jordan Brian Henderson,0.6981337814795463
157,Ibrahim Mahmoud Abunada,GK,703,Maxime Teremoana Crocombe,0.9915002810302473
157,Ibrahim Mahmoud Abunada,GK,261,Johny Placide,0.9889461268027189
157,Ibrahim Mahmoud Abunada,GK,906,Basil Fadhil Ahmed,0.9510815240115866
157,Ibrahim Mahmoud Abunada,GK,595,Bo Kristoffer Nordfeldt,0.9439637798232084
157,Ibrahim Mahmoud Abunada,GK,1036,Ra'ed Mahmoud Abdallah Alfakhori,0.929137046923715
157,Ibrahim Mahmoud Abunada,GK,599,Abdelmouhib Chamakh,0.9283208223317924
157,Ibrahim Mahmoud Abunada,GK,874,Edouard Osoque Mendy,0.92394841243453
157,Ibrahim Mahmoud Abunada,GK,1157,Dean Bradley Henderson,0.9158408466018975
157,Ibrahim Mahmoud Abunada,GK,896,Hasan Hachim Jalal Hassan,0.9151384905823046
157,Ibrahim Mahmoud Abunada,GK,1093,Utkir Yusupov,0.9099900805504273
158,Miguel Pedro,DF,74,Youngwoo Seol,0.9999999999999999
158,Miguel Pedro,DF,82,Robin Hranac,0.9999999999999999
158,Miguel Pedro,DF,15,Israel Reyes,0.9999999999999999
158,Miguel Pedro,DF,1173,Marin Pongracic,0.9999999999999999
158,Miguel Pedro,DF,1135,Johan Andrés Mojica,0.9999999999999999
158,Miguel Pedro,DF,108,Luc De Fougerolles,0.9999999999999999
158,Miguel Pedro,DF,1200,Jonas Adjei Adjetey,0.9999999999999999
158,Miguel Pedro,DF,1094,Abdukodir Khusanov,0.9999999999999999
158,Miguel Pedro,DF,207,Luca Antony Jaquez,0.9999999999999999
158,Miguel Pedro,DF,1105,Sherzod Nasrullaev,0.9999999999999999
159,Michel Lucas,DF,1247,Roderick Alonso Miller,1.0
159,Michel Lucas,DF,1156,Trevoh Tom Chalobah,1.0
159,Michel Lucas,DF,1159,Daniel Johnson Burn,1.0
159,Michel Lucas,DF,1237,Eric Javier Davis,1.0
159,Michel Lucas,DF,805,Abdullatif Jehad Thikri,1.0
159,Michel Lucas,DF,808,José María Gimenez,1.0
159,Michel Lucas,DF,810,Ronald Federico Araujo,1.0
159,Michel Lucas,DF,28,Tholo Thabang Matuludi,1.0
159,Michel Lucas,DF,29,Khulumani Ndamane,1.0
159,Michel Lucas,DF,44,Samukele Alucious Kabini,1.0
160,Gueye Issa Laye,DF,74,Youngwoo Seol,0.9999999999999999
160,Gueye Issa Laye,DF,82,Robin Hranac,0.9999999999999999
160,Gueye Issa Laye,DF,15,Israel Reyes,0.9999999999999999
160,Gueye Issa Laye,DF,1173,Marin Pongracic,0.9999999999999999
160,Gueye Issa Laye,DF,1135,Johan Andrés Mojica,0.9999999999999999
160,Gueye Issa Laye,DF,108,Luc De Fougerolles,0.9999999999999999
160,Gueye Issa Laye,DF,1200,Jonas Adjei Adjetey,0.9999999999999999
160,Gueye Issa Laye,DF,1094,Abdukodir Khusanov,0.9999999999999999
160,Gueye Issa Laye,DF,207,Luca Antony Jaquez,0.9999999999999999
160,Gueye Issa Laye,DF,1105,Sherzod Nasrullaev,0.9999999999999999
161,Gaber Jassem,DF,74,Youngwoo Seol,0.9999999999999999
161,Gaber Jassem,DF,82,Robin Hranac,0.9999999999999999
161,Gaber Jassem,DF,15,Israel Reyes,0.9999999999999999
161,Gaber Jassem,DF,1173,Marin Pongracic,0.9999999999999999
161,Gaber Jassem,DF,1135,Johan Andrés Mojica,0.9999999999999999
161,Gaber Jassem,DF,108,Luc De Fougerolles,0.9999999999999999
161,Gaber Jassem,DF,1200,Jonas Adjei Adjetey,0.9999999999999999
161,Gaber Jassem,DF,1094,Abdukodir Khusanov,0.9999999999999999
161,Gaber Jassem,DF,207,Luca Antony Jaquez,0.9999999999999999
161,Gaber Jassem,DF,1105,Sherzod Nasrullaev,0.9999999999999999
162,Hatim Abdulaziz Hatem,MF,72,Hyunjun Yang,1.0
162,Hatim Abdulaziz Hatem,MF,69,Junho Bae,1.0
162,Hatim Abdulaziz Hatem,MF,77,Jisung Eom,1.0
162,Hatim Abdulaziz Hatem,MF,76,Jingyu Kim,1.0
162,Hatim Abdulaziz Hatem,MF,78,Donggyeong Lee,1.0
162,Hatim Abdulaziz Hatem,MF,103,Hugo Sochurek,1.0
162,Hatim Abdulaziz Hatem,MF,1160,Kobbie Boateng Mainoo,1.0
162,Hatim Abdulaziz Hatem,MF,1158,Jordan Brian Henderson,1.0
162,Hatim Abdulaziz Hatem,MF,125,Jonathan Osorio,1.0
162,Hatim Abdulaziz Hatem,MF,1177,Nikola Moro,1.0
163,Alaaeldin Ahmed,FW,1246,Azarías Emmanuel Londono,0.9999999999999997
163,Alaaeldin Ahmed,FW,10,Ernesto Alexis Vega,0.9999999999999997
163,Alaaeldin Ahmed,FW,14,Armando Gonzalez,0.9999999999999997
163,Alaaeldin Ahmed,FW,21,César Saúl Huerta,0.9999999999999997
163,Alaaeldin Ahmed,FW,97,Tomáš Chory,0.9999999999999997
163,Alaaeldin Ahmed,FW,91,Mojmír Chytil,0.9999999999999997
163,Alaaeldin Ahmed,FW,139,Samed Bazdar,0.9999999999999997
163,Alaaeldin Ahmed,FW,130,Jayden Nelson,0.9999999999999997
163,Alaaeldin Ahmed,FW,1144,Carlos Andrés Gomez,0.9999999999999997
163,Alaaeldin Ahmed,FW,1113,Igor Sergeev,0.9999999999999997
164,Junior Edmilson,FW,322,Christian Mate Pulisic,0.9950920619647755
164,Junior Edmilson,FW,234,Vitor Rayan,0.9869806795909564
164,Junior Edmilson,FW,1143,Luis Javier Suarez,0.9727069866268034
164,Junior Edmilson,FW,711,Christopher Grant Wood,0.9598855205492616
164,Junior Edmilson,FW,1058,Pedro Pedro Neto,0.9586230742730805
164,Junior Edmilson,FW,244,Brahim Diaz,0.953636278699315
164,Junior Edmilson,FW,479,Yan Diomande,0.9425971746224905
164,Junior Edmilson,FW,843,Michael Akpovie Olise,0.9397803952930931
164,Junior Edmilson,FW,868,Sadio Mane,0.9354808561026402
164,Junior Edmilson,FW,660,Hamed Mahrous Mohamed Salah,0.9027421181014318
165,Mohammed Mohammed Muntari,FW,1246,Azarías Emmanuel Londono,0.9999999999999997
165,Mohammed Mohammed Muntari,FW,10,Ernesto Alexis Vega,0.9999999999999997
165,Mohammed Mohammed Muntari,FW,14,Armando Gonzalez,0.9999999999999997
165,Mohammed Mohammed Muntari,FW,21,César Saúl Huerta,0.9999999999999997
165,Mohammed Mohammed Muntari,FW,97,Tomáš Chory,0.9999999999999997
165,Mohammed Mohammed Muntari,FW,91,Mojmír Chytil,0.9999999999999997
165,Mohammed Mohammed Muntari,FW,139,Samed Bazdar,0.9999999999999997
165,Mohammed Mohammed Muntari,FW,130,Jayden Nelson,0.9999999999999997
165,Mohammed Mohammed Muntari,FW,1144,Carlos Andrés Gomez,0.9999999999999997
165,Mohammed Mohammed Muntari,FW,1113,Igor Sergeev,0.9999999999999997
166,Khalid Hassan Alhaydos,FW,155,Jovo Lukic,0.999516180616128
166,Khalid Hassan Alhaydos,FW,995,Marko Arnautovic,0.9989610391475542
166,Khalid Hassan Alhaydos,FW,1139,Jaminton Leandro Campaz,0.9979770828909333
166,Khalid Hassan Alhaydos,FW,1002,Saša Kalajdzic,0.9979719244286549
166,Khalid Hassan Alhaydos,FW,218,Neymar Neymar Jr,0.995875910031803
166,Khalid Hassan Alhaydos,FW,1085,Mayele Fiston Mayele,0.9944530770175605
166,Khalid Hassan Alhaydos,FW,607,Hazem Mastouri,0.9941372202456483
166,Khalid Hassan Alhaydos,FW,974,Ahmed Nadhir Benbouali,0.991315838780608
166,Khalid Hassan Alhaydos,FW,243,Soufiane Rahimi,0.9909486390775841
166,Khalid Hassan Alhaydos,FW,9,Raúl Alonso Jimenez,0.9745724283281421
167,Hassan Akram,FW,11,Santiago Tomás Gimenez,1.0000000000000002
167,Hassan Akram,FW,141,Edin Dzeko,1.0000000000000002
167,Hassan Akram,FW,1083,Cedric Bakambu,1.0000000000000002
167,Hassan Akram,FW,275,Ruben Fritzner Providence,1.0000000000000002
167,Hassan Akram,FW,954,Nicolas Paz,1.0000000000000002
167,Hassan Akram,FW,936,Julian Ryerson,1.0000000000000002
167,Hassan Akram,FW,952,Thiago Ezequiel Almada,1.0000000000000002
167,Hassan Akram,FW,477,Ange-Yoan Laurent Bonny,1.0000000000000002
167,Hassan Akram,FW,451,Jürgen Leonardo Locadia,1.0000000000000002
167,Hassan Akram,FW,1164,Azuka Tristan Madueke,1.0000000000000002
168,Karim Karim Boudiaf,MF,786,Essa Nasser Aldawsari,0.769614775065668
168,Karim Karim Boudiaf,MF,386,Jackson Alexander Irvine,0.7603622559649595
168,Karim Karim Boudiaf,MF,146,Amir Hadziahmetovic,0.7437994351766358
168,Karim Karim Boudiaf,MF,31,Thalente Wandile Mbatha,0.7375927571420569
168,Karim Karim Boudiaf,MF,1158,Jordan Brian Henderson,0.6479677031407899
168,Karim Karim Boudiaf,MF,78,Donggyeong Lee,0.6479677031407899
168,Karim Karim Boudiaf,MF,72,Hyunjun Yang,0.6479677031407899
168,Karim Karim Boudiaf,MF,1177,Nikola Moro,0.6479677031407899
168,Karim Karim Boudiaf,MF,125,Jonathan Osorio,0.6479677031407899
168,Karim Karim Boudiaf,MF,162,Hatim Abdulaziz Hatem,0.6479677031407899
169,Mohamed Ayoub Aloui,DF,65,Taeseok Lee,1.0000000000000002
169,Mohamed Ayoub Aloui,DF,81,Tomáš Holes,1.0000000000000002
169,Mohamed Ayoub Aloui,DF,1174,Joško Gvardiol,1.0000000000000002
169,Mohamed Ayoub Aloui,DF,1149,John Stones,1.0000000000000002
169,Mohamed Ayoub Aloui,DF,1110,Abdulla Abdullaev,1.0000000000000002
169,Mohamed Ayoub Aloui,DF,1116,Behruzjon Karimov,1.0000000000000002
169,Mohamed Ayoub Aloui,DF,119,Moïse Bombito Bombito,1.0000000000000002
169,Mohamed Ayoub Aloui,DF,1140,Deiver Machado,1.0000000000000002
169,Mohamed Ayoub Aloui,DF,1069,Steve Nkanu Kapuadi,1.0000000000000002
169,Mohamed Ayoub Aloui,DF,861,Kalidou Koulibaly,1.0000000000000002
170,Elamin Homam,DF,3,César Jasib Montes,0.9999948569294085
170,Elamin Homam,DF,886,Ghareeb Solaka Rebin Sulaka,0.9989642215028645
170,Elamin Homam,DF,134,Tarik Muharemovic,0.9948452147992729
170,Elamin Homam,DF,1170,Jarell Amorin Quansah,0.9759878489519573
170,Elamin Homam,DF,497,Piero Martin Hincapie,0.9684255822264128
170,Elamin Homam,DF,649,Nathan Ngoy,0.9648632799383173
170,Elamin Homam,DF,133,Dennis Hadzikadunic,-0.026907985428459204
170,Elamin Homam,DF,4,Edson Omar Alvarez,-0.028738531895174408
170,Elamin Homam,DF,778,Fabricio Wagner Pina,-0.031279955081673416
170,Elamin Homam,DF,862,Abdoulaye Seck,-0.03345723798064687
171,Abdurisag Yusuf Abdurisag,FW,93,Pavel Sulc,1.0000000000000002
171,Abdurisag Yusuf Abdurisag,FW,88,Patrik Schick,1.0000000000000002
171,Abdurisag Yusuf Abdurisag,FW,124,Ali Ahmed,1.0000000000000002
171,Abdurisag Yusuf Abdurisag,FW,116,Tanitoluwa Oluwatimilehin Oluwaseyi,1.0000000000000002
171,Abdurisag Yusuf Abdurisag,FW,1127,Jhon Andrés Cordoba,1.0000000000000002
171,Abdurisag Yusuf Abdurisag,FW,150,Esmir Bajraktarevic,1.0000000000000002
171,Abdurisag Yusuf Abdurisag,FW,1051,João Joao Felix,1.0000000000000002
171,Abdurisag Yusuf Abdurisag,FW,827,Federico Sebastian Vinas,1.0000000000000002
171,Abdurisag Yusuf Abdurisag,FW,296,Che Sac Everton Fred Adams,1.0000000000000002
171,Abdurisag Yusuf Abdurisag,FW,953,Giuliano Simeone,1.0000000000000002
172,KHOUKHIBoualem Boualem,DF,74,Youngwoo Seol,0.9999999999999999
172,KHOUKHIBoualem Boualem,DF,82,Robin Hranac,0.9999999999999999
172,KHOUKHIBoualem Boualem,DF,15,Israel Reyes,0.9999999999999999
172,KHOUKHIBoualem Boualem,DF,1173,Marin Pongracic,0.9999999999999999
172,KHOUKHIBoualem Boualem,DF,1135,Johan Andrés Mojica,0.9999999999999999
172,KHOUKHIBoualem Boualem,DF,108,Luc De Fougerolles,0.9999999999999999
172,KHOUKHIBoualem Boualem,DF,1200,Jonas Adjei Adjetey,0.9999999999999999
172,KHOUKHIBoualem Boualem,DF,1094,Abdukodir Khusanov,0.9999999999999999
172,KHOUKHIBoualem Boualem,DF,207,Luca Antony Jaquez,0.9999999999999999
172,KHOUKHIBoualem Boualem,DF,1105,Sherzod Nasrullaev,0.9999999999999999
173,Mohamed Ahmed Alganehi,MF,72,Hyunjun Yang,1.0
173,Mohamed Ahmed Alganehi,MF,69,Junho Bae,1.0
173,Mohamed Ahmed Alganehi,MF,77,Jisung Eom,1.0
173,Mohamed Ahmed Alganehi,MF,76,Jingyu Kim,1.0
173,Mohamed Ahmed Alganehi,MF,78,Donggyeong Lee,1.0
173,Mohamed Ahmed Alganehi,MF,103,Hugo Sochurek,1.0
173,Mohamed Ahmed Alganehi,MF,1160,Kobbie Boateng Mainoo,1.0
173,Mohamed Ahmed Alganehi,MF,1158,Jordan Brian Henderson,1.0
173,Mohamed Ahmed Alganehi,MF,125,Jonathan Osorio,1.0
173,Mohamed Ahmed Alganehi,MF,1177,Nikola Moro,1.0
174,Hussain Sultan,DF,1248,Jorge Abdiel Gutierrez,1.0
174,Hussain Sultan,DF,1226,Fidel Escobar,1.0
174,Hussain Sultan,DF,1192,Luka Vuskovic,1.0
174,Hussain Sultan,DF,107,Alfie Charles Jones,1.0
174,Hussain Sultan,DF,123,Alphonso Boyle Davies,1.0
174,Hussain Sultan,DF,679,Ehsan Hajisafi,1.0
174,Hussain Sultan,DF,693,Arya Yousefi,1.0
174,Hussain Sultan,DF,706,Tyler Grant Bindon,1.0
174,Hussain Sultan,DF,665,Hafez Ramadan Karim Hafez,1.0
174,Hussain Sultan,DF,783,Mohammed Ali Lajami,1.0
175,Ali Zainelabdeen Almoez,FW,1246,Azarías Emmanuel Londono,0.9999999999999997
175,Ali Zainelabdeen Almoez,FW,10,Ernesto Alexis Vega,0.9999999999999997
175,Ali Zainelabdeen Almoez,FW,14,Armando Gonzalez,0.9999999999999997
175,Ali Zainelabdeen Almoez,FW,21,César Saúl Huerta,0.9999999999999997
175,Ali Zainelabdeen Almoez,FW,97,Tomáš Chory,0.9999999999999997
175,Ali Zainelabdeen Almoez,FW,91,Mojmír Chytil,0.9999999999999997
175,Ali Zainelabdeen Almoez,FW,139,Samed Bazdar,0.9999999999999997
175,Ali Zainelabdeen Almoez,FW,130,Jayden Nelson,0.9999999999999997
175,Ali Zainelabdeen Almoez,FW,1144,Carlos Andrés Gomez,0.9999999999999997
175,Ali Zainelabdeen Almoez,FW,1113,Igor Sergeev,0.9999999999999997
176,Fathy Ahmed Fathy,MF,63,Hee Chan Hwang,0.9999999999999999
176,Fathy Ahmed Fathy,MF,86,Vladimír Darida,0.9999999999999999
176,Fathy Ahmed Fathy,MF,100,Tomáš Soucek,0.9999999999999999
176,Fathy Ahmed Fathy,MF,95,Lukáš Provod,0.9999999999999999
176,Fathy Ahmed Fathy,MF,110,Mathieu Choiniere,0.9999999999999999
176,Fathy Ahmed Fathy,MF,1133,Juan Camilo Portilla,0.9999999999999999
176,Fathy Ahmed Fathy,MF,118,Jacob Everett Shaffelburg,0.9999999999999999
176,Fathy Ahmed Fathy,MF,1185,Mario Pasalic,0.9999999999999999
176,Fathy Ahmed Fathy,MF,138,Armin Gigovic,0.9999999999999999
176,Fathy Ahmed Fathy,MF,1103,Oston Urunov,0.9999999999999999
177,Zakaria Salah Zakaria,GK,12,Carlos Acevedo,1.0
177,Zakaria Salah Zakaria,GK,64,Bumkeun Song,1.0
177,Zakaria Salah Zakaria,GK,48,Stuart Ricardo Goss,1.0
177,Zakaria Salah Zakaria,GK,42,Sipho Justin Chaine,1.0
177,Zakaria Salah Zakaria,GK,122,Owen Olamidayo Goodman,1.0
177,Zakaria Salah Zakaria,GK,101,Lukáš Hornicek,1.0
177,Zakaria Salah Zakaria,GK,94,Jind ř ich Stanek,1.0
177,Zakaria Salah Zakaria,GK,73,Hyeonwoo Jo,1.0
177,Zakaria Salah Zakaria,GK,220,Weverton Weverton,1.0
177,Zakaria Salah Zakaria,GK,231,Ederson Ederson,1.0
178,Aissa Meshaal Barsham,GK,12,Carlos Acevedo,1.0
178,Aissa Meshaal Barsham,GK,64,Bumkeun Song,1.0
178,Aissa Meshaal Barsham,GK,48,Stuart Ricardo Goss,1.0
178,Aissa Meshaal Barsham,GK,42,Sipho Justin Chaine,1.0
178,Aissa Meshaal Barsham,GK,122,Owen Olamidayo Goodman,1.0
178,Aissa Meshaal Barsham,GK,101,Lukáš Hornicek,1.0
178,Aissa Meshaal Barsham,GK,94,Jind ř ich Stanek,1.0
178,Aissa Meshaal Barsham,GK,73,Hyeonwoo Jo,1.0
178,Aissa Meshaal Barsham,GK,220,Weverton Weverton,1.0
178,Aissa Meshaal Barsham,GK,231,Ederson Ederson,1.0
179,Omer Assim Madibo,MF,37,Themba Zwane,0.993665725733481
179,Omer Assim Madibo,MF,39,Sphephelo S'miso Sithole,0.9583361146218062
179,Omer Assim Madibo,MF,348,Miguel Angel Almiron,0.7947650328665078
179,Omer Assim Madibo,MF,748,Pedro Pedri,-0.008009862524859728
179,Omer Assim Madibo,MF,960,Enzo Jeremías Fernandez,-0.008636266592571907
179,Omer Assim Madibo,MF,257,Bilal El Khannouss,-0.01044287561705761
179,Omer Assim Madibo,MF,245,Ismael Saibari,-0.013275020431117794
179,Omer Assim Madibo,MF,838,Emmanuel Boris Kone,-0.01441439602344472
179,Omer Assim Madibo,MF,19,Gilberto Rafael Mora,-0.01441439602344472
179,Omer Assim Madibo,MF,918,Sander Gard Bolin Berge,-0.01441439602344472
180,Mohammad Tahsin,FW,1246,Azarías Emmanuel Londono,0.9999999999999997
180,Mohammad Tahsin,FW,10,Ernesto Alexis Vega,0.9999999999999997
180,Mohammad Tahsin,FW,14,Armando Gonzalez,0.9999999999999997
180,Mohammad Tahsin,FW,21,César Saúl Huerta,0.9999999999999997
180,Mohammad Tahsin,FW,97,Tomáš Chory,0.9999999999999997
180,Mohammad Tahsin,FW,91,Mojmír Chytil,0.9999999999999997
180,Mohammad Tahsin,FW,139,Samed Bazdar,0.9999999999999997
180,Mohammad Tahsin,FW,130,Jayden Nelson,0.9999999999999997
180,Mohammad Tahsin,FW,1144,Carlos Andrés Gomez,0.9999999999999997
180,Mohammad Tahsin,FW,1113,Igor Sergeev,0.9999999999999997
181,Alhussein Alhashmi,DF,1247,Roderick Alonso Miller,1.0
181,Alhussein Alhashmi,DF,1156,Trevoh Tom Chalobah,1.0
181,Alhussein Alhashmi,DF,1159,Daniel Johnson Burn,1.0
181,Alhussein Alhashmi,DF,1237,Eric Javier Davis,1.0
181,Alhussein Alhashmi,DF,805,Abdullatif Jehad Thikri,1.0
181,Alhussein Alhashmi,DF,808,José María Gimenez,1.0
181,Alhussein Alhashmi,DF,810,Ronald Federico Araujo,1.0
181,Alhussein Alhashmi,DF,28,Tholo Thabang Matuludi,1.0
181,Alhussein Alhashmi,DF,29,Khulumani Ndamane,1.0
181,Alhussein Alhashmi,DF,44,Samukele Alucious Kabini,1.0
182,Naceur Mohamed Manai,FW,10,Ernesto Alexis Vega,0.006764450102593225
182,Naceur Mohamed Manai,FW,14,Armando Gonzalez,0.006764450102593225
182,Naceur Mohamed Manai,FW,1246,Azarías Emmanuel Londono,0.006764450102593225
182,Naceur Mohamed Manai,FW,97,Tomáš Chory,0.006764450102593225
182,Naceur Mohamed Manai,FW,139,Samed Bazdar,0.006764450102593225
182,Naceur Mohamed Manai,FW,130,Jayden Nelson,0.006764450102593225
182,Naceur Mohamed Manai,FW,21,César Saúl Huerta,0.006764450102593225
182,Naceur Mohamed Manai,FW,1163,George Arthur Watkins,0.006764450102593225
182,Naceur Mohamed Manai,FW,175,Ali Zainelabdeen Almoez,0.006764450102593225
182,Naceur Mohamed Manai,FW,165,Mohammed Mohammed Muntari,0.006764450102593225
183,Gregor Kobel,GK,235,Yassine Bounou,0.989189406416566
183,Gregor Kobel,GK,547,Zion Suzuki,0.9768335507250423
183,Gregor Kobel,GK,1145,Jordan Lee Pickford,0.9693479410871607
183,Gregor Kobel,GK,848,Mike Peterson Maignan,0.9474500973064411
183,Gregor Kobel,GK,959,Damián Emiliano Martinez,0.9207783750951167
183,Gregor Kobel,GK,625,Thibaut Nicolas Courtois,0.9189140431049343
183,Gregor Kobel,GK,1041,Diogo Diogo Costa,0.8963896102367509
183,Gregor Kobel,GK,209,Ramsés Alisson,0.8897393766523181
183,Gregor Kobel,GK,27,Ronwen Hayden Williams,0.8721750743961914
183,Gregor Kobel,GK,469,Yahia Fofana,0.8707539614881641
184,Miro Max Maria Muheim,DF,1247,Roderick Alonso Miller,1.0
184,Miro Max Maria Muheim,DF,1156,Trevoh Tom Chalobah,1.0
184,Miro Max Maria Muheim,DF,1159,Daniel Johnson Burn,1.0
184,Miro Max Maria Muheim,DF,1237,Eric Javier Davis,1.0
184,Miro Max Maria Muheim,DF,805,Abdullatif Jehad Thikri,1.0
184,Miro Max Maria Muheim,DF,808,José María Gimenez,1.0
184,Miro Max Maria Muheim,DF,810,Ronald Federico Araujo,1.0
184,Miro Max Maria Muheim,DF,28,Tholo Thabang Matuludi,1.0
184,Miro Max Maria Muheim,DF,29,Khulumani Ndamane,1.0
184,Miro Max Maria Muheim,DF,44,Samukele Alucious Kabini,1.0
185,Silvan Dominic Widmer,DF,1248,Jorge Abdiel Gutierrez,1.0
185,Silvan Dominic Widmer,DF,1226,Fidel Escobar,1.0
185,Silvan Dominic Widmer,DF,1192,Luka Vuskovic,1.0
185,Silvan Dominic Widmer,DF,107,Alfie Charles Jones,1.0
185,Silvan Dominic Widmer,DF,123,Alphonso Boyle Davies,1.0
185,Silvan Dominic Widmer,DF,679,Ehsan Hajisafi,1.0
185,Silvan Dominic Widmer,DF,693,Arya Yousefi,1.0
185,Silvan Dominic Widmer,DF,706,Tyler Grant Bindon,1.0
185,Silvan Dominic Widmer,DF,665,Hafez Ramadan Karim Hafez,1.0
185,Silvan Dominic Widmer,DF,783,Mohammed Ali Lajami,1.0
186,Nico Elvedi,DF,1168,Reece Lewis James,1.0
186,Nico Elvedi,DF,117,Derek Austin Cornelius,1.0
186,Nico Elvedi,DF,1210,Gideon Mensah,1.0
186,Nico Elvedi,DF,1176,Josip Sutalo,1.0
186,Nico Elvedi,DF,1141,Davinson Sanchez,1.0
186,Nico Elvedi,DF,148,Nikola Katic,1.0
186,Nico Elvedi,DF,126,Richmond Mamah Laryea,1.0
186,Nico Elvedi,DF,1068,Wan Wan-Bissaka,1.0
186,Nico Elvedi,DF,1070,Axel Tuanzebe,1.0
186,Nico Elvedi,DF,1088,Mangulu Chancel Mbemba,1.0
187,Manuel Obafemi Akanji,DF,1150,Keaninkin Marc-Isreal Guehi,1.0000000000000002
187,Manuel Obafemi Akanji,DF,252,Chadi Riad,1.0000000000000002
187,Manuel Obafemi Akanji,DF,849,William Alain André Gabriel Saliba,1.0000000000000002
187,Manuel Obafemi Akanji,DF,837,Jules Olivier Kounde,0.9995466585685674
187,Manuel Obafemi Akanji,DF,106,Alistair William Johnston,0.9987606806481013
187,Manuel Obafemi Akanji,DF,1147,Nico Oreilly,0.9987606806481013
187,Manuel Obafemi Akanji,DF,1121,Jhon Janer Lucumi,0.9987606806481013
187,Manuel Obafemi Akanji,DF,342,Juan Jose Caceres,0.9987606806481013
187,Manuel Obafemi Akanji,DF,927,Torbjørn Lysaker Heggem,0.9987606806481013
187,Manuel Obafemi Akanji,DF,237,Noussair Mazraoui,0.9987606806481013
188,Denis Lemi Zakaria,MF,1128,James David Rodriguez,1.0
188,Denis Lemi Zakaria,MF,190,Remo Marco Freuler,1.0
188,Denis Lemi Zakaria,MF,1074,Samuel Alain Moutoussamy,1.0
188,Denis Lemi Zakaria,MF,258,Neil Yoni El Aynaoui,1.0
188,Denis Lemi Zakaria,MF,352,Adrián Andrés Cubas,1.0
188,Denis Lemi Zakaria,MF,316,Tyler Shaan Adams,1.0
188,Denis Lemi Zakaria,MF,515,Alan Steven Franco,1.0
188,Denis Lemi Zakaria,MF,421,Aleksandar Pavlovic,1.0
188,Denis Lemi Zakaria,MF,924,Fredrik Aursnes,1.0
188,Denis Lemi Zakaria,MF,972,Fares Chaibi,1.0
189,Breel Donald Embolo,FW,1155,Marcus Rashford,0.9976033307361225
189,Breel Donald Embolo,FW,634,Leandro Trossard,0.99667851351057
189,Breel Donald Embolo,FW,1151,Bukayo Ayoyinka Saka,0.9730510217838191
189,Breel Donald Embolo,FW,564,Ayase Ueda,0.9728429405608104
189,Breel Donald Embolo,FW,842,Kylian Mbappe,0.9687073012042695
189,Breel Donald Embolo,FW,357,Julio Cesar Enciso,0.9544743870763713
189,Breel Donald Embolo,FW,215,José Vinicius,0.9408737039171533
189,Breel Donald Embolo,FW,531,Cody Mathès Gakpo,0.9402572194945779
189,Breel Donald Embolo,FW,1153,Harry Edward Kane,0.9307039824322424
189,Breel Donald Embolo,FW,1162,Anthony Michael Gordon,0.9291737698604017
190,Remo Marco Freuler,MF,1128,James David Rodriguez,1.0
190,Remo Marco Freuler,MF,188,Denis Lemi Zakaria,1.0
190,Remo Marco Freuler,MF,1074,Samuel Alain Moutoussamy,1.0
190,Remo Marco Freuler,MF,258,Neil Yoni El Aynaoui,1.0
190,Remo Marco Freuler,MF,352,Adrián Andrés Cubas,1.0
190,Remo Marco Freuler,MF,316,Tyler Shaan Adams,1.0
190,Remo Marco Freuler,MF,515,Alan Steven Franco,1.0
190,Remo Marco Freuler,MF,421,Aleksandar Pavlovic,1.0
190,Remo Marco Freuler,MF,924,Fredrik Aursnes,1.0
190,Remo Marco Freuler,MF,972,Fares Chaibi,1.0
191,Johan Kula Manzambi,MF,329,Malik Leon Tillman,0.9986157630362654
191,Johan Kula Manzambi,MF,1187,Petar Sucic,0.9947254697519444
191,Johan Kula Manzambi,MF,570,Kaishu Sano,0.9922623006341792
191,Johan Kula Manzambi,MF,559,Keito Nakamura,0.9917030546322407
191,Johan Kula Manzambi,MF,58,Inbeom Hwang,0.9911888207260258
191,Johan Kula Manzambi,MF,528,Ryan Jiro Gravenberch,0.9900916628383656
191,Johan Kula Manzambi,MF,826,Maximiliano Javier Araujo,0.989217102152111
191,Johan Kula Manzambi,MF,216,GUIMARAESBruno Bruno,0.9870751677223056
191,Johan Kula Manzambi,MF,647,Nicolas Thierry Raskin,0.9813552889142454
191,Johan Kula Manzambi,MF,228,Lucas Lucas Paqueta,0.9810947185348333
192,Granit Xhaka,MF,361,Matias Galarza,0.980692194535127
192,Granit Xhaka,MF,509,Pedro Jeampierre Vite,0.979704752326763
192,Granit Xhaka,MF,517,Moisés Isaac Caicedo,0.979704752326763
192,Granit Xhaka,MF,1207,Antoine Serlom Semenyo,0.979704752326763
192,Granit Xhaka,MF,846,Adrien Thibault Marie Rabiot,0.979704752326763
192,Granit Xhaka,MF,943,Rodrigo Javier De Paul,0.9795132672835293
192,Granit Xhaka,MF,1048,Miguel Bruno,0.9788950714039475
192,Granit Xhaka,MF,1180,Luka Modric,0.9773251600526154
192,Granit Xhaka,MF,1161,Morgan Elliot Rogers,0.9772531992177675
192,Granit Xhaka,MF,994,Nicolas Seiwald,0.976714124629851
193,Dan Ndoye,FW,945,Julián Alvarez,0.993411947889358
193,Dan Ndoye,FW,149,Kerim Alajbegovic,0.9856362182075213
193,Dan Ndoye,FW,747,Lamine Yamal Yamal,0.9855234690120577
193,Dan Ndoye,FW,1023,Iyad Ali Ali Olwan,0.9850086407718345
193,Dan Ndoye,FW,398,Arda Guler,0.9850086407718345
193,Dan Ndoye,FW,1106,Eldor Shomurodov,0.9850086407718345
193,Dan Ndoye,FW,513,Gonzalo Jordy Plata,0.9846963351119983
193,Dan Ndoye,FW,930,Antonio Eromonsele Nordby Nusa,0.9843267329641626
193,Dan Ndoye,FW,381,Nestory Irankunda,0.9840674832013818
193,Dan Ndoye,FW,852,Désiré Nonka-Maho Doue,0.9833469430267862
194,Yvon Landry Mvogo,GK,12,Carlos Acevedo,1.0
194,Yvon Landry Mvogo,GK,64,Bumkeun Song,1.0
194,Yvon Landry Mvogo,GK,48,Stuart Ricardo Goss,1.0
194,Yvon Landry Mvogo,GK,42,Sipho Justin Chaine,1.0
194,Yvon Landry Mvogo,GK,122,Owen Olamidayo Goodman,1.0
194,Yvon Landry Mvogo,GK,101,Lukáš Hornicek,1.0
194,Yvon Landry Mvogo,GK,94,Jind ř ich Stanek,1.0
194,Yvon Landry Mvogo,GK,73,Hyeonwoo Jo,1.0
194,Yvon Landry Mvogo,GK,220,Weverton Weverton,1.0
194,Yvon Landry Mvogo,GK,231,Ederson Ederson,1.0
195,Ricardo Ivan Rodriguez,DF,752,Marc Cucurella,0.9990809815124841
195,Ricardo Ivan Rodriguez,DF,836,Dayotchanculle Oswald Upamecano,0.9940017182539086
195,Ricardo Ivan Rodriguez,DF,653,Hany Gamal Mohamed Hany,0.9897809566732495
195,Ricardo Ivan Rodriguez,DF,742,Aymeric Laporte,0.9867403104252246
195,Ricardo Ivan Rodriguez,DF,211,Gabriel Gabriel Magalhaes,0.9852309730890416
195,Ricardo Ivan Rodriguez,DF,2,Jorge Eduardo Sanchez,0.9831986919823945
195,Ricardo Ivan Rodriguez,DF,837,Jules Olivier Kounde,0.9406662705350105
195,Ricardo Ivan Rodriguez,DF,187,Manuel Obafemi Akanji,0.9357875038037977
195,Ricardo Ivan Rodriguez,DF,252,Chadi Riad,0.9357875038037977
195,Ricardo Ivan Rodriguez,DF,849,William Alain André Gabriel Saliba,0.9357875038037977
196,Ardon Jashari,MF,62,Jae Sung Lee,1.0
196,Ardon Jashari,MF,90,Lukáš Cerv,1.0
196,Ardon Jashari,MF,1091,Edo Kayembe Kayembe,1.0
196,Ardon Jashari,MF,136,Benjamin Tahirovic,1.0
196,Ardon Jashari,MF,145,Amar Memic,1.0
196,Ardon Jashari,MF,115,Liam Alan Millar,1.0
196,Ardon Jashari,MF,976,Hicham Boudaoui,1.0
196,Ardon Jashari,MF,941,Leandro Daniel Paredes,1.0
196,Ardon Jashari,MF,1012,Paul Wanner,1.0
196,Ardon Jashari,MF,968,Ramiz Larbi Zerrouki,1.0
197,Djibril Ibrahima Sow,MF,1178,Mateo Kovacic,1.0
197,Djibril Ibrahima Sow,MF,1099,Otabek Shukurov,1.0
197,Djibril Ibrahima Sow,MF,144,Ivan Sunjic,1.0
197,Djibril Ibrahima Sow,MF,293,Mc,1.0
197,Djibril Ibrahima Sow,MF,270,Jean Ricner Bellegarde,1.0
197,Djibril Ibrahima Sow,MF,305,Lewis Ferguson,1.0
197,Djibril Ibrahima Sow,MF,1072,Ngal’ayel Mukau,1.0
197,Djibril Ibrahima Sow,MF,449,Juninho Gracielo Bacuna,1.0
197,Djibril Ibrahima Sow,MF,452,Leandro Jones Johan Bacuna,1.0
197,Djibril Ibrahima Sow,MF,463,Tahith Jose Girigorio Djorkaef Chong,1.0
198,Christian Andreas Fassnacht,FW,1246,Azarías Emmanuel Londono,0.9999999999999997
198,Christian Andreas Fassnacht,FW,10,Ernesto Alexis Vega,0.9999999999999997
198,Christian Andreas Fassnacht,FW,14,Armando Gonzalez,0.9999999999999997
198,Christian Andreas Fassnacht,FW,21,César Saúl Huerta,0.9999999999999997
198,Christian Andreas Fassnacht,FW,97,Tomáš Chory,0.9999999999999997
198,Christian Andreas Fassnacht,FW,91,Mojmír Chytil,0.9999999999999997
198,Christian Andreas Fassnacht,FW,139,Samed Bazdar,0.9999999999999997
198,Christian Andreas Fassnacht,FW,130,Jayden Nelson,0.9999999999999997
198,Christian Andreas Fassnacht,FW,1144,Carlos Andrés Gomez,0.9999999999999997
198,Christian Andreas Fassnacht,FW,1113,Igor Sergeev,0.9999999999999997
199,Ruben Estephan Vargas,FW,969,Riyad Karim Mahrez,0.9964445901907856
199,Ruben Estephan Vargas,FW,1024,Mohammad Mousa Mousa Altamari,0.9847666344235348
199,Ruben Estephan Vargas,FW,1151,Bukayo Ayoyinka Saka,0.96729026163606
199,Ruben Estephan Vargas,FW,946,Lionel Andrés Messi,0.9365699301156492
199,Ruben Estephan Vargas,FW,544,Crysencio Jilbert Sylverio Cir Summerville,0.9346675360012565
199,Ruben Estephan Vargas,FW,839,Masour Ousmane Dembele,0.9249029192072121
199,Ruben Estephan Vargas,FW,1155,Marcus Rashford,0.904631804776532
199,Ruben Estephan Vargas,FW,189,Breel Donald Embolo,0.8832037686673365
199,Ruben Estephan Vargas,FW,876,Ismaila Sarr,0.864703056627702
199,Ruben Estephan Vargas,FW,749,Mikel Oyarzabal,0.8453821161750934
200,Eray Ervin Coemert,DF,1247,Roderick Alonso Miller,1.0
200,Eray Ervin Coemert,DF,1156,Trevoh Tom Chalobah,1.0
200,Eray Ervin Coemert,DF,1159,Daniel Johnson Burn,1.0
200,Eray Ervin Coemert,DF,1237,Eric Javier Davis,1.0
200,Eray Ervin Coemert,DF,805,Abdullatif Jehad Thikri,1.0
200,Eray Ervin Coemert,DF,808,José María Gimenez,1.0
200,Eray Ervin Coemert,DF,810,Ronald Federico Araujo,1.0
200,Eray Ervin Coemert,DF,28,Tholo Thabang Matuludi,1.0
200,Eray Ervin Coemert,DF,29,Khulumani Ndamane,1.0
200,Eray Ervin Coemert,DF,44,Samukele Alucious Kabini,1.0
201,Noah Arinzechukwu Okafor,FW,93,Pavel Sulc,1.0000000000000002
201,Noah Arinzechukwu Okafor,FW,88,Patrik Schick,1.0000000000000002
201,Noah Arinzechukwu Okafor,FW,124,Ali Ahmed,1.0000000000000002
201,Noah Arinzechukwu Okafor,FW,116,Tanitoluwa Oluwatimilehin Oluwaseyi,1.0000000000000002
201,Noah Arinzechukwu Okafor,FW,1127,Jhon Andrés Cordoba,1.0000000000000002
201,Noah Arinzechukwu Okafor,FW,171,Abdurisag Yusuf Abdurisag,1.0000000000000002
201,Noah Arinzechukwu Okafor,FW,150,Esmir Bajraktarevic,1.0000000000000002
201,Noah Arinzechukwu Okafor,FW,1051,João Joao Felix,1.0000000000000002
201,Noah Arinzechukwu Okafor,FW,827,Federico Sebastian Vinas,1.0000000000000002
201,Noah Arinzechukwu Okafor,FW,296,Che Sac Everton Fred Adams,1.0000000000000002
202,Michel Aebischer,MF,62,Jae Sung Lee,1.0
202,Michel Aebischer,MF,90,Lukáš Cerv,1.0
202,Michel Aebischer,MF,1091,Edo Kayembe Kayembe,1.0
202,Michel Aebischer,MF,136,Benjamin Tahirovic,1.0
202,Michel Aebischer,MF,145,Amar Memic,1.0
202,Michel Aebischer,MF,115,Liam Alan Millar,1.0
202,Michel Aebischer,MF,976,Hicham Boudaoui,1.0
202,Michel Aebischer,MF,941,Leandro Daniel Paredes,1.0
202,Michel Aebischer,MF,1012,Paul Wanner,1.0
202,Michel Aebischer,MF,968,Ramiz Larbi Zerrouki,1.0
203,Marvin Keller,GK,12,Carlos Acevedo,1.0
203,Marvin Keller,GK,64,Bumkeun Song,1.0
203,Marvin Keller,GK,48,Stuart Ricardo Goss,1.0
203,Marvin Keller,GK,42,Sipho Justin Chaine,1.0
203,Marvin Keller,GK,122,Owen Olamidayo Goodman,1.0
203,Marvin Keller,GK,101,Lukáš Hornicek,1.0
203,Marvin Keller,GK,94,Jind ř ich Stanek,1.0
203,Marvin Keller,GK,73,Hyeonwoo Jo,1.0
203,Marvin Keller,GK,220,Weverton Weverton,1.0
203,Marvin Keller,GK,231,Ederson Ederson,1.0
204,Fabian Rieder,MF,63,Hee Chan Hwang,0.9999999999999999
204,Fabian Rieder,MF,86,Vladimír Darida,0.9999999999999999
204,Fabian Rieder,MF,100,Tomáš Soucek,0.9999999999999999
204,Fabian Rieder,MF,95,Lukáš Provod,0.9999999999999999
204,Fabian Rieder,MF,110,Mathieu Choiniere,0.9999999999999999
204,Fabian Rieder,MF,1133,Juan Camilo Portilla,0.9999999999999999
204,Fabian Rieder,MF,118,Jacob Everett Shaffelburg,0.9999999999999999
204,Fabian Rieder,MF,1185,Mario Pasalic,0.9999999999999999
204,Fabian Rieder,MF,138,Armin Gigovic,0.9999999999999999
204,Fabian Rieder,MF,1103,Oston Urunov,0.9999999999999999
205,Mohamed Zeki Amdouni,FW,1246,Azarías Emmanuel Londono,0.9999999999999997
205,Mohamed Zeki Amdouni,FW,10,Ernesto Alexis Vega,0.9999999999999997
205,Mohamed Zeki Amdouni,FW,14,Armando Gonzalez,0.9999999999999997
205,Mohamed Zeki Amdouni,FW,21,César Saúl Huerta,0.9999999999999997
205,Mohamed Zeki Amdouni,FW,97,Tomáš Chory,0.9999999999999997
205,Mohamed Zeki Amdouni,FW,91,Mojmír Chytil,0.9999999999999997
205,Mohamed Zeki Amdouni,FW,139,Samed Bazdar,0.9999999999999997
205,Mohamed Zeki Amdouni,FW,130,Jayden Nelson,0.9999999999999997
205,Mohamed Zeki Amdouni,FW,1144,Carlos Andrés Gomez,0.9999999999999997
205,Mohamed Zeki Amdouni,FW,1113,Igor Sergeev,0.9999999999999997
206,Aurèle Florian Amenda,DF,65,Taeseok Lee,1.0000000000000002
206,Aurèle Florian Amenda,DF,81,Tomáš Holes,1.0000000000000002
206,Aurèle Florian Amenda,DF,1174,Joško Gvardiol,1.0000000000000002
206,Aurèle Florian Amenda,DF,1149,John Stones,1.0000000000000002
206,Aurèle Florian Amenda,DF,1110,Abdulla Abdullaev,1.0000000000000002
206,Aurèle Florian Amenda,DF,1116,Behruzjon Karimov,1.0000000000000002
206,Aurèle Florian Amenda,DF,119,Moïse Bombito Bombito,1.0000000000000002
206,Aurèle Florian Amenda,DF,1140,Deiver Machado,1.0000000000000002
206,Aurèle Florian Amenda,DF,1069,Steve Nkanu Kapuadi,1.0000000000000002
206,Aurèle Florian Amenda,DF,861,Kalidou Koulibaly,1.0000000000000002
207,Luca Antony Jaquez,DF,74,Youngwoo Seol,0.9999999999999999
207,Luca Antony Jaquez,DF,82,Robin Hranac,0.9999999999999999
207,Luca Antony Jaquez,DF,15,Israel Reyes,0.9999999999999999
207,Luca Antony Jaquez,DF,1173,Marin Pongracic,0.9999999999999999
207,Luca Antony Jaquez,DF,1135,Johan Andrés Mojica,0.9999999999999999
207,Luca Antony Jaquez,DF,108,Luc De Fougerolles,0.9999999999999999
207,Luca Antony Jaquez,DF,1200,Jonas Adjei Adjetey,0.9999999999999999
207,Luca Antony Jaquez,DF,1094,Abdukodir Khusanov,0.9999999999999999
207,Luca Antony Jaquez,DF,1105,Sherzod Nasrullaev,0.9999999999999999
207,Luca Antony Jaquez,DF,1097,Rustamjon Ashurmatov,0.9999999999999999
208,Cedric Jan Itten,FW,1246,Azarías Emmanuel Londono,0.9999999999999997
208,Cedric Jan Itten,FW,10,Ernesto Alexis Vega,0.9999999999999997
208,Cedric Jan Itten,FW,14,Armando Gonzalez,0.9999999999999997
208,Cedric Jan Itten,FW,21,César Saúl Huerta,0.9999999999999997
208,Cedric Jan Itten,FW,97,Tomáš Chory,0.9999999999999997
208,Cedric Jan Itten,FW,91,Mojmír Chytil,0.9999999999999997
208,Cedric Jan Itten,FW,139,Samed Bazdar,0.9999999999999997
208,Cedric Jan Itten,FW,130,Jayden Nelson,0.9999999999999997
208,Cedric Jan Itten,FW,1144,Carlos Andrés Gomez,0.9999999999999997
208,Cedric Jan Itten,FW,1113,Igor Sergeev,0.9999999999999997
209,Ramsés Alisson,GK,120,Maxime Crepeau,0.9797135840903843
209,Ramsés Alisson,GK,959,Damián Emiliano Martinez,0.9699863420797911
209,Ramsés Alisson,GK,547,Zion Suzuki,0.9570256161969574
209,Ramsés Alisson,GK,382,Patrick Thomas Beach,0.9499856521920408
209,Ramsés Alisson,GK,848,Mike Peterson Maignan,0.9408133803251547
209,Ramsés Alisson,GK,235,Yassine Bounou,0.9340871348810531
209,Ramsés Alisson,GK,1,José Raúl Rangel,0.9255463937015327
209,Ramsés Alisson,GK,1145,Jordan Lee Pickford,0.9036405557077943
209,Ramsés Alisson,GK,1130,Camilo Andres Vargas,0.9002692934966631
209,Ramsés Alisson,GK,469,Yahia Fofana,0.8938328642105636
210,José Ederson Silva,MF,72,Hyunjun Yang,1.0
210,José Ederson Silva,MF,69,Junho Bae,1.0
210,José Ederson Silva,MF,77,Jisung Eom,1.0
210,José Ederson Silva,MF,76,Jingyu Kim,1.0
210,José Ederson Silva,MF,78,Donggyeong Lee,1.0
210,José Ederson Silva,MF,103,Hugo Sochurek,1.0
210,José Ederson Silva,MF,1160,Kobbie Boateng Mainoo,1.0
210,José Ederson Silva,MF,1158,Jordan Brian Henderson,1.0
210,José Ederson Silva,MF,125,Jonathan Osorio,1.0
210,José Ederson Silva,MF,1177,Nikola Moro,1.0
211,Gabriel Gabriel Magalhaes,DF,742,Aymeric Laporte,0.9999563265077536
211,Gabriel Gabriel Magalhaes,DF,2,Jorge Eduardo Sanchez,0.9999301328068758
211,Gabriel Gabriel Magalhaes,DF,653,Hany Gamal Mohamed Hany,0.9995476139370782
211,Gabriel Gabriel Magalhaes,DF,195,Ricardo Ivan Rodriguez,0.9852309730890416
211,Gabriel Gabriel Magalhaes,DF,752,Marc Cucurella,0.9843521082256828
211,Gabriel Gabriel Magalhaes,DF,877,Moussa Niakhate,0.9654291758899659
211,Gabriel Gabriel Magalhaes,DF,836,Dayotchanculle Oswald Upamecano,0.9605952855475917
211,Gabriel Gabriel Magalhaes,DF,639,Thomas Andre Meunier,0.9573702294459308
211,Gabriel Gabriel Magalhaes,DF,1132,Gustavo Adolfo Puerta,0.9479223028062486
211,Gabriel Gabriel Magalhaes,DF,314,Sergiño Gianni Dest,0.9442584209248727
212,MARQUINHOSMarcos,DF,1169,Tehuti Djed-Hotep Spence,1.0000000000000002
212,MARQUINHOSMarcos,DF,106,Alistair William Johnston,1.0000000000000002
212,MARQUINHOSMarcos,DF,1147,Nico Oreilly,1.0000000000000002
212,MARQUINHOSMarcos,DF,1121,Jhon Janer Lucumi,1.0000000000000002
212,MARQUINHOSMarcos,DF,927,Torbjørn Lysaker Heggem,1.0000000000000002
212,MARQUINHOSMarcos,DF,962,Nahuel Molina,1.0000000000000002
212,MARQUINHOSMarcos,DF,237,Noussair Mazraoui,1.0000000000000002
212,MARQUINHOSMarcos,DF,342,Juan Jose Caceres,1.0000000000000002
212,MARQUINHOSMarcos,DF,23,Jesús Daniel Gallardo,1.0000000000000002
212,MARQUINHOSMarcos,DF,858,Maxence Guy Lacroix,1.0000000000000002
213,Henrique,MF,1129,Jhon Adolfo Arias,0.9999944242443854
213,Henrique,MF,240,Ayyoub Bouaddi,0.9984082204887947
213,Henrique,MF,1134,Jefferson Andrés Lerma,0.9984082204887947
213,Henrique,MF,918,Sander Gard Bolin Berge,0.9984082204887947
213,Henrique,MF,320,Mc,0.9984082204887947
213,Henrique,MF,744,Rodrigo Rodri,0.9984082204887947
213,Henrique,MF,838,Emmanuel Boris Kone,0.9984082204887947
213,Henrique,MF,19,Gilberto Rafael Mora,0.9984082204887947
213,Henrique,MF,257,Bilal El Khannouss,0.9978826425546236
213,Henrique,MF,245,Ismael Saibari,0.997662436189298
214,Sandro Alex,DF,1247,Roderick Alonso Miller,1.0
214,Sandro Alex,DF,1156,Trevoh Tom Chalobah,1.0
214,Sandro Alex,DF,1159,Daniel Johnson Burn,1.0
214,Sandro Alex,DF,1237,Eric Javier Davis,1.0
214,Sandro Alex,DF,805,Abdullatif Jehad Thikri,1.0
214,Sandro Alex,DF,808,José María Gimenez,1.0
214,Sandro Alex,DF,810,Ronald Federico Araujo,1.0
214,Sandro Alex,DF,28,Tholo Thabang Matuludi,1.0
214,Sandro Alex,DF,29,Khulumani Ndamane,1.0
214,Sandro Alex,DF,44,Samukele Alucious Kabini,1.0
215,José Vinicius,FW,1153,Harry Edward Kane,0.9995524277933417
215,José Vinicius,FW,531,Cody Mathès Gakpo,0.9956162222590076
215,José Vinicius,FW,842,Kylian Mbappe,0.9950077968451144
215,José Vinicius,FW,564,Ayase Ueda,0.9914363621195661
215,José Vinicius,FW,1086,Yoane Wissa,0.9806345548684153
215,José Vinicius,FW,114,Jonathan Christian David,0.980267946207798
215,José Vinicius,FW,423,Kai Lukas Havertz,0.979780855221579
215,José Vinicius,FW,1047,Ronaldo Cristiano Ronaldo,0.9790252621351185
215,José Vinicius,FW,749,Mikel Oyarzabal,0.9786102118089908
215,José Vinicius,FW,217,Matheus Matheus Cunha,0.9595678679863162
216,GUIMARAESBruno Bruno,MF,559,Keito Nakamura,0.999296284799445
216,GUIMARAESBruno Bruno,MF,1022,Mahmoud Ali Noor Alrawabdeh,0.9976124111527481
216,GUIMARAESBruno Bruno,MF,71,Kangin Lee,0.9976124111527481
216,GUIMARAESBruno Bruno,MF,608,Hannibal Mejbri,0.9976124111527481
216,GUIMARAESBruno Bruno,MF,528,Ryan Jiro Gravenberch,0.997558687090456
216,GUIMARAESBruno Bruno,MF,866,Lamine Camara,0.9975344223562873
216,GUIMARAESBruno Bruno,MF,920,Martín Odegaard,0.9974750323074884
216,GUIMARAESBruno Bruno,MF,570,Kaishu Sano,0.997317420716314
216,GUIMARAESBruno Bruno,MF,58,Inbeom Hwang,0.997290901173222
216,GUIMARAESBruno Bruno,MF,814,Federico Santiago Valverde,0.9967788451555598
217,Matheus Matheus Cunha,FW,958,Lautaro Javier Martinez,0.9996281782309396
217,Matheus Matheus Cunha,FW,919,Erling Braut Haaland,0.9951215874127418
217,Matheus Matheus Cunha,FW,1047,Ronaldo Cristiano Ronaldo,0.9927307208123263
217,Matheus Matheus Cunha,FW,423,Kai Lukas Havertz,0.9917811325921685
217,Matheus Matheus Cunha,FW,1086,Yoane Wissa,0.990528880581473
217,Matheus Matheus Cunha,FW,487,Nicolas Pepe,0.989664606803946
217,Matheus Matheus Cunha,FW,749,Mikel Oyarzabal,0.9863150712287428
217,Matheus Matheus Cunha,FW,876,Ismaila Sarr,0.9817210835489921
217,Matheus Matheus Cunha,FW,531,Cody Mathès Gakpo,0.9681221882609017
217,Matheus Matheus Cunha,FW,1153,Harry Edward Kane,0.9658126840011093
218,Neymar Neymar Jr,FW,1085,Mayele Fiston Mayele,0.9998349096047839
218,Neymar Neymar Jr,FW,974,Ahmed Nadhir Benbouali,0.9988111494623713
218,Neymar Neymar Jr,FW,243,Soufiane Rahimi,0.9986563070154898
218,Neymar Neymar Jr,FW,995,Marko Arnautovic,0.9967341893661639
218,Neymar Neymar Jr,FW,155,Jovo Lukic,0.9966860270871526
218,Neymar Neymar Jr,FW,1002,Saša Kalajdzic,0.996500283270769
218,Neymar Neymar Jr,FW,166,Khalid Hassan Alhaydos,0.995875910031803
218,Neymar Neymar Jr,FW,1139,Jaminton Leandro Campaz,0.9955740259619351
218,Neymar Neymar Jr,FW,607,Hazem Mastouri,0.9945285662363046
218,Neymar Neymar Jr,FW,1049,RAMOSGonçalo Goncalo,0.9777099513336228
219,Raphael Raphinha,FW,93,Pavel Sulc,1.0000000000000002
219,Raphael Raphinha,FW,88,Patrik Schick,1.0000000000000002
219,Raphael Raphinha,FW,124,Ali Ahmed,1.0000000000000002
219,Raphael Raphinha,FW,116,Tanitoluwa Oluwatimilehin Oluwaseyi,1.0000000000000002
219,Raphael Raphinha,FW,1127,Jhon Andrés Cordoba,1.0000000000000002
219,Raphael Raphinha,FW,171,Abdurisag Yusuf Abdurisag,1.0000000000000002
219,Raphael Raphinha,FW,150,Esmir Bajraktarevic,1.0000000000000002
219,Raphael Raphinha,FW,1051,João Joao Felix,1.0000000000000002
219,Raphael Raphinha,FW,827,Federico Sebastian Vinas,1.0000000000000002
219,Raphael Raphinha,FW,296,Che Sac Everton Fred Adams,1.0000000000000002
220,Weverton Weverton,GK,12,Carlos Acevedo,1.0
220,Weverton Weverton,GK,64,Bumkeun Song,1.0
220,Weverton Weverton,GK,48,Stuart Ricardo Goss,1.0
220,Weverton Weverton,GK,42,Sipho Justin Chaine,1.0
220,Weverton Weverton,GK,122,Owen Olamidayo Goodman,1.0
220,Weverton Weverton,GK,101,Lukáš Hornicek,1.0
220,Weverton Weverton,GK,94,Jind ř ich Stanek,1.0
220,Weverton Weverton,GK,73,Hyeonwoo Jo,1.0
220,Weverton Weverton,GK,231,Ederson Ederson,1.0
220,Weverton Weverton,GK,194,Yvon Landry Mvogo,1.0
221,Luiz Danilo,DF,1168,Reece Lewis James,1.0
221,Luiz Danilo,DF,117,Derek Austin Cornelius,1.0
221,Luiz Danilo,DF,1210,Gideon Mensah,1.0
221,Luiz Danilo,DF,1176,Josip Sutalo,1.0
221,Luiz Danilo,DF,1141,Davinson Sanchez,1.0
221,Luiz Danilo,DF,186,Nico Elvedi,1.0
221,Luiz Danilo,DF,148,Nikola Katic,1.0
221,Luiz Danilo,DF,126,Richmond Mamah Laryea,1.0
221,Luiz Danilo,DF,1068,Wan Wan-Bissaka,1.0
221,Luiz Danilo,DF,1070,Axel Tuanzebe,1.0
222,Bremer Bremer,DF,1247,Roderick Alonso Miller,1.0
222,Bremer Bremer,DF,1156,Trevoh Tom Chalobah,1.0
222,Bremer Bremer,DF,1159,Daniel Johnson Burn,1.0
222,Bremer Bremer,DF,1237,Eric Javier Davis,1.0
222,Bremer Bremer,DF,805,Abdullatif Jehad Thikri,1.0
222,Bremer Bremer,DF,808,José María Gimenez,1.0
222,Bremer Bremer,DF,810,Ronald Federico Araujo,1.0
222,Bremer Bremer,DF,28,Tholo Thabang Matuludi,1.0
222,Bremer Bremer,DF,29,Khulumani Ndamane,1.0
222,Bremer Bremer,DF,44,Samukele Alucious Kabini,1.0
223,PEREIRALeonardo Leo,DF,1247,Roderick Alonso Miller,1.0
223,PEREIRALeonardo Leo,DF,1156,Trevoh Tom Chalobah,1.0
223,PEREIRALeonardo Leo,DF,1159,Daniel Johnson Burn,1.0
223,PEREIRALeonardo Leo,DF,1237,Eric Javier Davis,1.0
223,PEREIRALeonardo Leo,DF,805,Abdullatif Jehad Thikri,1.0
223,PEREIRALeonardo Leo,DF,808,José María Gimenez,1.0
223,PEREIRALeonardo Leo,DF,810,Ronald Federico Araujo,1.0
223,PEREIRALeonardo Leo,DF,28,Tholo Thabang Matuludi,1.0
223,PEREIRALeonardo Leo,DF,29,Khulumani Ndamane,1.0
223,PEREIRALeonardo Leo,DF,44,Samukele Alucious Kabini,1.0
224,Douglas Douglas Santos,DF,367,Alessandro Circati,0.965199219000514
224,Douglas Douglas Santos,DF,383,Harry James Souttar,0.965199219000514
224,Douglas Douglas Santos,DF,315,Christopher Jeffrey Richards,0.9545323252463616
224,Douglas Douglas Santos,DF,317,Antonee Robinson,0.9505535905367987
224,Douglas Douglas Santos,DF,369,Jordan Jacob Bos,0.9319004138919423
224,Douglas Douglas Santos,DF,792,Abdullah Saud Abdulhamid,0.8124298856547361
224,Douglas Douglas Santos,DF,907,Ghazi Salih Merchas,0.8124298856547361
224,Douglas Douglas Santos,DF,56,Minjae Kim,0.8003155150427105
224,Douglas Douglas Santos,DF,837,Jules Olivier Kounde,0.7090086954065485
224,Douglas Douglas Santos,DF,1150,Keaninkin Marc-Isreal Guehi,0.700866025822927
225,Henrique Fabinho,MF,72,Hyunjun Yang,1.0
225,Henrique Fabinho,MF,69,Junho Bae,1.0
225,Henrique Fabinho,MF,77,Jisung Eom,1.0
225,Henrique Fabinho,MF,76,Jingyu Kim,1.0
225,Henrique Fabinho,MF,78,Donggyeong Lee,1.0
225,Henrique Fabinho,MF,103,Hugo Sochurek,1.0
225,Henrique Fabinho,MF,1160,Kobbie Boateng Mainoo,1.0
225,Henrique Fabinho,MF,1158,Jordan Brian Henderson,1.0
225,Henrique Fabinho,MF,125,Jonathan Osorio,1.0
225,Henrique Fabinho,MF,1177,Nikola Moro,1.0
226,Danilo Danilo Santos,MF,72,Hyunjun Yang,1.0
226,Danilo Danilo Santos,MF,69,Junho Bae,1.0
226,Danilo Danilo Santos,MF,77,Jisung Eom,1.0
226,Danilo Danilo Santos,MF,76,Jingyu Kim,1.0
226,Danilo Danilo Santos,MF,78,Donggyeong Lee,1.0
226,Danilo Danilo Santos,MF,103,Hugo Sochurek,1.0
226,Danilo Danilo Santos,MF,1160,Kobbie Boateng Mainoo,1.0
226,Danilo Danilo Santos,MF,1158,Jordan Brian Henderson,1.0
226,Danilo Danilo Santos,MF,125,Jonathan Osorio,1.0
226,Danilo Danilo Santos,MF,1177,Nikola Moro,1.0
227,Felipe Endrick,FW,1246,Azarías Emmanuel Londono,0.9999999999999997
227,Felipe Endrick,FW,10,Ernesto Alexis Vega,0.9999999999999997
227,Felipe Endrick,FW,14,Armando Gonzalez,0.9999999999999997
227,Felipe Endrick,FW,21,César Saúl Huerta,0.9999999999999997
227,Felipe Endrick,FW,97,Tomáš Chory,0.9999999999999997
227,Felipe Endrick,FW,91,Mojmír Chytil,0.9999999999999997
227,Felipe Endrick,FW,139,Samed Bazdar,0.9999999999999997
227,Felipe Endrick,FW,130,Jayden Nelson,0.9999999999999997
227,Felipe Endrick,FW,1144,Carlos Andrés Gomez,0.9999999999999997
227,Felipe Endrick,FW,1113,Igor Sergeev,0.9999999999999997
228,Lucas Lucas Paqueta,MF,992,Xaver Schlager,0.999970698203584
228,Lucas Lucas Paqueta,MF,647,Nicolas Thierry Raskin,0.9933974364493693
228,Lucas Lucas Paqueta,MF,439,Felix Kalu Nmecha,0.9932281275164804
228,Lucas Lucas Paqueta,MF,528,Ryan Jiro Gravenberch,0.9850864775492505
228,Lucas Lucas Paqueta,MF,994,Nicolas Seiwald,0.9834830252970218
228,Lucas Lucas Paqueta,MF,1180,Luka Modric,0.9819342986092527
228,Lucas Lucas Paqueta,MF,329,Malik Leon Tillman,0.9819185305104667
228,Lucas Lucas Paqueta,MF,191,Johan Kula Manzambi,0.9810947185348333
228,Lucas Lucas Paqueta,MF,1187,Petar Sucic,0.9766311916407642
228,Lucas Lucas Paqueta,MF,1048,Miguel Bruno,0.976132415742108
229,Henrique André Luiz,FW,1246,Azarías Emmanuel Londono,0.9999999999999997
229,Henrique André Luiz,FW,10,Ernesto Alexis Vega,0.9999999999999997
229,Henrique André Luiz,FW,14,Armando Gonzalez,0.9999999999999997
229,Henrique André Luiz,FW,21,César Saúl Huerta,0.9999999999999997
229,Henrique André Luiz,FW,97,Tomáš Chory,0.9999999999999997
229,Henrique André Luiz,FW,91,Mojmír Chytil,0.9999999999999997
229,Henrique André Luiz,FW,139,Samed Bazdar,0.9999999999999997
229,Henrique André Luiz,FW,130,Jayden Nelson,0.9999999999999997
229,Henrique André Luiz,FW,1144,Carlos Andrés Gomez,0.9999999999999997
229,Henrique André Luiz,FW,1113,Igor Sergeev,0.9999999999999997
230,MARTINELLIGabriel Gabriel,FW,657,Ahmed Ibrahim Trezeguet,0.9999160137002437
230,MARTINELLIGabriel Gabriel,FW,70,Hyeongyu Oh,0.9985037129122557
230,MARTINELLIGabriel Gabriel,FW,878,Ibrahim Mbaye,0.9983750796158241
230,MARTINELLIGabriel Gabriel,FW,1049,RAMOSGonçalo Goncalo,0.9974767423039177
230,MARTINELLIGabriel Gabriel,FW,607,Hazem Mastouri,0.9800404699575515
230,MARTINELLIGabriel Gabriel,FW,243,Soufiane Rahimi,0.9712806147885101
230,MARTINELLIGabriel Gabriel,FW,974,Ahmed Nadhir Benbouali,0.9707712556228667
230,MARTINELLIGabriel Gabriel,FW,1002,Saša Kalajdzic,0.9701930195666832
230,MARTINELLIGabriel Gabriel,FW,995,Marko Arnautovic,0.965645373091826
230,MARTINELLIGabriel Gabriel,FW,1085,Mayele Fiston Mayele,0.9652110918165308
231,Ederson Ederson,GK,12,Carlos Acevedo,1.0
231,Ederson Ederson,GK,64,Bumkeun Song,1.0
231,Ederson Ederson,GK,48,Stuart Ricardo Goss,1.0
231,Ederson Ederson,GK,42,Sipho Justin Chaine,1.0
231,Ederson Ederson,GK,122,Owen Olamidayo Goodman,1.0
231,Ederson Ederson,GK,101,Lukáš Hornicek,1.0
231,Ederson Ederson,GK,94,Jind ř ich Stanek,1.0
231,Ederson Ederson,GK,73,Hyeonwoo Jo,1.0
231,Ederson Ederson,GK,220,Weverton Weverton,1.0
231,Ederson Ederson,GK,194,Yvon Landry Mvogo,1.0
232,IBANEZRoger Roger,DF,1248,Jorge Abdiel Gutierrez,1.0
232,IBANEZRoger Roger,DF,1226,Fidel Escobar,1.0
232,IBANEZRoger Roger,DF,1192,Luka Vuskovic,1.0
232,IBANEZRoger Roger,DF,107,Alfie Charles Jones,1.0
232,IBANEZRoger Roger,DF,123,Alphonso Boyle Davies,1.0
232,IBANEZRoger Roger,DF,679,Ehsan Hajisafi,1.0
232,IBANEZRoger Roger,DF,693,Arya Yousefi,1.0
232,IBANEZRoger Roger,DF,706,Tyler Grant Bindon,1.0
232,IBANEZRoger Roger,DF,665,Hafez Ramadan Karim Hafez,1.0
232,IBANEZRoger Roger,DF,783,Mohammed Ali Lajami,1.0
233,Thiago Igor Thiago,FW,1240,Cecilio Alfonso Waterman,0.9999999999999998
233,Thiago Igor Thiago,FW,1239,Jose Fajardo,0.9999999999999998
233,Thiago Igor Thiago,FW,104,Denis Visinsky,0.9999999999999998
233,Thiago Igor Thiago,FW,1027,Nayef Ahmad Mahmoud Almardi,0.9999999999999998
233,Thiago Igor Thiago,FW,973,Anis Hadj Moussa,0.9999999999999998
233,Thiago Igor Thiago,FW,1066,Francisco Francisco Conceicao,0.9999999999999998
233,Thiago Igor Thiago,FW,1038,Ahmad Ali Ali Azaizeh,0.9999999999999998
233,Thiago Igor Thiago,FW,921,Jørgen Strand Strand Larsen,0.9999999999999998
233,Thiago Igor Thiago,FW,763,BENCHIMOLGilson Gilson,0.9999999999999998
233,Thiago Igor Thiago,FW,271,Don Deedson Deedson,0.9999999999999998
234,Vitor Rayan,FW,322,Christian Mate Pulisic,0.9980522018228364
234,Vitor Rayan,FW,1143,Luis Javier Suarez,0.997363550959334
234,Vitor Rayan,FW,164,Junior Edmilson,0.9869806795909564
234,Vitor Rayan,FW,1058,Pedro Pedro Neto,0.9813986814752561
234,Vitor Rayan,FW,479,Yan Diomande,0.975214575109957
234,Vitor Rayan,FW,868,Sadio Mane,0.971843679665145
234,Vitor Rayan,FW,244,Brahim Diaz,0.9491946880318334
234,Vitor Rayan,FW,843,Michael Akpovie Olise,0.9309415722044462
234,Vitor Rayan,FW,711,Christopher Grant Wood,0.9022905018088347
234,Vitor Rayan,FW,503,John Yeboah,0.901305484134532
235,Yassine Bounou,GK,547,Zion Suzuki,0.9923783972520248
235,Yassine Bounou,GK,183,Gregor Kobel,0.989189406416566
235,Yassine Bounou,GK,1145,Jordan Lee Pickford,0.9877795691281315
235,Yassine Bounou,GK,959,Damián Emiliano Martinez,0.9676662379048918
235,Yassine Bounou,GK,625,Thibaut Nicolas Courtois,0.9526902875339684
235,Yassine Bounou,GK,848,Mike Peterson Maignan,0.9513835275888519
235,Yassine Bounou,GK,209,Ramsés Alisson,0.9340871348810531
235,Yassine Bounou,GK,120,Maxime Crepeau,0.895291657793889
235,Yassine Bounou,GK,382,Patrick Thomas Beach,0.876027164392326
235,Yassine Bounou,GK,469,Yahia Fofana,0.8561124462166795
236,Achraf Hakimi,DF,1146,Ezri Ngoyo Konsa,0.9563411941491592
236,Achraf Hakimi,DF,942,Lisandro Martinez,0.9529875302272809
236,Achraf Hakimi,DF,949,Cristian Gabriel Romero,0.9529019011486562
236,Achraf Hakimi,DF,1065,Alexandre Nuno,0.9141860481215625
236,Achraf Hakimi,DF,740,Pedro Antonio Porro,0.8942419951556826
236,Achraf Hakimi,DF,752,Marc Cucurella,0.8342855612060808
236,Achraf Hakimi,DF,836,Dayotchanculle Oswald Upamecano,0.8231807831386134
236,Achraf Hakimi,DF,524,Virgil Van Dijk,0.8176493056541123
236,Achraf Hakimi,DF,526,Paul Jan-Paul Van Hecke,0.8176493056541123
236,Achraf Hakimi,DF,195,Ricardo Ivan Rodriguez,0.8168608201115788
237,Noussair Mazraoui,DF,1169,Tehuti Djed-Hotep Spence,1.0000000000000002
237,Noussair Mazraoui,DF,106,Alistair William Johnston,1.0000000000000002
237,Noussair Mazraoui,DF,1147,Nico Oreilly,1.0000000000000002
237,Noussair Mazraoui,DF,1121,Jhon Janer Lucumi,1.0000000000000002
237,Noussair Mazraoui,DF,212,MARQUINHOSMarcos,1.0000000000000002
237,Noussair Mazraoui,DF,927,Torbjørn Lysaker Heggem,1.0000000000000002
237,Noussair Mazraoui,DF,962,Nahuel Molina,1.0000000000000002
237,Noussair Mazraoui,DF,342,Juan Jose Caceres,1.0000000000000002
237,Noussair Mazraoui,DF,23,Jesús Daniel Gallardo,1.0000000000000002
237,Noussair Mazraoui,DF,858,Maxence Guy Lacroix,1.0000000000000002
238,Sofyan Amrabat,MF,63,Hee Chan Hwang,0.9999999999999999
238,Sofyan Amrabat,MF,86,Vladimír Darida,0.9999999999999999
238,Sofyan Amrabat,MF,100,Tomáš Soucek,0.9999999999999999
238,Sofyan Amrabat,MF,95,Lukáš Provod,0.9999999999999999
238,Sofyan Amrabat,MF,110,Mathieu Choiniere,0.9999999999999999
238,Sofyan Amrabat,MF,1133,Juan Camilo Portilla,0.9999999999999999
238,Sofyan Amrabat,MF,118,Jacob Everett Shaffelburg,0.9999999999999999
238,Sofyan Amrabat,MF,1185,Mario Pasalic,0.9999999999999999
238,Sofyan Amrabat,MF,138,Armin Gigovic,0.9999999999999999
238,Sofyan Amrabat,MF,1103,Oston Urunov,0.9999999999999999
239,Marwane Saadane,DF,1247,Roderick Alonso Miller,1.0
239,Marwane Saadane,DF,1156,Trevoh Tom Chalobah,1.0
239,Marwane Saadane,DF,1159,Daniel Johnson Burn,1.0
239,Marwane Saadane,DF,1237,Eric Javier Davis,1.0
239,Marwane Saadane,DF,805,Abdullatif Jehad Thikri,1.0
239,Marwane Saadane,DF,808,José María Gimenez,1.0
239,Marwane Saadane,DF,810,Ronald Federico Araujo,1.0
239,Marwane Saadane,DF,28,Tholo Thabang Matuludi,1.0
239,Marwane Saadane,DF,29,Khulumani Ndamane,1.0
239,Marwane Saadane,DF,44,Samukele Alucious Kabini,1.0
240,Ayyoub Bouaddi,MF,1134,Jefferson Andrés Lerma,0.9999999999999998
240,Ayyoub Bouaddi,MF,918,Sander Gard Bolin Berge,0.9999999999999998
240,Ayyoub Bouaddi,MF,320,Mc,0.9999999999999998
240,Ayyoub Bouaddi,MF,744,Rodrigo Rodri,0.9999999999999998
240,Ayyoub Bouaddi,MF,19,Gilberto Rafael Mora,0.9999999999999998
240,Ayyoub Bouaddi,MF,838,Emmanuel Boris Kone,0.9999999999999998
240,Ayyoub Bouaddi,MF,257,Bilal El Khannouss,0.9987000498249574
240,Ayyoub Bouaddi,MF,1129,Jhon Adolfo Arias,0.9985909967528839
240,Ayyoub Bouaddi,MF,213,Henrique,0.9984082204887947
240,Ayyoub Bouaddi,MF,748,Pedro Pedri,0.9966353324159554
241,Chemsdine Talbi,MF,1098,Akmal Mozgovoy,0.9998869766874019
241,Chemsdine Talbi,MF,388,Paul Michael Junior Okon-Engstler,0.9996975372366758
241,Chemsdine Talbi,MF,143,Ivan Basic,0.999473612142723
241,Chemsdine Talbi,MF,102,Alexandr Sojka,0.9988135165323551
241,Chemsdine Talbi,MF,970,Houssem-Eddine Chaabane Aouar,0.9974801878268507
241,Chemsdine Talbi,MF,326,Sebastian Matthew Berhalter,0.9934645729005488
241,Chemsdine Talbi,MF,7,Luis Francisco Romo,0.991860105472502
241,Chemsdine Talbi,MF,554,Takefusa Kubo,0.9908049136835574
241,Chemsdine Talbi,MF,436,Nadiem Amiri,0.9892526371839803
241,Chemsdine Talbi,MF,931,Andreas Rædergård Schjelderup,0.9814680239662316
242,Azz-Eddine Ounahi,MF,1114,Abbosbek Fayzullaev,0.9913953100544834
242,Azz-Eddine Ounahi,MF,450,Livano Shyron Liomar Comenencia,0.9897941510273647
242,Azz-Eddine Ounahi,MF,557,Daizen Maeda,0.98807337970096
242,Azz-Eddine Ounahi,MF,684,Mohammad Mohebbi,0.98807337970096
242,Azz-Eddine Ounahi,MF,646,Alexis Jesse Saelemaekers,0.9866709063156941
242,Azz-Eddine Ounahi,MF,1035,Mahmoud Ahmed Nizar Alrashdan,0.9866709063156941
242,Azz-Eddine Ounahi,MF,1199,Caleb Marfo Yirenkyi,0.9855738246692759
242,Azz-Eddine Ounahi,MF,290,Mc,0.9847668764610163
242,Azz-Eddine Ounahi,MF,426,Jamal Musiala,0.9846337580908928
242,Azz-Eddine Ounahi,MF,372,Connor Isaac Metcalfe,0.9791858892376238
243,Soufiane Rahimi,FW,974,Ahmed Nadhir Benbouali,0.9999952589545203
243,Soufiane Rahimi,FW,1085,Mayele Fiston Mayele,0.9994330614559975
243,Soufiane Rahimi,FW,218,Neymar Neymar Jr,0.9986563070154898
243,Soufiane Rahimi,FW,607,Hazem Mastouri,0.994792328930628
243,Soufiane Rahimi,FW,1002,Saša Kalajdzic,0.9946220544822564
243,Soufiane Rahimi,FW,995,Marko Arnautovic,0.9939877563450561
243,Soufiane Rahimi,FW,155,Jovo Lukic,0.9932460669585821
243,Soufiane Rahimi,FW,166,Khalid Hassan Alhaydos,0.9909486390775841
243,Soufiane Rahimi,FW,1139,Jaminton Leandro Campaz,0.9893659608082429
243,Soufiane Rahimi,FW,1049,RAMOSGonçalo Goncalo,0.9841493984098358
244,Brahim Diaz,FW,843,Michael Akpovie Olise,0.9985188118307229
244,Brahim Diaz,FW,660,Hamed Mahrous Mohamed Salah,0.9885807377448766
244,Brahim Diaz,FW,1162,Anthony Michael Gordon,0.9879048724833881
244,Brahim Diaz,FW,1058,Pedro Pedro Neto,0.9789644857969553
244,Brahim Diaz,FW,357,Julio Cesar Enciso,0.9712398082336036
244,Brahim Diaz,FW,479,Yan Diomande,0.9671586398011021
244,Brahim Diaz,FW,738,Daniel Olmo,0.9663987798206536
244,Brahim Diaz,FW,868,Sadio Mane,0.961637511444479
244,Brahim Diaz,FW,581,Alexander Isak,0.9543576848620067
244,Brahim Diaz,FW,322,Christian Mate Pulisic,0.9538618284070861
245,Ismael Saibari,MF,213,Henrique,0.997662436189298
245,Ismael Saibari,MF,960,Enzo Jeremías Fernandez,0.9976322423135412
245,Ismael Saibari,MF,1129,Jhon Adolfo Arias,0.9974981256490099
245,Ismael Saibari,MF,748,Pedro Pedri,0.9962104277048209
245,Ismael Saibari,MF,257,Bilal El Khannouss,0.9959325016092695
245,Ismael Saibari,MF,320,Mc,0.9933932031470846
245,Ismael Saibari,MF,240,Ayyoub Bouaddi,0.9933932031470846
245,Ismael Saibari,MF,918,Sander Gard Bolin Berge,0.9933932031470846
245,Ismael Saibari,MF,19,Gilberto Rafael Mora,0.9933932031470846
245,Ismael Saibari,MF,838,Emmanuel Boris Kone,0.9933932031470846
246,Monir El Kajoui,GK,12,Carlos Acevedo,1.0
246,Monir El Kajoui,GK,64,Bumkeun Song,1.0
246,Monir El Kajoui,GK,48,Stuart Ricardo Goss,1.0
246,Monir El Kajoui,GK,42,Sipho Justin Chaine,1.0
246,Monir El Kajoui,GK,122,Owen Olamidayo Goodman,1.0
246,Monir El Kajoui,GK,101,Lukáš Hornicek,1.0
246,Monir El Kajoui,GK,94,Jind ř ich Stanek,1.0
246,Monir El Kajoui,GK,73,Hyeonwoo Jo,1.0
246,Monir El Kajoui,GK,220,Weverton Weverton,1.0
246,Monir El Kajoui,GK,231,Ederson Ederson,1.0
247,Zakaria El Ouahdi,DF,65,Taeseok Lee,1.0000000000000002
247,Zakaria El Ouahdi,DF,81,Tomáš Holes,1.0000000000000002
247,Zakaria El Ouahdi,DF,1174,Joško Gvardiol,1.0000000000000002
247,Zakaria El Ouahdi,DF,1149,John Stones,1.0000000000000002
247,Zakaria El Ouahdi,DF,1110,Abdulla Abdullaev,1.0000000000000002
247,Zakaria El Ouahdi,DF,1116,Behruzjon Karimov,1.0000000000000002
247,Zakaria El Ouahdi,DF,119,Moïse Bombito Bombito,1.0000000000000002
247,Zakaria El Ouahdi,DF,1140,Deiver Machado,1.0000000000000002
247,Zakaria El Ouahdi,DF,1069,Steve Nkanu Kapuadi,1.0000000000000002
247,Zakaria El Ouahdi,DF,861,Kalidou Koulibaly,1.0000000000000002
248,Issa Laye Lucas Jean Diop,DF,767,CABRALSidny Sidny Lopes,0.999943833565789
248,Issa Laye Lucas Jean Diop,DF,718,Finn Surman,0.9997430360742955
248,Issa Laye Lucas Jean Diop,DF,20,Mateo Chavez,0.9997430360742955
248,Issa Laye Lucas Jean Diop,DF,784,Ali Abdulelah Alamri,0.9989797582689561
248,Issa Laye Lucas Jean Diop,DF,1120,Daniel Munoz,0.998583517312536
248,Issa Laye Lucas Jean Diop,DF,652,Ahmed Ibrahim Yasser,0.9967133372619382
248,Issa Laye Lucas Jean Diop,DF,926,Marcus Holmgren Holmgren Pedersen,0.9794507703361042
248,Issa Laye Lucas Jean Diop,DF,1219,Derrick Luckassen,0.9792772475832765
248,Issa Laye Lucas Jean Diop,DF,602,Omar Rekik,0.9792772475832765
248,Issa Laye Lucas Jean Diop,DF,431,Nico Cédric Schlotterbeck,0.9788645797554089
249,Samir El Mourabet,MF,72,Hyunjun Yang,1.0
249,Samir El Mourabet,MF,69,Junho Bae,1.0
249,Samir El Mourabet,MF,77,Jisung Eom,1.0
249,Samir El Mourabet,MF,76,Jingyu Kim,1.0
249,Samir El Mourabet,MF,78,Donggyeong Lee,1.0
249,Samir El Mourabet,MF,103,Hugo Sochurek,1.0
249,Samir El Mourabet,MF,1160,Kobbie Boateng Mainoo,1.0
249,Samir El Mourabet,MF,1158,Jordan Brian Henderson,1.0
249,Samir El Mourabet,MF,125,Jonathan Osorio,1.0
249,Samir El Mourabet,MF,1177,Nikola Moro,1.0
250,Gessime Ben Youssef Mustapha Yassine,MF,780,Sandro Helio Varela,0.9828237380686128
250,Gessime Ben Youssef Mustapha Yassine,MF,8,Álvaro Fidalgo,0.981441015996113
250,Gessime Ben Youssef Mustapha Yassine,MF,929,Thelonious Gerard Aasgaard,0.9724919386494709
250,Gessime Ben Youssef Mustapha Yassine,MF,319,Giovanni Alejandro Reyna,0.9716559211683687
250,Gessime Ben Youssef Mustapha Yassine,MF,349,Mauricio Mauricio,0.9591764919957566
250,Gessime Ben Youssef Mustapha Yassine,MF,156,Ermin Mahmic,0.9549834039074125
250,Gessime Ben Youssef Mustapha Yassine,MF,947,Giovani Lo Celso,0.9427514772920487
250,Gessime Ben Youssef Mustapha Yassine,MF,125,Jonathan Osorio,0.8791044924060839
250,Gessime Ben Youssef Mustapha Yassine,MF,1177,Nikola Moro,0.8791044924060839
250,Gessime Ben Youssef Mustapha Yassine,MF,226,Danilo Danilo Santos,0.8791044924060839
251,Mohamed Amine Sbai,FW,1246,Azarías Emmanuel Londono,0.9999999999999997
251,Mohamed Amine Sbai,FW,10,Ernesto Alexis Vega,0.9999999999999997
251,Mohamed Amine Sbai,FW,14,Armando Gonzalez,0.9999999999999997
251,Mohamed Amine Sbai,FW,21,César Saúl Huerta,0.9999999999999997
251,Mohamed Amine Sbai,FW,97,Tomáš Chory,0.9999999999999997
251,Mohamed Amine Sbai,FW,91,Mojmír Chytil,0.9999999999999997
251,Mohamed Amine Sbai,FW,139,Samed Bazdar,0.9999999999999997
251,Mohamed Amine Sbai,FW,130,Jayden Nelson,0.9999999999999997
251,Mohamed Amine Sbai,FW,1144,Carlos Andrés Gomez,0.9999999999999997
251,Mohamed Amine Sbai,FW,1113,Igor Sergeev,0.9999999999999997
252,Chadi Riad,DF,1150,Keaninkin Marc-Isreal Guehi,1.0000000000000002
252,Chadi Riad,DF,187,Manuel Obafemi Akanji,1.0000000000000002
252,Chadi Riad,DF,849,William Alain André Gabriel Saliba,1.0000000000000002
252,Chadi Riad,DF,837,Jules Olivier Kounde,0.9995466585685674
252,Chadi Riad,DF,106,Alistair William Johnston,0.9987606806481013
252,Chadi Riad,DF,1147,Nico Oreilly,0.9987606806481013
252,Chadi Riad,DF,1121,Jhon Janer Lucumi,0.9987606806481013
252,Chadi Riad,DF,342,Juan Jose Caceres,0.9987606806481013
252,Chadi Riad,DF,927,Torbjørn Lysaker Heggem,0.9987606806481013
252,Chadi Riad,DF,237,Noussair Mazraoui,0.9987606806481013
253,Youssef Belammari,DF,1247,Roderick Alonso Miller,1.0
253,Youssef Belammari,DF,1156,Trevoh Tom Chalobah,1.0
253,Youssef Belammari,DF,1159,Daniel Johnson Burn,1.0
253,Youssef Belammari,DF,1237,Eric Javier Davis,1.0
253,Youssef Belammari,DF,805,Abdullatif Jehad Thikri,1.0
253,Youssef Belammari,DF,808,José María Gimenez,1.0
253,Youssef Belammari,DF,810,Ronald Federico Araujo,1.0
253,Youssef Belammari,DF,28,Tholo Thabang Matuludi,1.0
253,Youssef Belammari,DF,29,Khulumani Ndamane,1.0
253,Youssef Belammari,DF,44,Samukele Alucious Kabini,1.0
254,Ayoub El Kaabi,FW,1240,Cecilio Alfonso Waterman,0.9999999999999998
254,Ayoub El Kaabi,FW,1239,Jose Fajardo,0.9999999999999998
254,Ayoub El Kaabi,FW,104,Denis Visinsky,0.9999999999999998
254,Ayoub El Kaabi,FW,1027,Nayef Ahmad Mahmoud Almardi,0.9999999999999998
254,Ayoub El Kaabi,FW,973,Anis Hadj Moussa,0.9999999999999998
254,Ayoub El Kaabi,FW,1066,Francisco Francisco Conceicao,0.9999999999999998
254,Ayoub El Kaabi,FW,1038,Ahmad Ali Ali Azaizeh,0.9999999999999998
254,Ayoub El Kaabi,FW,921,Jørgen Strand Strand Larsen,0.9999999999999998
254,Ayoub El Kaabi,FW,763,BENCHIMOLGilson Gilson,0.9999999999999998
254,Ayoub El Kaabi,FW,271,Don Deedson Deedson,0.9999999999999998
255,Ayoube Amaimouni,FW,93,Pavel Sulc,1.0000000000000002
255,Ayoube Amaimouni,FW,88,Patrik Schick,1.0000000000000002
255,Ayoube Amaimouni,FW,124,Ali Ahmed,1.0000000000000002
255,Ayoube Amaimouni,FW,116,Tanitoluwa Oluwatimilehin Oluwaseyi,1.0000000000000002
255,Ayoube Amaimouni,FW,1127,Jhon Andrés Cordoba,1.0000000000000002
255,Ayoube Amaimouni,FW,171,Abdurisag Yusuf Abdurisag,1.0000000000000002
255,Ayoube Amaimouni,FW,150,Esmir Bajraktarevic,1.0000000000000002
255,Ayoube Amaimouni,FW,1051,João Joao Felix,1.0000000000000002
255,Ayoube Amaimouni,FW,827,Federico Sebastian Vinas,1.0000000000000002
255,Ayoube Amaimouni,FW,296,Che Sac Everton Fred Adams,1.0000000000000002
256,Ahmed Reda Tagnaouti,GK,12,Carlos Acevedo,1.0
256,Ahmed Reda Tagnaouti,GK,64,Bumkeun Song,1.0
256,Ahmed Reda Tagnaouti,GK,48,Stuart Ricardo Goss,1.0
256,Ahmed Reda Tagnaouti,GK,42,Sipho Justin Chaine,1.0
256,Ahmed Reda Tagnaouti,GK,122,Owen Olamidayo Goodman,1.0
256,Ahmed Reda Tagnaouti,GK,101,Lukáš Hornicek,1.0
256,Ahmed Reda Tagnaouti,GK,94,Jind ř ich Stanek,1.0
256,Ahmed Reda Tagnaouti,GK,73,Hyeonwoo Jo,1.0
256,Ahmed Reda Tagnaouti,GK,220,Weverton Weverton,1.0
256,Ahmed Reda Tagnaouti,GK,231,Ederson Ederson,1.0
257,Bilal El Khannouss,MF,748,Pedro Pedri,0.9995176521241699
257,Bilal El Khannouss,MF,960,Enzo Jeremías Fernandez,0.9991544764680883
257,Bilal El Khannouss,MF,240,Ayyoub Bouaddi,0.9987000498249574
257,Bilal El Khannouss,MF,320,Mc,0.9987000498249574
257,Bilal El Khannouss,MF,918,Sander Gard Bolin Berge,0.9987000498249574
257,Bilal El Khannouss,MF,838,Emmanuel Boris Kone,0.9987000498249574
257,Bilal El Khannouss,MF,1134,Jefferson Andrés Lerma,0.9987000498249574
257,Bilal El Khannouss,MF,19,Gilberto Rafael Mora,0.9987000498249574
257,Bilal El Khannouss,MF,744,Rodrigo Rodri,0.9987000498249574
257,Bilal El Khannouss,MF,1129,Jhon Adolfo Arias,0.9980195229400372
258,Neil Yoni El Aynaoui,MF,1128,James David Rodriguez,1.0
258,Neil Yoni El Aynaoui,MF,190,Remo Marco Freuler,1.0
258,Neil Yoni El Aynaoui,MF,188,Denis Lemi Zakaria,1.0
258,Neil Yoni El Aynaoui,MF,1074,Samuel Alain Moutoussamy,1.0
258,Neil Yoni El Aynaoui,MF,352,Adrián Andrés Cubas,1.0
258,Neil Yoni El Aynaoui,MF,316,Tyler Shaan Adams,1.0
258,Neil Yoni El Aynaoui,MF,515,Alan Steven Franco,1.0
258,Neil Yoni El Aynaoui,MF,421,Aleksandar Pavlovic,1.0
258,Neil Yoni El Aynaoui,MF,924,Fredrik Aursnes,1.0
258,Neil Yoni El Aynaoui,MF,972,Fares Chaibi,1.0
259,Redouane Halhal,DF,1248,Jorge Abdiel Gutierrez,1.0
259,Redouane Halhal,DF,1226,Fidel Escobar,1.0
259,Redouane Halhal,DF,1192,Luka Vuskovic,1.0
259,Redouane Halhal,DF,107,Alfie Charles Jones,1.0
259,Redouane Halhal,DF,123,Alphonso Boyle Davies,1.0
259,Redouane Halhal,DF,679,Ehsan Hajisafi,1.0
259,Redouane Halhal,DF,693,Arya Yousefi,1.0
259,Redouane Halhal,DF,706,Tyler Grant Bindon,1.0
259,Redouane Halhal,DF,665,Hafez Ramadan Karim Hafez,1.0
259,Redouane Halhal,DF,783,Mohammed Ali Lajami,1.0
260,Anass Salah Eddine,DF,1248,Jorge Abdiel Gutierrez,1.0
260,Anass Salah Eddine,DF,1226,Fidel Escobar,1.0
260,Anass Salah Eddine,DF,1192,Luka Vuskovic,1.0
260,Anass Salah Eddine,DF,107,Alfie Charles Jones,1.0
260,Anass Salah Eddine,DF,123,Alphonso Boyle Davies,1.0
260,Anass Salah Eddine,DF,679,Ehsan Hajisafi,1.0
260,Anass Salah Eddine,DF,693,Arya Yousefi,1.0
260,Anass Salah Eddine,DF,706,Tyler Grant Bindon,1.0
260,Anass Salah Eddine,DF,665,Hafez Ramadan Karim Hafez,1.0
260,Anass Salah Eddine,DF,783,Mohammed Ali Lajami,1.0
261,Johny Placide,GK,157,Ibrahim Mahmoud Abunada,0.9889461268027189
261,Johny Placide,GK,703,Maxime Teremoana Crocombe,0.9800534313645624
261,Johny Placide,GK,1015,Mo'ien Hasan Yazeed Abulaila,0.9273722752439906
261,Johny Placide,GK,595,Bo Kristoffer Nordfeldt,0.9144748931832867
261,Johny Placide,GK,906,Basil Fadhil Ahmed,0.9014895778924479
261,Johny Placide,GK,1036,Ra'ed Mahmoud Abdallah Alfakhori,0.8892722349978233
261,Johny Placide,GK,874,Edouard Osoque Mendy,0.8852110098462469
261,Johny Placide,GK,599,Abdelmouhib Chamakh,0.867362586822538
261,Johny Placide,GK,1093,Utkir Yusupov,0.8642037758144793
261,Johny Placide,GK,896,Hasan Hachim Jalal Hassan,0.8634432411277373
262,Carlens Jean Fedlaire Ruby Arcus,DF,368,Jacob Michael Italiano,0.9999682081809983
262,Carlens Jean Fedlaire Ruby Arcus,DF,778,Fabricio Wagner Pina,0.9973471916032803
262,Carlens Jean Fedlaire Ruby Arcus,DF,4,Edson Omar Alvarez,0.9929926815257946
262,Carlens Jean Fedlaire Ruby Arcus,DF,56,Minjae Kim,0.980684308238829
262,Carlens Jean Fedlaire Ruby Arcus,DF,792,Abdullah Saud Abdulhamid,0.9762291660213945
262,Carlens Jean Fedlaire Ruby Arcus,DF,907,Ghazi Salih Merchas,0.9762291660213945
262,Carlens Jean Fedlaire Ruby Arcus,DF,369,Jordan Jacob Bos,0.8926139385837115
262,Carlens Jean Fedlaire Ruby Arcus,DF,317,Antonee Robinson,0.8659699101164083
262,Carlens Jean Fedlaire Ruby Arcus,DF,315,Christopher Jeffrey Richards,0.8592458787538093
262,Carlens Jean Fedlaire Ruby Arcus,DF,383,Harry James Souttar,0.8386676604240332
263,Keeto Thermoncy,DF,1247,Roderick Alonso Miller,1.0
263,Keeto Thermoncy,DF,1156,Trevoh Tom Chalobah,1.0
263,Keeto Thermoncy,DF,1159,Daniel Johnson Burn,1.0
263,Keeto Thermoncy,DF,1237,Eric Javier Davis,1.0
263,Keeto Thermoncy,DF,805,Abdullatif Jehad Thikri,1.0
263,Keeto Thermoncy,DF,808,José María Gimenez,1.0
263,Keeto Thermoncy,DF,810,Ronald Federico Araujo,1.0
263,Keeto Thermoncy,DF,28,Tholo Thabang Matuludi,1.0
263,Keeto Thermoncy,DF,29,Khulumani Ndamane,1.0
263,Keeto Thermoncy,DF,44,Samukele Alucious Kabini,1.0
264,Ricardo Ade,DF,74,Youngwoo Seol,0.9999999999999999
264,Ricardo Ade,DF,82,Robin Hranac,0.9999999999999999
264,Ricardo Ade,DF,15,Israel Reyes,0.9999999999999999
264,Ricardo Ade,DF,1173,Marin Pongracic,0.9999999999999999
264,Ricardo Ade,DF,1135,Johan Andrés Mojica,0.9999999999999999
264,Ricardo Ade,DF,108,Luc De Fougerolles,0.9999999999999999
264,Ricardo Ade,DF,1200,Jonas Adjei Adjetey,0.9999999999999999
264,Ricardo Ade,DF,1094,Abdukodir Khusanov,0.9999999999999999
264,Ricardo Ade,DF,207,Luca Antony Jaquez,0.9999999999999999
264,Ricardo Ade,DF,1105,Sherzod Nasrullaev,0.9999999999999999
265,Hannes Piterson Delcroix,DF,74,Youngwoo Seol,0.9999999999999999
265,Hannes Piterson Delcroix,DF,82,Robin Hranac,0.9999999999999999
265,Hannes Piterson Delcroix,DF,15,Israel Reyes,0.9999999999999999
265,Hannes Piterson Delcroix,DF,1173,Marin Pongracic,0.9999999999999999
265,Hannes Piterson Delcroix,DF,1135,Johan Andrés Mojica,0.9999999999999999
265,Hannes Piterson Delcroix,DF,108,Luc De Fougerolles,0.9999999999999999
265,Hannes Piterson Delcroix,DF,1200,Jonas Adjei Adjetey,0.9999999999999999
265,Hannes Piterson Delcroix,DF,1094,Abdukodir Khusanov,0.9999999999999999
265,Hannes Piterson Delcroix,DF,207,Luca Antony Jaquez,0.9999999999999999
265,Hannes Piterson Delcroix,DF,1105,Sherzod Nasrullaev,0.9999999999999999
266,Carl Fred Sainte,MF,72,Hyunjun Yang,1.0
266,Carl Fred Sainte,MF,69,Junho Bae,1.0
266,Carl Fred Sainte,MF,77,Jisung Eom,1.0
266,Carl Fred Sainte,MF,76,Jingyu Kim,1.0
266,Carl Fred Sainte,MF,78,Donggyeong Lee,1.0
266,Carl Fred Sainte,MF,103,Hugo Sochurek,1.0
266,Carl Fred Sainte,MF,1160,Kobbie Boateng Mainoo,1.0
266,Carl Fred Sainte,MF,1158,Jordan Brian Henderson,1.0
266,Carl Fred Sainte,MF,125,Jonathan Osorio,1.0
266,Carl Fred Sainte,MF,1177,Nikola Moro,1.0
267,Derrick Burckley Etienne,FW,1246,Azarías Emmanuel Londono,0.9999999999999997
267,Derrick Burckley Etienne,FW,10,Ernesto Alexis Vega,0.9999999999999997
267,Derrick Burckley Etienne,FW,14,Armando Gonzalez,0.9999999999999997
267,Derrick Burckley Etienne,FW,21,César Saúl Huerta,0.9999999999999997
267,Derrick Burckley Etienne,FW,97,Tomáš Chory,0.9999999999999997
267,Derrick Burckley Etienne,FW,91,Mojmír Chytil,0.9999999999999997
267,Derrick Burckley Etienne,FW,139,Samed Bazdar,0.9999999999999997
267,Derrick Burckley Etienne,FW,130,Jayden Nelson,0.9999999999999997
267,Derrick Burckley Etienne,FW,1144,Carlos Andrés Gomez,0.9999999999999997
267,Derrick Burckley Etienne,FW,1113,Igor Sergeev,0.9999999999999997
268,Martin Yves Roberns Didier Experience,DF,74,Youngwoo Seol,0.9999999999999999
268,Martin Yves Roberns Didier Experience,DF,82,Robin Hranac,0.9999999999999999
268,Martin Yves Roberns Didier Experience,DF,15,Israel Reyes,0.9999999999999999
268,Martin Yves Roberns Didier Experience,DF,1173,Marin Pongracic,0.9999999999999999
268,Martin Yves Roberns Didier Experience,DF,1135,Johan Andrés Mojica,0.9999999999999999
268,Martin Yves Roberns Didier Experience,DF,108,Luc De Fougerolles,0.9999999999999999
268,Martin Yves Roberns Didier Experience,DF,1200,Jonas Adjei Adjetey,0.9999999999999999
268,Martin Yves Roberns Didier Experience,DF,1094,Abdukodir Khusanov,0.9999999999999999
268,Martin Yves Roberns Didier Experience,DF,207,Luca Antony Jaquez,0.9999999999999999
268,Martin Yves Roberns Didier Experience,DF,1105,Sherzod Nasrullaev,0.9999999999999999
269,Duckens Nazon,FW,1246,Azarías Emmanuel Londono,0.9999999999999997
269,Duckens Nazon,FW,10,Ernesto Alexis Vega,0.9999999999999997
269,Duckens Nazon,FW,14,Armando Gonzalez,0.9999999999999997
269,Duckens Nazon,FW,21,César Saúl Huerta,0.9999999999999997
269,Duckens Nazon,FW,97,Tomáš Chory,0.9999999999999997
269,Duckens Nazon,FW,91,Mojmír Chytil,0.9999999999999997
269,Duckens Nazon,FW,139,Samed Bazdar,0.9999999999999997
269,Duckens Nazon,FW,130,Jayden Nelson,0.9999999999999997
269,Duckens Nazon,FW,1144,Carlos Andrés Gomez,0.9999999999999997
269,Duckens Nazon,FW,1113,Igor Sergeev,0.9999999999999997
270,Jean Ricner Bellegarde,MF,1178,Mateo Kovacic,1.0
270,Jean Ricner Bellegarde,MF,1099,Otabek Shukurov,1.0
270,Jean Ricner Bellegarde,MF,144,Ivan Sunjic,1.0
270,Jean Ricner Bellegarde,MF,293,Mc,1.0
270,Jean Ricner Bellegarde,MF,197,Djibril Ibrahima Sow,1.0
270,Jean Ricner Bellegarde,MF,305,Lewis Ferguson,1.0
270,Jean Ricner Bellegarde,MF,1072,Ngal’ayel Mukau,1.0
270,Jean Ricner Bellegarde,MF,449,Juninho Gracielo Bacuna,1.0
270,Jean Ricner Bellegarde,MF,452,Leandro Jones Johan Bacuna,1.0
270,Jean Ricner Bellegarde,MF,463,Tahith Jose Girigorio Djorkaef Chong,1.0
271,Don Deedson Deedson,FW,1240,Cecilio Alfonso Waterman,0.9999999999999998
271,Don Deedson Deedson,FW,1239,Jose Fajardo,0.9999999999999998
271,Don Deedson Deedson,FW,104,Denis Visinsky,0.9999999999999998
271,Don Deedson Deedson,FW,1027,Nayef Ahmad Mahmoud Almardi,0.9999999999999998
271,Don Deedson Deedson,FW,973,Anis Hadj Moussa,0.9999999999999998
271,Don Deedson Deedson,FW,1066,Francisco Francisco Conceicao,0.9999999999999998
271,Don Deedson Deedson,FW,1038,Ahmad Ali Ali Azaizeh,0.9999999999999998
271,Don Deedson Deedson,FW,921,Jørgen Strand Strand Larsen,0.9999999999999998
271,Don Deedson Deedson,FW,763,BENCHIMOLGilson Gilson,0.9999999999999998
271,Don Deedson Deedson,FW,276,Lenny Alvin Pico Joseph,0.9999999999999998
272,Alexandre Jr Pierre,GK,12,Carlos Acevedo,1.0
272,Alexandre Jr Pierre,GK,64,Bumkeun Song,1.0
272,Alexandre Jr Pierre,GK,48,Stuart Ricardo Goss,1.0
272,Alexandre Jr Pierre,GK,42,Sipho Justin Chaine,1.0
272,Alexandre Jr Pierre,GK,122,Owen Olamidayo Goodman,1.0
272,Alexandre Jr Pierre,GK,101,Lukáš Hornicek,1.0
272,Alexandre Jr Pierre,GK,94,Jind ř ich Stanek,1.0
272,Alexandre Jr Pierre,GK,73,Hyeonwoo Jo,1.0
272,Alexandre Jr Pierre,GK,220,Weverton Weverton,1.0
272,Alexandre Jr Pierre,GK,231,Ederson Ederson,1.0
273,Markhus Lacroix,DF,1247,Roderick Alonso Miller,1.0
273,Markhus Lacroix,DF,1156,Trevoh Tom Chalobah,1.0
273,Markhus Lacroix,DF,1159,Daniel Johnson Burn,1.0
273,Markhus Lacroix,DF,1237,Eric Javier Davis,1.0
273,Markhus Lacroix,DF,805,Abdullatif Jehad Thikri,1.0
273,Markhus Lacroix,DF,808,José María Gimenez,1.0
273,Markhus Lacroix,DF,810,Ronald Federico Araujo,1.0
273,Markhus Lacroix,DF,28,Tholo Thabang Matuludi,1.0
273,Markhus Lacroix,DF,29,Khulumani Ndamane,1.0
273,Markhus Lacroix,DF,44,Samukele Alucious Kabini,1.0
274,Garven-Michee Metusala,DF,1247,Roderick Alonso Miller,1.0
274,Garven-Michee Metusala,DF,1156,Trevoh Tom Chalobah,1.0
274,Garven-Michee Metusala,DF,1159,Daniel Johnson Burn,1.0
274,Garven-Michee Metusala,DF,1237,Eric Javier Davis,1.0
274,Garven-Michee Metusala,DF,805,Abdullatif Jehad Thikri,1.0
274,Garven-Michee Metusala,DF,808,José María Gimenez,1.0
274,Garven-Michee Metusala,DF,810,Ronald Federico Araujo,1.0
274,Garven-Michee Metusala,DF,28,Tholo Thabang Matuludi,1.0
274,Garven-Michee Metusala,DF,29,Khulumani Ndamane,1.0
274,Garven-Michee Metusala,DF,44,Samukele Alucious Kabini,1.0
275,Ruben Fritzner Providence,FW,11,Santiago Tomás Gimenez,1.0000000000000002
275,Ruben Fritzner Providence,FW,141,Edin Dzeko,1.0000000000000002
275,Ruben Fritzner Providence,FW,167,Hassan Akram,1.0000000000000002
275,Ruben Fritzner Providence,FW,1083,Cedric Bakambu,1.0000000000000002
275,Ruben Fritzner Providence,FW,954,Nicolas Paz,1.0000000000000002
275,Ruben Fritzner Providence,FW,936,Julian Ryerson,1.0000000000000002
275,Ruben Fritzner Providence,FW,952,Thiago Ezequiel Almada,1.0000000000000002
275,Ruben Fritzner Providence,FW,477,Ange-Yoan Laurent Bonny,1.0000000000000002
275,Ruben Fritzner Providence,FW,451,Jürgen Leonardo Locadia,1.0000000000000002
275,Ruben Fritzner Providence,FW,1164,Azuka Tristan Madueke,1.0000000000000002
276,Lenny Alvin Pico Joseph,FW,1240,Cecilio Alfonso Waterman,0.9999999999999998
276,Lenny Alvin Pico Joseph,FW,1239,Jose Fajardo,0.9999999999999998
276,Lenny Alvin Pico Joseph,FW,104,Denis Visinsky,0.9999999999999998
276,Lenny Alvin Pico Joseph,FW,1027,Nayef Ahmad Mahmoud Almardi,0.9999999999999998
276,Lenny Alvin Pico Joseph,FW,973,Anis Hadj Moussa,0.9999999999999998
276,Lenny Alvin Pico Joseph,FW,1066,Francisco Francisco Conceicao,0.9999999999999998
276,Lenny Alvin Pico Joseph,FW,1038,Ahmad Ali Ali Azaizeh,0.9999999999999998
276,Lenny Alvin Pico Joseph,FW,921,Jørgen Strand Strand Larsen,0.9999999999999998
276,Lenny Alvin Pico Joseph,FW,763,BENCHIMOLGilson Gilson,0.9999999999999998
276,Lenny Alvin Pico Joseph,FW,271,Don Deedson Deedson,0.9999999999999998
277,Danley Jean Jacques,MF,112,Ismaël Kenneth Jordan Kone,0.9989830169428203
277,Danley Jean Jacques,MF,346,Diego Alexander Gomez,0.9989830169428203
277,Danley Jean Jacques,MF,30,Teboho Mokoena,0.9818772615402321
277,Danley Jean Jacques,MF,270,Jean Ricner Bellegarde,0.8697854888380959
277,Danley Jean Jacques,MF,197,Djibril Ibrahima Sow,0.8697854888380959
277,Danley Jean Jacques,MF,293,Mc,0.8697854888380959
277,Danley Jean Jacques,MF,144,Ivan Sunjic,0.8697854888380959
277,Danley Jean Jacques,MF,449,Juninho Gracielo Bacuna,0.8697854888380959
277,Danley Jean Jacques,MF,452,Leandro Jones Johan Bacuna,0.8697854888380959
277,Danley Jean Jacques,MF,463,Tahith Jose Girigorio Djorkaef Chong,0.8697854888380959
278,Wilson Isidor,FW,1181,Ante Budimir,0.9906800808857709
278,Wilson Isidor,FW,514,Nilson David Angulo,0.9891167729435832
278,Wilson Isidor,FW,1075,Kibambe Brian Cipenga,0.9863231275542542
278,Wilson Isidor,FW,641,Charles Marc De Ketelaere,0.9613898257991051
278,Wilson Isidor,FW,902,Hussein Ghadhban Aymen,0.9587838380727843
278,Wilson Isidor,FW,539,Brian Ebenezer Adjei Brobbey,0.955381581982186
278,Wilson Isidor,FW,487,Nicolas Pepe,0.9552148887065761
278,Wilson Isidor,FW,1196,Petar Musa,0.9546614842201635
278,Wilson Isidor,FW,583,Anthony David Junior Elanga,0.9504262391332358
278,Wilson Isidor,FW,483,Amad Diallo,0.9331353266596176
279,Yassin Enzo Fortune,FW,1246,Azarías Emmanuel Londono,0.9999999999999997
279,Yassin Enzo Fortune,FW,10,Ernesto Alexis Vega,0.9999999999999997
279,Yassin Enzo Fortune,FW,14,Armando Gonzalez,0.9999999999999997
279,Yassin Enzo Fortune,FW,21,César Saúl Huerta,0.9999999999999997
279,Yassin Enzo Fortune,FW,97,Tomáš Chory,0.9999999999999997
279,Yassin Enzo Fortune,FW,91,Mojmír Chytil,0.9999999999999997
279,Yassin Enzo Fortune,FW,139,Samed Bazdar,0.9999999999999997
279,Yassin Enzo Fortune,FW,130,Jayden Nelson,0.9999999999999997
279,Yassin Enzo Fortune,FW,1144,Carlos Andrés Gomez,0.9999999999999997
279,Yassin Enzo Fortune,FW,1113,Igor Sergeev,0.9999999999999997
280,Frantzdy Pierrot,FW,461,Gervane Zjandric Adonnis Kastaneer,0.9830430497094637
280,Frantzdy Pierrot,FW,789,Tariq Feras,0.9409414468993378
280,Frantzdy Pierrot,FW,633,Romelu Lukaku,0.5931557924087232
280,Frantzdy Pierrot,FW,332,Folarin Jolaoluwa Balogun,0.5619102032801437
280,Frantzdy Pierrot,FW,635,Jeremy Baffour Doku,0.07623803051443968
280,Frantzdy Pierrot,FW,917,Alexander Sorloth,0.07365934721297429
280,Frantzdy Pierrot,FW,140,Ermedin Demirovic,0.07365934721297429
280,Frantzdy Pierrot,FW,503,John Yeboah,0.07365934721297429
280,Frantzdy Pierrot,FW,507,Enner Remberto Valencia,0.07365934721297429
280,Frantzdy Pierrot,FW,774,Isaac Ryan,0.07365934721297429
281,Josue Jeremie Casimir,FW,93,Pavel Sulc,1.0000000000000002
281,Josue Jeremie Casimir,FW,88,Patrik Schick,1.0000000000000002
281,Josue Jeremie Casimir,FW,124,Ali Ahmed,1.0000000000000002
281,Josue Jeremie Casimir,FW,116,Tanitoluwa Oluwatimilehin Oluwaseyi,1.0000000000000002
281,Josue Jeremie Casimir,FW,1127,Jhon Andrés Cordoba,1.0000000000000002
281,Josue Jeremie Casimir,FW,171,Abdurisag Yusuf Abdurisag,1.0000000000000002
281,Josue Jeremie Casimir,FW,150,Esmir Bajraktarevic,1.0000000000000002
281,Josue Jeremie Casimir,FW,1051,João Joao Felix,1.0000000000000002
281,Josue Jeremie Casimir,FW,827,Federico Sebastian Vinas,1.0000000000000002
281,Josue Jeremie Casimir,FW,296,Che Sac Everton Fred Adams,1.0000000000000002
282,Jean-Kévin Duverne,DF,65,Taeseok Lee,1.0000000000000002
282,Jean-Kévin Duverne,DF,81,Tomáš Holes,1.0000000000000002
282,Jean-Kévin Duverne,DF,1174,Joško Gvardiol,1.0000000000000002
282,Jean-Kévin Duverne,DF,1149,John Stones,1.0000000000000002
282,Jean-Kévin Duverne,DF,1110,Abdulla Abdullaev,1.0000000000000002
282,Jean-Kévin Duverne,DF,1116,Behruzjon Karimov,1.0000000000000002
282,Jean-Kévin Duverne,DF,119,Moïse Bombito Bombito,1.0000000000000002
282,Jean-Kévin Duverne,DF,1140,Deiver Machado,1.0000000000000002
282,Jean-Kévin Duverne,DF,1069,Steve Nkanu Kapuadi,1.0000000000000002
282,Jean-Kévin Duverne,DF,861,Kalidou Koulibaly,1.0000000000000002
283,Josue Duverger,GK,12,Carlos Acevedo,1.0
283,Josue Duverger,GK,64,Bumkeun Song,1.0
283,Josue Duverger,GK,48,Stuart Ricardo Goss,1.0
283,Josue Duverger,GK,42,Sipho Justin Chaine,1.0
283,Josue Duverger,GK,122,Owen Olamidayo Goodman,1.0
283,Josue Duverger,GK,101,Lukáš Hornicek,1.0
283,Josue Duverger,GK,94,Jind ř ich Stanek,1.0
283,Josue Duverger,GK,73,Hyeonwoo Jo,1.0
283,Josue Duverger,GK,220,Weverton Weverton,1.0
283,Josue Duverger,GK,231,Ederson Ederson,1.0
284,Wilguens Raphael Polynice Paugain,DF,1247,Roderick Alonso Miller,1.0
284,Wilguens Raphael Polynice Paugain,DF,1156,Trevoh Tom Chalobah,1.0
284,Wilguens Raphael Polynice Paugain,DF,1159,Daniel Johnson Burn,1.0
284,Wilguens Raphael Polynice Paugain,DF,1237,Eric Javier Davis,1.0
284,Wilguens Raphael Polynice Paugain,DF,805,Abdullatif Jehad Thikri,1.0
284,Wilguens Raphael Polynice Paugain,DF,808,José María Gimenez,1.0
284,Wilguens Raphael Polynice Paugain,DF,810,Ronald Federico Araujo,1.0
284,Wilguens Raphael Polynice Paugain,DF,28,Tholo Thabang Matuludi,1.0
284,Wilguens Raphael Polynice Paugain,DF,29,Khulumani Ndamane,1.0
284,Wilguens Raphael Polynice Paugain,DF,44,Samukele Alucious Kabini,1.0
285,Dominique Celidor Simon,MF,72,Hyunjun Yang,1.0
285,Dominique Celidor Simon,MF,69,Junho Bae,1.0
285,Dominique Celidor Simon,MF,77,Jisung Eom,1.0
285,Dominique Celidor Simon,MF,76,Jingyu Kim,1.0
285,Dominique Celidor Simon,MF,78,Donggyeong Lee,1.0
285,Dominique Celidor Simon,MF,103,Hugo Sochurek,1.0
285,Dominique Celidor Simon,MF,1160,Kobbie Boateng Mainoo,1.0
285,Dominique Celidor Simon,MF,1158,Jordan Brian Henderson,1.0
285,Dominique Celidor Simon,MF,125,Jonathan Osorio,1.0
285,Dominique Celidor Simon,MF,1177,Nikola Moro,1.0
286,Olivier Woodensky Pierre,MF,72,Hyunjun Yang,1.0
286,Olivier Woodensky Pierre,MF,69,Junho Bae,1.0
286,Olivier Woodensky Pierre,MF,77,Jisung Eom,1.0
286,Olivier Woodensky Pierre,MF,76,Jingyu Kim,1.0
286,Olivier Woodensky Pierre,MF,78,Donggyeong Lee,1.0
286,Olivier Woodensky Pierre,MF,103,Hugo Sochurek,1.0
286,Olivier Woodensky Pierre,MF,1160,Kobbie Boateng Mainoo,1.0
286,Olivier Woodensky Pierre,MF,1158,Jordan Brian Henderson,1.0
286,Olivier Woodensky Pierre,MF,125,Jonathan Osorio,1.0
286,Olivier Woodensky Pierre,MF,1177,Nikola Moro,1.0
287,Angus Fraser James Gunn,GK,469,Yahia Fofana,0.9811602064827367
287,Angus Fraser James Gunn,GK,751,Unai Simon,0.926557198417895
287,Angus Fraser James Gunn,GK,848,Mike Peterson Maignan,0.9265174955927808
287,Angus Fraser James Gunn,GK,382,Patrick Thomas Beach,0.9176387951395305
287,Angus Fraser James Gunn,GK,1041,Diogo Diogo Costa,0.8932321681850068
287,Angus Fraser James Gunn,GK,1,José Raúl Rangel,0.8924801263437926
287,Angus Fraser James Gunn,GK,833,Brice Lauriche Samba,0.8707035841091396
287,Angus Fraser James Gunn,GK,183,Gregor Kobel,0.8690404214964159
287,Angus Fraser James Gunn,GK,547,Zion Suzuki,0.8582747335291976
287,Angus Fraser James Gunn,GK,755,José Vozinha,0.8540578887503052
288,Aaron Buchanan Hickey,DF,1248,Jorge Abdiel Gutierrez,1.0
288,Aaron Buchanan Hickey,DF,1226,Fidel Escobar,1.0
288,Aaron Buchanan Hickey,DF,1192,Luka Vuskovic,1.0
288,Aaron Buchanan Hickey,DF,107,Alfie Charles Jones,1.0
288,Aaron Buchanan Hickey,DF,123,Alphonso Boyle Davies,1.0
288,Aaron Buchanan Hickey,DF,679,Ehsan Hajisafi,1.0
288,Aaron Buchanan Hickey,DF,693,Arya Yousefi,1.0
288,Aaron Buchanan Hickey,DF,706,Tyler Grant Bindon,1.0
288,Aaron Buchanan Hickey,DF,665,Hafez Ramadan Karim Hafez,1.0
288,Aaron Buchanan Hickey,DF,783,Mohammed Ali Lajami,1.0
289,Andrew Henry Robertson,DF,74,Youngwoo Seol,0.9999999999999999
289,Andrew Henry Robertson,DF,82,Robin Hranac,0.9999999999999999
289,Andrew Henry Robertson,DF,15,Israel Reyes,0.9999999999999999
289,Andrew Henry Robertson,DF,1173,Marin Pongracic,0.9999999999999999
289,Andrew Henry Robertson,DF,1135,Johan Andrés Mojica,0.9999999999999999
289,Andrew Henry Robertson,DF,108,Luc De Fougerolles,0.9999999999999999
289,Andrew Henry Robertson,DF,1200,Jonas Adjei Adjetey,0.9999999999999999
289,Andrew Henry Robertson,DF,1094,Abdukodir Khusanov,0.9999999999999999
289,Andrew Henry Robertson,DF,207,Luca Antony Jaquez,0.9999999999999999
289,Andrew Henry Robertson,DF,1105,Sherzod Nasrullaev,0.9999999999999999
290,Mc,MF,426,Jamal Musiala,0.999999708209837
290,Mc,MF,1199,Caleb Marfo Yirenkyi,0.9999889385551456
290,Mc,MF,1035,Mahmoud Ahmed Nizar Alrashdan,0.9999360096928095
290,Mc,MF,646,Alexis Jesse Saelemaekers,0.9999360096928095
290,Mc,MF,684,Mohammad Mohebbi,0.9997966063728815
290,Mc,MF,557,Daizen Maeda,0.9997966063728815
290,Mc,MF,372,Connor Isaac Metcalfe,0.9995614384951538
290,Mc,MF,450,Livano Shyron Liomar Comenencia,0.9994951579195025
290,Mc,MF,1114,Abbosbek Fayzullaev,0.99905448545451
290,Mc,MF,242,Azz-Eddine Ounahi,0.9847668764610163
291,Grant Campbell Hanley,DF,65,Taeseok Lee,1.0000000000000002
291,Grant Campbell Hanley,DF,81,Tomáš Holes,1.0000000000000002
291,Grant Campbell Hanley,DF,1174,Joško Gvardiol,1.0000000000000002
291,Grant Campbell Hanley,DF,1149,John Stones,1.0000000000000002
291,Grant Campbell Hanley,DF,1110,Abdulla Abdullaev,1.0000000000000002
291,Grant Campbell Hanley,DF,1116,Behruzjon Karimov,1.0000000000000002
291,Grant Campbell Hanley,DF,119,Moïse Bombito Bombito,1.0000000000000002
291,Grant Campbell Hanley,DF,1140,Deiver Machado,1.0000000000000002
291,Grant Campbell Hanley,DF,1069,Steve Nkanu Kapuadi,1.0000000000000002
291,Grant Campbell Hanley,DF,861,Kalidou Koulibaly,1.0000000000000002
292,Kieran Tierney,DF,1248,Jorge Abdiel Gutierrez,1.0
292,Kieran Tierney,DF,1226,Fidel Escobar,1.0
292,Kieran Tierney,DF,1192,Luka Vuskovic,1.0
292,Kieran Tierney,DF,107,Alfie Charles Jones,1.0
292,Kieran Tierney,DF,123,Alphonso Boyle Davies,1.0
292,Kieran Tierney,DF,679,Ehsan Hajisafi,1.0
292,Kieran Tierney,DF,693,Arya Yousefi,1.0
292,Kieran Tierney,DF,706,Tyler Grant Bindon,1.0
292,Kieran Tierney,DF,665,Hafez Ramadan Karim Hafez,1.0
292,Kieran Tierney,DF,783,Mohammed Ali Lajami,1.0
293,Mc,MF,1178,Mateo Kovacic,1.0
293,Mc,MF,1099,Otabek Shukurov,1.0
293,Mc,MF,144,Ivan Sunjic,1.0
293,Mc,MF,270,Jean Ricner Bellegarde,1.0
293,Mc,MF,197,Djibril Ibrahima Sow,1.0
293,Mc,MF,305,Lewis Ferguson,1.0
293,Mc,MF,1072,Ngal’ayel Mukau,1.0
293,Mc,MF,449,Juninho Gracielo Bacuna,1.0
293,Mc,MF,452,Leandro Jones Johan Bacuna,1.0
293,Mc,MF,463,Tahith Jose Girigorio Djorkaef Chong,1.0
294,Tyler Robert Fletcher,MF,72,Hyunjun Yang,1.0
294,Tyler Robert Fletcher,MF,69,Junho Bae,1.0
294,Tyler Robert Fletcher,MF,77,Jisung Eom,1.0
294,Tyler Robert Fletcher,MF,76,Jingyu Kim,1.0
294,Tyler Robert Fletcher,MF,78,Donggyeong Lee,1.0
294,Tyler Robert Fletcher,MF,103,Hugo Sochurek,1.0
294,Tyler Robert Fletcher,MF,1160,Kobbie Boateng Mainoo,1.0
294,Tyler Robert Fletcher,MF,1158,Jordan Brian Henderson,1.0
294,Tyler Robert Fletcher,MF,125,Jonathan Osorio,1.0
294,Tyler Robert Fletcher,MF,1177,Nikola Moro,1.0
295,Lyndon John Dykes,FW,1246,Azarías Emmanuel Londono,0.9999999999999997
295,Lyndon John Dykes,FW,10,Ernesto Alexis Vega,0.9999999999999997
295,Lyndon John Dykes,FW,14,Armando Gonzalez,0.9999999999999997
295,Lyndon John Dykes,FW,21,César Saúl Huerta,0.9999999999999997
295,Lyndon John Dykes,FW,97,Tomáš Chory,0.9999999999999997
295,Lyndon John Dykes,FW,91,Mojmír Chytil,0.9999999999999997
295,Lyndon John Dykes,FW,139,Samed Bazdar,0.9999999999999997
295,Lyndon John Dykes,FW,130,Jayden Nelson,0.9999999999999997
295,Lyndon John Dykes,FW,1144,Carlos Andrés Gomez,0.9999999999999997
295,Lyndon John Dykes,FW,1113,Igor Sergeev,0.9999999999999997
296,Che Sac Everton Fred Adams,FW,93,Pavel Sulc,1.0000000000000002
296,Che Sac Everton Fred Adams,FW,88,Patrik Schick,1.0000000000000002
296,Che Sac Everton Fred Adams,FW,124,Ali Ahmed,1.0000000000000002
296,Che Sac Everton Fred Adams,FW,116,Tanitoluwa Oluwatimilehin Oluwaseyi,1.0000000000000002
296,Che Sac Everton Fred Adams,FW,1127,Jhon Andrés Cordoba,1.0000000000000002
296,Che Sac Everton Fred Adams,FW,171,Abdurisag Yusuf Abdurisag,1.0000000000000002
296,Che Sac Everton Fred Adams,FW,150,Esmir Bajraktarevic,1.0000000000000002
296,Che Sac Everton Fred Adams,FW,1051,João Joao Felix,1.0000000000000002
296,Che Sac Everton Fred Adams,FW,827,Federico Sebastian Vinas,1.0000000000000002
296,Che Sac Everton Fred Adams,FW,953,Giuliano Simeone,1.0000000000000002
297,Ryan Christie,MF,63,Hee Chan Hwang,0.9999999999999999
297,Ryan Christie,MF,86,Vladimír Darida,0.9999999999999999
297,Ryan Christie,MF,100,Tomáš Soucek,0.9999999999999999
297,Ryan Christie,MF,95,Lukáš Provod,0.9999999999999999
297,Ryan Christie,MF,110,Mathieu Choiniere,0.9999999999999999
297,Ryan Christie,MF,1133,Juan Camilo Portilla,0.9999999999999999
297,Ryan Christie,MF,118,Jacob Everett Shaffelburg,0.9999999999999999
297,Ryan Christie,MF,1185,Mario Pasalic,0.9999999999999999
297,Ryan Christie,MF,138,Armin Gigovic,0.9999999999999999
297,Ryan Christie,MF,1103,Oston Urunov,0.9999999999999999
298,Liam Patrick Kelly,GK,12,Carlos Acevedo,1.0
298,Liam Patrick Kelly,GK,64,Bumkeun Song,1.0
298,Liam Patrick Kelly,GK,48,Stuart Ricardo Goss,1.0
298,Liam Patrick Kelly,GK,42,Sipho Justin Chaine,1.0
298,Liam Patrick Kelly,GK,122,Owen Olamidayo Goodman,1.0
298,Liam Patrick Kelly,GK,101,Lukáš Hornicek,1.0
298,Liam Patrick Kelly,GK,94,Jind ř ich Stanek,1.0
298,Liam Patrick Kelly,GK,73,Hyeonwoo Jo,1.0
298,Liam Patrick Kelly,GK,220,Weverton Weverton,1.0
298,Liam Patrick Kelly,GK,231,Ederson Ederson,1.0
299,Jack William Hendry,DF,74,Youngwoo Seol,0.9999999999999999
299,Jack William Hendry,DF,82,Robin Hranac,0.9999999999999999
299,Jack William Hendry,DF,15,Israel Reyes,0.9999999999999999
299,Jack William Hendry,DF,1173,Marin Pongracic,0.9999999999999999
299,Jack William Hendry,DF,1135,Johan Andrés Mojica,0.9999999999999999
299,Jack William Hendry,DF,108,Luc De Fougerolles,0.9999999999999999
299,Jack William Hendry,DF,1200,Jonas Adjei Adjetey,0.9999999999999999
299,Jack William Hendry,DF,1094,Abdukodir Khusanov,0.9999999999999999
299,Jack William Hendry,DF,207,Luca Antony Jaquez,0.9999999999999999
299,Jack William Hendry,DF,1105,Sherzod Nasrullaev,0.9999999999999999
300,Ross Cameron Stewart,FW,1246,Azarías Emmanuel Londono,0.9999999999999997
300,Ross Cameron Stewart,FW,10,Ernesto Alexis Vega,0.9999999999999997
300,Ross Cameron Stewart,FW,14,Armando Gonzalez,0.9999999999999997
300,Ross Cameron Stewart,FW,21,César Saúl Huerta,0.9999999999999997
300,Ross Cameron Stewart,FW,97,Tomáš Chory,0.9999999999999997
300,Ross Cameron Stewart,FW,91,Mojmír Chytil,0.9999999999999997
300,Ross Cameron Stewart,FW,139,Samed Bazdar,0.9999999999999997
300,Ross Cameron Stewart,FW,130,Jayden Nelson,0.9999999999999997
300,Ross Cameron Stewart,FW,1144,Carlos Andrés Gomez,0.9999999999999997
300,Ross Cameron Stewart,FW,1113,Igor Sergeev,0.9999999999999997
301,John Francis Souttar,DF,1247,Roderick Alonso Miller,1.0
301,John Francis Souttar,DF,1156,Trevoh Tom Chalobah,1.0
301,John Francis Souttar,DF,1159,Daniel Johnson Burn,1.0
301,John Francis Souttar,DF,1237,Eric Javier Davis,1.0
301,John Francis Souttar,DF,805,Abdullatif Jehad Thikri,1.0
301,John Francis Souttar,DF,808,José María Gimenez,1.0
301,John Francis Souttar,DF,810,Ronald Federico Araujo,1.0
301,John Francis Souttar,DF,28,Tholo Thabang Matuludi,1.0
301,John Francis Souttar,DF,29,Khulumani Ndamane,1.0
301,John Francis Souttar,DF,44,Samukele Alucious Kabini,1.0
302,Dominic John Hyam,DF,1247,Roderick Alonso Miller,1.0
302,Dominic John Hyam,DF,1156,Trevoh Tom Chalobah,1.0
302,Dominic John Hyam,DF,1159,Daniel Johnson Burn,1.0
302,Dominic John Hyam,DF,1237,Eric Javier Davis,1.0
302,Dominic John Hyam,DF,805,Abdullatif Jehad Thikri,1.0
302,Dominic John Hyam,DF,808,José María Gimenez,1.0
302,Dominic John Hyam,DF,810,Ronald Federico Araujo,1.0
302,Dominic John Hyam,DF,28,Tholo Thabang Matuludi,1.0
302,Dominic John Hyam,DF,29,Khulumani Ndamane,1.0
302,Dominic John Hyam,DF,44,Samukele Alucious Kabini,1.0
303,Ben Gannon Gannon-Doak,FW,93,Pavel Sulc,1.0000000000000002
303,Ben Gannon Gannon-Doak,FW,88,Patrik Schick,1.0000000000000002
303,Ben Gannon Gannon-Doak,FW,124,Ali Ahmed,1.0000000000000002
303,Ben Gannon Gannon-Doak,FW,116,Tanitoluwa Oluwatimilehin Oluwaseyi,1.0000000000000002
303,Ben Gannon Gannon-Doak,FW,1127,Jhon Andrés Cordoba,1.0000000000000002
303,Ben Gannon Gannon-Doak,FW,171,Abdurisag Yusuf Abdurisag,1.0000000000000002
303,Ben Gannon Gannon-Doak,FW,150,Esmir Bajraktarevic,1.0000000000000002
303,Ben Gannon Gannon-Doak,FW,1051,João Joao Felix,1.0000000000000002
303,Ben Gannon Gannon-Doak,FW,827,Federico Sebastian Vinas,1.0000000000000002
303,Ben Gannon Gannon-Doak,FW,296,Che Sac Everton Fred Adams,1.0000000000000002
304,George David Eric Hirst,FW,1246,Azarías Emmanuel Londono,0.9999999999999997
304,George David Eric Hirst,FW,10,Ernesto Alexis Vega,0.9999999999999997
304,George David Eric Hirst,FW,14,Armando Gonzalez,0.9999999999999997
304,George David Eric Hirst,FW,21,César Saúl Huerta,0.9999999999999997
304,George David Eric Hirst,FW,97,Tomáš Chory,0.9999999999999997
304,George David Eric Hirst,FW,91,Mojmír Chytil,0.9999999999999997
304,George David Eric Hirst,FW,139,Samed Bazdar,0.9999999999999997
304,George David Eric Hirst,FW,130,Jayden Nelson,0.9999999999999997
304,George David Eric Hirst,FW,1144,Carlos Andrés Gomez,0.9999999999999997
304,George David Eric Hirst,FW,1113,Igor Sergeev,0.9999999999999997
305,Lewis Ferguson,MF,1178,Mateo Kovacic,1.0
305,Lewis Ferguson,MF,1099,Otabek Shukurov,1.0
305,Lewis Ferguson,MF,144,Ivan Sunjic,1.0
305,Lewis Ferguson,MF,293,Mc,1.0
305,Lewis Ferguson,MF,270,Jean Ricner Bellegarde,1.0
305,Lewis Ferguson,MF,197,Djibril Ibrahima Sow,1.0
305,Lewis Ferguson,MF,1072,Ngal’ayel Mukau,1.0
305,Lewis Ferguson,MF,449,Juninho Gracielo Bacuna,1.0
305,Lewis Ferguson,MF,452,Leandro Jones Johan Bacuna,1.0
305,Lewis Ferguson,MF,463,Tahith Jose Girigorio Djorkaef Chong,1.0
306,Lawrence Shankland,FW,93,Pavel Sulc,1.0000000000000002
306,Lawrence Shankland,FW,88,Patrik Schick,1.0000000000000002
306,Lawrence Shankland,FW,124,Ali Ahmed,1.0000000000000002
306,Lawrence Shankland,FW,116,Tanitoluwa Oluwatimilehin Oluwaseyi,1.0000000000000002
306,Lawrence Shankland,FW,1127,Jhon Andrés Cordoba,1.0000000000000002
306,Lawrence Shankland,FW,171,Abdurisag Yusuf Abdurisag,1.0000000000000002
306,Lawrence Shankland,FW,150,Esmir Bajraktarevic,1.0000000000000002
306,Lawrence Shankland,FW,1051,João Joao Felix,1.0000000000000002
306,Lawrence Shankland,FW,827,Federico Sebastian Vinas,1.0000000000000002
306,Lawrence Shankland,FW,296,Che Sac Everton Fred Adams,1.0000000000000002
307,Craig Sinclair Gordon,GK,12,Carlos Acevedo,1.0
307,Craig Sinclair Gordon,GK,64,Bumkeun Song,1.0
307,Craig Sinclair Gordon,GK,48,Stuart Ricardo Goss,1.0
307,Craig Sinclair Gordon,GK,42,Sipho Justin Chaine,1.0
307,Craig Sinclair Gordon,GK,122,Owen Olamidayo Goodman,1.0
307,Craig Sinclair Gordon,GK,101,Lukáš Hornicek,1.0
307,Craig Sinclair Gordon,GK,94,Jind ř ich Stanek,1.0
307,Craig Sinclair Gordon,GK,73,Hyeonwoo Jo,1.0
307,Craig Sinclair Gordon,GK,220,Weverton Weverton,1.0
307,Craig Sinclair Gordon,GK,231,Ederson Ederson,1.0
308,Nathan Kenneth Patterson,DF,65,Taeseok Lee,1.0000000000000002
308,Nathan Kenneth Patterson,DF,81,Tomáš Holes,1.0000000000000002
308,Nathan Kenneth Patterson,DF,1174,Joško Gvardiol,1.0000000000000002
308,Nathan Kenneth Patterson,DF,1149,John Stones,1.0000000000000002
308,Nathan Kenneth Patterson,DF,1110,Abdulla Abdullaev,1.0000000000000002
308,Nathan Kenneth Patterson,DF,1116,Behruzjon Karimov,1.0000000000000002
308,Nathan Kenneth Patterson,DF,119,Moïse Bombito Bombito,1.0000000000000002
308,Nathan Kenneth Patterson,DF,1140,Deiver Machado,1.0000000000000002
308,Nathan Kenneth Patterson,DF,1069,Steve Nkanu Kapuadi,1.0000000000000002
308,Nathan Kenneth Patterson,DF,861,Kalidou Koulibaly,1.0000000000000002
309,Mc,MF,63,Hee Chan Hwang,0.9999999999999999
309,Mc,MF,86,Vladimír Darida,0.9999999999999999
309,Mc,MF,100,Tomáš Soucek,0.9999999999999999
309,Mc,MF,95,Lukáš Provod,0.9999999999999999
309,Mc,MF,110,Mathieu Choiniere,0.9999999999999999
309,Mc,MF,1133,Juan Camilo Portilla,0.9999999999999999
309,Mc,MF,118,Jacob Everett Shaffelburg,0.9999999999999999
309,Mc,MF,1185,Mario Pasalic,0.9999999999999999
309,Mc,MF,138,Armin Gigovic,0.9999999999999999
309,Mc,MF,1103,Oston Urunov,0.9999999999999999
310,Anthony Ralston,DF,1247,Roderick Alonso Miller,1.0
310,Anthony Ralston,DF,1156,Trevoh Tom Chalobah,1.0
310,Anthony Ralston,DF,1159,Daniel Johnson Burn,1.0
310,Anthony Ralston,DF,1237,Eric Javier Davis,1.0
310,Anthony Ralston,DF,805,Abdullatif Jehad Thikri,1.0
310,Anthony Ralston,DF,808,José María Gimenez,1.0
310,Anthony Ralston,DF,810,Ronald Federico Araujo,1.0
310,Anthony Ralston,DF,28,Tholo Thabang Matuludi,1.0
310,Anthony Ralston,DF,29,Khulumani Ndamane,1.0
310,Anthony Ralston,DF,44,Samukele Alucious Kabini,1.0
311,Findlay Kenneth Curtis,FW,1246,Azarías Emmanuel Londono,0.9999999999999997
311,Findlay Kenneth Curtis,FW,10,Ernesto Alexis Vega,0.9999999999999997
311,Findlay Kenneth Curtis,FW,14,Armando Gonzalez,0.9999999999999997
311,Findlay Kenneth Curtis,FW,21,César Saúl Huerta,0.9999999999999997
311,Findlay Kenneth Curtis,FW,97,Tomáš Chory,0.9999999999999997
311,Findlay Kenneth Curtis,FW,91,Mojmír Chytil,0.9999999999999997
311,Findlay Kenneth Curtis,FW,139,Samed Bazdar,0.9999999999999997
311,Findlay Kenneth Curtis,FW,130,Jayden Nelson,0.9999999999999997
311,Findlay Kenneth Curtis,FW,1144,Carlos Andrés Gomez,0.9999999999999997
311,Findlay Kenneth Curtis,FW,1113,Igor Sergeev,0.9999999999999997
312,Mc,DF,1248,Jorge Abdiel Gutierrez,1.0
312,Mc,DF,1226,Fidel Escobar,1.0
312,Mc,DF,1192,Luka Vuskovic,1.0
312,Mc,DF,107,Alfie Charles Jones,1.0
312,Mc,DF,123,Alphonso Boyle Davies,1.0
312,Mc,DF,679,Ehsan Hajisafi,1.0
312,Mc,DF,693,Arya Yousefi,1.0
312,Mc,DF,706,Tyler Grant Bindon,1.0
312,Mc,DF,665,Hafez Ramadan Karim Hafez,1.0
312,Mc,DF,783,Mohammed Ali Lajami,1.0
313,Matthew Charles Turner,GK,1104,Abduvakhid Nematov,0.9804404668346819
313,Matthew Charles Turner,GK,614,Aymen Dahmen,0.9097307452339634
313,Matthew Charles Turner,GK,923,Egil Selvik,0.8220739287493702
313,Matthew Charles Turner,GK,1015,Mo'ien Hasan Yazeed Abulaila,0.820566902434053
313,Matthew Charles Turner,GK,874,Edouard Osoque Mendy,0.8188666094616855
313,Matthew Charles Turner,GK,1036,Ra'ed Mahmoud Abdallah Alfakhori,0.8065910603941163
313,Matthew Charles Turner,GK,985,Luca Zinedine Zidane,0.8048781286857716
313,Matthew Charles Turner,GK,595,Bo Kristoffer Nordfeldt,0.8010546063634323
313,Matthew Charles Turner,GK,79,Mat ě j Kovar,0.7800187504453392
313,Matthew Charles Turner,GK,978,Oussama Benbot,0.7543290944453283
314,Sergiño Gianni Dest,DF,915,David Møller Moller Wolfe,0.9999999999999999
314,Sergiño Gianni Dest,DF,135,Sead Kolasinac,0.9999643502477042
314,Sergiño Gianni Dest,DF,1132,Gustavo Adolfo Puerta,0.9999322010778848
314,Sergiño Gianni Dest,DF,639,Thomas Andre Meunier,0.999040997826088
314,Sergiño Gianni Dest,DF,1092,Arthur Fuka Masuaku,0.9989842684422225
314,Sergiño Gianni Dest,DF,877,Moussa Niakhate,0.9972377107527512
314,Sergiño Gianni Dest,DF,996,David Alaba,0.9930197987366816
314,Sergiño Gianni Dest,DF,1060,Pedro Joao Cancelo,0.9828653135799015
314,Sergiño Gianni Dest,DF,542,Denzel Justus Morris Dumfries,0.9564849946183855
314,Sergiño Gianni Dest,DF,2,Jorge Eduardo Sanchez,0.9480173670124988
315,Christopher Jeffrey Richards,DF,317,Antonee Robinson,0.9999103308498641
315,Christopher Jeffrey Richards,DF,367,Alessandro Circati,0.999230706885484
315,Christopher Jeffrey Richards,DF,383,Harry James Souttar,0.999230706885484
315,Christopher Jeffrey Richards,DF,369,Jordan Jacob Bos,0.997558730750623
315,Christopher Jeffrey Richards,DF,224,Douglas Douglas Santos,0.9545323252463616
315,Christopher Jeffrey Richards,DF,792,Abdullah Saud Abdulhamid,0.94926082504907
315,Christopher Jeffrey Richards,DF,907,Ghazi Salih Merchas,0.94926082504907
315,Christopher Jeffrey Richards,DF,56,Minjae Kim,0.9425362338695503
315,Christopher Jeffrey Richards,DF,368,Jacob Michael Italiano,0.8596277079714438
315,Christopher Jeffrey Richards,DF,262,Carlens Jean Fedlaire Ruby Arcus,0.8592458787538093
316,Tyler Shaan Adams,MF,1128,James David Rodriguez,1.0
316,Tyler Shaan Adams,MF,190,Remo Marco Freuler,1.0
316,Tyler Shaan Adams,MF,188,Denis Lemi Zakaria,1.0
316,Tyler Shaan Adams,MF,1074,Samuel Alain Moutoussamy,1.0
316,Tyler Shaan Adams,MF,258,Neil Yoni El Aynaoui,1.0
316,Tyler Shaan Adams,MF,352,Adrián Andrés Cubas,1.0
316,Tyler Shaan Adams,MF,515,Alan Steven Franco,1.0
316,Tyler Shaan Adams,MF,421,Aleksandar Pavlovic,1.0
316,Tyler Shaan Adams,MF,924,Fredrik Aursnes,1.0
316,Tyler Shaan Adams,MF,972,Fares Chaibi,1.0
317,Antonee Robinson,DF,315,Christopher Jeffrey Richards,0.9999103308498641
317,Antonee Robinson,DF,367,Alessandro Circati,0.9986159315671239
317,Antonee Robinson,DF,383,Harry James Souttar,0.9986159315671239
317,Antonee Robinson,DF,369,Jordan Jacob Bos,0.9984044372454223
317,Antonee Robinson,DF,907,Ghazi Salih Merchas,0.9533180729104529
317,Antonee Robinson,DF,792,Abdullah Saud Abdulhamid,0.9533180729104529
317,Antonee Robinson,DF,224,Douglas Douglas Santos,0.9505535905367987
317,Antonee Robinson,DF,56,Minjae Kim,0.9468724314706607
317,Antonee Robinson,DF,368,Jacob Michael Italiano,0.8663296067632356
317,Antonee Robinson,DF,262,Carlens Jean Fedlaire Ruby Arcus,0.8659699101164083
318,Auston Levi-Jesaiah Trusty,DF,914,Leo Skiri Ostigard,0.999943924176799
318,Auston Levi-Jesaiah Trusty,DF,431,Nico Cédric Schlotterbeck,0.9978697884851317
318,Auston Levi-Jesaiah Trusty,DF,602,Omar Rekik,0.9976899806936781
318,Auston Levi-Jesaiah Trusty,DF,1219,Derrick Luckassen,0.9976899806936781
318,Auston Levi-Jesaiah Trusty,DF,926,Marcus Holmgren Holmgren Pedersen,0.9962503049313153
318,Auston Levi-Jesaiah Trusty,DF,784,Ali Abdulelah Alamri,0.974332111506332
318,Auston Levi-Jesaiah Trusty,DF,718,Finn Surman,0.9691772158014046
318,Auston Levi-Jesaiah Trusty,DF,20,Mateo Chavez,0.9691772158014046
318,Auston Levi-Jesaiah Trusty,DF,767,CABRALSidny Sidny Lopes,0.966209703173503
318,Auston Levi-Jesaiah Trusty,DF,248,Issa Laye Lucas Jean Diop,0.9634881769011338
319,Giovanni Alejandro Reyna,MF,929,Thelonious Gerard Aasgaard,0.9997215023876698
319,Giovanni Alejandro Reyna,MF,947,Giovani Lo Celso,0.9798836902544729
319,Giovanni Alejandro Reyna,MF,250,Gessime Ben Youssef Mustapha Yassine,0.9716559211683687
319,Giovanni Alejandro Reyna,MF,8,Álvaro Fidalgo,0.9674497438942408
319,Giovanni Alejandro Reyna,MF,156,Ermin Mahmic,0.9493052852748336
319,Giovanni Alejandro Reyna,MF,780,Sandro Helio Varela,0.9416601396424462
319,Giovanni Alejandro Reyna,MF,349,Mauricio Mauricio,0.9115982143887463
319,Giovanni Alejandro Reyna,MF,210,José Ederson Silva,0.8198207206810845
319,Giovanni Alejandro Reyna,MF,225,Henrique Fabinho,0.8198207206810845
319,Giovanni Alejandro Reyna,MF,857,Maghnes Akliouche,0.8198207206810845
320,Mc,MF,1134,Jefferson Andrés Lerma,0.9999999999999998
320,Mc,MF,240,Ayyoub Bouaddi,0.9999999999999998
320,Mc,MF,918,Sander Gard Bolin Berge,0.9999999999999998
320,Mc,MF,744,Rodrigo Rodri,0.9999999999999998
320,Mc,MF,19,Gilberto Rafael Mora,0.9999999999999998
320,Mc,MF,838,Emmanuel Boris Kone,0.9999999999999998
320,Mc,MF,257,Bilal El Khannouss,0.9987000498249574
320,Mc,MF,1129,Jhon Adolfo Arias,0.9985909967528839
320,Mc,MF,213,Henrique,0.9984082204887947
320,Mc,MF,748,Pedro Pedri,0.9966353324159554
321,Ricardo Daniel Pepi,FW,93,Pavel Sulc,1.0000000000000002
321,Ricardo Daniel Pepi,FW,88,Patrik Schick,1.0000000000000002
321,Ricardo Daniel Pepi,FW,124,Ali Ahmed,1.0000000000000002
321,Ricardo Daniel Pepi,FW,116,Tanitoluwa Oluwatimilehin Oluwaseyi,1.0000000000000002
321,Ricardo Daniel Pepi,FW,1127,Jhon Andrés Cordoba,1.0000000000000002
321,Ricardo Daniel Pepi,FW,171,Abdurisag Yusuf Abdurisag,1.0000000000000002
321,Ricardo Daniel Pepi,FW,150,Esmir Bajraktarevic,1.0000000000000002
321,Ricardo Daniel Pepi,FW,1051,João Joao Felix,1.0000000000000002
321,Ricardo Daniel Pepi,FW,827,Federico Sebastian Vinas,1.0000000000000002
321,Ricardo Daniel Pepi,FW,296,Che Sac Everton Fred Adams,1.0000000000000002
322,Christian Mate Pulisic,FW,234,Vitor Rayan,0.9980522018228364
322,Christian Mate Pulisic,FW,164,Junior Edmilson,0.9950920619647755
322,Christian Mate Pulisic,FW,1143,Luis Javier Suarez,0.9908938552262045
322,Christian Mate Pulisic,FW,1058,Pedro Pedro Neto,0.9756090268138062
322,Christian Mate Pulisic,FW,479,Yan Diomande,0.9655884167022611
322,Christian Mate Pulisic,FW,868,Sadio Mane,0.9607543334868486
322,Christian Mate Pulisic,FW,244,Brahim Diaz,0.9538618284070861
322,Christian Mate Pulisic,FW,843,Michael Akpovie Olise,0.9372576392489896
322,Christian Mate Pulisic,FW,711,Christopher Grant Wood,0.9274286818883266
322,Christian Mate Pulisic,FW,660,Hamed Mahrous Mohamed Salah,0.8997444260460994
323,Brenden Russell Aaronson,FW,1240,Cecilio Alfonso Waterman,0.9999999999999998
323,Brenden Russell Aaronson,FW,1239,Jose Fajardo,0.9999999999999998
323,Brenden Russell Aaronson,FW,104,Denis Visinsky,0.9999999999999998
323,Brenden Russell Aaronson,FW,1027,Nayef Ahmad Mahmoud Almardi,0.9999999999999998
323,Brenden Russell Aaronson,FW,973,Anis Hadj Moussa,0.9999999999999998
323,Brenden Russell Aaronson,FW,1066,Francisco Francisco Conceicao,0.9999999999999998
323,Brenden Russell Aaronson,FW,1038,Ahmad Ali Ali Azaizeh,0.9999999999999998
323,Brenden Russell Aaronson,FW,921,Jørgen Strand Strand Larsen,0.9999999999999998
323,Brenden Russell Aaronson,FW,763,BENCHIMOLGilson Gilson,0.9999999999999998
323,Brenden Russell Aaronson,FW,271,Don Deedson Deedson,0.9999999999999998
324,Miles Gordon Robinson,DF,1248,Jorge Abdiel Gutierrez,1.0
324,Miles Gordon Robinson,DF,1226,Fidel Escobar,1.0
324,Miles Gordon Robinson,DF,1192,Luka Vuskovic,1.0
324,Miles Gordon Robinson,DF,107,Alfie Charles Jones,1.0
324,Miles Gordon Robinson,DF,123,Alphonso Boyle Davies,1.0
324,Miles Gordon Robinson,DF,679,Ehsan Hajisafi,1.0
324,Miles Gordon Robinson,DF,693,Arya Yousefi,1.0
324,Miles Gordon Robinson,DF,706,Tyler Grant Bindon,1.0
324,Miles Gordon Robinson,DF,665,Hafez Ramadan Karim Hafez,1.0
324,Miles Gordon Robinson,DF,783,Mohammed Ali Lajami,1.0
325,Timothy Michael Ream,DF,74,Youngwoo Seol,0.9999999999999999
325,Timothy Michael Ream,DF,82,Robin Hranac,0.9999999999999999
325,Timothy Michael Ream,DF,15,Israel Reyes,0.9999999999999999
325,Timothy Michael Ream,DF,1173,Marin Pongracic,0.9999999999999999
325,Timothy Michael Ream,DF,1135,Johan Andrés Mojica,0.9999999999999999
325,Timothy Michael Ream,DF,108,Luc De Fougerolles,0.9999999999999999
325,Timothy Michael Ream,DF,1200,Jonas Adjei Adjetey,0.9999999999999999
325,Timothy Michael Ream,DF,1094,Abdukodir Khusanov,0.9999999999999999
325,Timothy Michael Ream,DF,207,Luca Antony Jaquez,0.9999999999999999
325,Timothy Michael Ream,DF,1105,Sherzod Nasrullaev,0.9999999999999999
326,Sebastian Matthew Berhalter,MF,7,Luis Francisco Romo,0.9997880827699253
326,Sebastian Matthew Berhalter,MF,970,Houssem-Eddine Chaabane Aouar,0.9968317378457647
326,Sebastian Matthew Berhalter,MF,102,Alexandr Sojka,0.9963154945005198
326,Sebastian Matthew Berhalter,MF,143,Ivan Basic,0.9956261116119807
326,Sebastian Matthew Berhalter,MF,388,Paul Michael Junior Okon-Engstler,0.9951991062522484
326,Sebastian Matthew Berhalter,MF,1098,Akmal Mozgovoy,0.9945963363667516
326,Sebastian Matthew Berhalter,MF,241,Chemsdine Talbi,0.9934645729005488
326,Sebastian Matthew Berhalter,MF,554,Takefusa Kubo,0.9905452842244098
326,Sebastian Matthew Berhalter,MF,436,Nadiem Amiri,0.9900534936871969
326,Sebastian Matthew Berhalter,MF,931,Andreas Rædergård Schjelderup,0.9858463115853084
327,Cristian Roldan,MF,72,Hyunjun Yang,1.0
327,Cristian Roldan,MF,69,Junho Bae,1.0
327,Cristian Roldan,MF,77,Jisung Eom,1.0
327,Cristian Roldan,MF,76,Jingyu Kim,1.0
327,Cristian Roldan,MF,78,Donggyeong Lee,1.0
327,Cristian Roldan,MF,103,Hugo Sochurek,1.0
327,Cristian Roldan,MF,1160,Kobbie Boateng Mainoo,1.0
327,Cristian Roldan,MF,1158,Jordan Brian Henderson,1.0
327,Cristian Roldan,MF,125,Jonathan Osorio,1.0
327,Cristian Roldan,MF,1177,Nikola Moro,1.0
328,Alexander Michael Freeman,DF,434,Nathaniel Christopher Brown,0.9999991120276364
328,Alexander Michael Freeman,DF,699,Ramin Rezaeian,0.9721202896698768
328,Alexander Michael Freeman,DF,1120,Daniel Munoz,0.8856588680879973
328,Alexander Michael Freeman,DF,784,Ali Abdulelah Alamri,0.8804482673618881
328,Alexander Michael Freeman,DF,20,Mateo Chavez,0.8778488754796621
328,Alexander Michael Freeman,DF,718,Finn Surman,0.8778488754796621
328,Alexander Michael Freeman,DF,767,CABRALSidny Sidny Lopes,0.8762712736329109
328,Alexander Michael Freeman,DF,248,Issa Laye Lucas Jean Diop,0.8747808805842678
328,Alexander Michael Freeman,DF,431,Nico Cédric Schlotterbeck,0.8743317351001467
328,Alexander Michael Freeman,DF,602,Omar Rekik,0.8702065207641435
329,Malik Leon Tillman,MF,191,Johan Kula Manzambi,0.9986157630362654
329,Malik Leon Tillman,MF,1187,Petar Sucic,0.998280774777897
329,Malik Leon Tillman,MF,559,Keito Nakamura,0.9968889914965011
329,Malik Leon Tillman,MF,570,Kaishu Sano,0.996638587538188
329,Malik Leon Tillman,MF,58,Inbeom Hwang,0.9958368957544272
329,Malik Leon Tillman,MF,528,Ryan Jiro Gravenberch,0.9957484917888973
329,Malik Leon Tillman,MF,216,GUIMARAESBruno Bruno,0.9940425431277394
329,Malik Leon Tillman,MF,826,Maximiliano Javier Araujo,0.9899553398166934
329,Malik Leon Tillman,MF,608,Hannibal Mejbri,0.9891911004545283
329,Malik Leon Tillman,MF,1022,Mahmoud Ali Noor Alrawabdeh,0.9891911004545283
330,Maximilian Michael Arfsten,DF,1247,Roderick Alonso Miller,1.0
330,Maximilian Michael Arfsten,DF,1156,Trevoh Tom Chalobah,1.0
330,Maximilian Michael Arfsten,DF,1159,Daniel Johnson Burn,1.0
330,Maximilian Michael Arfsten,DF,1237,Eric Javier Davis,1.0
330,Maximilian Michael Arfsten,DF,805,Abdullatif Jehad Thikri,1.0
330,Maximilian Michael Arfsten,DF,808,José María Gimenez,1.0
330,Maximilian Michael Arfsten,DF,810,Ronald Federico Araujo,1.0
330,Maximilian Michael Arfsten,DF,28,Tholo Thabang Matuludi,1.0
330,Maximilian Michael Arfsten,DF,29,Khulumani Ndamane,1.0
330,Maximilian Michael Arfsten,DF,44,Samukele Alucious Kabini,1.0
331,Haji Amir Wright,FW,1246,Azarías Emmanuel Londono,0.9999999999999997
331,Haji Amir Wright,FW,10,Ernesto Alexis Vega,0.9999999999999997
331,Haji Amir Wright,FW,14,Armando Gonzalez,0.9999999999999997
331,Haji Amir Wright,FW,21,César Saúl Huerta,0.9999999999999997
331,Haji Amir Wright,FW,97,Tomáš Chory,0.9999999999999997
331,Haji Amir Wright,FW,91,Mojmír Chytil,0.9999999999999997
331,Haji Amir Wright,FW,139,Samed Bazdar,0.9999999999999997
331,Haji Amir Wright,FW,130,Jayden Nelson,0.9999999999999997
331,Haji Amir Wright,FW,1144,Carlos Andrés Gomez,0.9999999999999997
331,Haji Amir Wright,FW,1113,Igor Sergeev,0.9999999999999997
332,Folarin Jolaoluwa Balogun,FW,919,Erling Braut Haaland,0.7843673942990012
332,Folarin Jolaoluwa Balogun,FW,217,Matheus Matheus Cunha,0.7831531919540633
332,Folarin Jolaoluwa Balogun,FW,958,Lautaro Javier Martinez,0.7824308514488411
332,Folarin Jolaoluwa Balogun,FW,1047,Ronaldo Cristiano Ronaldo,0.779363296875257
332,Folarin Jolaoluwa Balogun,FW,749,Mikel Oyarzabal,0.7793088012133152
332,Folarin Jolaoluwa Balogun,FW,423,Kai Lukas Havertz,0.7787396265553461
332,Folarin Jolaoluwa Balogun,FW,1086,Yoane Wissa,0.7779068971069583
332,Folarin Jolaoluwa Balogun,FW,1153,Harry Edward Kane,0.7725272985375194
332,Folarin Jolaoluwa Balogun,FW,876,Ismaila Sarr,0.7667494500094972
332,Folarin Jolaoluwa Balogun,FW,215,José Vinicius,0.7628156055543244
333,Timothy Tarpeh Weah,FW,1240,Cecilio Alfonso Waterman,0.9999999999999998
333,Timothy Tarpeh Weah,FW,1239,Jose Fajardo,0.9999999999999998
333,Timothy Tarpeh Weah,FW,104,Denis Visinsky,0.9999999999999998
333,Timothy Tarpeh Weah,FW,1027,Nayef Ahmad Mahmoud Almardi,0.9999999999999998
333,Timothy Tarpeh Weah,FW,973,Anis Hadj Moussa,0.9999999999999998
333,Timothy Tarpeh Weah,FW,1066,Francisco Francisco Conceicao,0.9999999999999998
333,Timothy Tarpeh Weah,FW,1038,Ahmad Ali Ali Azaizeh,0.9999999999999998
333,Timothy Tarpeh Weah,FW,921,Jørgen Strand Strand Larsen,0.9999999999999998
333,Timothy Tarpeh Weah,FW,763,BENCHIMOLGilson Gilson,0.9999999999999998
333,Timothy Tarpeh Weah,FW,271,Don Deedson Deedson,0.9999999999999998
334,Mc,DF,65,Taeseok Lee,1.0000000000000002
334,Mc,DF,81,Tomáš Holes,1.0000000000000002
334,Mc,DF,1174,Joško Gvardiol,1.0000000000000002
334,Mc,DF,1149,John Stones,1.0000000000000002
334,Mc,DF,1110,Abdulla Abdullaev,1.0000000000000002
334,Mc,DF,1116,Behruzjon Karimov,1.0000000000000002
334,Mc,DF,119,Moïse Bombito Bombito,1.0000000000000002
334,Mc,DF,1140,Deiver Machado,1.0000000000000002
334,Mc,DF,1069,Steve Nkanu Kapuadi,1.0000000000000002
334,Mc,DF,861,Kalidou Koulibaly,1.0000000000000002
335,Joseph Michael Scally,DF,1248,Jorge Abdiel Gutierrez,1.0
335,Joseph Michael Scally,DF,1226,Fidel Escobar,1.0
335,Joseph Michael Scally,DF,1192,Luka Vuskovic,1.0
335,Joseph Michael Scally,DF,107,Alfie Charles Jones,1.0
335,Joseph Michael Scally,DF,123,Alphonso Boyle Davies,1.0
335,Joseph Michael Scally,DF,679,Ehsan Hajisafi,1.0
335,Joseph Michael Scally,DF,693,Arya Yousefi,1.0
335,Joseph Michael Scally,DF,706,Tyler Grant Bindon,1.0
335,Joseph Michael Scally,DF,665,Hafez Ramadan Karim Hafez,1.0
335,Joseph Michael Scally,DF,783,Mohammed Ali Lajami,1.0
336,Matthew Andrew Geary Freese,GK,1130,Camilo Andres Vargas,0.9943756410183203
336,Matthew Andrew Geary Freese,GK,1212,Benjamin Asare,0.9873400236930072
336,Matthew Andrew Geary Freese,GK,729,David Raya,0.9860606537411356
336,Matthew Andrew Geary Freese,GK,1,José Raúl Rangel,0.968739645701303
336,Matthew Andrew Geary Freese,GK,751,Unai Simon,0.9614835649015
336,Matthew Andrew Geary Freese,GK,382,Patrick Thomas Beach,0.9357789188165818
336,Matthew Andrew Geary Freese,GK,833,Brice Lauriche Samba,0.934389514981025
336,Matthew Andrew Geary Freese,GK,1119,David Ospina,0.8976609994422695
336,Matthew Andrew Geary Freese,GK,469,Yahia Fofana,0.8921079762799429
336,Matthew Andrew Geary Freese,GK,881,Mory Diaw,0.8786243712941626
337,Christopher Keith Brady,GK,12,Carlos Acevedo,1.0
337,Christopher Keith Brady,GK,64,Bumkeun Song,1.0
337,Christopher Keith Brady,GK,48,Stuart Ricardo Goss,1.0
337,Christopher Keith Brady,GK,42,Sipho Justin Chaine,1.0
337,Christopher Keith Brady,GK,122,Owen Olamidayo Goodman,1.0
337,Christopher Keith Brady,GK,101,Lukáš Hornicek,1.0
337,Christopher Keith Brady,GK,94,Jind ř ich Stanek,1.0
337,Christopher Keith Brady,GK,73,Hyeonwoo Jo,1.0
337,Christopher Keith Brady,GK,220,Weverton Weverton,1.0
337,Christopher Keith Brady,GK,231,Ederson Ederson,1.0
338,Alejandro Zendejas,FW,1246,Azarías Emmanuel Londono,0.9999999999999997
338,Alejandro Zendejas,FW,10,Ernesto Alexis Vega,0.9999999999999997
338,Alejandro Zendejas,FW,14,Armando Gonzalez,0.9999999999999997
338,Alejandro Zendejas,FW,21,César Saúl Huerta,0.9999999999999997
338,Alejandro Zendejas,FW,97,Tomáš Chory,0.9999999999999997
338,Alejandro Zendejas,FW,91,Mojmír Chytil,0.9999999999999997
338,Alejandro Zendejas,FW,139,Samed Bazdar,0.9999999999999997
338,Alejandro Zendejas,FW,130,Jayden Nelson,0.9999999999999997
338,Alejandro Zendejas,FW,1144,Carlos Andrés Gomez,0.9999999999999997
338,Alejandro Zendejas,FW,1113,Igor Sergeev,0.9999999999999997
339,Roberto Junior Fernandez,GK,12,Carlos Acevedo,1.0
339,Roberto Junior Fernandez,GK,64,Bumkeun Song,1.0
339,Roberto Junior Fernandez,GK,48,Stuart Ricardo Goss,1.0
339,Roberto Junior Fernandez,GK,42,Sipho Justin Chaine,1.0
339,Roberto Junior Fernandez,GK,122,Owen Olamidayo Goodman,1.0
339,Roberto Junior Fernandez,GK,101,Lukáš Hornicek,1.0
339,Roberto Junior Fernandez,GK,94,Jind ř ich Stanek,1.0
339,Roberto Junior Fernandez,GK,73,Hyeonwoo Jo,1.0
339,Roberto Junior Fernandez,GK,220,Weverton Weverton,1.0
339,Roberto Junior Fernandez,GK,231,Ederson Ederson,1.0
340,Victor Gustavo Velazquez,DF,1248,Jorge Abdiel Gutierrez,1.0
340,Victor Gustavo Velazquez,DF,1226,Fidel Escobar,1.0
340,Victor Gustavo Velazquez,DF,1192,Luka Vuskovic,1.0
340,Victor Gustavo Velazquez,DF,107,Alfie Charles Jones,1.0
340,Victor Gustavo Velazquez,DF,123,Alphonso Boyle Davies,1.0
340,Victor Gustavo Velazquez,DF,679,Ehsan Hajisafi,1.0
340,Victor Gustavo Velazquez,DF,693,Arya Yousefi,1.0
340,Victor Gustavo Velazquez,DF,706,Tyler Grant Bindon,1.0
340,Victor Gustavo Velazquez,DF,665,Hafez Ramadan Karim Hafez,1.0
340,Victor Gustavo Velazquez,DF,783,Mohammed Ali Lajami,1.0
341,Omar Federico Alderete,DF,1168,Reece Lewis James,1.0
341,Omar Federico Alderete,DF,117,Derek Austin Cornelius,1.0
341,Omar Federico Alderete,DF,1210,Gideon Mensah,1.0
341,Omar Federico Alderete,DF,1176,Josip Sutalo,1.0
341,Omar Federico Alderete,DF,1141,Davinson Sanchez,1.0
341,Omar Federico Alderete,DF,186,Nico Elvedi,1.0
341,Omar Federico Alderete,DF,148,Nikola Katic,1.0
341,Omar Federico Alderete,DF,126,Richmond Mamah Laryea,1.0
341,Omar Federico Alderete,DF,1068,Wan Wan-Bissaka,1.0
341,Omar Federico Alderete,DF,1070,Axel Tuanzebe,1.0
342,Juan Jose Caceres,DF,1169,Tehuti Djed-Hotep Spence,1.0000000000000002
342,Juan Jose Caceres,DF,106,Alistair William Johnston,1.0000000000000002
342,Juan Jose Caceres,DF,1147,Nico Oreilly,1.0000000000000002
342,Juan Jose Caceres,DF,1121,Jhon Janer Lucumi,1.0000000000000002
342,Juan Jose Caceres,DF,212,MARQUINHOSMarcos,1.0000000000000002
342,Juan Jose Caceres,DF,927,Torbjørn Lysaker Heggem,1.0000000000000002
342,Juan Jose Caceres,DF,962,Nahuel Molina,1.0000000000000002
342,Juan Jose Caceres,DF,237,Noussair Mazraoui,1.0000000000000002
342,Juan Jose Caceres,DF,23,Jesús Daniel Gallardo,1.0000000000000002
342,Juan Jose Caceres,DF,858,Maxence Guy Lacroix,1.0000000000000002
343,Fabián Cornelio Balbuena,DF,1247,Roderick Alonso Miller,1.0
343,Fabián Cornelio Balbuena,DF,1156,Trevoh Tom Chalobah,1.0
343,Fabián Cornelio Balbuena,DF,1159,Daniel Johnson Burn,1.0
343,Fabián Cornelio Balbuena,DF,1237,Eric Javier Davis,1.0
343,Fabián Cornelio Balbuena,DF,805,Abdullatif Jehad Thikri,1.0
343,Fabián Cornelio Balbuena,DF,808,José María Gimenez,1.0
343,Fabián Cornelio Balbuena,DF,810,Ronald Federico Araujo,1.0
343,Fabián Cornelio Balbuena,DF,28,Tholo Thabang Matuludi,1.0
343,Fabián Cornelio Balbuena,DF,29,Khulumani Ndamane,1.0
343,Fabián Cornelio Balbuena,DF,44,Samukele Alucious Kabini,1.0
344,Júnior Osmar Ignacio Alonso,DF,74,Youngwoo Seol,0.9999999999999999
344,Júnior Osmar Ignacio Alonso,DF,82,Robin Hranac,0.9999999999999999
344,Júnior Osmar Ignacio Alonso,DF,15,Israel Reyes,0.9999999999999999
344,Júnior Osmar Ignacio Alonso,DF,1173,Marin Pongracic,0.9999999999999999
344,Júnior Osmar Ignacio Alonso,DF,1135,Johan Andrés Mojica,0.9999999999999999
344,Júnior Osmar Ignacio Alonso,DF,108,Luc De Fougerolles,0.9999999999999999
344,Júnior Osmar Ignacio Alonso,DF,1200,Jonas Adjei Adjetey,0.9999999999999999
344,Júnior Osmar Ignacio Alonso,DF,1094,Abdukodir Khusanov,0.9999999999999999
344,Júnior Osmar Ignacio Alonso,DF,207,Luca Antony Jaquez,0.9999999999999999
344,Júnior Osmar Ignacio Alonso,DF,1105,Sherzod Nasrullaev,0.9999999999999999
345,Ramón Sosa,MF,63,Hee Chan Hwang,0.9999999999999999
345,Ramón Sosa,MF,86,Vladimír Darida,0.9999999999999999
345,Ramón Sosa,MF,100,Tomáš Soucek,0.9999999999999999
345,Ramón Sosa,MF,95,Lukáš Provod,0.9999999999999999
345,Ramón Sosa,MF,110,Mathieu Choiniere,0.9999999999999999
345,Ramón Sosa,MF,1133,Juan Camilo Portilla,0.9999999999999999
345,Ramón Sosa,MF,118,Jacob Everett Shaffelburg,0.9999999999999999
345,Ramón Sosa,MF,1185,Mario Pasalic,0.9999999999999999
345,Ramón Sosa,MF,138,Armin Gigovic,0.9999999999999999
345,Ramón Sosa,MF,1103,Oston Urunov,0.9999999999999999
346,Diego Alexander Gomez,MF,112,Ismaël Kenneth Jordan Kone,0.9999999999999999
346,Diego Alexander Gomez,MF,277,Danley Jean Jacques,0.9989830169428203
346,Diego Alexander Gomez,MF,30,Teboho Mokoena,0.9806266475535238
346,Diego Alexander Gomez,MF,270,Jean Ricner Bellegarde,0.8466531356120947
346,Diego Alexander Gomez,MF,197,Djibril Ibrahima Sow,0.8466531356120947
346,Diego Alexander Gomez,MF,293,Mc,0.8466531356120947
346,Diego Alexander Gomez,MF,144,Ivan Sunjic,0.8466531356120947
346,Diego Alexander Gomez,MF,449,Juninho Gracielo Bacuna,0.8466531356120947
346,Diego Alexander Gomez,MF,452,Leandro Jones Johan Bacuna,0.8466531356120947
346,Diego Alexander Gomez,MF,463,Tahith Jose Girigorio Djorkaef Chong,0.8466531356120947
347,Arnaldo Antonio Sanabria,FW,1240,Cecilio Alfonso Waterman,0.9999999999999998
347,Arnaldo Antonio Sanabria,FW,1239,Jose Fajardo,0.9999999999999998
347,Arnaldo Antonio Sanabria,FW,104,Denis Visinsky,0.9999999999999998
347,Arnaldo Antonio Sanabria,FW,1027,Nayef Ahmad Mahmoud Almardi,0.9999999999999998
347,Arnaldo Antonio Sanabria,FW,973,Anis Hadj Moussa,0.9999999999999998
347,Arnaldo Antonio Sanabria,FW,1066,Francisco Francisco Conceicao,0.9999999999999998
347,Arnaldo Antonio Sanabria,FW,1038,Ahmad Ali Ali Azaizeh,0.9999999999999998
347,Arnaldo Antonio Sanabria,FW,921,Jørgen Strand Strand Larsen,0.9999999999999998
347,Arnaldo Antonio Sanabria,FW,763,BENCHIMOLGilson Gilson,0.9999999999999998
347,Arnaldo Antonio Sanabria,FW,271,Don Deedson Deedson,0.9999999999999998
348,Miguel Angel Almiron,MF,39,Sphephelo S'miso Sithole,0.9345888988800446
348,Miguel Angel Almiron,MF,179,Omer Assim Madibo,0.7947650328665078
348,Miguel Angel Almiron,MF,37,Themba Zwane,0.7431255844436683
348,Miguel Angel Almiron,MF,748,Pedro Pedri,0.6001332594405007
348,Miguel Angel Almiron,MF,960,Enzo Jeremías Fernandez,0.599393583956753
348,Miguel Angel Almiron,MF,257,Bilal El Khannouss,0.5985760703532267
348,Miguel Angel Almiron,MF,918,Sander Gard Bolin Berge,0.5947682130170159
348,Miguel Angel Almiron,MF,838,Emmanuel Boris Kone,0.5947682130170159
348,Miguel Angel Almiron,MF,320,Mc,0.5947682130170159
348,Miguel Angel Almiron,MF,19,Gilberto Rafael Mora,0.5947682130170159
349,Mauricio Mauricio,MF,780,Sandro Helio Varela,0.9948927503982056
349,Mauricio Mauricio,MF,77,Jisung Eom,0.9780109612123012
349,Mauricio Mauricio,MF,72,Hyunjun Yang,0.9780109612123012
349,Mauricio Mauricio,MF,78,Donggyeong Lee,0.9780109612123012
349,Mauricio Mauricio,MF,103,Hugo Sochurek,0.9780109612123012
349,Mauricio Mauricio,MF,1160,Kobbie Boateng Mainoo,0.9780109612123012
349,Mauricio Mauricio,MF,69,Junho Bae,0.9780109612123012
349,Mauricio Mauricio,MF,125,Jonathan Osorio,0.9780109612123012
349,Mauricio Mauricio,MF,1177,Nikola Moro,0.9780109612123012
349,Mauricio Mauricio,MF,1100,Jamshid Iskanderov,0.9780109612123012
350,Orlando Daniel Gill,GK,755,José Vozinha,0.97352133993626
350,Orlando Daniel Gill,GK,27,Ronwen Hayden Williams,0.9727940459596406
350,Orlando Daniel Gill,GK,677,Ali Reza Beiranvand,0.9463980416082682
350,Orlando Daniel Gill,GK,1041,Diogo Diogo Costa,0.938593840136501
350,Orlando Daniel Gill,GK,495,Hernán Ismael Galindez,0.9385750482496725
350,Orlando Daniel Gill,GK,801,Khalil Mohammed Alowais,0.897013278477408
350,Orlando Daniel Gill,GK,1197,Lawrence Ati Zigi,0.8137954464051709
350,Orlando Daniel Gill,GK,287,Angus Fraser James Gunn,0.8084531383191844
350,Orlando Daniel Gill,GK,183,Gregor Kobel,0.7800057584240976
350,Orlando Daniel Gill,GK,443,Eloy Victor Room,0.7157529473383342
351,Jose Maria Canale,DF,65,Taeseok Lee,1.0000000000000002
351,Jose Maria Canale,DF,81,Tomáš Holes,1.0000000000000002
351,Jose Maria Canale,DF,1174,Joško Gvardiol,1.0000000000000002
351,Jose Maria Canale,DF,1149,John Stones,1.0000000000000002
351,Jose Maria Canale,DF,1110,Abdulla Abdullaev,1.0000000000000002
351,Jose Maria Canale,DF,1116,Behruzjon Karimov,1.0000000000000002
351,Jose Maria Canale,DF,119,Moïse Bombito Bombito,1.0000000000000002
351,Jose Maria Canale,DF,1140,Deiver Machado,1.0000000000000002
351,Jose Maria Canale,DF,1069,Steve Nkanu Kapuadi,1.0000000000000002
351,Jose Maria Canale,DF,861,Kalidou Koulibaly,1.0000000000000002
352,Adrián Andrés Cubas,MF,1128,James David Rodriguez,1.0
352,Adrián Andrés Cubas,MF,190,Remo Marco Freuler,1.0
352,Adrián Andrés Cubas,MF,188,Denis Lemi Zakaria,1.0
352,Adrián Andrés Cubas,MF,1074,Samuel Alain Moutoussamy,1.0
352,Adrián Andrés Cubas,MF,258,Neil Yoni El Aynaoui,1.0
352,Adrián Andrés Cubas,MF,316,Tyler Shaan Adams,1.0
352,Adrián Andrés Cubas,MF,515,Alan Steven Franco,1.0
352,Adrián Andrés Cubas,MF,421,Aleksandar Pavlovic,1.0
352,Adrián Andrés Cubas,MF,924,Fredrik Aursnes,1.0
352,Adrián Andrés Cubas,MF,972,Fares Chaibi,1.0
353,Gustavo Raul Gomez,DF,1168,Reece Lewis James,1.0
353,Gustavo Raul Gomez,DF,117,Derek Austin Cornelius,1.0
353,Gustavo Raul Gomez,DF,1210,Gideon Mensah,1.0
353,Gustavo Raul Gomez,DF,1176,Josip Sutalo,1.0
353,Gustavo Raul Gomez,DF,1141,Davinson Sanchez,1.0
353,Gustavo Raul Gomez,DF,186,Nico Elvedi,1.0
353,Gustavo Raul Gomez,DF,148,Nikola Katic,1.0
353,Gustavo Raul Gomez,DF,126,Richmond Mamah Laryea,1.0
353,Gustavo Raul Gomez,DF,1068,Wan Wan-Bissaka,1.0
353,Gustavo Raul Gomez,DF,1070,Axel Tuanzebe,1.0
354,Damián Josue Bobadilla,MF,62,Jae Sung Lee,1.0
354,Damián Josue Bobadilla,MF,90,Lukáš Cerv,1.0
354,Damián Josue Bobadilla,MF,1091,Edo Kayembe Kayembe,1.0
354,Damián Josue Bobadilla,MF,136,Benjamin Tahirovic,1.0
354,Damián Josue Bobadilla,MF,145,Amar Memic,1.0
354,Damián Josue Bobadilla,MF,115,Liam Alan Millar,1.0
354,Damián Josue Bobadilla,MF,976,Hicham Boudaoui,1.0
354,Damián Josue Bobadilla,MF,941,Leandro Daniel Paredes,1.0
354,Damián Josue Bobadilla,MF,1012,Paul Wanner,1.0
354,Damián Josue Bobadilla,MF,968,Ramiz Larbi Zerrouki,1.0
355,Alejandro Sebastian Romero Gamarra,FW,1246,Azarías Emmanuel Londono,0.9999999999999997
355,Alejandro Sebastian Romero Gamarra,FW,10,Ernesto Alexis Vega,0.9999999999999997
355,Alejandro Sebastian Romero Gamarra,FW,14,Armando Gonzalez,0.9999999999999997
355,Alejandro Sebastian Romero Gamarra,FW,21,César Saúl Huerta,0.9999999999999997
355,Alejandro Sebastian Romero Gamarra,FW,97,Tomáš Chory,0.9999999999999997
355,Alejandro Sebastian Romero Gamarra,FW,91,Mojmír Chytil,0.9999999999999997
355,Alejandro Sebastian Romero Gamarra,FW,139,Samed Bazdar,0.9999999999999997
355,Alejandro Sebastian Romero Gamarra,FW,130,Jayden Nelson,0.9999999999999997
355,Alejandro Sebastian Romero Gamarra,FW,1144,Carlos Andrés Gomez,0.9999999999999997
355,Alejandro Sebastian Romero Gamarra,FW,1113,Igor Sergeev,0.9999999999999997
356,Alex Adrian Arce,FW,1240,Cecilio Alfonso Waterman,0.9999999999999998
356,Alex Adrian Arce,FW,1239,Jose Fajardo,0.9999999999999998
356,Alex Adrian Arce,FW,104,Denis Visinsky,0.9999999999999998
356,Alex Adrian Arce,FW,1027,Nayef Ahmad Mahmoud Almardi,0.9999999999999998
356,Alex Adrian Arce,FW,973,Anis Hadj Moussa,0.9999999999999998
356,Alex Adrian Arce,FW,1066,Francisco Francisco Conceicao,0.9999999999999998
356,Alex Adrian Arce,FW,1038,Ahmad Ali Ali Azaizeh,0.9999999999999998
356,Alex Adrian Arce,FW,921,Jørgen Strand Strand Larsen,0.9999999999999998
356,Alex Adrian Arce,FW,763,BENCHIMOLGilson Gilson,0.9999999999999998
356,Alex Adrian Arce,FW,271,Don Deedson Deedson,0.9999999999999998
357,Julio Cesar Enciso,FW,1162,Anthony Michael Gordon,0.9959306688537471
357,Julio Cesar Enciso,FW,660,Hamed Mahrous Mohamed Salah,0.9952376558511868
357,Julio Cesar Enciso,FW,581,Alexander Isak,0.9850042441136557
357,Julio Cesar Enciso,FW,843,Michael Akpovie Olise,0.9819922378543353
357,Julio Cesar Enciso,FW,244,Brahim Diaz,0.9712398082336036
357,Julio Cesar Enciso,FW,634,Leandro Trossard,0.967975689602635
357,Julio Cesar Enciso,FW,189,Breel Donald Embolo,0.9544743870763713
357,Julio Cesar Enciso,FW,1184,Ivan Perisic,0.9539662058610165
357,Julio Cesar Enciso,FW,589,Viktor Einar Gyokeres,0.9539662058610165
357,Julio Cesar Enciso,FW,738,Daniel Olmo,0.9521320179123832
358,Braian Oscar Ojeda,MF,72,Hyunjun Yang,1.0
358,Braian Oscar Ojeda,MF,69,Junho Bae,1.0
358,Braian Oscar Ojeda,MF,77,Jisung Eom,1.0
358,Braian Oscar Ojeda,MF,76,Jingyu Kim,1.0
358,Braian Oscar Ojeda,MF,78,Donggyeong Lee,1.0
358,Braian Oscar Ojeda,MF,103,Hugo Sochurek,1.0
358,Braian Oscar Ojeda,MF,1160,Kobbie Boateng Mainoo,1.0
358,Braian Oscar Ojeda,MF,1158,Jordan Brian Henderson,1.0
358,Braian Oscar Ojeda,MF,125,Jonathan Osorio,1.0
358,Braian Oscar Ojeda,MF,1177,Nikola Moro,1.0
359,Gabriel Avalos,FW,93,Pavel Sulc,1.0000000000000002
359,Gabriel Avalos,FW,88,Patrik Schick,1.0000000000000002
359,Gabriel Avalos,FW,124,Ali Ahmed,1.0000000000000002
359,Gabriel Avalos,FW,116,Tanitoluwa Oluwatimilehin Oluwaseyi,1.0000000000000002
359,Gabriel Avalos,FW,1127,Jhon Andrés Cordoba,1.0000000000000002
359,Gabriel Avalos,FW,171,Abdurisag Yusuf Abdurisag,1.0000000000000002
359,Gabriel Avalos,FW,150,Esmir Bajraktarevic,1.0000000000000002
359,Gabriel Avalos,FW,1051,João Joao Felix,1.0000000000000002
359,Gabriel Avalos,FW,827,Federico Sebastian Vinas,1.0000000000000002
359,Gabriel Avalos,FW,296,Che Sac Everton Fred Adams,1.0000000000000002
360,Gastón Hernán Olveira,GK,12,Carlos Acevedo,1.0
360,Gastón Hernán Olveira,GK,64,Bumkeun Song,1.0
360,Gastón Hernán Olveira,GK,48,Stuart Ricardo Goss,1.0
360,Gastón Hernán Olveira,GK,42,Sipho Justin Chaine,1.0
360,Gastón Hernán Olveira,GK,122,Owen Olamidayo Goodman,1.0
360,Gastón Hernán Olveira,GK,101,Lukáš Hornicek,1.0
360,Gastón Hernán Olveira,GK,94,Jind ř ich Stanek,1.0
360,Gastón Hernán Olveira,GK,73,Hyeonwoo Jo,1.0
360,Gastón Hernán Olveira,GK,220,Weverton Weverton,1.0
360,Gastón Hernán Olveira,GK,231,Ederson Ederson,1.0
361,Matias Galarza,MF,1161,Morgan Elliot Rogers,0.9974090398928084
361,Matias Galarza,MF,509,Pedro Jeampierre Vite,0.9962421213167649
361,Matias Galarza,MF,517,Moisés Isaac Caicedo,0.9962421213167649
361,Matias Galarza,MF,1207,Antoine Serlom Semenyo,0.9962421213167649
361,Matias Galarza,MF,846,Adrien Thibault Marie Rabiot,0.9962421213167649
361,Matias Galarza,MF,943,Rodrigo Javier De Paul,0.9941273235144205
361,Matias Galarza,MF,1048,Miguel Bruno,0.99232496825786
361,Matias Galarza,MF,1180,Luka Modric,0.9890302142844802
361,Matias Galarza,MF,994,Nicolas Seiwald,0.9879118663255483
361,Matias Galarza,MF,661,Mohamed Zaky Mostafa Zico,0.9860503779868643
362,Gustavo Ruben Caballero,MF,63,Hee Chan Hwang,0.9999999999999999
362,Gustavo Ruben Caballero,MF,86,Vladimír Darida,0.9999999999999999
362,Gustavo Ruben Caballero,MF,100,Tomáš Soucek,0.9999999999999999
362,Gustavo Ruben Caballero,MF,95,Lukáš Provod,0.9999999999999999
362,Gustavo Ruben Caballero,MF,110,Mathieu Choiniere,0.9999999999999999
362,Gustavo Ruben Caballero,MF,1133,Juan Camilo Portilla,0.9999999999999999
362,Gustavo Ruben Caballero,MF,118,Jacob Everett Shaffelburg,0.9999999999999999
362,Gustavo Ruben Caballero,MF,1185,Mario Pasalic,0.9999999999999999
362,Gustavo Ruben Caballero,MF,138,Armin Gigovic,0.9999999999999999
362,Gustavo Ruben Caballero,MF,1103,Oston Urunov,0.9999999999999999
363,Isidro Miguel Pitta,FW,93,Pavel Sulc,1.0000000000000002
363,Isidro Miguel Pitta,FW,88,Patrik Schick,1.0000000000000002
363,Isidro Miguel Pitta,FW,124,Ali Ahmed,1.0000000000000002
363,Isidro Miguel Pitta,FW,116,Tanitoluwa Oluwatimilehin Oluwaseyi,1.0000000000000002
363,Isidro Miguel Pitta,FW,1127,Jhon Andrés Cordoba,1.0000000000000002
363,Isidro Miguel Pitta,FW,171,Abdurisag Yusuf Abdurisag,1.0000000000000002
363,Isidro Miguel Pitta,FW,150,Esmir Bajraktarevic,1.0000000000000002
363,Isidro Miguel Pitta,FW,1051,João Joao Felix,1.0000000000000002
363,Isidro Miguel Pitta,FW,827,Federico Sebastian Vinas,1.0000000000000002
363,Isidro Miguel Pitta,FW,296,Che Sac Everton Fred Adams,1.0000000000000002
364,Alexandro Maidana,DF,65,Taeseok Lee,1.0000000000000002
364,Alexandro Maidana,DF,81,Tomáš Holes,1.0000000000000002
364,Alexandro Maidana,DF,1174,Joško Gvardiol,1.0000000000000002
364,Alexandro Maidana,DF,1149,John Stones,1.0000000000000002
364,Alexandro Maidana,DF,1110,Abdulla Abdullaev,1.0000000000000002
364,Alexandro Maidana,DF,1116,Behruzjon Karimov,1.0000000000000002
364,Alexandro Maidana,DF,119,Moïse Bombito Bombito,1.0000000000000002
364,Alexandro Maidana,DF,1140,Deiver Machado,1.0000000000000002
364,Alexandro Maidana,DF,1069,Steve Nkanu Kapuadi,1.0000000000000002
364,Alexandro Maidana,DF,861,Kalidou Koulibaly,1.0000000000000002
365,Mathew David Ryan,GK,13,Francisco Guillermo Ochoa,0.9999999999999999
365,Mathew David Ryan,GK,105,Dayne Tristan St. Clair,0.9999999999999999
365,Mathew David Ryan,GK,807,Sergio Ramón Rochet,0.9999999999999999
365,Mathew David Ryan,GK,937,Juan Agustín Musso,0.7903802751826774
365,Mathew David Ryan,GK,881,Mory Diaw,0.550621122333312
365,Mathew David Ryan,GK,64,Bumkeun Song,0.49993767188286814
365,Mathew David Ryan,GK,48,Stuart Ricardo Goss,0.49993767188286814
365,Mathew David Ryan,GK,122,Owen Olamidayo Goodman,0.49993767188286814
365,Mathew David Ryan,GK,94,Jind ř ich Stanek,0.49993767188286814
365,Mathew David Ryan,GK,194,Yvon Landry Mvogo,0.49993767188286814
366,Milos Degenek,DF,1247,Roderick Alonso Miller,1.0
366,Milos Degenek,DF,1156,Trevoh Tom Chalobah,1.0
366,Milos Degenek,DF,1159,Daniel Johnson Burn,1.0
366,Milos Degenek,DF,1237,Eric Javier Davis,1.0
366,Milos Degenek,DF,805,Abdullatif Jehad Thikri,1.0
366,Milos Degenek,DF,808,José María Gimenez,1.0
366,Milos Degenek,DF,810,Ronald Federico Araujo,1.0
366,Milos Degenek,DF,28,Tholo Thabang Matuludi,1.0
366,Milos Degenek,DF,29,Khulumani Ndamane,1.0
366,Milos Degenek,DF,44,Samukele Alucious Kabini,1.0
367,Alessandro Circati,DF,383,Harry James Souttar,0.9999999999999999
367,Alessandro Circati,DF,315,Christopher Jeffrey Richards,0.999230706885484
367,Alessandro Circati,DF,317,Antonee Robinson,0.9986159315671239
367,Alessandro Circati,DF,369,Jordan Jacob Bos,0.9940526753644588
367,Alessandro Circati,DF,224,Douglas Douglas Santos,0.965199219000514
367,Alessandro Circati,DF,792,Abdullah Saud Abdulhamid,0.9363994928877415
367,Alessandro Circati,DF,907,Ghazi Salih Merchas,0.9363994928877415
367,Alessandro Circati,DF,56,Minjae Kim,0.928864926363678
367,Alessandro Circati,DF,368,Jacob Michael Italiano,0.8391139116688894
367,Alessandro Circati,DF,262,Carlens Jean Fedlaire Ruby Arcus,0.8386676604240332
368,Jacob Michael Italiano,DF,262,Carlens Jean Fedlaire Ruby Arcus,0.9999682081809983
368,Jacob Michael Italiano,DF,778,Fabricio Wagner Pina,0.9971575390464607
368,Jacob Michael Italiano,DF,4,Edson Omar Alvarez,0.9927768227924019
368,Jacob Michael Italiano,DF,56,Minjae Kim,0.9809005112860497
368,Jacob Michael Italiano,DF,792,Abdullah Saud Abdulhamid,0.9765232524988107
368,Jacob Michael Italiano,DF,907,Ghazi Salih Merchas,0.9765232524988107
368,Jacob Michael Italiano,DF,369,Jordan Jacob Bos,0.8928795990805001
368,Jacob Michael Italiano,DF,317,Antonee Robinson,0.8663296067632356
368,Jacob Michael Italiano,DF,315,Christopher Jeffrey Richards,0.8596277079714438
368,Jacob Michael Italiano,DF,383,Harry James Souttar,0.8391139116688894
369,Jordan Jacob Bos,DF,317,Antonee Robinson,0.9984044372454223
369,Jordan Jacob Bos,DF,315,Christopher Jeffrey Richards,0.997558730750623
369,Jordan Jacob Bos,DF,367,Alessandro Circati,0.9940526753644588
369,Jordan Jacob Bos,DF,383,Harry James Souttar,0.9940526753644588
369,Jordan Jacob Bos,DF,907,Ghazi Salih Merchas,0.9685447010855702
369,Jordan Jacob Bos,DF,792,Abdullah Saud Abdulhamid,0.9685447010855702
369,Jordan Jacob Bos,DF,56,Minjae Kim,0.9632880262661643
369,Jordan Jacob Bos,DF,224,Douglas Douglas Santos,0.9319004138919423
369,Jordan Jacob Bos,DF,368,Jacob Michael Italiano,0.8928795990805001
369,Jordan Jacob Bos,DF,262,Carlens Jean Fedlaire Ruby Arcus,0.8926139385837115
370,Jason Kato Geria,DF,1247,Roderick Alonso Miller,1.0
370,Jason Kato Geria,DF,1156,Trevoh Tom Chalobah,1.0
370,Jason Kato Geria,DF,1159,Daniel Johnson Burn,1.0
370,Jason Kato Geria,DF,1237,Eric Javier Davis,1.0
370,Jason Kato Geria,DF,805,Abdullatif Jehad Thikri,1.0
370,Jason Kato Geria,DF,808,José María Gimenez,1.0
370,Jason Kato Geria,DF,810,Ronald Federico Araujo,1.0
370,Jason Kato Geria,DF,28,Tholo Thabang Matuludi,1.0
370,Jason Kato Geria,DF,29,Khulumani Ndamane,1.0
370,Jason Kato Geria,DF,44,Samukele Alucious Kabini,1.0
371,Mathew Allan Leckie,FW,1240,Cecilio Alfonso Waterman,0.9999999999999998
371,Mathew Allan Leckie,FW,1239,Jose Fajardo,0.9999999999999998
371,Mathew Allan Leckie,FW,104,Denis Visinsky,0.9999999999999998
371,Mathew Allan Leckie,FW,1027,Nayef Ahmad Mahmoud Almardi,0.9999999999999998
371,Mathew Allan Leckie,FW,973,Anis Hadj Moussa,0.9999999999999998
371,Mathew Allan Leckie,FW,1066,Francisco Francisco Conceicao,0.9999999999999998
371,Mathew Allan Leckie,FW,1038,Ahmad Ali Ali Azaizeh,0.9999999999999998
371,Mathew Allan Leckie,FW,921,Jørgen Strand Strand Larsen,0.9999999999999998
371,Mathew Allan Leckie,FW,763,BENCHIMOLGilson Gilson,0.9999999999999998
371,Mathew Allan Leckie,FW,271,Don Deedson Deedson,0.9999999999999998
372,Connor Isaac Metcalfe,MF,426,Jamal Musiala,0.9995837689330807
372,Connor Isaac Metcalfe,MF,290,Mc,0.9995614384951538
372,Connor Isaac Metcalfe,MF,1199,Caleb Marfo Yirenkyi,0.999411097540224
372,Connor Isaac Metcalfe,MF,646,Alexis Jesse Saelemaekers,0.9991624739597997
372,Connor Isaac Metcalfe,MF,1035,Mahmoud Ahmed Nizar Alrashdan,0.9991624739597997
372,Connor Isaac Metcalfe,MF,557,Daizen Maeda,0.998760900493646
372,Connor Isaac Metcalfe,MF,684,Mohammad Mohebbi,0.998760900493646
372,Connor Isaac Metcalfe,MF,450,Livano Shyron Liomar Comenencia,0.9981159673994312
372,Connor Isaac Metcalfe,MF,1114,Abbosbek Fayzullaev,0.9973288925237518
372,Connor Isaac Metcalfe,MF,293,Mc,0.9843747873933306
373,Mohamed Toure,FW,93,Pavel Sulc,1.0000000000000002
373,Mohamed Toure,FW,88,Patrik Schick,1.0000000000000002
373,Mohamed Toure,FW,124,Ali Ahmed,1.0000000000000002
373,Mohamed Toure,FW,116,Tanitoluwa Oluwatimilehin Oluwaseyi,1.0000000000000002
373,Mohamed Toure,FW,1127,Jhon Andrés Cordoba,1.0000000000000002
373,Mohamed Toure,FW,171,Abdurisag Yusuf Abdurisag,1.0000000000000002
373,Mohamed Toure,FW,150,Esmir Bajraktarevic,1.0000000000000002
373,Mohamed Toure,FW,1051,João Joao Felix,1.0000000000000002
373,Mohamed Toure,FW,827,Federico Sebastian Vinas,1.0000000000000002
373,Mohamed Toure,FW,296,Che Sac Everton Fred Adams,1.0000000000000002
374,Ajdin Hrustic,FW,1246,Azarías Emmanuel Londono,0.9999999999999997
374,Ajdin Hrustic,FW,10,Ernesto Alexis Vega,0.9999999999999997
374,Ajdin Hrustic,FW,14,Armando Gonzalez,0.9999999999999997
374,Ajdin Hrustic,FW,21,César Saúl Huerta,0.9999999999999997
374,Ajdin Hrustic,FW,97,Tomáš Chory,0.9999999999999997
374,Ajdin Hrustic,FW,91,Mojmír Chytil,0.9999999999999997
374,Ajdin Hrustic,FW,139,Samed Bazdar,0.9999999999999997
374,Ajdin Hrustic,FW,130,Jayden Nelson,0.9999999999999997
374,Ajdin Hrustic,FW,1144,Carlos Andrés Gomez,0.9999999999999997
374,Ajdin Hrustic,FW,1113,Igor Sergeev,0.9999999999999997
375,Awer Bul Mabil,FW,1246,Azarías Emmanuel Londono,0.9999999999999997
375,Awer Bul Mabil,FW,10,Ernesto Alexis Vega,0.9999999999999997
375,Awer Bul Mabil,FW,14,Armando Gonzalez,0.9999999999999997
375,Awer Bul Mabil,FW,21,César Saúl Huerta,0.9999999999999997
375,Awer Bul Mabil,FW,97,Tomáš Chory,0.9999999999999997
375,Awer Bul Mabil,FW,91,Mojmír Chytil,0.9999999999999997
375,Awer Bul Mabil,FW,139,Samed Bazdar,0.9999999999999997
375,Awer Bul Mabil,FW,130,Jayden Nelson,0.9999999999999997
375,Awer Bul Mabil,FW,1144,Carlos Andrés Gomez,0.9999999999999997
375,Awer Bul Mabil,FW,1113,Igor Sergeev,0.9999999999999997
376,Paul David Izzo,GK,12,Carlos Acevedo,1.0
376,Paul David Izzo,GK,64,Bumkeun Song,1.0
376,Paul David Izzo,GK,48,Stuart Ricardo Goss,1.0
376,Paul David Izzo,GK,42,Sipho Justin Chaine,1.0
376,Paul David Izzo,GK,122,Owen Olamidayo Goodman,1.0
376,Paul David Izzo,GK,101,Lukáš Hornicek,1.0
376,Paul David Izzo,GK,94,Jind ř ich Stanek,1.0
376,Paul David Izzo,GK,73,Hyeonwoo Jo,1.0
376,Paul David Izzo,GK,220,Weverton Weverton,1.0
376,Paul David Izzo,GK,231,Ederson Ederson,1.0
377,Aiden Connor Oneill,MF,1128,James David Rodriguez,1.0
377,Aiden Connor Oneill,MF,190,Remo Marco Freuler,1.0
377,Aiden Connor Oneill,MF,188,Denis Lemi Zakaria,1.0
377,Aiden Connor Oneill,MF,1074,Samuel Alain Moutoussamy,1.0
377,Aiden Connor Oneill,MF,258,Neil Yoni El Aynaoui,1.0
377,Aiden Connor Oneill,MF,352,Adrián Andrés Cubas,1.0
377,Aiden Connor Oneill,MF,316,Tyler Shaan Adams,1.0
377,Aiden Connor Oneill,MF,515,Alan Steven Franco,1.0
377,Aiden Connor Oneill,MF,421,Aleksandar Pavlovic,1.0
377,Aiden Connor Oneill,MF,924,Fredrik Aursnes,1.0
378,Cameron Peter Devlin,MF,72,Hyunjun Yang,1.0
378,Cameron Peter Devlin,MF,69,Junho Bae,1.0
378,Cameron Peter Devlin,MF,77,Jisung Eom,1.0
378,Cameron Peter Devlin,MF,76,Jingyu Kim,1.0
378,Cameron Peter Devlin,MF,78,Donggyeong Lee,1.0
378,Cameron Peter Devlin,MF,103,Hugo Sochurek,1.0
378,Cameron Peter Devlin,MF,1160,Kobbie Boateng Mainoo,1.0
378,Cameron Peter Devlin,MF,1158,Jordan Brian Henderson,1.0
378,Cameron Peter Devlin,MF,125,Jonathan Osorio,1.0
378,Cameron Peter Devlin,MF,1177,Nikola Moro,1.0
379,Kai Clifton Trewin,DF,1247,Roderick Alonso Miller,1.0
379,Kai Clifton Trewin,DF,1156,Trevoh Tom Chalobah,1.0
379,Kai Clifton Trewin,DF,1159,Daniel Johnson Burn,1.0
379,Kai Clifton Trewin,DF,1237,Eric Javier Davis,1.0
379,Kai Clifton Trewin,DF,805,Abdullatif Jehad Thikri,1.0
379,Kai Clifton Trewin,DF,808,José María Gimenez,1.0
379,Kai Clifton Trewin,DF,810,Ronald Federico Araujo,1.0
379,Kai Clifton Trewin,DF,28,Tholo Thabang Matuludi,1.0
379,Kai Clifton Trewin,DF,29,Khulumani Ndamane,1.0
379,Kai Clifton Trewin,DF,44,Samukele Alucious Kabini,1.0
380,Aziz Behich,DF,65,Taeseok Lee,1.0000000000000002
380,Aziz Behich,DF,81,Tomáš Holes,1.0000000000000002
380,Aziz Behich,DF,1174,Joško Gvardiol,1.0000000000000002
380,Aziz Behich,DF,1149,John Stones,1.0000000000000002
380,Aziz Behich,DF,1110,Abdulla Abdullaev,1.0000000000000002
380,Aziz Behich,DF,1116,Behruzjon Karimov,1.0000000000000002
380,Aziz Behich,DF,119,Moïse Bombito Bombito,1.0000000000000002
380,Aziz Behich,DF,1140,Deiver Machado,1.0000000000000002
380,Aziz Behich,DF,1069,Steve Nkanu Kapuadi,1.0000000000000002
380,Aziz Behich,DF,861,Kalidou Koulibaly,1.0000000000000002
381,Nestory Irankunda,FW,852,Désiré Nonka-Maho Doue,0.9999379166634851
381,Nestory Irankunda,FW,1023,Iyad Ali Ali Olwan,0.999822119177909
381,Nestory Irankunda,FW,1106,Eldor Shomurodov,0.999822119177909
381,Nestory Irankunda,FW,398,Arda Guler,0.999822119177909
381,Nestory Irankunda,FW,971,Amine Ferid Gouiri,0.9995974858984277
381,Nestory Irankunda,FW,149,Kerim Alajbegovic,0.999221371119684
381,Nestory Irankunda,FW,38,Thapelo Maseko,0.9986300535725499
381,Nestory Irankunda,FW,193,Dan Ndoye,0.9840674832013818
381,Nestory Irankunda,FW,114,Jonathan Christian David,0.979178799057332
381,Nestory Irankunda,FW,945,Julián Alvarez,0.97001575169087
382,Patrick Thomas Beach,GK,751,Unai Simon,0.9767207299432078
382,Patrick Thomas Beach,GK,469,Yahia Fofana,0.9759895617649657
382,Patrick Thomas Beach,GK,1,José Raúl Rangel,0.9729894149644459
382,Patrick Thomas Beach,GK,1130,Camilo Andres Vargas,0.9653760476544079
382,Patrick Thomas Beach,GK,729,David Raya,0.953440736569323
382,Patrick Thomas Beach,GK,209,Ramsés Alisson,0.9499856521920408
382,Patrick Thomas Beach,GK,336,Matthew Andrew Geary Freese,0.9357789188165818
382,Patrick Thomas Beach,GK,848,Mike Peterson Maignan,0.9231409854089675
382,Patrick Thomas Beach,GK,287,Angus Fraser James Gunn,0.9176387951395305
382,Patrick Thomas Beach,GK,547,Zion Suzuki,0.901199797149157
383,Harry James Souttar,DF,367,Alessandro Circati,0.9999999999999999
383,Harry James Souttar,DF,315,Christopher Jeffrey Richards,0.999230706885484
383,Harry James Souttar,DF,317,Antonee Robinson,0.9986159315671239
383,Harry James Souttar,DF,369,Jordan Jacob Bos,0.9940526753644588
383,Harry James Souttar,DF,224,Douglas Douglas Santos,0.965199219000514
383,Harry James Souttar,DF,792,Abdullah Saud Abdulhamid,0.9363994928877415
383,Harry James Souttar,DF,907,Ghazi Salih Merchas,0.9363994928877415
383,Harry James Souttar,DF,56,Minjae Kim,0.928864926363678
383,Harry James Souttar,DF,368,Jacob Michael Italiano,0.8391139116688894
383,Harry James Souttar,DF,262,Carlens Jean Fedlaire Ruby Arcus,0.8386676604240332
384,Cristian Volpato,FW,93,Pavel Sulc,1.0000000000000002
384,Cristian Volpato,FW,88,Patrik Schick,1.0000000000000002
384,Cristian Volpato,FW,124,Ali Ahmed,1.0000000000000002
384,Cristian Volpato,FW,116,Tanitoluwa Oluwatimilehin Oluwaseyi,1.0000000000000002
384,Cristian Volpato,FW,1127,Jhon Andrés Cordoba,1.0000000000000002
384,Cristian Volpato,FW,171,Abdurisag Yusuf Abdurisag,1.0000000000000002
384,Cristian Volpato,FW,150,Esmir Bajraktarevic,1.0000000000000002
384,Cristian Volpato,FW,1051,João Joao Felix,1.0000000000000002
384,Cristian Volpato,FW,827,Federico Sebastian Vinas,1.0000000000000002
384,Cristian Volpato,FW,296,Che Sac Everton Fred Adams,1.0000000000000002
385,Cameron Robert Burgess,DF,65,Taeseok Lee,1.0000000000000002
385,Cameron Robert Burgess,DF,81,Tomáš Holes,1.0000000000000002
385,Cameron Robert Burgess,DF,1174,Joško Gvardiol,1.0000000000000002
385,Cameron Robert Burgess,DF,1149,John Stones,1.0000000000000002
385,Cameron Robert Burgess,DF,1110,Abdulla Abdullaev,1.0000000000000002
385,Cameron Robert Burgess,DF,1116,Behruzjon Karimov,1.0000000000000002
385,Cameron Robert Burgess,DF,119,Moïse Bombito Bombito,1.0000000000000002
385,Cameron Robert Burgess,DF,1140,Deiver Machado,1.0000000000000002
385,Cameron Robert Burgess,DF,1069,Steve Nkanu Kapuadi,1.0000000000000002
385,Cameron Robert Burgess,DF,861,Kalidou Koulibaly,1.0000000000000002
386,Jackson Alexander Irvine,MF,786,Essa Nasser Aldawsari,0.9990484309829785
386,Jackson Alexander Irvine,MF,31,Thalente Wandile Mbatha,0.99621223122432
386,Jackson Alexander Irvine,MF,168,Karim Karim Boudiaf,0.7603622559649595
386,Jackson Alexander Irvine,MF,146,Amir Hadziahmetovic,0.7236742746040911
386,Jackson Alexander Irvine,MF,112,Ismaël Kenneth Jordan Kone,0.6585384608772638
386,Jackson Alexander Irvine,MF,346,Diego Alexander Gomez,0.6585384608772638
386,Jackson Alexander Irvine,MF,277,Danley Jean Jacques,0.6367950394329739
386,Jackson Alexander Irvine,MF,30,Teboho Mokoena,0.5957097155155262
386,Jackson Alexander Irvine,MF,1080,Noah Junior Sadiki,0.5601012755519158
386,Jackson Alexander Irvine,MF,145,Amar Memic,0.5601012755519158
387,Nishan Matthew Velupillay,FW,1240,Cecilio Alfonso Waterman,0.9999999999999998
387,Nishan Matthew Velupillay,FW,1239,Jose Fajardo,0.9999999999999998
387,Nishan Matthew Velupillay,FW,104,Denis Visinsky,0.9999999999999998
387,Nishan Matthew Velupillay,FW,1027,Nayef Ahmad Mahmoud Almardi,0.9999999999999998
387,Nishan Matthew Velupillay,FW,973,Anis Hadj Moussa,0.9999999999999998
387,Nishan Matthew Velupillay,FW,1066,Francisco Francisco Conceicao,0.9999999999999998
387,Nishan Matthew Velupillay,FW,1038,Ahmad Ali Ali Azaizeh,0.9999999999999998
387,Nishan Matthew Velupillay,FW,921,Jørgen Strand Strand Larsen,0.9999999999999998
387,Nishan Matthew Velupillay,FW,763,BENCHIMOLGilson Gilson,0.9999999999999998
387,Nishan Matthew Velupillay,FW,271,Don Deedson Deedson,0.9999999999999998
388,Paul Michael Junior Okon-Engstler,MF,143,Ivan Basic,0.9999691726167457
388,Paul Michael Junior Okon-Engstler,MF,1098,Akmal Mozgovoy,0.9999542952769477
388,Paul Michael Junior Okon-Engstler,MF,102,Alexandr Sojka,0.9997090769189002
388,Paul Michael Junior Okon-Engstler,MF,241,Chemsdine Talbi,0.9996975372366758
388,Paul Michael Junior Okon-Engstler,MF,970,Houssem-Eddine Chaabane Aouar,0.9989232783186087
388,Paul Michael Junior Okon-Engstler,MF,326,Sebastian Matthew Berhalter,0.9951991062522484
388,Paul Michael Junior Okon-Engstler,MF,7,Luis Francisco Romo,0.9940917410366407
388,Paul Michael Junior Okon-Engstler,MF,554,Takefusa Kubo,0.9924711313103998
388,Paul Michael Junior Okon-Engstler,MF,436,Nadiem Amiri,0.9912356618457305
388,Paul Michael Junior Okon-Engstler,MF,931,Andreas Rædergård Schjelderup,0.9837512983300636
389,Lucas Herrington,DF,65,Taeseok Lee,1.0000000000000002
389,Lucas Herrington,DF,81,Tomáš Holes,1.0000000000000002
389,Lucas Herrington,DF,1174,Joško Gvardiol,1.0000000000000002
389,Lucas Herrington,DF,1149,John Stones,1.0000000000000002
389,Lucas Herrington,DF,1110,Abdulla Abdullaev,1.0000000000000002
389,Lucas Herrington,DF,1116,Behruzjon Karimov,1.0000000000000002
389,Lucas Herrington,DF,119,Moïse Bombito Bombito,1.0000000000000002
389,Lucas Herrington,DF,1140,Deiver Machado,1.0000000000000002
389,Lucas Herrington,DF,1069,Steve Nkanu Kapuadi,1.0000000000000002
389,Lucas Herrington,DF,861,Kalidou Koulibaly,1.0000000000000002
390,Tete Owen Yengi,FW,1246,Azarías Emmanuel Londono,0.9999999999999997
390,Tete Owen Yengi,FW,10,Ernesto Alexis Vega,0.9999999999999997
390,Tete Owen Yengi,FW,14,Armando Gonzalez,0.9999999999999997
390,Tete Owen Yengi,FW,21,César Saúl Huerta,0.9999999999999997
390,Tete Owen Yengi,FW,97,Tomáš Chory,0.9999999999999997
390,Tete Owen Yengi,FW,91,Mojmír Chytil,0.9999999999999997
390,Tete Owen Yengi,FW,139,Samed Bazdar,0.9999999999999997
390,Tete Owen Yengi,FW,130,Jayden Nelson,0.9999999999999997
390,Tete Owen Yengi,FW,1144,Carlos Andrés Gomez,0.9999999999999997
390,Tete Owen Yengi,FW,1113,Igor Sergeev,0.9999999999999997
391,Fehmi Mert Gunok,GK,12,Carlos Acevedo,1.0
391,Fehmi Mert Gunok,GK,64,Bumkeun Song,1.0
391,Fehmi Mert Gunok,GK,48,Stuart Ricardo Goss,1.0
391,Fehmi Mert Gunok,GK,42,Sipho Justin Chaine,1.0
391,Fehmi Mert Gunok,GK,122,Owen Olamidayo Goodman,1.0
391,Fehmi Mert Gunok,GK,101,Lukáš Hornicek,1.0
391,Fehmi Mert Gunok,GK,94,Jind ř ich Stanek,1.0
391,Fehmi Mert Gunok,GK,73,Hyeonwoo Jo,1.0
391,Fehmi Mert Gunok,GK,220,Weverton Weverton,1.0
391,Fehmi Mert Gunok,GK,231,Ederson Ederson,1.0
392,Mehmet Zeki Celik,DF,65,Taeseok Lee,1.0000000000000002
392,Mehmet Zeki Celik,DF,81,Tomáš Holes,1.0000000000000002
392,Mehmet Zeki Celik,DF,1174,Joško Gvardiol,1.0000000000000002
392,Mehmet Zeki Celik,DF,1149,John Stones,1.0000000000000002
392,Mehmet Zeki Celik,DF,1110,Abdulla Abdullaev,1.0000000000000002
392,Mehmet Zeki Celik,DF,1116,Behruzjon Karimov,1.0000000000000002
392,Mehmet Zeki Celik,DF,119,Moïse Bombito Bombito,1.0000000000000002
392,Mehmet Zeki Celik,DF,1140,Deiver Machado,1.0000000000000002
392,Mehmet Zeki Celik,DF,1069,Steve Nkanu Kapuadi,1.0000000000000002
392,Mehmet Zeki Celik,DF,861,Kalidou Koulibaly,1.0000000000000002
393,Merih Demiral,DF,65,Taeseok Lee,1.0000000000000002
393,Merih Demiral,DF,81,Tomáš Holes,1.0000000000000002
393,Merih Demiral,DF,1174,Joško Gvardiol,1.0000000000000002
393,Merih Demiral,DF,1149,John Stones,1.0000000000000002
393,Merih Demiral,DF,1110,Abdulla Abdullaev,1.0000000000000002
393,Merih Demiral,DF,1116,Behruzjon Karimov,1.0000000000000002
393,Merih Demiral,DF,119,Moïse Bombito Bombito,1.0000000000000002
393,Merih Demiral,DF,1140,Deiver Machado,1.0000000000000002
393,Merih Demiral,DF,1069,Steve Nkanu Kapuadi,1.0000000000000002
393,Merih Demiral,DF,861,Kalidou Koulibaly,1.0000000000000002
394,Ça ğ lar Soyuncu,DF,1247,Roderick Alonso Miller,1.0
394,Ça ğ lar Soyuncu,DF,1156,Trevoh Tom Chalobah,1.0
394,Ça ğ lar Soyuncu,DF,1159,Daniel Johnson Burn,1.0
394,Ça ğ lar Soyuncu,DF,1237,Eric Javier Davis,1.0
394,Ça ğ lar Soyuncu,DF,805,Abdullatif Jehad Thikri,1.0
394,Ça ğ lar Soyuncu,DF,808,José María Gimenez,1.0
394,Ça ğ lar Soyuncu,DF,810,Ronald Federico Araujo,1.0
394,Ça ğ lar Soyuncu,DF,28,Tholo Thabang Matuludi,1.0
394,Ça ğ lar Soyuncu,DF,29,Khulumani Ndamane,1.0
394,Ça ğ lar Soyuncu,DF,44,Samukele Alucious Kabini,1.0
395,Salih Ozcan,MF,63,Hee Chan Hwang,0.9999999999999999
395,Salih Ozcan,MF,86,Vladimír Darida,0.9999999999999999
395,Salih Ozcan,MF,100,Tomáš Soucek,0.9999999999999999
395,Salih Ozcan,MF,95,Lukáš Provod,0.9999999999999999
395,Salih Ozcan,MF,110,Mathieu Choiniere,0.9999999999999999
395,Salih Ozcan,MF,1133,Juan Camilo Portilla,0.9999999999999999
395,Salih Ozcan,MF,118,Jacob Everett Shaffelburg,0.9999999999999999
395,Salih Ozcan,MF,1185,Mario Pasalic,0.9999999999999999
395,Salih Ozcan,MF,138,Armin Gigovic,0.9999999999999999
395,Salih Ozcan,MF,1103,Oston Urunov,0.9999999999999999
396,Orkun Kokcu,MF,671,Saber Abdelmohsen Mahmoud,0.9974174070540862
396,Orkun Kokcu,MF,96,Michal Sadilek,0.9948691689380418
396,Orkun Kokcu,MF,1183,Nikola Vlasic,0.9929943383990005
396,Orkun Kokcu,MF,560,Junya Ito,0.9833141242289477
396,Orkun Kokcu,MF,644,Hans Vanaken,0.982098481097088
396,Orkun Kokcu,MF,820,Agustin Canobbio,0.9800486031701946
396,Orkun Kokcu,MF,768,Deroy Deroy Duarte,0.963807760989827
396,Orkun Kokcu,MF,879,Habib Mbacke Diarra,0.8834101292265151
396,Orkun Kokcu,MF,944,Valentin Barco,0.7817858335621393
396,Orkun Kokcu,MF,1012,Paul Wanner,0.7817858335621393
397,Muhammed Kerem Akturkoglu,FW,93,Pavel Sulc,1.0000000000000002
397,Muhammed Kerem Akturkoglu,FW,88,Patrik Schick,1.0000000000000002
397,Muhammed Kerem Akturkoglu,FW,124,Ali Ahmed,1.0000000000000002
397,Muhammed Kerem Akturkoglu,FW,116,Tanitoluwa Oluwatimilehin Oluwaseyi,1.0000000000000002
397,Muhammed Kerem Akturkoglu,FW,1127,Jhon Andrés Cordoba,1.0000000000000002
397,Muhammed Kerem Akturkoglu,FW,171,Abdurisag Yusuf Abdurisag,1.0000000000000002
397,Muhammed Kerem Akturkoglu,FW,150,Esmir Bajraktarevic,1.0000000000000002
397,Muhammed Kerem Akturkoglu,FW,1051,João Joao Felix,1.0000000000000002
397,Muhammed Kerem Akturkoglu,FW,827,Federico Sebastian Vinas,1.0000000000000002
397,Muhammed Kerem Akturkoglu,FW,296,Che Sac Everton Fred Adams,1.0000000000000002
398,Arda Guler,FW,1106,Eldor Shomurodov,0.9999999999999999
398,Arda Guler,FW,1023,Iyad Ali Ali Olwan,0.9999999999999999
398,Arda Guler,FW,381,Nestory Irankunda,0.999822119177909
398,Arda Guler,FW,149,Kerim Alajbegovic,0.9997877710192127
398,Arda Guler,FW,852,Désiré Nonka-Maho Doue,0.9995498839960634
398,Arda Guler,FW,971,Amine Ferid Gouiri,0.9988845925233621
398,Arda Guler,FW,38,Thapelo Maseko,0.9974655048534914
398,Arda Guler,FW,193,Dan Ndoye,0.9850086407718345
398,Arda Guler,FW,114,Jonathan Christian David,0.9766029986222461
398,Arda Guler,FW,945,Julián Alvarez,0.9731073689650807
399,Deniz Daniel Gul,FW,1246,Azarías Emmanuel Londono,0.9999999999999997
399,Deniz Daniel Gul,FW,10,Ernesto Alexis Vega,0.9999999999999997
399,Deniz Daniel Gul,FW,14,Armando Gonzalez,0.9999999999999997
399,Deniz Daniel Gul,FW,21,César Saúl Huerta,0.9999999999999997
399,Deniz Daniel Gul,FW,97,Tomáš Chory,0.9999999999999997
399,Deniz Daniel Gul,FW,91,Mojmír Chytil,0.9999999999999997
399,Deniz Daniel Gul,FW,139,Samed Bazdar,0.9999999999999997
399,Deniz Daniel Gul,FW,130,Jayden Nelson,0.9999999999999997
399,Deniz Daniel Gul,FW,1144,Carlos Andrés Gomez,0.9999999999999997
399,Deniz Daniel Gul,FW,1113,Igor Sergeev,0.9999999999999997
400,Hakan Calhanoglu,MF,62,Jae Sung Lee,1.0
400,Hakan Calhanoglu,MF,90,Lukáš Cerv,1.0
400,Hakan Calhanoglu,MF,1091,Edo Kayembe Kayembe,1.0
400,Hakan Calhanoglu,MF,136,Benjamin Tahirovic,1.0
400,Hakan Calhanoglu,MF,145,Amar Memic,1.0
400,Hakan Calhanoglu,MF,115,Liam Alan Millar,1.0
400,Hakan Calhanoglu,MF,976,Hicham Boudaoui,1.0
400,Hakan Calhanoglu,MF,941,Leandro Daniel Paredes,1.0
400,Hakan Calhanoglu,MF,1012,Paul Wanner,1.0
400,Hakan Calhanoglu,MF,968,Ramiz Larbi Zerrouki,1.0
401,Kenan Yildiz,FW,93,Pavel Sulc,1.0000000000000002
401,Kenan Yildiz,FW,88,Patrik Schick,1.0000000000000002
401,Kenan Yildiz,FW,124,Ali Ahmed,1.0000000000000002
401,Kenan Yildiz,FW,116,Tanitoluwa Oluwatimilehin Oluwaseyi,1.0000000000000002
401,Kenan Yildiz,FW,1127,Jhon Andrés Cordoba,1.0000000000000002
401,Kenan Yildiz,FW,171,Abdurisag Yusuf Abdurisag,1.0000000000000002
401,Kenan Yildiz,FW,150,Esmir Bajraktarevic,1.0000000000000002
401,Kenan Yildiz,FW,1051,João Joao Felix,1.0000000000000002
401,Kenan Yildiz,FW,827,Federico Sebastian Vinas,1.0000000000000002
401,Kenan Yildiz,FW,296,Che Sac Everton Fred Adams,1.0000000000000002
402,Altay Bayindir,GK,12,Carlos Acevedo,1.0
402,Altay Bayindir,GK,64,Bumkeun Song,1.0
402,Altay Bayindir,GK,48,Stuart Ricardo Goss,1.0
402,Altay Bayindir,GK,42,Sipho Justin Chaine,1.0
402,Altay Bayindir,GK,122,Owen Olamidayo Goodman,1.0
402,Altay Bayindir,GK,101,Lukáš Hornicek,1.0
402,Altay Bayindir,GK,94,Jind ř ich Stanek,1.0
402,Altay Bayindir,GK,73,Hyeonwoo Jo,1.0
402,Altay Bayindir,GK,220,Weverton Weverton,1.0
402,Altay Bayindir,GK,231,Ederson Ederson,1.0
403,Evren Eren Elmali,DF,133,Dennis Hadzikadunic,0.9953004305849651
403,Evren Eren Elmali,DF,473,Wilfried Stephane Singo,0.9892004695444309
403,Evren Eren Elmali,DF,733,Marcos Llorente,0.9889739933745544
403,Evren Eren Elmali,DF,704,Timothy John Payne,0.9020706810881155
403,Evren Eren Elmali,DF,1037,Manel Farhan Ehsan Haddad,0.8797120426482361
403,Evren Eren Elmali,DF,83,Vladimír Coufal,0.8743039689771958
403,Evren Eren Elmali,DF,961,Facundo Axel Medina,0.8472501070128078
403,Evren Eren Elmali,DF,422,Joshua Walter Kimmich,0.8335566254294228
403,Evren Eren Elmali,DF,1172,Josip Stanisic,0.8290206581106413
403,Evren Eren Elmali,DF,542,Denzel Justus Morris Dumfries,0.8092292119753974
404,Abdülker Bardakci,DF,74,Youngwoo Seol,0.9999999999999999
404,Abdülker Bardakci,DF,82,Robin Hranac,0.9999999999999999
404,Abdülker Bardakci,DF,15,Israel Reyes,0.9999999999999999
404,Abdülker Bardakci,DF,1173,Marin Pongracic,0.9999999999999999
404,Abdülker Bardakci,DF,1135,Johan Andrés Mojica,0.9999999999999999
404,Abdülker Bardakci,DF,108,Luc De Fougerolles,0.9999999999999999
404,Abdülker Bardakci,DF,1200,Jonas Adjei Adjetey,0.9999999999999999
404,Abdülker Bardakci,DF,1094,Abdukodir Khusanov,0.9999999999999999
404,Abdülker Bardakci,DF,207,Luca Antony Jaquez,0.9999999999999999
404,Abdülker Bardakci,DF,1105,Sherzod Nasrullaev,0.9999999999999999
405,Ozan Muhammed Kabak,DF,1248,Jorge Abdiel Gutierrez,1.0
405,Ozan Muhammed Kabak,DF,1226,Fidel Escobar,1.0
405,Ozan Muhammed Kabak,DF,1192,Luka Vuskovic,1.0
405,Ozan Muhammed Kabak,DF,107,Alfie Charles Jones,1.0
405,Ozan Muhammed Kabak,DF,123,Alphonso Boyle Davies,1.0
405,Ozan Muhammed Kabak,DF,679,Ehsan Hajisafi,1.0
405,Ozan Muhammed Kabak,DF,693,Arya Yousefi,1.0
405,Ozan Muhammed Kabak,DF,706,Tyler Grant Bindon,1.0
405,Ozan Muhammed Kabak,DF,665,Hafez Ramadan Karim Hafez,1.0
405,Ozan Muhammed Kabak,DF,783,Mohammed Ali Lajami,1.0
406,Ismailİsma Yuksek,MF,62,Jae Sung Lee,1.0
406,Ismailİsma Yuksek,MF,90,Lukáš Cerv,1.0
406,Ismailİsma Yuksek,MF,1091,Edo Kayembe Kayembe,1.0
406,Ismailİsma Yuksek,MF,136,Benjamin Tahirovic,1.0
406,Ismailİsma Yuksek,MF,145,Amar Memic,1.0
406,Ismailİsma Yuksek,MF,115,Liam Alan Millar,1.0
406,Ismailİsma Yuksek,MF,976,Hicham Boudaoui,1.0
406,Ismailİsma Yuksek,MF,941,Leandro Daniel Paredes,1.0
406,Ismailİsma Yuksek,MF,1012,Paul Wanner,1.0
406,Ismailİsma Yuksek,MF,968,Ramiz Larbi Zerrouki,1.0
407,Can İrfan Kahveci,FW,1240,Cecilio Alfonso Waterman,0.9999999999999998
407,Can İrfan Kahveci,FW,1239,Jose Fajardo,0.9999999999999998
407,Can İrfan Kahveci,FW,104,Denis Visinsky,0.9999999999999998
407,Can İrfan Kahveci,FW,1027,Nayef Ahmad Mahmoud Almardi,0.9999999999999998
407,Can İrfan Kahveci,FW,973,Anis Hadj Moussa,0.9999999999999998
407,Can İrfan Kahveci,FW,1066,Francisco Francisco Conceicao,0.9999999999999998
407,Can İrfan Kahveci,FW,1038,Ahmad Ali Ali Azaizeh,0.9999999999999998
407,Can İrfan Kahveci,FW,921,Jørgen Strand Strand Larsen,0.9999999999999998
407,Can İrfan Kahveci,FW,763,BENCHIMOLGilson Gilson,0.9999999999999998
407,Can İrfan Kahveci,FW,271,Don Deedson Deedson,0.9999999999999998
408,Mert Muldur,DF,1247,Roderick Alonso Miller,1.0
408,Mert Muldur,DF,1156,Trevoh Tom Chalobah,1.0
408,Mert Muldur,DF,1159,Daniel Johnson Burn,1.0
408,Mert Muldur,DF,1237,Eric Javier Davis,1.0
408,Mert Muldur,DF,805,Abdullatif Jehad Thikri,1.0
408,Mert Muldur,DF,808,José María Gimenez,1.0
408,Mert Muldur,DF,810,Ronald Federico Araujo,1.0
408,Mert Muldur,DF,28,Tholo Thabang Matuludi,1.0
408,Mert Muldur,DF,29,Khulumani Ndamane,1.0
408,Mert Muldur,DF,44,Samukele Alucious Kabini,1.0
409,Yunus Akgun,FW,1240,Cecilio Alfonso Waterman,0.9999999999999998
409,Yunus Akgun,FW,1239,Jose Fajardo,0.9999999999999998
409,Yunus Akgun,FW,104,Denis Visinsky,0.9999999999999998
409,Yunus Akgun,FW,1027,Nayef Ahmad Mahmoud Almardi,0.9999999999999998
409,Yunus Akgun,FW,973,Anis Hadj Moussa,0.9999999999999998
409,Yunus Akgun,FW,1066,Francisco Francisco Conceicao,0.9999999999999998
409,Yunus Akgun,FW,1038,Ahmad Ali Ali Azaizeh,0.9999999999999998
409,Yunus Akgun,FW,921,Jørgen Strand Strand Larsen,0.9999999999999998
409,Yunus Akgun,FW,763,BENCHIMOLGilson Gilson,0.9999999999999998
409,Yunus Akgun,FW,271,Don Deedson Deedson,0.9999999999999998
410,Ferdi Erenay Kadioglu,DF,65,Taeseok Lee,1.0000000000000002
410,Ferdi Erenay Kadioglu,DF,81,Tomáš Holes,1.0000000000000002
410,Ferdi Erenay Kadioglu,DF,1174,Joško Gvardiol,1.0000000000000002
410,Ferdi Erenay Kadioglu,DF,1149,John Stones,1.0000000000000002
410,Ferdi Erenay Kadioglu,DF,1110,Abdulla Abdullaev,1.0000000000000002
410,Ferdi Erenay Kadioglu,DF,1116,Behruzjon Karimov,1.0000000000000002
410,Ferdi Erenay Kadioglu,DF,119,Moïse Bombito Bombito,1.0000000000000002
410,Ferdi Erenay Kadioglu,DF,1140,Deiver Machado,1.0000000000000002
410,Ferdi Erenay Kadioglu,DF,1069,Steve Nkanu Kapuadi,1.0000000000000002
410,Ferdi Erenay Kadioglu,DF,861,Kalidou Koulibaly,1.0000000000000002
411,Barı ş Alper Yilmaz,FW,93,Pavel Sulc,1.0000000000000002
411,Barı ş Alper Yilmaz,FW,88,Patrik Schick,1.0000000000000002
411,Barı ş Alper Yilmaz,FW,124,Ali Ahmed,1.0000000000000002
411,Barı ş Alper Yilmaz,FW,116,Tanitoluwa Oluwatimilehin Oluwaseyi,1.0000000000000002
411,Barı ş Alper Yilmaz,FW,1127,Jhon Andrés Cordoba,1.0000000000000002
411,Barı ş Alper Yilmaz,FW,171,Abdurisag Yusuf Abdurisag,1.0000000000000002
411,Barı ş Alper Yilmaz,FW,150,Esmir Bajraktarevic,1.0000000000000002
411,Barı ş Alper Yilmaz,FW,1051,João Joao Felix,1.0000000000000002
411,Barı ş Alper Yilmaz,FW,827,Federico Sebastian Vinas,1.0000000000000002
411,Barı ş Alper Yilmaz,FW,296,Che Sac Everton Fred Adams,1.0000000000000002
412,Kaan Ayhan,MF,591,Mattias Olof Svanberg,0.9341060723289588
412,Kaan Ayhan,MF,879,Habib Mbacke Diarra,0.7824038772647817
412,Kaan Ayhan,MF,156,Ermin Mahmic,0.7013763662646116
412,Kaan Ayhan,MF,947,Giovani Lo Celso,0.6708919245934574
412,Kaan Ayhan,MF,8,Álvaro Fidalgo,0.6202752619158156
412,Kaan Ayhan,MF,319,Giovanni Alejandro Reyna,0.5094384984171287
412,Kaan Ayhan,MF,929,Thelonious Gerard Aasgaard,0.48899290829036535
412,Kaan Ayhan,MF,671,Saber Abdelmohsen Mahmoud,0.46535860747048696
412,Kaan Ayhan,MF,250,Gessime Ben Youssef Mustapha Yassine,0.4583467229287007
412,Kaan Ayhan,MF,396,Orkun Kokcu,0.4007335715716447
413,Ugurcan Cakir,GK,985,Luca Zinedine Zidane,0.9224055482753486
413,Ugurcan Cakir,GK,1244,Orlando Mosquera,0.9180356905572963
413,Ugurcan Cakir,GK,417,Manuel Peter Neuer,0.9098162324215968
413,Ugurcan Cakir,GK,131,Nikola Vasilj,0.8477521181206978
413,Ugurcan Cakir,GK,79,Mat ě j Kovar,0.837974163534217
413,Ugurcan Cakir,GK,673,Abdelaziz Mohame Mostafa,0.835840468446392
413,Ugurcan Cakir,GK,521,Bart Verbruggen,0.8190180994538943
413,Ugurcan Cakir,GK,989,Alexander Schlager,0.8153624779732949
413,Ugurcan Cakir,GK,911,Ørjan Haskjold Nyland,0.8017665128362842
413,Ugurcan Cakir,GK,1067,Lionel Nzau Mpasi,0.7908047823422891
414,Oguz Aydin,FW,1240,Cecilio Alfonso Waterman,0.9999999999999998
414,Oguz Aydin,FW,1239,Jose Fajardo,0.9999999999999998
414,Oguz Aydin,FW,104,Denis Visinsky,0.9999999999999998
414,Oguz Aydin,FW,1027,Nayef Ahmad Mahmoud Almardi,0.9999999999999998
414,Oguz Aydin,FW,973,Anis Hadj Moussa,0.9999999999999998
414,Oguz Aydin,FW,1066,Francisco Francisco Conceicao,0.9999999999999998
414,Oguz Aydin,FW,1038,Ahmad Ali Ali Azaizeh,0.9999999999999998
414,Oguz Aydin,FW,921,Jørgen Strand Strand Larsen,0.9999999999999998
414,Oguz Aydin,FW,763,BENCHIMOLGilson Gilson,0.9999999999999998
414,Oguz Aydin,FW,271,Don Deedson Deedson,0.9999999999999998
415,Samet Akaydin,DF,1247,Roderick Alonso Miller,1.0
415,Samet Akaydin,DF,1156,Trevoh Tom Chalobah,1.0
415,Samet Akaydin,DF,1159,Daniel Johnson Burn,1.0
415,Samet Akaydin,DF,1237,Eric Javier Davis,1.0
415,Samet Akaydin,DF,805,Abdullatif Jehad Thikri,1.0
415,Samet Akaydin,DF,808,José María Gimenez,1.0
415,Samet Akaydin,DF,810,Ronald Federico Araujo,1.0
415,Samet Akaydin,DF,28,Tholo Thabang Matuludi,1.0
415,Samet Akaydin,DF,29,Khulumani Ndamane,1.0
415,Samet Akaydin,DF,44,Samukele Alucious Kabini,1.0
416,Can Yılmaz Uzun,FW,957,Jose Manuel Alberto Lopez,0.9998831214660461
416,Can Yılmaz Uzun,FW,565,Koki Ogawa,0.9995332453812164
416,Can Yılmaz Uzun,FW,34,Tshepang Moremi,0.9995311851640166
416,Can Yılmaz Uzun,FW,1079,Meschack Lina Elia,0.9981409762087453
416,Can Yılmaz Uzun,FW,530,Memphis Depay,0.9935344946545903
416,Can Yılmaz Uzun,FW,1220,Ernest Nuamah Nuamah,0.9808732816436614
416,Can Yılmaz Uzun,FW,1137,Juan Camilo Hernandez,0.980520269762787
416,Can Yılmaz Uzun,FW,662,Yousry Fouad Haissem Hassan,0.9424010382337424
416,Can Yılmaz Uzun,FW,745,Nicholas Williams,0.9238054281211361
416,Can Yılmaz Uzun,FW,25,Roberto Carlos Alvarado,0.9102807168076651
417,Manuel Peter Neuer,GK,673,Abdelaziz Mohame Mostafa,0.9838370448897066
417,Manuel Peter Neuer,GK,1244,Orlando Mosquera,0.9561440416933169
417,Manuel Peter Neuer,GK,53,Seunggyu Kim,0.9229239424752286
417,Manuel Peter Neuer,GK,521,Bart Verbruggen,0.914809498210074
417,Manuel Peter Neuer,GK,413,Ugurcan Cakir,0.9098162324215968
417,Manuel Peter Neuer,GK,1067,Lionel Nzau Mpasi,0.8565481843773745
417,Manuel Peter Neuer,GK,625,Thibaut Nicolas Courtois,0.8524977645644074
417,Manuel Peter Neuer,GK,911,Ørjan Haskjold Nyland,0.8290134056280772
417,Manuel Peter Neuer,GK,937,Juan Agustín Musso,0.8070742081662907
417,Manuel Peter Neuer,GK,959,Damián Emiliano Martinez,0.7921699216004221
418,Antonio Ruediger,DF,65,Taeseok Lee,1.0000000000000002
418,Antonio Ruediger,DF,81,Tomáš Holes,1.0000000000000002
418,Antonio Ruediger,DF,1174,Joško Gvardiol,1.0000000000000002
418,Antonio Ruediger,DF,1149,John Stones,1.0000000000000002
418,Antonio Ruediger,DF,1110,Abdulla Abdullaev,1.0000000000000002
418,Antonio Ruediger,DF,1116,Behruzjon Karimov,1.0000000000000002
418,Antonio Ruediger,DF,119,Moïse Bombito Bombito,1.0000000000000002
418,Antonio Ruediger,DF,1140,Deiver Machado,1.0000000000000002
418,Antonio Ruediger,DF,1069,Steve Nkanu Kapuadi,1.0000000000000002
418,Antonio Ruediger,DF,861,Kalidou Koulibaly,1.0000000000000002
419,Waldemar Anton,DF,1247,Roderick Alonso Miller,1.0
419,Waldemar Anton,DF,1156,Trevoh Tom Chalobah,1.0
419,Waldemar Anton,DF,1159,Daniel Johnson Burn,1.0
419,Waldemar Anton,DF,1237,Eric Javier Davis,1.0
419,Waldemar Anton,DF,805,Abdullatif Jehad Thikri,1.0
419,Waldemar Anton,DF,808,José María Gimenez,1.0
419,Waldemar Anton,DF,810,Ronald Federico Araujo,1.0
419,Waldemar Anton,DF,28,Tholo Thabang Matuludi,1.0
419,Waldemar Anton,DF,29,Khulumani Ndamane,1.0
419,Waldemar Anton,DF,44,Samukele Alucious Kabini,1.0
420,Jonathan Glao Tah,DF,1168,Reece Lewis James,1.0
420,Jonathan Glao Tah,DF,117,Derek Austin Cornelius,1.0
420,Jonathan Glao Tah,DF,1210,Gideon Mensah,1.0
420,Jonathan Glao Tah,DF,1176,Josip Sutalo,1.0
420,Jonathan Glao Tah,DF,1141,Davinson Sanchez,1.0
420,Jonathan Glao Tah,DF,186,Nico Elvedi,1.0
420,Jonathan Glao Tah,DF,148,Nikola Katic,1.0
420,Jonathan Glao Tah,DF,126,Richmond Mamah Laryea,1.0
420,Jonathan Glao Tah,DF,1068,Wan Wan-Bissaka,1.0
420,Jonathan Glao Tah,DF,1070,Axel Tuanzebe,1.0
421,Aleksandar Pavlovic,MF,1128,James David Rodriguez,1.0
421,Aleksandar Pavlovic,MF,190,Remo Marco Freuler,1.0
421,Aleksandar Pavlovic,MF,188,Denis Lemi Zakaria,1.0
421,Aleksandar Pavlovic,MF,1074,Samuel Alain Moutoussamy,1.0
421,Aleksandar Pavlovic,MF,258,Neil Yoni El Aynaoui,1.0
421,Aleksandar Pavlovic,MF,352,Adrián Andrés Cubas,1.0
421,Aleksandar Pavlovic,MF,316,Tyler Shaan Adams,1.0
421,Aleksandar Pavlovic,MF,515,Alan Steven Franco,1.0
421,Aleksandar Pavlovic,MF,924,Fredrik Aursnes,1.0
421,Aleksandar Pavlovic,MF,972,Fares Chaibi,1.0
422,Joshua Walter Kimmich,DF,1172,Josip Stanisic,0.9999653487551877
422,Joshua Walter Kimmich,DF,542,Denzel Justus Morris Dumfries,0.9990543969332335
422,Joshua Walter Kimmich,DF,961,Facundo Axel Medina,0.9947365101562625
422,Joshua Walter Kimmich,DF,83,Vladimír Coufal,0.9937166408857276
422,Joshua Walter Kimmich,DF,1037,Manel Farhan Ehsan Haddad,0.9931093727570991
422,Joshua Walter Kimmich,DF,704,Timothy John Payne,0.9888112771990262
422,Joshua Walter Kimmich,DF,1060,Pedro Joao Cancelo,0.9881354768473205
422,Joshua Walter Kimmich,DF,996,David Alaba,0.9756003424218801
422,Joshua Walter Kimmich,DF,1092,Arthur Fuka Masuaku,0.9569460181118459
422,Joshua Walter Kimmich,DF,135,Sead Kolasinac,0.9456734973724154
423,Kai Lukas Havertz,FW,1047,Ronaldo Cristiano Ronaldo,0.9999707496145512
423,Kai Lukas Havertz,FW,1086,Yoane Wissa,0.9999554250197389
423,Kai Lukas Havertz,FW,217,Matheus Matheus Cunha,0.9917811325921685
423,Kai Lukas Havertz,FW,958,Lautaro Javier Martinez,0.9879236250098917
423,Kai Lukas Havertz,FW,1153,Harry Edward Kane,0.984799148430203
423,Kai Lukas Havertz,FW,749,Mikel Oyarzabal,0.9801115761186626
423,Kai Lukas Havertz,FW,215,José Vinicius,0.979780855221579
423,Kai Lukas Havertz,FW,531,Cody Mathès Gakpo,0.9774651869006964
423,Kai Lukas Havertz,FW,919,Erling Braut Haaland,0.9750865574097122
423,Kai Lukas Havertz,FW,114,Jonathan Christian David,0.9685416589554847
424,Leon Christoph Goretzka,MF,72,Hyunjun Yang,1.0
424,Leon Christoph Goretzka,MF,69,Junho Bae,1.0
424,Leon Christoph Goretzka,MF,77,Jisung Eom,1.0
424,Leon Christoph Goretzka,MF,76,Jingyu Kim,1.0
424,Leon Christoph Goretzka,MF,78,Donggyeong Lee,1.0
424,Leon Christoph Goretzka,MF,103,Hugo Sochurek,1.0
424,Leon Christoph Goretzka,MF,1160,Kobbie Boateng Mainoo,1.0
424,Leon Christoph Goretzka,MF,1158,Jordan Brian Henderson,1.0
424,Leon Christoph Goretzka,MF,125,Jonathan Osorio,1.0
424,Leon Christoph Goretzka,MF,1177,Nikola Moro,1.0
425,Jamie Jaleel Jeremy Leweling,MF,72,Hyunjun Yang,1.0
425,Jamie Jaleel Jeremy Leweling,MF,69,Junho Bae,1.0
425,Jamie Jaleel Jeremy Leweling,MF,77,Jisung Eom,1.0
425,Jamie Jaleel Jeremy Leweling,MF,76,Jingyu Kim,1.0
425,Jamie Jaleel Jeremy Leweling,MF,78,Donggyeong Lee,1.0
425,Jamie Jaleel Jeremy Leweling,MF,103,Hugo Sochurek,1.0
425,Jamie Jaleel Jeremy Leweling,MF,1160,Kobbie Boateng Mainoo,1.0
425,Jamie Jaleel Jeremy Leweling,MF,1158,Jordan Brian Henderson,1.0
425,Jamie Jaleel Jeremy Leweling,MF,125,Jonathan Osorio,1.0
425,Jamie Jaleel Jeremy Leweling,MF,1177,Nikola Moro,1.0
426,Jamal Musiala,MF,290,Mc,0.999999708209837
426,Jamal Musiala,MF,1199,Caleb Marfo Yirenkyi,0.999985053662324
426,Jamal Musiala,MF,1035,Mahmoud Ahmed Nizar Alrashdan,0.9999270758979331
426,Jamal Musiala,MF,646,Alexis Jesse Saelemaekers,0.9999270758979331
426,Jamal Musiala,MF,684,Mohammad Mohebbi,0.9997809078623309
426,Jamal Musiala,MF,557,Daizen Maeda,0.9997809078623309
426,Jamal Musiala,MF,372,Connor Isaac Metcalfe,0.9995837689330807
426,Jamal Musiala,MF,450,Livano Shyron Liomar Comenencia,0.9994705952447017
426,Jamal Musiala,MF,1114,Abbosbek Fayzullaev,0.999020981811527
426,Jamal Musiala,MF,242,Azz-Eddine Ounahi,0.9846337580908928
427,Nick Woltemade,FW,1246,Azarías Emmanuel Londono,0.9999999999999997
427,Nick Woltemade,FW,10,Ernesto Alexis Vega,0.9999999999999997
427,Nick Woltemade,FW,14,Armando Gonzalez,0.9999999999999997
427,Nick Woltemade,FW,21,César Saúl Huerta,0.9999999999999997
427,Nick Woltemade,FW,97,Tomáš Chory,0.9999999999999997
427,Nick Woltemade,FW,91,Mojmír Chytil,0.9999999999999997
427,Nick Woltemade,FW,139,Samed Bazdar,0.9999999999999997
427,Nick Woltemade,FW,130,Jayden Nelson,0.9999999999999997
427,Nick Woltemade,FW,1144,Carlos Andrés Gomez,0.9999999999999997
427,Nick Woltemade,FW,1113,Igor Sergeev,0.9999999999999997
428,Oliver Baumann,GK,12,Carlos Acevedo,1.0
428,Oliver Baumann,GK,64,Bumkeun Song,1.0
428,Oliver Baumann,GK,48,Stuart Ricardo Goss,1.0
428,Oliver Baumann,GK,42,Sipho Justin Chaine,1.0
428,Oliver Baumann,GK,122,Owen Olamidayo Goodman,1.0
428,Oliver Baumann,GK,101,Lukáš Hornicek,1.0
428,Oliver Baumann,GK,94,Jind ř ich Stanek,1.0
428,Oliver Baumann,GK,73,Hyeonwoo Jo,1.0
428,Oliver Baumann,GK,220,Weverton Weverton,1.0
428,Oliver Baumann,GK,231,Ederson Ederson,1.0
429,Pascal Alexander GROß GROß Gross,MF,72,Hyunjun Yang,1.0
429,Pascal Alexander GROß GROß Gross,MF,69,Junho Bae,1.0
429,Pascal Alexander GROß GROß Gross,MF,77,Jisung Eom,1.0
429,Pascal Alexander GROß GROß Gross,MF,76,Jingyu Kim,1.0
429,Pascal Alexander GROß GROß Gross,MF,78,Donggyeong Lee,1.0
429,Pascal Alexander GROß GROß Gross,MF,103,Hugo Sochurek,1.0
429,Pascal Alexander GROß GROß Gross,MF,1160,Kobbie Boateng Mainoo,1.0
429,Pascal Alexander GROß GROß Gross,MF,1158,Jordan Brian Henderson,1.0
429,Pascal Alexander GROß GROß Gross,MF,125,Jonathan Osorio,1.0
429,Pascal Alexander GROß GROß Gross,MF,1177,Nikola Moro,1.0
430,Maximilian Beier,FW,1246,Azarías Emmanuel Londono,0.9999999999999997
430,Maximilian Beier,FW,10,Ernesto Alexis Vega,0.9999999999999997
430,Maximilian Beier,FW,14,Armando Gonzalez,0.9999999999999997
430,Maximilian Beier,FW,21,César Saúl Huerta,0.9999999999999997
430,Maximilian Beier,FW,97,Tomáš Chory,0.9999999999999997
430,Maximilian Beier,FW,91,Mojmír Chytil,0.9999999999999997
430,Maximilian Beier,FW,139,Samed Bazdar,0.9999999999999997
430,Maximilian Beier,FW,130,Jayden Nelson,0.9999999999999997
430,Maximilian Beier,FW,1144,Carlos Andrés Gomez,0.9999999999999997
430,Maximilian Beier,FW,1113,Igor Sergeev,0.9999999999999997
431,Nico Cédric Schlotterbeck,DF,602,Omar Rekik,0.9999037312221384
431,Nico Cédric Schlotterbeck,DF,1219,Derrick Luckassen,0.9999037312221384
431,Nico Cédric Schlotterbeck,DF,926,Marcus Holmgren Holmgren Pedersen,0.9986869100412596
431,Nico Cédric Schlotterbeck,DF,318,Auston Levi-Jesaiah Trusty,0.9978697884851317
431,Nico Cédric Schlotterbeck,DF,914,Leo Skiri Ostigard,0.9972385581914331
431,Nico Cédric Schlotterbeck,DF,784,Ali Abdulelah Alamri,0.9869380139929987
431,Nico Cédric Schlotterbeck,DF,718,Finn Surman,0.9831668670148181
431,Nico Cédric Schlotterbeck,DF,20,Mateo Chavez,0.9831668670148181
431,Nico Cédric Schlotterbeck,DF,767,CABRALSidny Sidny Lopes,0.9809387198572244
431,Nico Cédric Schlotterbeck,DF,248,Issa Laye Lucas Jean Diop,0.9788645797554089
432,Angelo Nicolas Stiller,MF,72,Hyunjun Yang,1.0
432,Angelo Nicolas Stiller,MF,69,Junho Bae,1.0
432,Angelo Nicolas Stiller,MF,77,Jisung Eom,1.0
432,Angelo Nicolas Stiller,MF,76,Jingyu Kim,1.0
432,Angelo Nicolas Stiller,MF,78,Donggyeong Lee,1.0
432,Angelo Nicolas Stiller,MF,103,Hugo Sochurek,1.0
432,Angelo Nicolas Stiller,MF,1160,Kobbie Boateng Mainoo,1.0
432,Angelo Nicolas Stiller,MF,1158,Jordan Brian Henderson,1.0
432,Angelo Nicolas Stiller,MF,125,Jonathan Osorio,1.0
432,Angelo Nicolas Stiller,MF,1177,Nikola Moro,1.0
433,Florian Richard Wirtz,MF,920,Martín Odegaard,0.9998376526050256
433,Florian Richard Wirtz,MF,814,Federico Santiago Valverde,0.9983933850281563
433,Florian Richard Wirtz,MF,866,Lamine Camara,0.9972497444714397
433,Florian Richard Wirtz,MF,216,GUIMARAESBruno Bruno,0.9960709077105614
433,Florian Richard Wirtz,MF,559,Keito Nakamura,0.9943068899921148
433,Florian Richard Wirtz,MF,58,Inbeom Hwang,0.9938984553010585
433,Florian Richard Wirtz,MF,71,Kangin Lee,0.9938265334654598
433,Florian Richard Wirtz,MF,1022,Mahmoud Ali Noor Alrawabdeh,0.9938265334654598
433,Florian Richard Wirtz,MF,608,Hannibal Mejbri,0.9938265334654598
433,Florian Richard Wirtz,MF,570,Kaishu Sano,0.9929651515385546
434,Nathaniel Christopher Brown,DF,328,Alexander Michael Freeman,0.9999991120276364
434,Nathaniel Christopher Brown,DF,699,Ramin Rezaeian,0.9722047909116281
434,Nathaniel Christopher Brown,DF,1120,Daniel Munoz,0.8855008949002197
434,Nathaniel Christopher Brown,DF,784,Ali Abdulelah Alamri,0.8803777515016895
434,Nathaniel Christopher Brown,DF,20,Mateo Chavez,0.8777486736750977
434,Nathaniel Christopher Brown,DF,718,Finn Surman,0.8777486736750977
434,Nathaniel Christopher Brown,DF,767,CABRALSidny Sidny Lopes,0.876155168292233
434,Nathaniel Christopher Brown,DF,248,Issa Laye Lucas Jean Diop,0.8746508260422551
434,Nathaniel Christopher Brown,DF,431,Nico Cédric Schlotterbeck,0.8744727642460322
434,Nathaniel Christopher Brown,DF,602,Omar Rekik,0.8703423489324168
435,Leroy Aziz Sane,MF,1186,Martin Baturina,0.9999992955130258
435,Leroy Aziz Sane,MF,476,Franck Yannick Kessie,0.9999861402304856
435,Leroy Aziz Sane,MF,760,Lenini Kevin Pina,0.9999817348597065
435,Leroy Aziz Sane,MF,997,Marcel Sabitzer,0.9999634720547123
435,Leroy Aziz Sane,MF,631,Kevin De Bruyne,0.9999628182984035
435,Leroy Aziz Sane,MF,1055,Pedro Joao Neves,0.9998831553804055
435,Leroy Aziz Sane,MF,111,Stephen Eustaquio,0.9998767624963949
435,Leroy Aziz Sane,MF,1006,Romano Schmid,0.9997589609222413
435,Leroy Aziz Sane,MF,734,Mikel Merino,0.9996924585904251
435,Leroy Aziz Sane,MF,632,Youri Marion Tielemans,0.9977216569769379
436,Nadiem Amiri,MF,554,Takefusa Kubo,0.9999087203966248
436,Nadiem Amiri,MF,931,Andreas Rædergård Schjelderup,0.9983585203397356
436,Nadiem Amiri,MF,1138,Juan Fernando Quintero,0.9977160530408954
436,Nadiem Amiri,MF,1165,Eberechi Oluchi Eze,0.9954019147021833
436,Nadiem Amiri,MF,970,Houssem-Eddine Chaabane Aouar,0.9933435740908683
436,Nadiem Amiri,MF,102,Alexandr Sojka,0.9925980845040789
436,Nadiem Amiri,MF,143,Ivan Basic,0.991742508637109
436,Nadiem Amiri,MF,388,Paul Michael Junior Okon-Engstler,0.9912356618457305
436,Nadiem Amiri,MF,1098,Akmal Mozgovoy,0.9905360056197254
436,Nadiem Amiri,MF,7,Luis Francisco Romo,0.9903594562394025
437,Alexander Nuebel,GK,12,Carlos Acevedo,1.0
437,Alexander Nuebel,GK,64,Bumkeun Song,1.0
437,Alexander Nuebel,GK,48,Stuart Ricardo Goss,1.0
437,Alexander Nuebel,GK,42,Sipho Justin Chaine,1.0
437,Alexander Nuebel,GK,122,Owen Olamidayo Goodman,1.0
437,Alexander Nuebel,GK,101,Lukáš Hornicek,1.0
437,Alexander Nuebel,GK,94,Jind ř ich Stanek,1.0
437,Alexander Nuebel,GK,73,Hyeonwoo Jo,1.0
437,Alexander Nuebel,GK,220,Weverton Weverton,1.0
437,Alexander Nuebel,GK,231,Ederson Ederson,1.0
438,David Raum,DF,1248,Jorge Abdiel Gutierrez,1.0
438,David Raum,DF,1226,Fidel Escobar,1.0
438,David Raum,DF,1192,Luka Vuskovic,1.0
438,David Raum,DF,107,Alfie Charles Jones,1.0
438,David Raum,DF,123,Alphonso Boyle Davies,1.0
438,David Raum,DF,679,Ehsan Hajisafi,1.0
438,David Raum,DF,693,Arya Yousefi,1.0
438,David Raum,DF,706,Tyler Grant Bindon,1.0
438,David Raum,DF,665,Hafez Ramadan Karim Hafez,1.0
438,David Raum,DF,783,Mohammed Ali Lajami,1.0
439,Felix Kalu Nmecha,MF,992,Xaver Schlager,0.9938153703705926
439,Felix Kalu Nmecha,MF,228,Lucas Lucas Paqueta,0.9932281275164804
439,Felix Kalu Nmecha,MF,994,Nicolas Seiwald,0.9913958805066411
439,Felix Kalu Nmecha,MF,1180,Luka Modric,0.9905196027113565
439,Felix Kalu Nmecha,MF,1048,Miguel Bruno,0.9870076713613037
439,Felix Kalu Nmecha,MF,943,Rodrigo Javier De Paul,0.9841143509532557
439,Felix Kalu Nmecha,MF,517,Moisés Isaac Caicedo,0.9785623473886745
439,Felix Kalu Nmecha,MF,509,Pedro Jeampierre Vite,0.9785623473886745
439,Felix Kalu Nmecha,MF,846,Adrien Thibault Marie Rabiot,0.9785623473886745
439,Felix Kalu Nmecha,MF,1207,Antoine Serlom Semenyo,0.9785623473886745
440,Malick Thiaw,DF,1247,Roderick Alonso Miller,1.0
440,Malick Thiaw,DF,1156,Trevoh Tom Chalobah,1.0
440,Malick Thiaw,DF,1159,Daniel Johnson Burn,1.0
440,Malick Thiaw,DF,1237,Eric Javier Davis,1.0
440,Malick Thiaw,DF,805,Abdullatif Jehad Thikri,1.0
440,Malick Thiaw,DF,808,José María Gimenez,1.0
440,Malick Thiaw,DF,810,Ronald Federico Araujo,1.0
440,Malick Thiaw,DF,28,Tholo Thabang Matuludi,1.0
440,Malick Thiaw,DF,29,Khulumani Ndamane,1.0
440,Malick Thiaw,DF,44,Samukele Alucious Kabini,1.0
441,Forzan Assan Ouedraogo,MF,72,Hyunjun Yang,1.0
441,Forzan Assan Ouedraogo,MF,69,Junho Bae,1.0
441,Forzan Assan Ouedraogo,MF,77,Jisung Eom,1.0
441,Forzan Assan Ouedraogo,MF,76,Jingyu Kim,1.0
441,Forzan Assan Ouedraogo,MF,78,Donggyeong Lee,1.0
441,Forzan Assan Ouedraogo,MF,103,Hugo Sochurek,1.0
441,Forzan Assan Ouedraogo,MF,1160,Kobbie Boateng Mainoo,1.0
441,Forzan Assan Ouedraogo,MF,1158,Jordan Brian Henderson,1.0
441,Forzan Assan Ouedraogo,MF,125,Jonathan Osorio,1.0
441,Forzan Assan Ouedraogo,MF,1177,Nikola Moro,1.0
442,Deniz Undav,FW,1057,Alexandre Rafael Leao,0.9535556392275009
442,Deniz Undav,FW,128,Promise Oluwatobi Emmanuel David,0.9386926152998831
442,Deniz Undav,FW,544,Crysencio Jilbert Sylverio Cir Summerville,0.9300198809488401
442,Deniz Undav,FW,16,Julián Andrés Quinones,0.928617514954703
442,Deniz Undav,FW,844,Bradley Jean-Manuel Essolisa Barcola,0.9165535617695489
442,Deniz Undav,FW,1139,Jaminton Leandro Campaz,0.8776526937287208
442,Deniz Undav,FW,218,Neymar Neymar Jr,0.8616460075992651
442,Deniz Undav,FW,1085,Mayele Fiston Mayele,0.8576717180240987
442,Deniz Undav,FW,974,Ahmed Nadhir Benbouali,0.8503409654859188
442,Deniz Undav,FW,243,Soufiane Rahimi,0.8495589499719232
443,Eloy Victor Room,GK,801,Khalil Mohammed Alowais,0.9342661321247939
443,Eloy Victor Room,GK,573,Jacob Mikael Widell Zetterstrom,0.899005471871879
443,Eloy Victor Room,GK,703,Maxime Teremoana Crocombe,0.866682859246316
443,Eloy Victor Room,GK,1093,Utkir Yusupov,0.8558699658896082
443,Eloy Victor Room,GK,495,Hernán Ismael Galindez,0.8108342794434469
443,Eloy Victor Room,GK,157,Ibrahim Mahmoud Abunada,0.809755019764354
443,Eloy Victor Room,GK,261,Johny Placide,0.7807409357378544
443,Eloy Victor Room,GK,1197,Lawrence Ati Zigi,0.7807058631076355
443,Eloy Victor Room,GK,677,Ali Reza Beiranvand,0.7666240775933103
443,Eloy Victor Room,GK,896,Hasan Hachim Jalal Hassan,0.7519176145483142
444,Shurandy Ruggerio Sambo,DF,1247,Roderick Alonso Miller,1.0
444,Shurandy Ruggerio Sambo,DF,1156,Trevoh Tom Chalobah,1.0
444,Shurandy Ruggerio Sambo,DF,1159,Daniel Johnson Burn,1.0
444,Shurandy Ruggerio Sambo,DF,1237,Eric Javier Davis,1.0
444,Shurandy Ruggerio Sambo,DF,805,Abdullatif Jehad Thikri,1.0
444,Shurandy Ruggerio Sambo,DF,808,José María Gimenez,1.0
444,Shurandy Ruggerio Sambo,DF,810,Ronald Federico Araujo,1.0
444,Shurandy Ruggerio Sambo,DF,28,Tholo Thabang Matuludi,1.0
444,Shurandy Ruggerio Sambo,DF,29,Khulumani Ndamane,1.0
444,Shurandy Ruggerio Sambo,DF,44,Samukele Alucious Kabini,1.0
445,Juriën Godfried Juan Gaari,DF,65,Taeseok Lee,1.0000000000000002
445,Juriën Godfried Juan Gaari,DF,81,Tomáš Holes,1.0000000000000002
445,Juriën Godfried Juan Gaari,DF,1174,Joško Gvardiol,1.0000000000000002
445,Juriën Godfried Juan Gaari,DF,1149,John Stones,1.0000000000000002
445,Juriën Godfried Juan Gaari,DF,1110,Abdulla Abdullaev,1.0000000000000002
445,Juriën Godfried Juan Gaari,DF,1116,Behruzjon Karimov,1.0000000000000002
445,Juriën Godfried Juan Gaari,DF,119,Moïse Bombito Bombito,1.0000000000000002
445,Juriën Godfried Juan Gaari,DF,1140,Deiver Machado,1.0000000000000002
445,Juriën Godfried Juan Gaari,DF,1069,Steve Nkanu Kapuadi,1.0000000000000002
445,Juriën Godfried Juan Gaari,DF,861,Kalidou Koulibaly,1.0000000000000002
446,Róshón Felix Romar Jordan Van Eijma,DF,1247,Roderick Alonso Miller,1.0
446,Róshón Felix Romar Jordan Van Eijma,DF,1156,Trevoh Tom Chalobah,1.0
446,Róshón Felix Romar Jordan Van Eijma,DF,1159,Daniel Johnson Burn,1.0
446,Róshón Felix Romar Jordan Van Eijma,DF,1237,Eric Javier Davis,1.0
446,Róshón Felix Romar Jordan Van Eijma,DF,805,Abdullatif Jehad Thikri,1.0
446,Róshón Felix Romar Jordan Van Eijma,DF,808,José María Gimenez,1.0
446,Róshón Felix Romar Jordan Van Eijma,DF,810,Ronald Federico Araujo,1.0
446,Róshón Felix Romar Jordan Van Eijma,DF,28,Tholo Thabang Matuludi,1.0
446,Róshón Felix Romar Jordan Van Eijma,DF,29,Khulumani Ndamane,1.0
446,Róshón Felix Romar Jordan Van Eijma,DF,44,Samukele Alucious Kabini,1.0
447,Sherel Constancio Floranus,DF,74,Youngwoo Seol,0.9999999999999999
447,Sherel Constancio Floranus,DF,82,Robin Hranac,0.9999999999999999
447,Sherel Constancio Floranus,DF,15,Israel Reyes,0.9999999999999999
447,Sherel Constancio Floranus,DF,1173,Marin Pongracic,0.9999999999999999
447,Sherel Constancio Floranus,DF,1135,Johan Andrés Mojica,0.9999999999999999
447,Sherel Constancio Floranus,DF,108,Luc De Fougerolles,0.9999999999999999
447,Sherel Constancio Floranus,DF,1200,Jonas Adjei Adjetey,0.9999999999999999
447,Sherel Constancio Floranus,DF,1094,Abdukodir Khusanov,0.9999999999999999
447,Sherel Constancio Floranus,DF,207,Luca Antony Jaquez,0.9999999999999999
447,Sherel Constancio Floranus,DF,1105,Sherzod Nasrullaev,0.9999999999999999
448,Godfried Roemeratoe,MF,72,Hyunjun Yang,1.0
448,Godfried Roemeratoe,MF,69,Junho Bae,1.0
448,Godfried Roemeratoe,MF,77,Jisung Eom,1.0
448,Godfried Roemeratoe,MF,76,Jingyu Kim,1.0
448,Godfried Roemeratoe,MF,78,Donggyeong Lee,1.0
448,Godfried Roemeratoe,MF,103,Hugo Sochurek,1.0
448,Godfried Roemeratoe,MF,1160,Kobbie Boateng Mainoo,1.0
448,Godfried Roemeratoe,MF,1158,Jordan Brian Henderson,1.0
448,Godfried Roemeratoe,MF,125,Jonathan Osorio,1.0
448,Godfried Roemeratoe,MF,1177,Nikola Moro,1.0
449,Juninho Gracielo Bacuna,MF,1178,Mateo Kovacic,1.0
449,Juninho Gracielo Bacuna,MF,1099,Otabek Shukurov,1.0
449,Juninho Gracielo Bacuna,MF,144,Ivan Sunjic,1.0
449,Juninho Gracielo Bacuna,MF,293,Mc,1.0
449,Juninho Gracielo Bacuna,MF,270,Jean Ricner Bellegarde,1.0
449,Juninho Gracielo Bacuna,MF,197,Djibril Ibrahima Sow,1.0
449,Juninho Gracielo Bacuna,MF,305,Lewis Ferguson,1.0
449,Juninho Gracielo Bacuna,MF,1072,Ngal’ayel Mukau,1.0
449,Juninho Gracielo Bacuna,MF,452,Leandro Jones Johan Bacuna,1.0
449,Juninho Gracielo Bacuna,MF,463,Tahith Jose Girigorio Djorkaef Chong,1.0
450,Livano Shyron Liomar Comenencia,MF,557,Daizen Maeda,0.9999326330876961
450,Livano Shyron Liomar Comenencia,MF,684,Mohammad Mohebbi,0.9999326330876961
450,Livano Shyron Liomar Comenencia,MF,1114,Abbosbek Fayzullaev,0.9999314091426711
450,Livano Shyron Liomar Comenencia,MF,1035,Mahmoud Ahmed Nizar Alrashdan,0.9997906206290667
450,Livano Shyron Liomar Comenencia,MF,646,Alexis Jesse Saelemaekers,0.9997906206290667
450,Livano Shyron Liomar Comenencia,MF,1199,Caleb Marfo Yirenkyi,0.9996335388999813
450,Livano Shyron Liomar Comenencia,MF,290,Mc,0.9994951579195025
450,Livano Shyron Liomar Comenencia,MF,426,Jamal Musiala,0.9994705952447017
450,Livano Shyron Liomar Comenencia,MF,372,Connor Isaac Metcalfe,0.9981159673994312
450,Livano Shyron Liomar Comenencia,MF,242,Azz-Eddine Ounahi,0.9897941510273647
451,Jürgen Leonardo Locadia,FW,11,Santiago Tomás Gimenez,1.0000000000000002
451,Jürgen Leonardo Locadia,FW,141,Edin Dzeko,1.0000000000000002
451,Jürgen Leonardo Locadia,FW,167,Hassan Akram,1.0000000000000002
451,Jürgen Leonardo Locadia,FW,1083,Cedric Bakambu,1.0000000000000002
451,Jürgen Leonardo Locadia,FW,275,Ruben Fritzner Providence,1.0000000000000002
451,Jürgen Leonardo Locadia,FW,954,Nicolas Paz,1.0000000000000002
451,Jürgen Leonardo Locadia,FW,936,Julian Ryerson,1.0000000000000002
451,Jürgen Leonardo Locadia,FW,952,Thiago Ezequiel Almada,1.0000000000000002
451,Jürgen Leonardo Locadia,FW,477,Ange-Yoan Laurent Bonny,1.0000000000000002
451,Jürgen Leonardo Locadia,FW,1164,Azuka Tristan Madueke,1.0000000000000002
452,Leandro Jones Johan Bacuna,MF,1178,Mateo Kovacic,1.0
452,Leandro Jones Johan Bacuna,MF,1099,Otabek Shukurov,1.0
452,Leandro Jones Johan Bacuna,MF,144,Ivan Sunjic,1.0
452,Leandro Jones Johan Bacuna,MF,293,Mc,1.0
452,Leandro Jones Johan Bacuna,MF,270,Jean Ricner Bellegarde,1.0
452,Leandro Jones Johan Bacuna,MF,197,Djibril Ibrahima Sow,1.0
452,Leandro Jones Johan Bacuna,MF,305,Lewis Ferguson,1.0
452,Leandro Jones Johan Bacuna,MF,1072,Ngal’ayel Mukau,1.0
452,Leandro Jones Johan Bacuna,MF,449,Juninho Gracielo Bacuna,1.0
452,Leandro Jones Johan Bacuna,MF,463,Tahith Jose Girigorio Djorkaef Chong,1.0
453,Jeremy Cornelis Jacobus Antonisse,FW,1246,Azarías Emmanuel Londono,0.9999999999999997
453,Jeremy Cornelis Jacobus Antonisse,FW,10,Ernesto Alexis Vega,0.9999999999999997
453,Jeremy Cornelis Jacobus Antonisse,FW,14,Armando Gonzalez,0.9999999999999997
453,Jeremy Cornelis Jacobus Antonisse,FW,21,César Saúl Huerta,0.9999999999999997
453,Jeremy Cornelis Jacobus Antonisse,FW,97,Tomáš Chory,0.9999999999999997
453,Jeremy Cornelis Jacobus Antonisse,FW,91,Mojmír Chytil,0.9999999999999997
453,Jeremy Cornelis Jacobus Antonisse,FW,139,Samed Bazdar,0.9999999999999997
453,Jeremy Cornelis Jacobus Antonisse,FW,130,Jayden Nelson,0.9999999999999997
453,Jeremy Cornelis Jacobus Antonisse,FW,1144,Carlos Andrés Gomez,0.9999999999999997
453,Jeremy Cornelis Jacobus Antonisse,FW,1113,Igor Sergeev,0.9999999999999997
454,Juniffer Naigelino Hansen,FW,1240,Cecilio Alfonso Waterman,0.9999999999999998
454,Juniffer Naigelino Hansen,FW,1239,Jose Fajardo,0.9999999999999998
454,Juniffer Naigelino Hansen,FW,104,Denis Visinsky,0.9999999999999998
454,Juniffer Naigelino Hansen,FW,1027,Nayef Ahmad Mahmoud Almardi,0.9999999999999998
454,Juniffer Naigelino Hansen,FW,973,Anis Hadj Moussa,0.9999999999999998
454,Juniffer Naigelino Hansen,FW,1066,Francisco Francisco Conceicao,0.9999999999999998
454,Juniffer Naigelino Hansen,FW,1038,Ahmad Ali Ali Azaizeh,0.9999999999999998
454,Juniffer Naigelino Hansen,FW,921,Jørgen Strand Strand Larsen,0.9999999999999998
454,Juniffer Naigelino Hansen,FW,763,BENCHIMOLGilson Gilson,0.9999999999999998
454,Juniffer Naigelino Hansen,FW,271,Don Deedson Deedson,0.9999999999999998
455,Tyrese Yurvencey Noslin,FW,1246,Azarías Emmanuel Londono,0.9999999999999997
455,Tyrese Yurvencey Noslin,FW,10,Ernesto Alexis Vega,0.9999999999999997
455,Tyrese Yurvencey Noslin,FW,14,Armando Gonzalez,0.9999999999999997
455,Tyrese Yurvencey Noslin,FW,21,César Saúl Huerta,0.9999999999999997
455,Tyrese Yurvencey Noslin,FW,97,Tomáš Chory,0.9999999999999997
455,Tyrese Yurvencey Noslin,FW,91,Mojmír Chytil,0.9999999999999997
455,Tyrese Yurvencey Noslin,FW,139,Samed Bazdar,0.9999999999999997
455,Tyrese Yurvencey Noslin,FW,130,Jayden Nelson,0.9999999999999997
455,Tyrese Yurvencey Noslin,FW,1144,Carlos Andrés Gomez,0.9999999999999997
455,Tyrese Yurvencey Noslin,FW,1113,Igor Sergeev,0.9999999999999997
456,Kenji Joël Gorre,FW,1246,Azarías Emmanuel Londono,0.9999999999999997
456,Kenji Joël Gorre,FW,10,Ernesto Alexis Vega,0.9999999999999997
456,Kenji Joël Gorre,FW,14,Armando Gonzalez,0.9999999999999997
456,Kenji Joël Gorre,FW,21,César Saúl Huerta,0.9999999999999997
456,Kenji Joël Gorre,FW,97,Tomáš Chory,0.9999999999999997
456,Kenji Joël Gorre,FW,91,Mojmír Chytil,0.9999999999999997
456,Kenji Joël Gorre,FW,139,Samed Bazdar,0.9999999999999997
456,Kenji Joël Gorre,FW,130,Jayden Nelson,0.9999999999999997
456,Kenji Joël Gorre,FW,1144,Carlos Andrés Gomez,0.9999999999999997
456,Kenji Joël Gorre,FW,1113,Igor Sergeev,0.9999999999999997
457,Jainel Archenir Martha,MF,72,Hyunjun Yang,1.0
457,Jainel Archenir Martha,MF,69,Junho Bae,1.0
457,Jainel Archenir Martha,MF,77,Jisung Eom,1.0
457,Jainel Archenir Martha,MF,76,Jingyu Kim,1.0
457,Jainel Archenir Martha,MF,78,Donggyeong Lee,1.0
457,Jainel Archenir Martha,MF,103,Hugo Sochurek,1.0
457,Jainel Archenir Martha,MF,1160,Kobbie Boateng Mainoo,1.0
457,Jainel Archenir Martha,MF,1158,Jordan Brian Henderson,1.0
457,Jainel Archenir Martha,MF,125,Jonathan Osorio,1.0
457,Jainel Archenir Martha,MF,1177,Nikola Moro,1.0
458,Jearl Erwin Margaritha,FW,1246,Azarías Emmanuel Londono,0.9999999999999997
458,Jearl Erwin Margaritha,FW,10,Ernesto Alexis Vega,0.9999999999999997
458,Jearl Erwin Margaritha,FW,14,Armando Gonzalez,0.9999999999999997
458,Jearl Erwin Margaritha,FW,21,César Saúl Huerta,0.9999999999999997
458,Jearl Erwin Margaritha,FW,97,Tomáš Chory,0.9999999999999997
458,Jearl Erwin Margaritha,FW,91,Mojmír Chytil,0.9999999999999997
458,Jearl Erwin Margaritha,FW,139,Samed Bazdar,0.9999999999999997
458,Jearl Erwin Margaritha,FW,130,Jayden Nelson,0.9999999999999997
458,Jearl Erwin Margaritha,FW,1144,Carlos Andrés Gomez,0.9999999999999997
458,Jearl Erwin Margaritha,FW,1113,Igor Sergeev,0.9999999999999997
459,Brandley Mack-Olien Kuwas,FW,1246,Azarías Emmanuel Londono,0.9999999999999997
459,Brandley Mack-Olien Kuwas,FW,10,Ernesto Alexis Vega,0.9999999999999997
459,Brandley Mack-Olien Kuwas,FW,14,Armando Gonzalez,0.9999999999999997
459,Brandley Mack-Olien Kuwas,FW,21,César Saúl Huerta,0.9999999999999997
459,Brandley Mack-Olien Kuwas,FW,97,Tomáš Chory,0.9999999999999997
459,Brandley Mack-Olien Kuwas,FW,91,Mojmír Chytil,0.9999999999999997
459,Brandley Mack-Olien Kuwas,FW,139,Samed Bazdar,0.9999999999999997
459,Brandley Mack-Olien Kuwas,FW,130,Jayden Nelson,0.9999999999999997
459,Brandley Mack-Olien Kuwas,FW,1144,Carlos Andrés Gomez,0.9999999999999997
459,Brandley Mack-Olien Kuwas,FW,1113,Igor Sergeev,0.9999999999999997
460,Armando Maria Obispo,DF,74,Youngwoo Seol,0.9999999999999999
460,Armando Maria Obispo,DF,82,Robin Hranac,0.9999999999999999
460,Armando Maria Obispo,DF,15,Israel Reyes,0.9999999999999999
460,Armando Maria Obispo,DF,1173,Marin Pongracic,0.9999999999999999
460,Armando Maria Obispo,DF,1135,Johan Andrés Mojica,0.9999999999999999
460,Armando Maria Obispo,DF,108,Luc De Fougerolles,0.9999999999999999
460,Armando Maria Obispo,DF,1200,Jonas Adjei Adjetey,0.9999999999999999
460,Armando Maria Obispo,DF,1094,Abdukodir Khusanov,0.9999999999999999
460,Armando Maria Obispo,DF,207,Luca Antony Jaquez,0.9999999999999999
460,Armando Maria Obispo,DF,1105,Sherzod Nasrullaev,0.9999999999999999
461,Gervane Zjandric Adonnis Kastaneer,FW,280,Frantzdy Pierrot,0.9830430497094637
461,Gervane Zjandric Adonnis Kastaneer,FW,789,Tariq Feras,0.8694995813304756
461,Gervane Zjandric Adonnis Kastaneer,FW,633,Romelu Lukaku,0.6882788186516395
461,Gervane Zjandric Adonnis Kastaneer,FW,332,Folarin Jolaoluwa Balogun,0.5419911479103301
461,Gervane Zjandric Adonnis Kastaneer,FW,182,Naceur Mohamed Manai,-0.004336893371761246
461,Gervane Zjandric Adonnis Kastaneer,FW,1137,Juan Camilo Hernandez,-0.016029440921516997
461,Gervane Zjandric Adonnis Kastaneer,FW,97,Tomáš Chory,-0.016827882492956858
461,Gervane Zjandric Adonnis Kastaneer,FW,1163,George Arthur Watkins,-0.016827882492956858
461,Gervane Zjandric Adonnis Kastaneer,FW,163,Alaaeldin Ahmed,-0.016827882492956858
461,Gervane Zjandric Adonnis Kastaneer,FW,165,Mohammed Mohammed Muntari,-0.016827882492956858
462,Joshua Benjamin Brenet,DF,65,Taeseok Lee,1.0000000000000002
462,Joshua Benjamin Brenet,DF,81,Tomáš Holes,1.0000000000000002
462,Joshua Benjamin Brenet,DF,1174,Joško Gvardiol,1.0000000000000002
462,Joshua Benjamin Brenet,DF,1149,John Stones,1.0000000000000002
462,Joshua Benjamin Brenet,DF,1110,Abdulla Abdullaev,1.0000000000000002
462,Joshua Benjamin Brenet,DF,1116,Behruzjon Karimov,1.0000000000000002
462,Joshua Benjamin Brenet,DF,119,Moïse Bombito Bombito,1.0000000000000002
462,Joshua Benjamin Brenet,DF,1140,Deiver Machado,1.0000000000000002
462,Joshua Benjamin Brenet,DF,1069,Steve Nkanu Kapuadi,1.0000000000000002
462,Joshua Benjamin Brenet,DF,861,Kalidou Koulibaly,1.0000000000000002
463,Tahith Jose Girigorio Djorkaef Chong,MF,1178,Mateo Kovacic,1.0
463,Tahith Jose Girigorio Djorkaef Chong,MF,1099,Otabek Shukurov,1.0
463,Tahith Jose Girigorio Djorkaef Chong,MF,144,Ivan Sunjic,1.0
463,Tahith Jose Girigorio Djorkaef Chong,MF,293,Mc,1.0
463,Tahith Jose Girigorio Djorkaef Chong,MF,270,Jean Ricner Bellegarde,1.0
463,Tahith Jose Girigorio Djorkaef Chong,MF,197,Djibril Ibrahima Sow,1.0
463,Tahith Jose Girigorio Djorkaef Chong,MF,305,Lewis Ferguson,1.0
463,Tahith Jose Girigorio Djorkaef Chong,MF,1072,Ngal’ayel Mukau,1.0
463,Tahith Jose Girigorio Djorkaef Chong,MF,449,Juninho Gracielo Bacuna,1.0
463,Tahith Jose Girigorio Djorkaef Chong,MF,452,Leandro Jones Johan Bacuna,1.0
464,Kevin Antonio Felida,MF,72,Hyunjun Yang,1.0
464,Kevin Antonio Felida,MF,69,Junho Bae,1.0
464,Kevin Antonio Felida,MF,77,Jisung Eom,1.0
464,Kevin Antonio Felida,MF,76,Jingyu Kim,1.0
464,Kevin Antonio Felida,MF,78,Donggyeong Lee,1.0
464,Kevin Antonio Felida,MF,103,Hugo Sochurek,1.0
464,Kevin Antonio Felida,MF,1160,Kobbie Boateng Mainoo,1.0
464,Kevin Antonio Felida,MF,1158,Jordan Brian Henderson,1.0
464,Kevin Antonio Felida,MF,125,Jonathan Osorio,1.0
464,Kevin Antonio Felida,MF,1177,Nikola Moro,1.0
465,Riechedly Guillermo Bazoer,DF,1248,Jorge Abdiel Gutierrez,1.0
465,Riechedly Guillermo Bazoer,DF,1226,Fidel Escobar,1.0
465,Riechedly Guillermo Bazoer,DF,1192,Luka Vuskovic,1.0
465,Riechedly Guillermo Bazoer,DF,107,Alfie Charles Jones,1.0
465,Riechedly Guillermo Bazoer,DF,123,Alphonso Boyle Davies,1.0
465,Riechedly Guillermo Bazoer,DF,679,Ehsan Hajisafi,1.0
465,Riechedly Guillermo Bazoer,DF,693,Arya Yousefi,1.0
465,Riechedly Guillermo Bazoer,DF,706,Tyler Grant Bindon,1.0
465,Riechedly Guillermo Bazoer,DF,665,Hafez Ramadan Karim Hafez,1.0
465,Riechedly Guillermo Bazoer,DF,783,Mohammed Ali Lajami,1.0
466,Deveron Lenny Fonville,DF,74,Youngwoo Seol,0.9999999999999999
466,Deveron Lenny Fonville,DF,82,Robin Hranac,0.9999999999999999
466,Deveron Lenny Fonville,DF,15,Israel Reyes,0.9999999999999999
466,Deveron Lenny Fonville,DF,1173,Marin Pongracic,0.9999999999999999
466,Deveron Lenny Fonville,DF,1135,Johan Andrés Mojica,0.9999999999999999
466,Deveron Lenny Fonville,DF,108,Luc De Fougerolles,0.9999999999999999
466,Deveron Lenny Fonville,DF,1200,Jonas Adjei Adjetey,0.9999999999999999
466,Deveron Lenny Fonville,DF,1094,Abdukodir Khusanov,0.9999999999999999
466,Deveron Lenny Fonville,DF,207,Luca Antony Jaquez,0.9999999999999999
466,Deveron Lenny Fonville,DF,1105,Sherzod Nasrullaev,0.9999999999999999
467,Tyrick Jeremy Bodak,GK,12,Carlos Acevedo,1.0
467,Tyrick Jeremy Bodak,GK,64,Bumkeun Song,1.0
467,Tyrick Jeremy Bodak,GK,48,Stuart Ricardo Goss,1.0
467,Tyrick Jeremy Bodak,GK,42,Sipho Justin Chaine,1.0
467,Tyrick Jeremy Bodak,GK,122,Owen Olamidayo Goodman,1.0
467,Tyrick Jeremy Bodak,GK,101,Lukáš Hornicek,1.0
467,Tyrick Jeremy Bodak,GK,94,Jind ř ich Stanek,1.0
467,Tyrick Jeremy Bodak,GK,73,Hyeonwoo Jo,1.0
467,Tyrick Jeremy Bodak,GK,220,Weverton Weverton,1.0
467,Tyrick Jeremy Bodak,GK,231,Ederson Ederson,1.0
468,Trevor Irving Doornbusch,GK,12,Carlos Acevedo,1.0
468,Trevor Irving Doornbusch,GK,64,Bumkeun Song,1.0
468,Trevor Irving Doornbusch,GK,48,Stuart Ricardo Goss,1.0
468,Trevor Irving Doornbusch,GK,42,Sipho Justin Chaine,1.0
468,Trevor Irving Doornbusch,GK,122,Owen Olamidayo Goodman,1.0
468,Trevor Irving Doornbusch,GK,101,Lukáš Hornicek,1.0
468,Trevor Irving Doornbusch,GK,94,Jind ř ich Stanek,1.0
468,Trevor Irving Doornbusch,GK,73,Hyeonwoo Jo,1.0
468,Trevor Irving Doornbusch,GK,220,Weverton Weverton,1.0
468,Trevor Irving Doornbusch,GK,231,Ederson Ederson,1.0
469,Yahia Fofana,GK,287,Angus Fraser James Gunn,0.9811602064827367
469,Yahia Fofana,GK,382,Patrick Thomas Beach,0.9759895617649657
469,Yahia Fofana,GK,751,Unai Simon,0.9746844364740491
469,Yahia Fofana,GK,1,José Raúl Rangel,0.9565401400134762
469,Yahia Fofana,GK,848,Mike Peterson Maignan,0.9402277150665252
469,Yahia Fofana,GK,1130,Camilo Andres Vargas,0.927348777457314
469,Yahia Fofana,GK,729,David Raya,0.9230707593103117
469,Yahia Fofana,GK,833,Brice Lauriche Samba,0.9036005440970958
469,Yahia Fofana,GK,209,Ramsés Alisson,0.8938328642105636
469,Yahia Fofana,GK,336,Matthew Andrew Geary Freese,0.8921079762799429
470,Ousmane Diomande,DF,1248,Jorge Abdiel Gutierrez,1.0
470,Ousmane Diomande,DF,1226,Fidel Escobar,1.0
470,Ousmane Diomande,DF,1192,Luka Vuskovic,1.0
470,Ousmane Diomande,DF,107,Alfie Charles Jones,1.0
470,Ousmane Diomande,DF,123,Alphonso Boyle Davies,1.0
470,Ousmane Diomande,DF,679,Ehsan Hajisafi,1.0
470,Ousmane Diomande,DF,693,Arya Yousefi,1.0
470,Ousmane Diomande,DF,706,Tyler Grant Bindon,1.0
470,Ousmane Diomande,DF,665,Hafez Ramadan Karim Hafez,1.0
470,Ousmane Diomande,DF,783,Mohammed Ali Lajami,1.0
471,N'clomande Ghislain Konan,DF,74,Youngwoo Seol,0.9999999999999999
471,N'clomande Ghislain Konan,DF,82,Robin Hranac,0.9999999999999999
471,N'clomande Ghislain Konan,DF,15,Israel Reyes,0.9999999999999999
471,N'clomande Ghislain Konan,DF,1173,Marin Pongracic,0.9999999999999999
471,N'clomande Ghislain Konan,DF,1135,Johan Andrés Mojica,0.9999999999999999
471,N'clomande Ghislain Konan,DF,108,Luc De Fougerolles,0.9999999999999999
471,N'clomande Ghislain Konan,DF,1200,Jonas Adjei Adjetey,0.9999999999999999
471,N'clomande Ghislain Konan,DF,1094,Abdukodir Khusanov,0.9999999999999999
471,N'clomande Ghislain Konan,DF,207,Luca Antony Jaquez,0.9999999999999999
471,N'clomande Ghislain Konan,DF,1105,Sherzod Nasrullaev,0.9999999999999999
472,Jean Michael Seri,MF,72,Hyunjun Yang,1.0
472,Jean Michael Seri,MF,69,Junho Bae,1.0
472,Jean Michael Seri,MF,77,Jisung Eom,1.0
472,Jean Michael Seri,MF,76,Jingyu Kim,1.0
472,Jean Michael Seri,MF,78,Donggyeong Lee,1.0
472,Jean Michael Seri,MF,103,Hugo Sochurek,1.0
472,Jean Michael Seri,MF,1160,Kobbie Boateng Mainoo,1.0
472,Jean Michael Seri,MF,1158,Jordan Brian Henderson,1.0
472,Jean Michael Seri,MF,125,Jonathan Osorio,1.0
472,Jean Michael Seri,MF,1177,Nikola Moro,1.0
473,Wilfried Stephane Singo,DF,733,Marcos Llorente,0.9999822105407669
473,Wilfried Stephane Singo,DF,133,Dennis Hadzikadunic,0.9928709148764642
473,Wilfried Stephane Singo,DF,403,Evren Eren Elmali,0.9892004695444309
473,Wilfried Stephane Singo,DF,704,Timothy John Payne,0.955136869383936
473,Wilfried Stephane Singo,DF,1037,Manel Farhan Ehsan Haddad,0.9396538511332709
473,Wilfried Stephane Singo,DF,83,Vladimír Coufal,0.9357859077011417
473,Wilfried Stephane Singo,DF,961,Facundo Axel Medina,0.9158627437915663
473,Wilfried Stephane Singo,DF,422,Joshua Walter Kimmich,0.9033369011377205
473,Wilfried Stephane Singo,DF,1172,Josip Stanisic,0.8998730243637583
473,Wilfried Stephane Singo,DF,542,Denzel Justus Morris Dumfries,0.8845553518786493
474,Seko Mohamed Fofana,MF,63,Hee Chan Hwang,0.9999999999999999
474,Seko Mohamed Fofana,MF,86,Vladimír Darida,0.9999999999999999
474,Seko Mohamed Fofana,MF,100,Tomáš Soucek,0.9999999999999999
474,Seko Mohamed Fofana,MF,95,Lukáš Provod,0.9999999999999999
474,Seko Mohamed Fofana,MF,110,Mathieu Choiniere,0.9999999999999999
474,Seko Mohamed Fofana,MF,1133,Juan Camilo Portilla,0.9999999999999999
474,Seko Mohamed Fofana,MF,118,Jacob Everett Shaffelburg,0.9999999999999999
474,Seko Mohamed Fofana,MF,1185,Mario Pasalic,0.9999999999999999
474,Seko Mohamed Fofana,MF,138,Armin Gigovic,0.9999999999999999
474,Seko Mohamed Fofana,MF,1103,Oston Urunov,0.9999999999999999
475,Odilon Dorgeless Kossounou,DF,74,Youngwoo Seol,0.9999999999999999
475,Odilon Dorgeless Kossounou,DF,82,Robin Hranac,0.9999999999999999
475,Odilon Dorgeless Kossounou,DF,15,Israel Reyes,0.9999999999999999
475,Odilon Dorgeless Kossounou,DF,1173,Marin Pongracic,0.9999999999999999
475,Odilon Dorgeless Kossounou,DF,1135,Johan Andrés Mojica,0.9999999999999999
475,Odilon Dorgeless Kossounou,DF,108,Luc De Fougerolles,0.9999999999999999
475,Odilon Dorgeless Kossounou,DF,1200,Jonas Adjei Adjetey,0.9999999999999999
475,Odilon Dorgeless Kossounou,DF,1094,Abdukodir Khusanov,0.9999999999999999
475,Odilon Dorgeless Kossounou,DF,207,Luca Antony Jaquez,0.9999999999999999
475,Odilon Dorgeless Kossounou,DF,1105,Sherzod Nasrullaev,0.9999999999999999
476,Franck Yannick Kessie,MF,760,Lenini Kevin Pina,0.999999696504127
476,Franck Yannick Kessie,MF,997,Marcel Sabitzer,0.9999946130646982
476,Franck Yannick Kessie,MF,435,Leroy Aziz Sane,0.9999861402304856
476,Franck Yannick Kessie,MF,1186,Martin Baturina,0.9999791862873831
476,Franck Yannick Kessie,MF,1055,Pedro Joao Neves,0.9999497791205503
476,Franck Yannick Kessie,MF,111,Stephen Eustaquio,0.9999455585651826
476,Franck Yannick Kessie,MF,631,Kevin De Bruyne,0.9999035578696632
476,Franck Yannick Kessie,MF,734,Mikel Merino,0.9998091675207688
476,Franck Yannick Kessie,MF,1006,Romano Schmid,0.9996295134853732
476,Franck Yannick Kessie,MF,632,Youri Marion Tielemans,0.9973526323960912
477,Ange-Yoan Laurent Bonny,FW,11,Santiago Tomás Gimenez,1.0000000000000002
477,Ange-Yoan Laurent Bonny,FW,141,Edin Dzeko,1.0000000000000002
477,Ange-Yoan Laurent Bonny,FW,167,Hassan Akram,1.0000000000000002
477,Ange-Yoan Laurent Bonny,FW,1083,Cedric Bakambu,1.0000000000000002
477,Ange-Yoan Laurent Bonny,FW,275,Ruben Fritzner Providence,1.0000000000000002
477,Ange-Yoan Laurent Bonny,FW,954,Nicolas Paz,1.0000000000000002
477,Ange-Yoan Laurent Bonny,FW,936,Julian Ryerson,1.0000000000000002
477,Ange-Yoan Laurent Bonny,FW,952,Thiago Ezequiel Almada,1.0000000000000002
477,Ange-Yoan Laurent Bonny,FW,451,Jürgen Leonardo Locadia,1.0000000000000002
477,Ange-Yoan Laurent Bonny,FW,1164,Azuka Tristan Madueke,1.0000000000000002
478,Simon Adingra,FW,1246,Azarías Emmanuel Londono,0.9999999999999997
478,Simon Adingra,FW,10,Ernesto Alexis Vega,0.9999999999999997
478,Simon Adingra,FW,14,Armando Gonzalez,0.9999999999999997
478,Simon Adingra,FW,21,César Saúl Huerta,0.9999999999999997
478,Simon Adingra,FW,97,Tomáš Chory,0.9999999999999997
478,Simon Adingra,FW,91,Mojmír Chytil,0.9999999999999997
478,Simon Adingra,FW,139,Samed Bazdar,0.9999999999999997
478,Simon Adingra,FW,130,Jayden Nelson,0.9999999999999997
478,Simon Adingra,FW,1144,Carlos Andrés Gomez,0.9999999999999997
478,Simon Adingra,FW,1113,Igor Sergeev,0.9999999999999997
479,Yan Diomande,FW,868,Sadio Mane,0.9997166794998241
479,Yan Diomande,FW,1058,Pedro Pedro Neto,0.9980765279527929
479,Yan Diomande,FW,1143,Luis Javier Suarez,0.981631271185019
479,Yan Diomande,FW,234,Vitor Rayan,0.975214575109957
479,Yan Diomande,FW,635,Jeremy Baffour Doku,0.9685583391475389
479,Yan Diomande,FW,244,Brahim Diaz,0.9671586398011021
479,Yan Diomande,FW,322,Christian Mate Pulisic,0.9655884167022611
479,Yan Diomande,FW,738,Daniel Olmo,0.9651426071626352
479,Yan Diomande,FW,917,Alexander Sorloth,0.9610551249899372
479,Yan Diomande,FW,507,Enner Remberto Valencia,0.9610551249899372
480,Elye Delmas Wahi,FW,1240,Cecilio Alfonso Waterman,0.9999999999999998
480,Elye Delmas Wahi,FW,1239,Jose Fajardo,0.9999999999999998
480,Elye Delmas Wahi,FW,104,Denis Visinsky,0.9999999999999998
480,Elye Delmas Wahi,FW,1027,Nayef Ahmad Mahmoud Almardi,0.9999999999999998
480,Elye Delmas Wahi,FW,973,Anis Hadj Moussa,0.9999999999999998
480,Elye Delmas Wahi,FW,1066,Francisco Francisco Conceicao,0.9999999999999998
480,Elye Delmas Wahi,FW,1038,Ahmad Ali Ali Azaizeh,0.9999999999999998
480,Elye Delmas Wahi,FW,921,Jørgen Strand Strand Larsen,0.9999999999999998
480,Elye Delmas Wahi,FW,763,BENCHIMOLGilson Gilson,0.9999999999999998
480,Elye Delmas Wahi,FW,271,Don Deedson Deedson,0.9999999999999998
481,Christopher Tea Domoraud Operi,DF,1248,Jorge Abdiel Gutierrez,1.0
481,Christopher Tea Domoraud Operi,DF,1226,Fidel Escobar,1.0
481,Christopher Tea Domoraud Operi,DF,1192,Luka Vuskovic,1.0
481,Christopher Tea Domoraud Operi,DF,107,Alfie Charles Jones,1.0
481,Christopher Tea Domoraud Operi,DF,123,Alphonso Boyle Davies,1.0
481,Christopher Tea Domoraud Operi,DF,679,Ehsan Hajisafi,1.0
481,Christopher Tea Domoraud Operi,DF,693,Arya Yousefi,1.0
481,Christopher Tea Domoraud Operi,DF,706,Tyler Grant Bindon,1.0
481,Christopher Tea Domoraud Operi,DF,665,Hafez Ramadan Karim Hafez,1.0
481,Christopher Tea Domoraud Operi,DF,783,Mohammed Ali Lajami,1.0
482,Oumar Diakite,FW,1246,Azarías Emmanuel Londono,0.9999999999999997
482,Oumar Diakite,FW,10,Ernesto Alexis Vega,0.9999999999999997
482,Oumar Diakite,FW,14,Armando Gonzalez,0.9999999999999997
482,Oumar Diakite,FW,21,César Saúl Huerta,0.9999999999999997
482,Oumar Diakite,FW,97,Tomáš Chory,0.9999999999999997
482,Oumar Diakite,FW,91,Mojmír Chytil,0.9999999999999997
482,Oumar Diakite,FW,139,Samed Bazdar,0.9999999999999997
482,Oumar Diakite,FW,130,Jayden Nelson,0.9999999999999997
482,Oumar Diakite,FW,1144,Carlos Andrés Gomez,0.9999999999999997
482,Oumar Diakite,FW,1113,Igor Sergeev,0.9999999999999997
483,Amad Diallo,FW,113,Cyle Christopher Larin,0.9993559495535674
483,Amad Diallo,FW,583,Anthony David Junior Elanga,0.9986707356838059
483,Amad Diallo,FW,1196,Petar Musa,0.9978567279144303
483,Amad Diallo,FW,902,Hussein Ghadhban Aymen,0.9968293393292814
483,Amad Diallo,FW,9,Raúl Alonso Jimenez,0.9964329413760229
483,Amad Diallo,FW,1075,Kibambe Brian Cipenga,0.9796310698822889
483,Amad Diallo,FW,1181,Ante Budimir,0.973409279464093
483,Amad Diallo,FW,539,Brian Ebenezer Adjei Brobbey,0.9721465284438584
483,Amad Diallo,FW,844,Bradley Jean-Manuel Essolisa Barcola,0.9614974484061019
483,Amad Diallo,FW,166,Khalid Hassan Alhaydos,0.9570560548198391
484,Mohamed Kone,GK,12,Carlos Acevedo,1.0
484,Mohamed Kone,GK,64,Bumkeun Song,1.0
484,Mohamed Kone,GK,48,Stuart Ricardo Goss,1.0
484,Mohamed Kone,GK,42,Sipho Justin Chaine,1.0
484,Mohamed Kone,GK,122,Owen Olamidayo Goodman,1.0
484,Mohamed Kone,GK,101,Lukáš Hornicek,1.0
484,Mohamed Kone,GK,94,Jind ř ich Stanek,1.0
484,Mohamed Kone,GK,73,Hyeonwoo Jo,1.0
484,Mohamed Kone,GK,220,Weverton Weverton,1.0
484,Mohamed Kone,GK,231,Ederson Ederson,1.0
485,Guela Maho-Lewis Doue,DF,74,Youngwoo Seol,0.9999999999999999
485,Guela Maho-Lewis Doue,DF,82,Robin Hranac,0.9999999999999999
485,Guela Maho-Lewis Doue,DF,15,Israel Reyes,0.9999999999999999
485,Guela Maho-Lewis Doue,DF,1173,Marin Pongracic,0.9999999999999999
485,Guela Maho-Lewis Doue,DF,1135,Johan Andrés Mojica,0.9999999999999999
485,Guela Maho-Lewis Doue,DF,108,Luc De Fougerolles,0.9999999999999999
485,Guela Maho-Lewis Doue,DF,1200,Jonas Adjei Adjetey,0.9999999999999999
485,Guela Maho-Lewis Doue,DF,1094,Abdukodir Khusanov,0.9999999999999999
485,Guela Maho-Lewis Doue,DF,207,Luca Antony Jaquez,0.9999999999999999
485,Guela Maho-Lewis Doue,DF,1105,Sherzod Nasrullaev,0.9999999999999999
486,Ibrahim Sangare,MF,1178,Mateo Kovacic,1.0
486,Ibrahim Sangare,MF,1099,Otabek Shukurov,1.0
486,Ibrahim Sangare,MF,144,Ivan Sunjic,1.0
486,Ibrahim Sangare,MF,293,Mc,1.0
486,Ibrahim Sangare,MF,270,Jean Ricner Bellegarde,1.0
486,Ibrahim Sangare,MF,197,Djibril Ibrahima Sow,1.0
486,Ibrahim Sangare,MF,305,Lewis Ferguson,1.0
486,Ibrahim Sangare,MF,1072,Ngal’ayel Mukau,1.0
486,Ibrahim Sangare,MF,449,Juninho Gracielo Bacuna,1.0
486,Ibrahim Sangare,MF,452,Leandro Jones Johan Bacuna,1.0
487,Nicolas Pepe,FW,919,Erling Braut Haaland,0.9936016962795375
487,Nicolas Pepe,FW,958,Lautaro Javier Martinez,0.9926253013693639
487,Nicolas Pepe,FW,217,Matheus Matheus Cunha,0.989664606803946
487,Nicolas Pepe,FW,641,Charles Marc De Ketelaere,0.9813055934346651
487,Nicolas Pepe,FW,1047,Ronaldo Cristiano Ronaldo,0.9677778421129164
487,Nicolas Pepe,FW,876,Ismaila Sarr,0.9669088008831431
487,Nicolas Pepe,FW,539,Brian Ebenezer Adjei Brobbey,0.9667401606281665
487,Nicolas Pepe,FW,423,Kai Lukas Havertz,0.9659115865969118
487,Nicolas Pepe,FW,1086,Yoane Wissa,0.9635298298632669
487,Nicolas Pepe,FW,749,Mikel Oyarzabal,0.9625152311488515
488,Emmanuel Elysee Djedje Agbadou,DF,74,Youngwoo Seol,0.9999999999999999
488,Emmanuel Elysee Djedje Agbadou,DF,82,Robin Hranac,0.9999999999999999
488,Emmanuel Elysee Djedje Agbadou,DF,15,Israel Reyes,0.9999999999999999
488,Emmanuel Elysee Djedje Agbadou,DF,1173,Marin Pongracic,0.9999999999999999
488,Emmanuel Elysee Djedje Agbadou,DF,1135,Johan Andrés Mojica,0.9999999999999999
488,Emmanuel Elysee Djedje Agbadou,DF,108,Luc De Fougerolles,0.9999999999999999
488,Emmanuel Elysee Djedje Agbadou,DF,1200,Jonas Adjei Adjetey,0.9999999999999999
488,Emmanuel Elysee Djedje Agbadou,DF,1094,Abdukodir Khusanov,0.9999999999999999
488,Emmanuel Elysee Djedje Agbadou,DF,207,Luca Antony Jaquez,0.9999999999999999
488,Emmanuel Elysee Djedje Agbadou,DF,1105,Sherzod Nasrullaev,0.9999999999999999
489,Obite Evan Ndicka,DF,1247,Roderick Alonso Miller,1.0
489,Obite Evan Ndicka,DF,1156,Trevoh Tom Chalobah,1.0
489,Obite Evan Ndicka,DF,1159,Daniel Johnson Burn,1.0
489,Obite Evan Ndicka,DF,1237,Eric Javier Davis,1.0
489,Obite Evan Ndicka,DF,805,Abdullatif Jehad Thikri,1.0
489,Obite Evan Ndicka,DF,808,José María Gimenez,1.0
489,Obite Evan Ndicka,DF,810,Ronald Federico Araujo,1.0
489,Obite Evan Ndicka,DF,28,Tholo Thabang Matuludi,1.0
489,Obite Evan Ndicka,DF,29,Khulumani Ndamane,1.0
489,Obite Evan Ndicka,DF,44,Samukele Alucious Kabini,1.0
490,Evann Ludovic Vidjannagni Guessand,FW,1246,Azarías Emmanuel Londono,0.9999999999999997
490,Evann Ludovic Vidjannagni Guessand,FW,10,Ernesto Alexis Vega,0.9999999999999997
490,Evann Ludovic Vidjannagni Guessand,FW,14,Armando Gonzalez,0.9999999999999997
490,Evann Ludovic Vidjannagni Guessand,FW,21,César Saúl Huerta,0.9999999999999997
490,Evann Ludovic Vidjannagni Guessand,FW,97,Tomáš Chory,0.9999999999999997
490,Evann Ludovic Vidjannagni Guessand,FW,91,Mojmír Chytil,0.9999999999999997
490,Evann Ludovic Vidjannagni Guessand,FW,139,Samed Bazdar,0.9999999999999997
490,Evann Ludovic Vidjannagni Guessand,FW,130,Jayden Nelson,0.9999999999999997
490,Evann Ludovic Vidjannagni Guessand,FW,1144,Carlos Andrés Gomez,0.9999999999999997
490,Evann Ludovic Vidjannagni Guessand,FW,1113,Igor Sergeev,0.9999999999999997
491,Alban-Marc Lafont,GK,12,Carlos Acevedo,1.0
491,Alban-Marc Lafont,GK,64,Bumkeun Song,1.0
491,Alban-Marc Lafont,GK,48,Stuart Ricardo Goss,1.0
491,Alban-Marc Lafont,GK,42,Sipho Justin Chaine,1.0
491,Alban-Marc Lafont,GK,122,Owen Olamidayo Goodman,1.0
491,Alban-Marc Lafont,GK,101,Lukáš Hornicek,1.0
491,Alban-Marc Lafont,GK,94,Jind ř ich Stanek,1.0
491,Alban-Marc Lafont,GK,73,Hyeonwoo Jo,1.0
491,Alban-Marc Lafont,GK,220,Weverton Weverton,1.0
491,Alban-Marc Lafont,GK,231,Ederson Ederson,1.0
492,Bazoumana Toure,FW,1240,Cecilio Alfonso Waterman,0.9999999999999998
492,Bazoumana Toure,FW,1239,Jose Fajardo,0.9999999999999998
492,Bazoumana Toure,FW,104,Denis Visinsky,0.9999999999999998
492,Bazoumana Toure,FW,1027,Nayef Ahmad Mahmoud Almardi,0.9999999999999998
492,Bazoumana Toure,FW,973,Anis Hadj Moussa,0.9999999999999998
492,Bazoumana Toure,FW,1066,Francisco Francisco Conceicao,0.9999999999999998
492,Bazoumana Toure,FW,1038,Ahmad Ali Ali Azaizeh,0.9999999999999998
492,Bazoumana Toure,FW,921,Jørgen Strand Strand Larsen,0.9999999999999998
492,Bazoumana Toure,FW,763,BENCHIMOLGilson Gilson,0.9999999999999998
492,Bazoumana Toure,FW,271,Don Deedson Deedson,0.9999999999999998
493,Parfait Guiagon,MF,72,Hyunjun Yang,1.0
493,Parfait Guiagon,MF,69,Junho Bae,1.0
493,Parfait Guiagon,MF,77,Jisung Eom,1.0
493,Parfait Guiagon,MF,76,Jingyu Kim,1.0
493,Parfait Guiagon,MF,78,Donggyeong Lee,1.0
493,Parfait Guiagon,MF,103,Hugo Sochurek,1.0
493,Parfait Guiagon,MF,1160,Kobbie Boateng Mainoo,1.0
493,Parfait Guiagon,MF,1158,Jordan Brian Henderson,1.0
493,Parfait Guiagon,MF,125,Jonathan Osorio,1.0
493,Parfait Guiagon,MF,1177,Nikola Moro,1.0
494,Christ Ravynel Inao Oulai,MF,62,Jae Sung Lee,1.0
494,Christ Ravynel Inao Oulai,MF,90,Lukáš Cerv,1.0
494,Christ Ravynel Inao Oulai,MF,1091,Edo Kayembe Kayembe,1.0
494,Christ Ravynel Inao Oulai,MF,136,Benjamin Tahirovic,1.0
494,Christ Ravynel Inao Oulai,MF,145,Amar Memic,1.0
494,Christ Ravynel Inao Oulai,MF,115,Liam Alan Millar,1.0
494,Christ Ravynel Inao Oulai,MF,976,Hicham Boudaoui,1.0
494,Christ Ravynel Inao Oulai,MF,941,Leandro Daniel Paredes,1.0
494,Christ Ravynel Inao Oulai,MF,1012,Paul Wanner,1.0
494,Christ Ravynel Inao Oulai,MF,968,Ramiz Larbi Zerrouki,1.0
495,Hernán Ismael Galindez,GK,677,Ali Reza Beiranvand,0.9604391446497029
495,Hernán Ismael Galindez,GK,801,Khalil Mohammed Alowais,0.9388281932902648
495,Hernán Ismael Galindez,GK,350,Orlando Daniel Gill,0.9385750482496725
495,Hernán Ismael Galindez,GK,755,José Vozinha,0.903274992263223
495,Hernán Ismael Galindez,GK,27,Ronwen Hayden Williams,0.8821769607358986
495,Hernán Ismael Galindez,GK,1197,Lawrence Ati Zigi,0.871245889874047
495,Hernán Ismael Galindez,GK,443,Eloy Victor Room,0.8108342794434469
495,Hernán Ismael Galindez,GK,1041,Diogo Diogo Costa,0.8082407679190577
495,Hernán Ismael Galindez,GK,573,Jacob Mikael Widell Zetterstrom,0.7671504421553564
495,Hernán Ismael Galindez,GK,287,Angus Fraser James Gunn,0.5731499783589274
496,Félix Eduardo Torres,DF,1247,Roderick Alonso Miller,1.0
496,Félix Eduardo Torres,DF,1156,Trevoh Tom Chalobah,1.0
496,Félix Eduardo Torres,DF,1159,Daniel Johnson Burn,1.0
496,Félix Eduardo Torres,DF,1237,Eric Javier Davis,1.0
496,Félix Eduardo Torres,DF,805,Abdullatif Jehad Thikri,1.0
496,Félix Eduardo Torres,DF,808,José María Gimenez,1.0
496,Félix Eduardo Torres,DF,810,Ronald Federico Araujo,1.0
496,Félix Eduardo Torres,DF,28,Tholo Thabang Matuludi,1.0
496,Félix Eduardo Torres,DF,29,Khulumani Ndamane,1.0
496,Félix Eduardo Torres,DF,44,Samukele Alucious Kabini,1.0
497,Piero Martin Hincapie,DF,649,Nathan Ngoy,0.9999011288162702
497,Piero Martin Hincapie,DF,1170,Jarell Amorin Quansah,0.999462337912958
497,Piero Martin Hincapie,DF,134,Tarik Muharemovic,0.9886753631626622
497,Piero Martin Hincapie,DF,170,Elamin Homam,0.9684255822264128
497,Piero Martin Hincapie,DF,3,César Jasib Montes,0.9683624713584763
497,Piero Martin Hincapie,DF,886,Ghareeb Solaka Rebin Sulaka,0.9562031585662532
497,Piero Martin Hincapie,DF,837,Jules Olivier Kounde,0.2099942424507433
497,Piero Martin Hincapie,DF,1150,Keaninkin Marc-Isreal Guehi,0.20086193149964526
497,Piero Martin Hincapie,DF,187,Manuel Obafemi Akanji,0.20086193149964526
497,Piero Martin Hincapie,DF,252,Chadi Riad,0.20086193149964526
498,Joel Leandro Ordonez,DF,74,Youngwoo Seol,0.9999999999999999
498,Joel Leandro Ordonez,DF,82,Robin Hranac,0.9999999999999999
498,Joel Leandro Ordonez,DF,15,Israel Reyes,0.9999999999999999
498,Joel Leandro Ordonez,DF,1173,Marin Pongracic,0.9999999999999999
498,Joel Leandro Ordonez,DF,1135,Johan Andrés Mojica,0.9999999999999999
498,Joel Leandro Ordonez,DF,108,Luc De Fougerolles,0.9999999999999999
498,Joel Leandro Ordonez,DF,1200,Jonas Adjei Adjetey,0.9999999999999999
498,Joel Leandro Ordonez,DF,1094,Abdukodir Khusanov,0.9999999999999999
498,Joel Leandro Ordonez,DF,207,Luca Antony Jaquez,0.9999999999999999
498,Joel Leandro Ordonez,DF,1105,Sherzod Nasrullaev,0.9999999999999999
499,Jordy Jose Alcivar,MF,63,Hee Chan Hwang,0.9999999999999999
499,Jordy Jose Alcivar,MF,86,Vladimír Darida,0.9999999999999999
499,Jordy Jose Alcivar,MF,100,Tomáš Soucek,0.9999999999999999
499,Jordy Jose Alcivar,MF,95,Lukáš Provod,0.9999999999999999
499,Jordy Jose Alcivar,MF,110,Mathieu Choiniere,0.9999999999999999
499,Jordy Jose Alcivar,MF,1133,Juan Camilo Portilla,0.9999999999999999
499,Jordy Jose Alcivar,MF,118,Jacob Everett Shaffelburg,0.9999999999999999
499,Jordy Jose Alcivar,MF,1185,Mario Pasalic,0.9999999999999999
499,Jordy Jose Alcivar,MF,138,Armin Gigovic,0.9999999999999999
499,Jordy Jose Alcivar,MF,1103,Oston Urunov,0.9999999999999999
500,Willian Joel Pacho,DF,1168,Reece Lewis James,1.0
500,Willian Joel Pacho,DF,117,Derek Austin Cornelius,1.0
500,Willian Joel Pacho,DF,1210,Gideon Mensah,1.0
500,Willian Joel Pacho,DF,1176,Josip Sutalo,1.0
500,Willian Joel Pacho,DF,1141,Davinson Sanchez,1.0
500,Willian Joel Pacho,DF,186,Nico Elvedi,1.0
500,Willian Joel Pacho,DF,148,Nikola Katic,1.0
500,Willian Joel Pacho,DF,126,Richmond Mamah Laryea,1.0
500,Willian Joel Pacho,DF,1068,Wan Wan-Bissaka,1.0
500,Willian Joel Pacho,DF,1070,Axel Tuanzebe,1.0
501,Pervis Josue Estupinan,DF,1248,Jorge Abdiel Gutierrez,1.0
501,Pervis Josue Estupinan,DF,1226,Fidel Escobar,1.0
501,Pervis Josue Estupinan,DF,1192,Luka Vuskovic,1.0
501,Pervis Josue Estupinan,DF,107,Alfie Charles Jones,1.0
501,Pervis Josue Estupinan,DF,123,Alphonso Boyle Davies,1.0
501,Pervis Josue Estupinan,DF,679,Ehsan Hajisafi,1.0
501,Pervis Josue Estupinan,DF,693,Arya Yousefi,1.0
501,Pervis Josue Estupinan,DF,706,Tyler Grant Bindon,1.0
501,Pervis Josue Estupinan,DF,665,Hafez Ramadan Karim Hafez,1.0
501,Pervis Josue Estupinan,DF,783,Mohammed Ali Lajami,1.0
502,Anthony Lenin Valencia,MF,72,Hyunjun Yang,1.0
502,Anthony Lenin Valencia,MF,69,Junho Bae,1.0
502,Anthony Lenin Valencia,MF,77,Jisung Eom,1.0
502,Anthony Lenin Valencia,MF,76,Jingyu Kim,1.0
502,Anthony Lenin Valencia,MF,78,Donggyeong Lee,1.0
502,Anthony Lenin Valencia,MF,103,Hugo Sochurek,1.0
502,Anthony Lenin Valencia,MF,1160,Kobbie Boateng Mainoo,1.0
502,Anthony Lenin Valencia,MF,1158,Jordan Brian Henderson,1.0
502,Anthony Lenin Valencia,MF,125,Jonathan Osorio,1.0
502,Anthony Lenin Valencia,MF,1177,Nikola Moro,1.0
503,John Yeboah,FW,140,Ermedin Demirovic,1.0
503,John Yeboah,FW,121,Tajon Trevor Buchanan,1.0
503,John Yeboah,FW,917,Alexander Sorloth,1.0
503,John Yeboah,FW,1205,Jordan Pierre Ayew,1.0
503,John Yeboah,FW,774,Isaac Ryan,1.0
503,John Yeboah,FW,507,Enner Remberto Valencia,1.0
503,John Yeboah,FW,635,Jeremy Baffour Doku,0.9954384412803571
503,John Yeboah,FW,936,Julian Ryerson,0.9796958359591635
503,John Yeboah,FW,954,Nicolas Paz,0.9796958359591635
503,John Yeboah,FW,952,Thiago Ezequiel Almada,0.9796958359591635
504,Ray Kendry Paez,MF,72,Hyunjun Yang,1.0
504,Ray Kendry Paez,MF,69,Junho Bae,1.0
504,Ray Kendry Paez,MF,77,Jisung Eom,1.0
504,Ray Kendry Paez,MF,76,Jingyu Kim,1.0
504,Ray Kendry Paez,MF,78,Donggyeong Lee,1.0
504,Ray Kendry Paez,MF,103,Hugo Sochurek,1.0
504,Ray Kendry Paez,MF,1160,Kobbie Boateng Mainoo,1.0
504,Ray Kendry Paez,MF,1158,Jordan Brian Henderson,1.0
504,Ray Kendry Paez,MF,125,Jonathan Osorio,1.0
504,Ray Kendry Paez,MF,1177,Nikola Moro,1.0
505,Kevin Jose Rodriguez,FW,1246,Azarías Emmanuel Londono,0.9999999999999997
505,Kevin Jose Rodriguez,FW,10,Ernesto Alexis Vega,0.9999999999999997
505,Kevin Jose Rodriguez,FW,14,Armando Gonzalez,0.9999999999999997
505,Kevin Jose Rodriguez,FW,21,César Saúl Huerta,0.9999999999999997
505,Kevin Jose Rodriguez,FW,97,Tomáš Chory,0.9999999999999997
505,Kevin Jose Rodriguez,FW,91,Mojmír Chytil,0.9999999999999997
505,Kevin Jose Rodriguez,FW,139,Samed Bazdar,0.9999999999999997
505,Kevin Jose Rodriguez,FW,130,Jayden Nelson,0.9999999999999997
505,Kevin Jose Rodriguez,FW,1144,Carlos Andrés Gomez,0.9999999999999997
505,Kevin Jose Rodriguez,FW,1113,Igor Sergeev,0.9999999999999997
506,Wellington Moisés Ramirez,GK,12,Carlos Acevedo,1.0
506,Wellington Moisés Ramirez,GK,64,Bumkeun Song,1.0
506,Wellington Moisés Ramirez,GK,48,Stuart Ricardo Goss,1.0
506,Wellington Moisés Ramirez,GK,42,Sipho Justin Chaine,1.0
506,Wellington Moisés Ramirez,GK,122,Owen Olamidayo Goodman,1.0
506,Wellington Moisés Ramirez,GK,101,Lukáš Hornicek,1.0
506,Wellington Moisés Ramirez,GK,94,Jind ř ich Stanek,1.0
506,Wellington Moisés Ramirez,GK,73,Hyeonwoo Jo,1.0
506,Wellington Moisés Ramirez,GK,220,Weverton Weverton,1.0
506,Wellington Moisés Ramirez,GK,231,Ederson Ederson,1.0
507,Enner Remberto Valencia,FW,140,Ermedin Demirovic,1.0
507,Enner Remberto Valencia,FW,121,Tajon Trevor Buchanan,1.0
507,Enner Remberto Valencia,FW,917,Alexander Sorloth,1.0
507,Enner Remberto Valencia,FW,503,John Yeboah,1.0
507,Enner Remberto Valencia,FW,1205,Jordan Pierre Ayew,1.0
507,Enner Remberto Valencia,FW,774,Isaac Ryan,1.0
507,Enner Remberto Valencia,FW,635,Jeremy Baffour Doku,0.9954384412803571
507,Enner Remberto Valencia,FW,936,Julian Ryerson,0.9796958359591635
507,Enner Remberto Valencia,FW,954,Nicolas Paz,0.9796958359591635
507,Enner Remberto Valencia,FW,952,Thiago Ezequiel Almada,0.9796958359591635
508,Alan Steve Minda,MF,63,Hee Chan Hwang,0.9999999999999999
508,Alan Steve Minda,MF,86,Vladimír Darida,0.9999999999999999
508,Alan Steve Minda,MF,100,Tomáš Soucek,0.9999999999999999
508,Alan Steve Minda,MF,95,Lukáš Provod,0.9999999999999999
508,Alan Steve Minda,MF,110,Mathieu Choiniere,0.9999999999999999
508,Alan Steve Minda,MF,1133,Juan Camilo Portilla,0.9999999999999999
508,Alan Steve Minda,MF,118,Jacob Everett Shaffelburg,0.9999999999999999
508,Alan Steve Minda,MF,1185,Mario Pasalic,0.9999999999999999
508,Alan Steve Minda,MF,138,Armin Gigovic,0.9999999999999999
508,Alan Steve Minda,MF,1103,Oston Urunov,0.9999999999999999
509,Pedro Jeampierre Vite,MF,517,Moisés Isaac Caicedo,1.0
509,Pedro Jeampierre Vite,MF,1207,Antoine Serlom Semenyo,1.0
509,Pedro Jeampierre Vite,MF,846,Adrien Thibault Marie Rabiot,1.0
509,Pedro Jeampierre Vite,MF,943,Rodrigo Javier De Paul,0.9994812332540587
509,Pedro Jeampierre Vite,MF,1048,Miguel Bruno,0.9986525921204378
509,Pedro Jeampierre Vite,MF,1161,Morgan Elliot Rogers,0.9981139299900662
509,Pedro Jeampierre Vite,MF,1180,Luka Modric,0.9967641816236525
509,Pedro Jeampierre Vite,MF,361,Matias Galarza,0.9962421213167649
509,Pedro Jeampierre Vite,MF,994,Nicolas Seiwald,0.9960568005606757
509,Pedro Jeampierre Vite,MF,192,Granit Xhaka,0.979704752326763
510,Jordy Josue Caicedo,FW,1246,Azarías Emmanuel Londono,0.9999999999999997
510,Jordy Josue Caicedo,FW,10,Ernesto Alexis Vega,0.9999999999999997
510,Jordy Josue Caicedo,FW,14,Armando Gonzalez,0.9999999999999997
510,Jordy Josue Caicedo,FW,21,César Saúl Huerta,0.9999999999999997
510,Jordy Josue Caicedo,FW,97,Tomáš Chory,0.9999999999999997
510,Jordy Josue Caicedo,FW,91,Mojmír Chytil,0.9999999999999997
510,Jordy Josue Caicedo,FW,139,Samed Bazdar,0.9999999999999997
510,Jordy Josue Caicedo,FW,130,Jayden Nelson,0.9999999999999997
510,Jordy Josue Caicedo,FW,1144,Carlos Andrés Gomez,0.9999999999999997
510,Jordy Josue Caicedo,FW,1113,Igor Sergeev,0.9999999999999997
511,Ángelo Smit Preciado,DF,1247,Roderick Alonso Miller,1.0
511,Ángelo Smit Preciado,DF,1156,Trevoh Tom Chalobah,1.0
511,Ángelo Smit Preciado,DF,1159,Daniel Johnson Burn,1.0
511,Ángelo Smit Preciado,DF,1237,Eric Javier Davis,1.0
511,Ángelo Smit Preciado,DF,805,Abdullatif Jehad Thikri,1.0
511,Ángelo Smit Preciado,DF,808,José María Gimenez,1.0
511,Ángelo Smit Preciado,DF,810,Ronald Federico Araujo,1.0
511,Ángelo Smit Preciado,DF,28,Tholo Thabang Matuludi,1.0
511,Ángelo Smit Preciado,DF,29,Khulumani Ndamane,1.0
511,Ángelo Smit Preciado,DF,44,Samukele Alucious Kabini,1.0
512,Denil Daniel Castillo,MF,72,Hyunjun Yang,1.0
512,Denil Daniel Castillo,MF,69,Junho Bae,1.0
512,Denil Daniel Castillo,MF,77,Jisung Eom,1.0
512,Denil Daniel Castillo,MF,76,Jingyu Kim,1.0
512,Denil Daniel Castillo,MF,78,Donggyeong Lee,1.0
512,Denil Daniel Castillo,MF,103,Hugo Sochurek,1.0
512,Denil Daniel Castillo,MF,1160,Kobbie Boateng Mainoo,1.0
512,Denil Daniel Castillo,MF,1158,Jordan Brian Henderson,1.0
512,Denil Daniel Castillo,MF,125,Jonathan Osorio,1.0
512,Denil Daniel Castillo,MF,1177,Nikola Moro,1.0
513,Gonzalo Jordy Plata,FW,930,Antonio Eromonsele Nordby Nusa,0.9985912644105944
513,Gonzalo Jordy Plata,FW,945,Julián Alvarez,0.9972671399751377
513,Gonzalo Jordy Plata,FW,747,Lamine Yamal Yamal,0.995040057397434
513,Gonzalo Jordy Plata,FW,193,Dan Ndoye,0.9846963351119983
513,Gonzalo Jordy Plata,FW,1125,Luis Fernando Diaz,0.9775135240522993
513,Gonzalo Jordy Plata,FW,149,Kerim Alajbegovic,0.9748118506788322
513,Gonzalo Jordy Plata,FW,1023,Iyad Ali Ali Olwan,0.9707277708817089
513,Gonzalo Jordy Plata,FW,398,Arda Guler,0.9707277708817089
513,Gonzalo Jordy Plata,FW,1106,Eldor Shomurodov,0.9707277708817089
513,Gonzalo Jordy Plata,FW,381,Nestory Irankunda,0.9666274450688992
514,Nilson David Angulo,FW,278,Wilson Isidor,0.9891167729435832
514,Nilson David Angulo,FW,1181,Ante Budimir,0.9598574505785441
514,Nilson David Angulo,FW,1075,Kibambe Brian Cipenga,0.9513378784953905
514,Nilson David Angulo,FW,487,Nicolas Pepe,0.9465731938684694
514,Nilson David Angulo,FW,641,Charles Marc De Ketelaere,0.9265372333092307
514,Nilson David Angulo,FW,958,Lautaro Javier Martinez,0.913758811570029
514,Nilson David Angulo,FW,539,Brian Ebenezer Adjei Brobbey,0.91198017900709
514,Nilson David Angulo,FW,217,Matheus Matheus Cunha,0.9105399531987718
514,Nilson David Angulo,FW,902,Hussein Ghadhban Aymen,0.9065434263089204
514,Nilson David Angulo,FW,919,Erling Braut Haaland,0.9049072398378586
515,Alan Steven Franco,MF,1128,James David Rodriguez,1.0
515,Alan Steven Franco,MF,190,Remo Marco Freuler,1.0
515,Alan Steven Franco,MF,188,Denis Lemi Zakaria,1.0
515,Alan Steven Franco,MF,1074,Samuel Alain Moutoussamy,1.0
515,Alan Steven Franco,MF,258,Neil Yoni El Aynaoui,1.0
515,Alan Steven Franco,MF,352,Adrián Andrés Cubas,1.0
515,Alan Steven Franco,MF,316,Tyler Shaan Adams,1.0
515,Alan Steven Franco,MF,421,Aleksandar Pavlovic,1.0
515,Alan Steven Franco,MF,924,Fredrik Aursnes,1.0
515,Alan Steven Franco,MF,972,Fares Chaibi,1.0
516,Gonzalo Roberto Valle,GK,12,Carlos Acevedo,1.0
516,Gonzalo Roberto Valle,GK,64,Bumkeun Song,1.0
516,Gonzalo Roberto Valle,GK,48,Stuart Ricardo Goss,1.0
516,Gonzalo Roberto Valle,GK,42,Sipho Justin Chaine,1.0
516,Gonzalo Roberto Valle,GK,122,Owen Olamidayo Goodman,1.0
516,Gonzalo Roberto Valle,GK,101,Lukáš Hornicek,1.0
516,Gonzalo Roberto Valle,GK,94,Jind ř ich Stanek,1.0
516,Gonzalo Roberto Valle,GK,73,Hyeonwoo Jo,1.0
516,Gonzalo Roberto Valle,GK,220,Weverton Weverton,1.0
516,Gonzalo Roberto Valle,GK,231,Ederson Ederson,1.0
517,Moisés Isaac Caicedo,MF,509,Pedro Jeampierre Vite,1.0
517,Moisés Isaac Caicedo,MF,1207,Antoine Serlom Semenyo,1.0
517,Moisés Isaac Caicedo,MF,846,Adrien Thibault Marie Rabiot,1.0
517,Moisés Isaac Caicedo,MF,943,Rodrigo Javier De Paul,0.9994812332540587
517,Moisés Isaac Caicedo,MF,1048,Miguel Bruno,0.9986525921204378
517,Moisés Isaac Caicedo,MF,1161,Morgan Elliot Rogers,0.9981139299900662
517,Moisés Isaac Caicedo,MF,1180,Luka Modric,0.9967641816236525
517,Moisés Isaac Caicedo,MF,361,Matias Galarza,0.9962421213167649
517,Moisés Isaac Caicedo,MF,994,Nicolas Seiwald,0.9960568005606757
517,Moisés Isaac Caicedo,MF,192,Granit Xhaka,0.979704752326763
518,Jeremy Alberto Arevalo,FW,1246,Azarías Emmanuel Londono,0.9999999999999997
518,Jeremy Alberto Arevalo,FW,10,Ernesto Alexis Vega,0.9999999999999997
518,Jeremy Alberto Arevalo,FW,14,Armando Gonzalez,0.9999999999999997
518,Jeremy Alberto Arevalo,FW,21,César Saúl Huerta,0.9999999999999997
518,Jeremy Alberto Arevalo,FW,97,Tomáš Chory,0.9999999999999997
518,Jeremy Alberto Arevalo,FW,91,Mojmír Chytil,0.9999999999999997
518,Jeremy Alberto Arevalo,FW,139,Samed Bazdar,0.9999999999999997
518,Jeremy Alberto Arevalo,FW,130,Jayden Nelson,0.9999999999999997
518,Jeremy Alberto Arevalo,FW,1144,Carlos Andrés Gomez,0.9999999999999997
518,Jeremy Alberto Arevalo,FW,1113,Igor Sergeev,0.9999999999999997
519,Jackson Gabriel Porozo,DF,1247,Roderick Alonso Miller,1.0
519,Jackson Gabriel Porozo,DF,1156,Trevoh Tom Chalobah,1.0
519,Jackson Gabriel Porozo,DF,1159,Daniel Johnson Burn,1.0
519,Jackson Gabriel Porozo,DF,1237,Eric Javier Davis,1.0
519,Jackson Gabriel Porozo,DF,805,Abdullatif Jehad Thikri,1.0
519,Jackson Gabriel Porozo,DF,808,José María Gimenez,1.0
519,Jackson Gabriel Porozo,DF,810,Ronald Federico Araujo,1.0
519,Jackson Gabriel Porozo,DF,28,Tholo Thabang Matuludi,1.0
519,Jackson Gabriel Porozo,DF,29,Khulumani Ndamane,1.0
519,Jackson Gabriel Porozo,DF,44,Samukele Alucious Kabini,1.0
520,Yaimar Abel Medina,DF,1247,Roderick Alonso Miller,1.0
520,Yaimar Abel Medina,DF,1156,Trevoh Tom Chalobah,1.0
520,Yaimar Abel Medina,DF,1159,Daniel Johnson Burn,1.0
520,Yaimar Abel Medina,DF,1237,Eric Javier Davis,1.0
520,Yaimar Abel Medina,DF,805,Abdullatif Jehad Thikri,1.0
520,Yaimar Abel Medina,DF,808,José María Gimenez,1.0
520,Yaimar Abel Medina,DF,810,Ronald Federico Araujo,1.0
520,Yaimar Abel Medina,DF,28,Tholo Thabang Matuludi,1.0
520,Yaimar Abel Medina,DF,29,Khulumani Ndamane,1.0
520,Yaimar Abel Medina,DF,44,Samukele Alucious Kabini,1.0
521,Bart Verbruggen,GK,1067,Lionel Nzau Mpasi,0.9898947473782573
521,Bart Verbruggen,GK,911,Ørjan Haskjold Nyland,0.9659885927304322
521,Bart Verbruggen,GK,1244,Orlando Mosquera,0.965908662067318
521,Bart Verbruggen,GK,53,Seunggyu Kim,0.944415613973153
521,Bart Verbruggen,GK,673,Abdelaziz Mohame Mostafa,0.942722259268406
521,Bart Verbruggen,GK,417,Manuel Peter Neuer,0.914809498210074
521,Bart Verbruggen,GK,625,Thibaut Nicolas Courtois,0.902041718167943
521,Bart Verbruggen,GK,413,Ugurcan Cakir,0.8190180994538943
521,Bart Verbruggen,GK,1145,Jordan Lee Pickford,0.8090597800698811
521,Bart Verbruggen,GK,131,Nikola Vasilj,0.7945331662182881
522,Lutsharel Emiliano Geertruida,DF,1247,Roderick Alonso Miller,1.0
522,Lutsharel Emiliano Geertruida,DF,1156,Trevoh Tom Chalobah,1.0
522,Lutsharel Emiliano Geertruida,DF,1159,Daniel Johnson Burn,1.0
522,Lutsharel Emiliano Geertruida,DF,1237,Eric Javier Davis,1.0
522,Lutsharel Emiliano Geertruida,DF,805,Abdullatif Jehad Thikri,1.0
522,Lutsharel Emiliano Geertruida,DF,808,José María Gimenez,1.0
522,Lutsharel Emiliano Geertruida,DF,810,Ronald Federico Araujo,1.0
522,Lutsharel Emiliano Geertruida,DF,28,Tholo Thabang Matuludi,1.0
522,Lutsharel Emiliano Geertruida,DF,29,Khulumani Ndamane,1.0
522,Lutsharel Emiliano Geertruida,DF,44,Samukele Alucious Kabini,1.0
523,Marten Elco De Roon,MF,72,Hyunjun Yang,1.0
523,Marten Elco De Roon,MF,69,Junho Bae,1.0
523,Marten Elco De Roon,MF,77,Jisung Eom,1.0
523,Marten Elco De Roon,MF,76,Jingyu Kim,1.0
523,Marten Elco De Roon,MF,78,Donggyeong Lee,1.0
523,Marten Elco De Roon,MF,103,Hugo Sochurek,1.0
523,Marten Elco De Roon,MF,1160,Kobbie Boateng Mainoo,1.0
523,Marten Elco De Roon,MF,1158,Jordan Brian Henderson,1.0
523,Marten Elco De Roon,MF,125,Jonathan Osorio,1.0
523,Marten Elco De Roon,MF,1177,Nikola Moro,1.0
524,Virgil Van Dijk,DF,526,Paul Jan-Paul Van Hecke,1.0
524,Virgil Van Dijk,DF,979,Rafik Belghali,0.9975332547978235
524,Virgil Van Dijk,DF,740,Pedro Antonio Porro,0.9859914985990236
524,Virgil Van Dijk,DF,652,Ahmed Ibrahim Yasser,0.9750140313216356
524,Virgil Van Dijk,DF,1065,Alexandre Nuno,0.970412885035021
524,Virgil Van Dijk,DF,1120,Daniel Munoz,0.9644494027709984
524,Virgil Van Dijk,DF,248,Issa Laye Lucas Jean Diop,0.9558636163815042
524,Virgil Van Dijk,DF,767,CABRALSidny Sidny Lopes,0.9528934338549242
524,Virgil Van Dijk,DF,20,Mateo Chavez,0.949380112746184
524,Virgil Van Dijk,DF,718,Finn Surman,0.949380112746184
525,Nathan Benjamin Ake,DF,65,Taeseok Lee,1.0000000000000002
525,Nathan Benjamin Ake,DF,81,Tomáš Holes,1.0000000000000002
525,Nathan Benjamin Ake,DF,1174,Joško Gvardiol,1.0000000000000002
525,Nathan Benjamin Ake,DF,1149,John Stones,1.0000000000000002
525,Nathan Benjamin Ake,DF,1110,Abdulla Abdullaev,1.0000000000000002
525,Nathan Benjamin Ake,DF,1116,Behruzjon Karimov,1.0000000000000002
525,Nathan Benjamin Ake,DF,119,Moïse Bombito Bombito,1.0000000000000002
525,Nathan Benjamin Ake,DF,1140,Deiver Machado,1.0000000000000002
525,Nathan Benjamin Ake,DF,1069,Steve Nkanu Kapuadi,1.0000000000000002
525,Nathan Benjamin Ake,DF,861,Kalidou Koulibaly,1.0000000000000002
526,Paul Jan-Paul Van Hecke,DF,524,Virgil Van Dijk,1.0
526,Paul Jan-Paul Van Hecke,DF,979,Rafik Belghali,0.9975332547978235
526,Paul Jan-Paul Van Hecke,DF,740,Pedro Antonio Porro,0.9859914985990236
526,Paul Jan-Paul Van Hecke,DF,652,Ahmed Ibrahim Yasser,0.9750140313216356
526,Paul Jan-Paul Van Hecke,DF,1065,Alexandre Nuno,0.970412885035021
526,Paul Jan-Paul Van Hecke,DF,1120,Daniel Munoz,0.9644494027709984
526,Paul Jan-Paul Van Hecke,DF,248,Issa Laye Lucas Jean Diop,0.9558636163815042
526,Paul Jan-Paul Van Hecke,DF,767,CABRALSidny Sidny Lopes,0.9528934338549242
526,Paul Jan-Paul Van Hecke,DF,20,Mateo Chavez,0.949380112746184
526,Paul Jan-Paul Van Hecke,DF,718,Finn Surman,0.949380112746184
527,Justin Dean Kluivert,MF,72,Hyunjun Yang,1.0
527,Justin Dean Kluivert,MF,69,Junho Bae,1.0
527,Justin Dean Kluivert,MF,77,Jisung Eom,1.0
527,Justin Dean Kluivert,MF,76,Jingyu Kim,1.0
527,Justin Dean Kluivert,MF,78,Donggyeong Lee,1.0
527,Justin Dean Kluivert,MF,103,Hugo Sochurek,1.0
527,Justin Dean Kluivert,MF,1160,Kobbie Boateng Mainoo,1.0
527,Justin Dean Kluivert,MF,1158,Jordan Brian Henderson,1.0
527,Justin Dean Kluivert,MF,125,Jonathan Osorio,1.0
527,Justin Dean Kluivert,MF,1177,Nikola Moro,1.0
528,Ryan Jiro Gravenberch,MF,216,GUIMARAESBruno Bruno,0.997558687090456
528,Ryan Jiro Gravenberch,MF,559,Keito Nakamura,0.99718610488669
528,Ryan Jiro Gravenberch,MF,1022,Mahmoud Ali Noor Alrawabdeh,0.9971317998800998
528,Ryan Jiro Gravenberch,MF,608,Hannibal Mejbri,0.9971317998800998
528,Ryan Jiro Gravenberch,MF,71,Kangin Lee,0.9971317998800998
528,Ryan Jiro Gravenberch,MF,1187,Petar Sucic,0.9966709939089905
528,Ryan Jiro Gravenberch,MF,329,Malik Leon Tillman,0.9957484917888973
528,Ryan Jiro Gravenberch,MF,570,Kaishu Sano,0.9950083885851543
528,Ryan Jiro Gravenberch,MF,647,Nicolas Thierry Raskin,0.994924029062094
528,Ryan Jiro Gravenberch,MF,58,Inbeom Hwang,0.9942003278114361
529,Wout François Maria Weghorst,FW,1246,Azarías Emmanuel Londono,0.9999999999999997
529,Wout François Maria Weghorst,FW,10,Ernesto Alexis Vega,0.9999999999999997
529,Wout François Maria Weghorst,FW,14,Armando Gonzalez,0.9999999999999997
529,Wout François Maria Weghorst,FW,21,César Saúl Huerta,0.9999999999999997
529,Wout François Maria Weghorst,FW,97,Tomáš Chory,0.9999999999999997
529,Wout François Maria Weghorst,FW,91,Mojmír Chytil,0.9999999999999997
529,Wout François Maria Weghorst,FW,139,Samed Bazdar,0.9999999999999997
529,Wout François Maria Weghorst,FW,130,Jayden Nelson,0.9999999999999997
529,Wout François Maria Weghorst,FW,1144,Carlos Andrés Gomez,0.9999999999999997
529,Wout François Maria Weghorst,FW,1113,Igor Sergeev,0.9999999999999997
530,Memphis Depay,FW,1079,Meschack Lina Elia,0.9986068938110417
530,Memphis Depay,FW,565,Koki Ogawa,0.9965390984561617
530,Memphis Depay,FW,957,Jose Manuel Alberto Lopez,0.9951541043189943
530,Memphis Depay,FW,416,Can Yılmaz Uzun,0.9935344946545903
530,Memphis Depay,FW,34,Tshepang Moremi,0.9895927260585701
530,Memphis Depay,FW,1220,Ernest Nuamah Nuamah,0.9833327500507751
530,Memphis Depay,FW,662,Yousry Fouad Haissem Hassan,0.9742822494519595
530,Memphis Depay,FW,745,Nicholas Williams,0.9612991625750286
530,Memphis Depay,FW,1137,Juan Camilo Hernandez,0.9518812566987783
530,Memphis Depay,FW,25,Roberto Carlos Alvarado,0.8735594735326985
531,Cody Mathès Gakpo,FW,215,José Vinicius,0.9956162222590076
531,Cody Mathès Gakpo,FW,1153,Harry Edward Kane,0.9949032598019473
531,Cody Mathès Gakpo,FW,842,Kylian Mbappe,0.9922449123854091
531,Cody Mathès Gakpo,FW,749,Mikel Oyarzabal,0.9913646940878844
531,Cody Mathès Gakpo,FW,564,Ayase Ueda,0.9835307207881694
531,Cody Mathès Gakpo,FW,876,Ismaila Sarr,0.97959950293942
531,Cody Mathès Gakpo,FW,1086,Yoane Wissa,0.9775182397392358
531,Cody Mathès Gakpo,FW,423,Kai Lukas Havertz,0.9774651869006964
531,Cody Mathès Gakpo,FW,1047,Ronaldo Cristiano Ronaldo,0.9773583241267265
531,Cody Mathès Gakpo,FW,946,Lionel Andrés Messi,0.9724857041038244
532,Mats Henrik Berne Wieffer,DF,1247,Roderick Alonso Miller,1.0
532,Mats Henrik Berne Wieffer,DF,1156,Trevoh Tom Chalobah,1.0
532,Mats Henrik Berne Wieffer,DF,1159,Daniel Johnson Burn,1.0
532,Mats Henrik Berne Wieffer,DF,1237,Eric Javier Davis,1.0
532,Mats Henrik Berne Wieffer,DF,805,Abdullatif Jehad Thikri,1.0
532,Mats Henrik Berne Wieffer,DF,808,José María Gimenez,1.0
532,Mats Henrik Berne Wieffer,DF,810,Ronald Federico Araujo,1.0
532,Mats Henrik Berne Wieffer,DF,28,Tholo Thabang Matuludi,1.0
532,Mats Henrik Berne Wieffer,DF,29,Khulumani Ndamane,1.0
532,Mats Henrik Berne Wieffer,DF,44,Samukele Alucious Kabini,1.0
533,Robin Gerardus Petrus Roefs,GK,12,Carlos Acevedo,1.0
533,Robin Gerardus Petrus Roefs,GK,64,Bumkeun Song,1.0
533,Robin Gerardus Petrus Roefs,GK,48,Stuart Ricardo Goss,1.0
533,Robin Gerardus Petrus Roefs,GK,42,Sipho Justin Chaine,1.0
533,Robin Gerardus Petrus Roefs,GK,122,Owen Olamidayo Goodman,1.0
533,Robin Gerardus Petrus Roefs,GK,101,Lukáš Hornicek,1.0
533,Robin Gerardus Petrus Roefs,GK,94,Jind ř ich Stanek,1.0
533,Robin Gerardus Petrus Roefs,GK,73,Hyeonwoo Jo,1.0
533,Robin Gerardus Petrus Roefs,GK,220,Weverton Weverton,1.0
533,Robin Gerardus Petrus Roefs,GK,231,Ederson Ederson,1.0
534,Tijjani Martinus Jan Reijnders,MF,1178,Mateo Kovacic,1.0
534,Tijjani Martinus Jan Reijnders,MF,1099,Otabek Shukurov,1.0
534,Tijjani Martinus Jan Reijnders,MF,144,Ivan Sunjic,1.0
534,Tijjani Martinus Jan Reijnders,MF,293,Mc,1.0
534,Tijjani Martinus Jan Reijnders,MF,270,Jean Ricner Bellegarde,1.0
534,Tijjani Martinus Jan Reijnders,MF,197,Djibril Ibrahima Sow,1.0
534,Tijjani Martinus Jan Reijnders,MF,305,Lewis Ferguson,1.0
534,Tijjani Martinus Jan Reijnders,MF,1072,Ngal’ayel Mukau,1.0
534,Tijjani Martinus Jan Reijnders,MF,449,Juninho Gracielo Bacuna,1.0
534,Tijjani Martinus Jan Reijnders,MF,452,Leandro Jones Johan Bacuna,1.0
535,Micky Van De Ven,DF,74,Youngwoo Seol,0.9999999999999999
535,Micky Van De Ven,DF,82,Robin Hranac,0.9999999999999999
535,Micky Van De Ven,DF,15,Israel Reyes,0.9999999999999999
535,Micky Van De Ven,DF,1173,Marin Pongracic,0.9999999999999999
535,Micky Van De Ven,DF,1135,Johan Andrés Mojica,0.9999999999999999
535,Micky Van De Ven,DF,108,Luc De Fougerolles,0.9999999999999999
535,Micky Van De Ven,DF,1200,Jonas Adjei Adjetey,0.9999999999999999
535,Micky Van De Ven,DF,1094,Abdukodir Khusanov,0.9999999999999999
535,Micky Van De Ven,DF,207,Luca Antony Jaquez,0.9999999999999999
535,Micky Van De Ven,DF,1105,Sherzod Nasrullaev,0.9999999999999999
536,Guus Berend Til,MF,72,Hyunjun Yang,1.0
536,Guus Berend Til,MF,69,Junho Bae,1.0
536,Guus Berend Til,MF,77,Jisung Eom,1.0
536,Guus Berend Til,MF,76,Jingyu Kim,1.0
536,Guus Berend Til,MF,78,Donggyeong Lee,1.0
536,Guus Berend Til,MF,103,Hugo Sochurek,1.0
536,Guus Berend Til,MF,1160,Kobbie Boateng Mainoo,1.0
536,Guus Berend Til,MF,1158,Jordan Brian Henderson,1.0
536,Guus Berend Til,MF,125,Jonathan Osorio,1.0
536,Guus Berend Til,MF,1177,Nikola Moro,1.0
537,Noa Noëll Lang,FW,1246,Azarías Emmanuel Londono,0.9999999999999997
537,Noa Noëll Lang,FW,10,Ernesto Alexis Vega,0.9999999999999997
537,Noa Noëll Lang,FW,14,Armando Gonzalez,0.9999999999999997
537,Noa Noëll Lang,FW,21,César Saúl Huerta,0.9999999999999997
537,Noa Noëll Lang,FW,97,Tomáš Chory,0.9999999999999997
537,Noa Noëll Lang,FW,91,Mojmír Chytil,0.9999999999999997
537,Noa Noëll Lang,FW,139,Samed Bazdar,0.9999999999999997
537,Noa Noëll Lang,FW,130,Jayden Nelson,0.9999999999999997
537,Noa Noëll Lang,FW,1144,Carlos Andrés Gomez,0.9999999999999997
537,Noa Noëll Lang,FW,1113,Igor Sergeev,0.9999999999999997
538,Donyell Malen,FW,11,Santiago Tomás Gimenez,1.0000000000000002
538,Donyell Malen,FW,141,Edin Dzeko,1.0000000000000002
538,Donyell Malen,FW,167,Hassan Akram,1.0000000000000002
538,Donyell Malen,FW,1083,Cedric Bakambu,1.0000000000000002
538,Donyell Malen,FW,275,Ruben Fritzner Providence,1.0000000000000002
538,Donyell Malen,FW,954,Nicolas Paz,1.0000000000000002
538,Donyell Malen,FW,936,Julian Ryerson,1.0000000000000002
538,Donyell Malen,FW,952,Thiago Ezequiel Almada,1.0000000000000002
538,Donyell Malen,FW,477,Ange-Yoan Laurent Bonny,1.0000000000000002
538,Donyell Malen,FW,451,Jürgen Leonardo Locadia,1.0000000000000002
539,Brian Ebenezer Adjei Brobbey,FW,641,Charles Marc De Ketelaere,0.9978901940484323
539,Brian Ebenezer Adjei Brobbey,FW,902,Hussein Ghadhban Aymen,0.9797399460196368
539,Brian Ebenezer Adjei Brobbey,FW,1075,Kibambe Brian Cipenga,0.9792869455451746
539,Brian Ebenezer Adjei Brobbey,FW,1196,Petar Musa,0.9788425481717865
539,Brian Ebenezer Adjei Brobbey,FW,583,Anthony David Junior Elanga,0.977769889636685
539,Brian Ebenezer Adjei Brobbey,FW,1181,Ante Budimir,0.9770310299646758
539,Brian Ebenezer Adjei Brobbey,FW,483,Amad Diallo,0.9721465284438584
539,Brian Ebenezer Adjei Brobbey,FW,487,Nicolas Pepe,0.9667401606281665
539,Brian Ebenezer Adjei Brobbey,FW,113,Cyle Christopher Larin,0.9667058346418859
539,Brian Ebenezer Adjei Brobbey,FW,9,Raúl Alonso Jimenez,0.9573564869776764
540,Teun Koopmeiners,MF,72,Hyunjun Yang,1.0
540,Teun Koopmeiners,MF,69,Junho Bae,1.0
540,Teun Koopmeiners,MF,77,Jisung Eom,1.0
540,Teun Koopmeiners,MF,76,Jingyu Kim,1.0
540,Teun Koopmeiners,MF,78,Donggyeong Lee,1.0
540,Teun Koopmeiners,MF,103,Hugo Sochurek,1.0
540,Teun Koopmeiners,MF,1160,Kobbie Boateng Mainoo,1.0
540,Teun Koopmeiners,MF,1158,Jordan Brian Henderson,1.0
540,Teun Koopmeiners,MF,125,Jonathan Osorio,1.0
540,Teun Koopmeiners,MF,1177,Nikola Moro,1.0
541,Frenkie De Jong,MF,1128,James David Rodriguez,1.0
541,Frenkie De Jong,MF,190,Remo Marco Freuler,1.0
541,Frenkie De Jong,MF,188,Denis Lemi Zakaria,1.0
541,Frenkie De Jong,MF,1074,Samuel Alain Moutoussamy,1.0
541,Frenkie De Jong,MF,258,Neil Yoni El Aynaoui,1.0
541,Frenkie De Jong,MF,352,Adrián Andrés Cubas,1.0
541,Frenkie De Jong,MF,316,Tyler Shaan Adams,1.0
541,Frenkie De Jong,MF,515,Alan Steven Franco,1.0
541,Frenkie De Jong,MF,421,Aleksandar Pavlovic,1.0
541,Frenkie De Jong,MF,924,Fredrik Aursnes,1.0
542,Denzel Justus Morris Dumfries,DF,1172,Josip Stanisic,0.9993817191347746
542,Denzel Justus Morris Dumfries,DF,422,Joshua Walter Kimmich,0.9990543969332335
542,Denzel Justus Morris Dumfries,DF,1060,Pedro Joao Cancelo,0.993878607930986
542,Denzel Justus Morris Dumfries,DF,961,Facundo Axel Medina,0.9932405031736342
542,Denzel Justus Morris Dumfries,DF,83,Vladimír Coufal,0.989876789065506
542,Denzel Justus Morris Dumfries,DF,1037,Manel Farhan Ehsan Haddad,0.9887727326373668
542,Denzel Justus Morris Dumfries,DF,996,David Alaba,0.9842235199410378
542,Denzel Justus Morris Dumfries,DF,704,Timothy John Payne,0.9822955708930311
542,Denzel Justus Morris Dumfries,DF,1092,Arthur Fuka Masuaku,0.9686612279132779
542,Denzel Justus Morris Dumfries,DF,135,Sead Kolasinac,0.9589146491700848
543,Mark Maria Hubertus Flekken,GK,12,Carlos Acevedo,1.0
543,Mark Maria Hubertus Flekken,GK,64,Bumkeun Song,1.0
543,Mark Maria Hubertus Flekken,GK,48,Stuart Ricardo Goss,1.0
543,Mark Maria Hubertus Flekken,GK,42,Sipho Justin Chaine,1.0
543,Mark Maria Hubertus Flekken,GK,122,Owen Olamidayo Goodman,1.0
543,Mark Maria Hubertus Flekken,GK,101,Lukáš Hornicek,1.0
543,Mark Maria Hubertus Flekken,GK,94,Jind ř ich Stanek,1.0
543,Mark Maria Hubertus Flekken,GK,73,Hyeonwoo Jo,1.0
543,Mark Maria Hubertus Flekken,GK,220,Weverton Weverton,1.0
543,Mark Maria Hubertus Flekken,GK,231,Ederson Ederson,1.0
544,Crysencio Jilbert Sylverio Cir Summerville,FW,1024,Mohammad Mousa Mousa Altamari,0.9666598102045993
544,Crysencio Jilbert Sylverio Cir Summerville,FW,199,Ruben Estephan Vargas,0.9346675360012565
544,Crysencio Jilbert Sylverio Cir Summerville,FW,442,Deniz Undav,0.9300198809488401
544,Crysencio Jilbert Sylverio Cir Summerville,FW,969,Riyad Karim Mahrez,0.9018815534656807
544,Crysencio Jilbert Sylverio Cir Summerville,FW,1057,Alexandre Rafael Leao,0.8976996771659618
544,Crysencio Jilbert Sylverio Cir Summerville,FW,871,Iliman Cheikh Baroy Ndiaye,0.8802932108643323
544,Crysencio Jilbert Sylverio Cir Summerville,FW,128,Promise Oluwatobi Emmanuel David,0.8719427668888332
544,Crysencio Jilbert Sylverio Cir Summerville,FW,839,Masour Ousmane Dembele,0.8350655312731855
544,Crysencio Jilbert Sylverio Cir Summerville,FW,16,Julián Andrés Quinones,0.8343958888052837
544,Crysencio Jilbert Sylverio Cir Summerville,FW,844,Bradley Jean-Manuel Essolisa Barcola,0.8280494156184077
545,Jorrel Evan Hato,DF,1247,Roderick Alonso Miller,1.0
545,Jorrel Evan Hato,DF,1156,Trevoh Tom Chalobah,1.0
545,Jorrel Evan Hato,DF,1159,Daniel Johnson Burn,1.0
545,Jorrel Evan Hato,DF,1237,Eric Javier Davis,1.0
545,Jorrel Evan Hato,DF,805,Abdullatif Jehad Thikri,1.0
545,Jorrel Evan Hato,DF,808,José María Gimenez,1.0
545,Jorrel Evan Hato,DF,810,Ronald Federico Araujo,1.0
545,Jorrel Evan Hato,DF,28,Tholo Thabang Matuludi,1.0
545,Jorrel Evan Hato,DF,29,Khulumani Ndamane,1.0
545,Jorrel Evan Hato,DF,44,Samukele Alucious Kabini,1.0
546,Quinten Ryan Crispito Timber,MF,72,Hyunjun Yang,1.0
546,Quinten Ryan Crispito Timber,MF,69,Junho Bae,1.0
546,Quinten Ryan Crispito Timber,MF,77,Jisung Eom,1.0
546,Quinten Ryan Crispito Timber,MF,76,Jingyu Kim,1.0
546,Quinten Ryan Crispito Timber,MF,78,Donggyeong Lee,1.0
546,Quinten Ryan Crispito Timber,MF,103,Hugo Sochurek,1.0
546,Quinten Ryan Crispito Timber,MF,1160,Kobbie Boateng Mainoo,1.0
546,Quinten Ryan Crispito Timber,MF,1158,Jordan Brian Henderson,1.0
546,Quinten Ryan Crispito Timber,MF,125,Jonathan Osorio,1.0
546,Quinten Ryan Crispito Timber,MF,1177,Nikola Moro,1.0
547,Zion Suzuki,GK,235,Yassine Bounou,0.9923783972520248
547,Zion Suzuki,GK,1145,Jordan Lee Pickford,0.9799609021797631
547,Zion Suzuki,GK,848,Mike Peterson Maignan,0.9787989841110621
547,Zion Suzuki,GK,183,Gregor Kobel,0.9768335507250423
547,Zion Suzuki,GK,959,Damián Emiliano Martinez,0.968213629305021
547,Zion Suzuki,GK,209,Ramsés Alisson,0.9570256161969574
547,Zion Suzuki,GK,120,Maxime Crepeau,0.9353636084291613
547,Zion Suzuki,GK,625,Thibaut Nicolas Courtois,0.9315524748180937
547,Zion Suzuki,GK,382,Patrick Thomas Beach,0.901199797149157
547,Zion Suzuki,GK,1171,Dominik Livakovic,0.8908202543132061
548,Yukinari Sugawara,DF,1248,Jorge Abdiel Gutierrez,1.0
548,Yukinari Sugawara,DF,1226,Fidel Escobar,1.0
548,Yukinari Sugawara,DF,1192,Luka Vuskovic,1.0
548,Yukinari Sugawara,DF,107,Alfie Charles Jones,1.0
548,Yukinari Sugawara,DF,123,Alphonso Boyle Davies,1.0
548,Yukinari Sugawara,DF,679,Ehsan Hajisafi,1.0
548,Yukinari Sugawara,DF,693,Arya Yousefi,1.0
548,Yukinari Sugawara,DF,706,Tyler Grant Bindon,1.0
548,Yukinari Sugawara,DF,665,Hafez Ramadan Karim Hafez,1.0
548,Yukinari Sugawara,DF,783,Mohammed Ali Lajami,1.0
549,Shogo Taniguchi,DF,65,Taeseok Lee,1.0000000000000002
549,Shogo Taniguchi,DF,81,Tomáš Holes,1.0000000000000002
549,Shogo Taniguchi,DF,1174,Joško Gvardiol,1.0000000000000002
549,Shogo Taniguchi,DF,1149,John Stones,1.0000000000000002
549,Shogo Taniguchi,DF,1110,Abdulla Abdullaev,1.0000000000000002
549,Shogo Taniguchi,DF,1116,Behruzjon Karimov,1.0000000000000002
549,Shogo Taniguchi,DF,119,Moïse Bombito Bombito,1.0000000000000002
549,Shogo Taniguchi,DF,1140,Deiver Machado,1.0000000000000002
549,Shogo Taniguchi,DF,1069,Steve Nkanu Kapuadi,1.0000000000000002
549,Shogo Taniguchi,DF,861,Kalidou Koulibaly,1.0000000000000002
550,Kou Itakura,DF,65,Taeseok Lee,1.0000000000000002
550,Kou Itakura,DF,81,Tomáš Holes,1.0000000000000002
550,Kou Itakura,DF,1174,Joško Gvardiol,1.0000000000000002
550,Kou Itakura,DF,1149,John Stones,1.0000000000000002
550,Kou Itakura,DF,1110,Abdulla Abdullaev,1.0000000000000002
550,Kou Itakura,DF,1116,Behruzjon Karimov,1.0000000000000002
550,Kou Itakura,DF,119,Moïse Bombito Bombito,1.0000000000000002
550,Kou Itakura,DF,1140,Deiver Machado,1.0000000000000002
550,Kou Itakura,DF,1069,Steve Nkanu Kapuadi,1.0000000000000002
550,Kou Itakura,DF,861,Kalidou Koulibaly,1.0000000000000002
551,Yuto Nagatomo,DF,1247,Roderick Alonso Miller,1.0
551,Yuto Nagatomo,DF,1156,Trevoh Tom Chalobah,1.0
551,Yuto Nagatomo,DF,1159,Daniel Johnson Burn,1.0
551,Yuto Nagatomo,DF,1237,Eric Javier Davis,1.0
551,Yuto Nagatomo,DF,805,Abdullatif Jehad Thikri,1.0
551,Yuto Nagatomo,DF,808,José María Gimenez,1.0
551,Yuto Nagatomo,DF,810,Ronald Federico Araujo,1.0
551,Yuto Nagatomo,DF,28,Tholo Thabang Matuludi,1.0
551,Yuto Nagatomo,DF,29,Khulumani Ndamane,1.0
551,Yuto Nagatomo,DF,44,Samukele Alucious Kabini,1.0
552,Shuto Machino,FW,1246,Azarías Emmanuel Londono,0.9999999999999997
552,Shuto Machino,FW,10,Ernesto Alexis Vega,0.9999999999999997
552,Shuto Machino,FW,14,Armando Gonzalez,0.9999999999999997
552,Shuto Machino,FW,21,César Saúl Huerta,0.9999999999999997
552,Shuto Machino,FW,97,Tomáš Chory,0.9999999999999997
552,Shuto Machino,FW,91,Mojmír Chytil,0.9999999999999997
552,Shuto Machino,FW,139,Samed Bazdar,0.9999999999999997
552,Shuto Machino,FW,130,Jayden Nelson,0.9999999999999997
552,Shuto Machino,FW,1144,Carlos Andrés Gomez,0.9999999999999997
552,Shuto Machino,FW,1113,Igor Sergeev,0.9999999999999997
553,Ao Tanaka,MF,62,Jae Sung Lee,1.0
553,Ao Tanaka,MF,90,Lukáš Cerv,1.0
553,Ao Tanaka,MF,1091,Edo Kayembe Kayembe,1.0
553,Ao Tanaka,MF,136,Benjamin Tahirovic,1.0
553,Ao Tanaka,MF,145,Amar Memic,1.0
553,Ao Tanaka,MF,115,Liam Alan Millar,1.0
553,Ao Tanaka,MF,976,Hicham Boudaoui,1.0
553,Ao Tanaka,MF,941,Leandro Daniel Paredes,1.0
553,Ao Tanaka,MF,1012,Paul Wanner,1.0
553,Ao Tanaka,MF,968,Ramiz Larbi Zerrouki,1.0
554,Takefusa Kubo,MF,436,Nadiem Amiri,0.9999087203966248
554,Takefusa Kubo,MF,931,Andreas Rædergård Schjelderup,0.9979318853400163
554,Takefusa Kubo,MF,1138,Juan Fernando Quintero,0.9974330566980488
554,Takefusa Kubo,MF,1165,Eberechi Oluchi Eze,0.9953713542968945
554,Takefusa Kubo,MF,970,Houssem-Eddine Chaabane Aouar,0.9939793864977962
554,Takefusa Kubo,MF,102,Alexandr Sojka,0.9935221223691706
554,Takefusa Kubo,MF,143,Ivan Basic,0.9928766728517815
554,Takefusa Kubo,MF,388,Paul Michael Junior Okon-Engstler,0.9924711313103998
554,Takefusa Kubo,MF,1098,Akmal Mozgovoy,0.991894723206928
554,Takefusa Kubo,MF,241,Chemsdine Talbi,0.9908049136835574
555,Keisuke Goto,FW,1246,Azarías Emmanuel Londono,0.9999999999999997
555,Keisuke Goto,FW,10,Ernesto Alexis Vega,0.9999999999999997
555,Keisuke Goto,FW,14,Armando Gonzalez,0.9999999999999997
555,Keisuke Goto,FW,21,César Saúl Huerta,0.9999999999999997
555,Keisuke Goto,FW,97,Tomáš Chory,0.9999999999999997
555,Keisuke Goto,FW,91,Mojmír Chytil,0.9999999999999997
555,Keisuke Goto,FW,139,Samed Bazdar,0.9999999999999997
555,Keisuke Goto,FW,130,Jayden Nelson,0.9999999999999997
555,Keisuke Goto,FW,1144,Carlos Andrés Gomez,0.9999999999999997
555,Keisuke Goto,FW,1113,Igor Sergeev,0.9999999999999997
556,Ritsu Doan,MF,1128,James David Rodriguez,1.0
556,Ritsu Doan,MF,190,Remo Marco Freuler,1.0
556,Ritsu Doan,MF,188,Denis Lemi Zakaria,1.0
556,Ritsu Doan,MF,1074,Samuel Alain Moutoussamy,1.0
556,Ritsu Doan,MF,258,Neil Yoni El Aynaoui,1.0
556,Ritsu Doan,MF,352,Adrián Andrés Cubas,1.0
556,Ritsu Doan,MF,316,Tyler Shaan Adams,1.0
556,Ritsu Doan,MF,515,Alan Steven Franco,1.0
556,Ritsu Doan,MF,421,Aleksandar Pavlovic,1.0
556,Ritsu Doan,MF,924,Fredrik Aursnes,1.0
557,Daizen Maeda,MF,684,Mohammad Mohebbi,1.0000000000000002
557,Daizen Maeda,MF,1035,Mahmoud Ahmed Nizar Alrashdan,0.9999607823687847
557,Daizen Maeda,MF,646,Alexis Jesse Saelemaekers,0.9999607823687847
557,Daizen Maeda,MF,450,Livano Shyron Liomar Comenencia,0.9999326330876961
557,Daizen Maeda,MF,1199,Caleb Marfo Yirenkyi,0.9998804067824903
557,Daizen Maeda,MF,290,Mc,0.9997966063728815
557,Daizen Maeda,MF,426,Jamal Musiala,0.9997809078623309
557,Daizen Maeda,MF,1114,Abbosbek Fayzullaev,0.999728099211758
557,Daizen Maeda,MF,372,Connor Isaac Metcalfe,0.998760900493646
557,Daizen Maeda,MF,242,Azz-Eddine Ounahi,0.98807337970096
558,Keisuke Osako,GK,12,Carlos Acevedo,1.0
558,Keisuke Osako,GK,64,Bumkeun Song,1.0
558,Keisuke Osako,GK,48,Stuart Ricardo Goss,1.0
558,Keisuke Osako,GK,42,Sipho Justin Chaine,1.0
558,Keisuke Osako,GK,122,Owen Olamidayo Goodman,1.0
558,Keisuke Osako,GK,101,Lukáš Hornicek,1.0
558,Keisuke Osako,GK,94,Jind ř ich Stanek,1.0
558,Keisuke Osako,GK,73,Hyeonwoo Jo,1.0
558,Keisuke Osako,GK,220,Weverton Weverton,1.0
558,Keisuke Osako,GK,231,Ederson Ederson,1.0
559,Keito Nakamura,MF,216,GUIMARAESBruno Bruno,0.999296284799445
559,Keito Nakamura,MF,570,Kaishu Sano,0.9991262548911578
559,Keito Nakamura,MF,58,Inbeom Hwang,0.9990146471207996
559,Keito Nakamura,MF,1187,Petar Sucic,0.9986905853941327
559,Keito Nakamura,MF,528,Ryan Jiro Gravenberch,0.99718610488669
559,Keito Nakamura,MF,329,Malik Leon Tillman,0.9968889914965011
559,Keito Nakamura,MF,1022,Mahmoud Ali Noor Alrawabdeh,0.9958941259232522
559,Keito Nakamura,MF,608,Hannibal Mejbri,0.9958941259232522
559,Keito Nakamura,MF,71,Kangin Lee,0.9958941259232522
559,Keito Nakamura,MF,920,Martín Odegaard,0.9958714425560906
560,Junya Ito,MF,644,Hans Vanaken,0.9999784440176691
560,Junya Ito,MF,820,Agustin Canobbio,0.9998528374717557
560,Junya Ito,MF,1183,Nikola Vlasic,0.9979208737673796
560,Junya Ito,MF,96,Michal Sadilek,0.9966732911031246
560,Junya Ito,MF,768,Deroy Deroy Duarte,0.9962241906584202
560,Junya Ito,MF,396,Orkun Kokcu,0.9833141242289477
560,Junya Ito,MF,671,Saber Abdelmohsen Mahmoud,0.9677089250552676
560,Junya Ito,MF,944,Valentin Barco,0.8821740676031616
560,Junya Ito,MF,202,Michel Aebischer,0.8821740676031616
560,Junya Ito,MF,1012,Paul Wanner,0.8821740676031616
561,Daichi Kamada,MF,590,Yasin Ayari,0.9999876947448986
561,Daichi Kamada,MF,658,Ashour Metwaly Emam,0.9999793068872337
561,Daichi Kamada,MF,632,Youri Marion Tielemans,0.9996638923597082
561,Daichi Kamada,MF,1006,Romano Schmid,0.9974458799397606
561,Daichi Kamada,MF,631,Kevin De Bruyne,0.9964049022197917
561,Daichi Kamada,MF,1186,Martin Baturina,0.9957473505675114
561,Daichi Kamada,MF,435,Leroy Aziz Sane,0.9956372952517637
561,Daichi Kamada,MF,476,Franck Yannick Kessie,0.9951322372941391
561,Daichi Kamada,MF,760,Lenini Kevin Pina,0.9950551563726627
561,Daichi Kamada,MF,997,Marcel Sabitzer,0.9948034052205589
562,Tsuyoshi Watanabe,DF,1248,Jorge Abdiel Gutierrez,1.0
562,Tsuyoshi Watanabe,DF,1226,Fidel Escobar,1.0
562,Tsuyoshi Watanabe,DF,1192,Luka Vuskovic,1.0
562,Tsuyoshi Watanabe,DF,107,Alfie Charles Jones,1.0
562,Tsuyoshi Watanabe,DF,123,Alphonso Boyle Davies,1.0
562,Tsuyoshi Watanabe,DF,679,Ehsan Hajisafi,1.0
562,Tsuyoshi Watanabe,DF,693,Arya Yousefi,1.0
562,Tsuyoshi Watanabe,DF,706,Tyler Grant Bindon,1.0
562,Tsuyoshi Watanabe,DF,665,Hafez Ramadan Karim Hafez,1.0
562,Tsuyoshi Watanabe,DF,783,Mohammed Ali Lajami,1.0
563,Yuito Suzuki,MF,72,Hyunjun Yang,1.0
563,Yuito Suzuki,MF,69,Junho Bae,1.0
563,Yuito Suzuki,MF,77,Jisung Eom,1.0
563,Yuito Suzuki,MF,76,Jingyu Kim,1.0
563,Yuito Suzuki,MF,78,Donggyeong Lee,1.0
563,Yuito Suzuki,MF,103,Hugo Sochurek,1.0
563,Yuito Suzuki,MF,1160,Kobbie Boateng Mainoo,1.0
563,Yuito Suzuki,MF,1158,Jordan Brian Henderson,1.0
563,Yuito Suzuki,MF,125,Jonathan Osorio,1.0
563,Yuito Suzuki,MF,1177,Nikola Moro,1.0
564,Ayase Ueda,FW,842,Kylian Mbappe,0.9969421912302869
564,Ayase Ueda,FW,215,José Vinicius,0.9914363621195661
564,Ayase Ueda,FW,1153,Harry Edward Kane,0.9874030398414086
564,Ayase Ueda,FW,531,Cody Mathès Gakpo,0.9835307207881694
564,Ayase Ueda,FW,634,Leandro Trossard,0.9767113596449307
564,Ayase Ueda,FW,189,Breel Donald Embolo,0.9728429405608104
564,Ayase Ueda,FW,114,Jonathan Christian David,0.9726180312385074
564,Ayase Ueda,FW,1155,Marcus Rashford,0.9597036556320087
564,Ayase Ueda,FW,749,Mikel Oyarzabal,0.951491417313447
564,Ayase Ueda,FW,1086,Yoane Wissa,0.9482540240608776
565,Koki Ogawa,FW,957,Jose Manuel Alberto Lopez,0.9998834874632523
565,Koki Ogawa,FW,1079,Meschack Lina Elia,0.9995370227886891
565,Koki Ogawa,FW,416,Can Yılmaz Uzun,0.9995332453812164
565,Koki Ogawa,FW,34,Tshepang Moremi,0.9981293010023821
565,Koki Ogawa,FW,530,Memphis Depay,0.9965390984561617
565,Koki Ogawa,FW,1220,Ernest Nuamah Nuamah,0.9827837878152582
565,Koki Ogawa,FW,1137,Juan Camilo Hernandez,0.974062075596906
565,Koki Ogawa,FW,662,Yousry Fouad Haissem Hassan,0.9521796271596984
565,Koki Ogawa,FW,745,Nicholas Williams,0.9350706108508692
565,Koki Ogawa,FW,25,Roberto Carlos Alvarado,0.901558267802854
566,Ayumu Seko,DF,1248,Jorge Abdiel Gutierrez,1.0
566,Ayumu Seko,DF,1226,Fidel Escobar,1.0
566,Ayumu Seko,DF,1192,Luka Vuskovic,1.0
566,Ayumu Seko,DF,107,Alfie Charles Jones,1.0
566,Ayumu Seko,DF,123,Alphonso Boyle Davies,1.0
566,Ayumu Seko,DF,679,Ehsan Hajisafi,1.0
566,Ayumu Seko,DF,693,Arya Yousefi,1.0
566,Ayumu Seko,DF,706,Tyler Grant Bindon,1.0
566,Ayumu Seko,DF,665,Hafez Ramadan Karim Hafez,1.0
566,Ayumu Seko,DF,783,Mohammed Ali Lajami,1.0
567,Hiroki Ito,DF,1168,Reece Lewis James,1.0
567,Hiroki Ito,DF,117,Derek Austin Cornelius,1.0
567,Hiroki Ito,DF,1210,Gideon Mensah,1.0
567,Hiroki Ito,DF,1176,Josip Sutalo,1.0
567,Hiroki Ito,DF,1141,Davinson Sanchez,1.0
567,Hiroki Ito,DF,186,Nico Elvedi,1.0
567,Hiroki Ito,DF,148,Nikola Katic,1.0
567,Hiroki Ito,DF,126,Richmond Mamah Laryea,1.0
567,Hiroki Ito,DF,1068,Wan Wan-Bissaka,1.0
567,Hiroki Ito,DF,1070,Axel Tuanzebe,1.0
568,Takehiro Tomiyasu,DF,65,Taeseok Lee,1.0000000000000002
568,Takehiro Tomiyasu,DF,81,Tomáš Holes,1.0000000000000002
568,Takehiro Tomiyasu,DF,1174,Joško Gvardiol,1.0000000000000002
568,Takehiro Tomiyasu,DF,1149,John Stones,1.0000000000000002
568,Takehiro Tomiyasu,DF,1110,Abdulla Abdullaev,1.0000000000000002
568,Takehiro Tomiyasu,DF,1116,Behruzjon Karimov,1.0000000000000002
568,Takehiro Tomiyasu,DF,119,Moïse Bombito Bombito,1.0000000000000002
568,Takehiro Tomiyasu,DF,1140,Deiver Machado,1.0000000000000002
568,Takehiro Tomiyasu,DF,1069,Steve Nkanu Kapuadi,1.0000000000000002
568,Takehiro Tomiyasu,DF,861,Kalidou Koulibaly,1.0000000000000002
569,Tomoki Hayakawa,GK,12,Carlos Acevedo,1.0
569,Tomoki Hayakawa,GK,64,Bumkeun Song,1.0
569,Tomoki Hayakawa,GK,48,Stuart Ricardo Goss,1.0
569,Tomoki Hayakawa,GK,42,Sipho Justin Chaine,1.0
569,Tomoki Hayakawa,GK,122,Owen Olamidayo Goodman,1.0
569,Tomoki Hayakawa,GK,101,Lukáš Hornicek,1.0
569,Tomoki Hayakawa,GK,94,Jind ř ich Stanek,1.0
569,Tomoki Hayakawa,GK,73,Hyeonwoo Jo,1.0
569,Tomoki Hayakawa,GK,220,Weverton Weverton,1.0
569,Tomoki Hayakawa,GK,231,Ederson Ederson,1.0
570,Kaishu Sano,MF,58,Inbeom Hwang,0.9999359798508202
570,Kaishu Sano,MF,1187,Petar Sucic,0.9994205010684271
570,Kaishu Sano,MF,559,Keito Nakamura,0.9991262548911578
570,Kaishu Sano,MF,216,GUIMARAESBruno Bruno,0.997317420716314
570,Kaishu Sano,MF,329,Malik Leon Tillman,0.996638587538188
570,Kaishu Sano,MF,528,Ryan Jiro Gravenberch,0.9950083885851543
570,Kaishu Sano,MF,1022,Mahmoud Ali Noor Alrawabdeh,0.9945014741666264
570,Kaishu Sano,MF,608,Hannibal Mejbri,0.9945014741666264
570,Kaishu Sano,MF,71,Kangin Lee,0.9945014741666264
570,Kaishu Sano,MF,920,Martín Odegaard,0.9944303523883375
571,Junnosuke Suzuki,DF,1247,Roderick Alonso Miller,1.0
571,Junnosuke Suzuki,DF,1156,Trevoh Tom Chalobah,1.0
571,Junnosuke Suzuki,DF,1159,Daniel Johnson Burn,1.0
571,Junnosuke Suzuki,DF,1237,Eric Javier Davis,1.0
571,Junnosuke Suzuki,DF,805,Abdullatif Jehad Thikri,1.0
571,Junnosuke Suzuki,DF,808,José María Gimenez,1.0
571,Junnosuke Suzuki,DF,810,Ronald Federico Araujo,1.0
571,Junnosuke Suzuki,DF,28,Tholo Thabang Matuludi,1.0
571,Junnosuke Suzuki,DF,29,Khulumani Ndamane,1.0
571,Junnosuke Suzuki,DF,44,Samukele Alucious Kabini,1.0
572,Kento Shiogai,FW,1246,Azarías Emmanuel Londono,0.9999999999999997
572,Kento Shiogai,FW,10,Ernesto Alexis Vega,0.9999999999999997
572,Kento Shiogai,FW,14,Armando Gonzalez,0.9999999999999997
572,Kento Shiogai,FW,21,César Saúl Huerta,0.9999999999999997
572,Kento Shiogai,FW,97,Tomáš Chory,0.9999999999999997
572,Kento Shiogai,FW,91,Mojmír Chytil,0.9999999999999997
572,Kento Shiogai,FW,139,Samed Bazdar,0.9999999999999997
572,Kento Shiogai,FW,130,Jayden Nelson,0.9999999999999997
572,Kento Shiogai,FW,1144,Carlos Andrés Gomez,0.9999999999999997
572,Kento Shiogai,FW,1113,Igor Sergeev,0.9999999999999997
573,Jacob Mikael Widell Zetterstrom,GK,443,Eloy Victor Room,0.899005471871879
573,Jacob Mikael Widell Zetterstrom,GK,1093,Utkir Yusupov,0.8959050046746102
573,Jacob Mikael Widell Zetterstrom,GK,703,Maxime Teremoana Crocombe,0.8624094678213424
573,Jacob Mikael Widell Zetterstrom,GK,896,Hasan Hachim Jalal Hassan,0.7990987725939445
573,Jacob Mikael Widell Zetterstrom,GK,157,Ibrahim Mahmoud Abunada,0.7909636333863496
573,Jacob Mikael Widell Zetterstrom,GK,261,Johny Placide,0.7901947014777614
573,Jacob Mikael Widell Zetterstrom,GK,801,Khalil Mohammed Alowais,0.790018047239728
573,Jacob Mikael Widell Zetterstrom,GK,495,Hernán Ismael Galindez,0.7671504421553564
573,Jacob Mikael Widell Zetterstrom,GK,599,Abdelmouhib Chamakh,0.6700256073742945
573,Jacob Mikael Widell Zetterstrom,GK,906,Basil Fadhil Ahmed,0.6513075785442409
574,Gustaf Johan Lagerbielke,DF,1168,Reece Lewis James,1.0
574,Gustaf Johan Lagerbielke,DF,117,Derek Austin Cornelius,1.0
574,Gustaf Johan Lagerbielke,DF,1210,Gideon Mensah,1.0
574,Gustaf Johan Lagerbielke,DF,1176,Josip Sutalo,1.0
574,Gustaf Johan Lagerbielke,DF,1141,Davinson Sanchez,1.0
574,Gustaf Johan Lagerbielke,DF,186,Nico Elvedi,1.0
574,Gustaf Johan Lagerbielke,DF,148,Nikola Katic,1.0
574,Gustaf Johan Lagerbielke,DF,126,Richmond Mamah Laryea,1.0
574,Gustaf Johan Lagerbielke,DF,1068,Wan Wan-Bissaka,1.0
574,Gustaf Johan Lagerbielke,DF,1070,Axel Tuanzebe,1.0
575,Victor Jörgen Lindelof,DF,1168,Reece Lewis James,1.0
575,Victor Jörgen Lindelof,DF,117,Derek Austin Cornelius,1.0
575,Victor Jörgen Lindelof,DF,1210,Gideon Mensah,1.0
575,Victor Jörgen Lindelof,DF,1176,Josip Sutalo,1.0
575,Victor Jörgen Lindelof,DF,1141,Davinson Sanchez,1.0
575,Victor Jörgen Lindelof,DF,186,Nico Elvedi,1.0
575,Victor Jörgen Lindelof,DF,148,Nikola Katic,1.0
575,Victor Jörgen Lindelof,DF,126,Richmond Mamah Laryea,1.0
575,Victor Jörgen Lindelof,DF,1068,Wan Wan-Bissaka,1.0
575,Victor Jörgen Lindelof,DF,1070,Axel Tuanzebe,1.0
576,Isak Malcolm Kwaku Hien,DF,74,Youngwoo Seol,0.9999999999999999
576,Isak Malcolm Kwaku Hien,DF,82,Robin Hranac,0.9999999999999999
576,Isak Malcolm Kwaku Hien,DF,15,Israel Reyes,0.9999999999999999
576,Isak Malcolm Kwaku Hien,DF,1173,Marin Pongracic,0.9999999999999999
576,Isak Malcolm Kwaku Hien,DF,1135,Johan Andrés Mojica,0.9999999999999999
576,Isak Malcolm Kwaku Hien,DF,108,Luc De Fougerolles,0.9999999999999999
576,Isak Malcolm Kwaku Hien,DF,1200,Jonas Adjei Adjetey,0.9999999999999999
576,Isak Malcolm Kwaku Hien,DF,1094,Abdukodir Khusanov,0.9999999999999999
576,Isak Malcolm Kwaku Hien,DF,207,Luca Antony Jaquez,0.9999999999999999
576,Isak Malcolm Kwaku Hien,DF,1105,Sherzod Nasrullaev,0.9999999999999999
577,Gabriel Johan Gudmundsson,DF,1168,Reece Lewis James,1.0
577,Gabriel Johan Gudmundsson,DF,117,Derek Austin Cornelius,1.0
577,Gabriel Johan Gudmundsson,DF,1210,Gideon Mensah,1.0
577,Gabriel Johan Gudmundsson,DF,1176,Josip Sutalo,1.0
577,Gabriel Johan Gudmundsson,DF,1141,Davinson Sanchez,1.0
577,Gabriel Johan Gudmundsson,DF,186,Nico Elvedi,1.0
577,Gabriel Johan Gudmundsson,DF,148,Nikola Katic,1.0
577,Gabriel Johan Gudmundsson,DF,126,Richmond Mamah Laryea,1.0
577,Gabriel Johan Gudmundsson,DF,1068,Wan Wan-Bissaka,1.0
577,Gabriel Johan Gudmundsson,DF,1070,Axel Tuanzebe,1.0
578,Herman Nils Johansson,DF,1247,Roderick Alonso Miller,1.0
578,Herman Nils Johansson,DF,1156,Trevoh Tom Chalobah,1.0
578,Herman Nils Johansson,DF,1159,Daniel Johnson Burn,1.0
578,Herman Nils Johansson,DF,1237,Eric Javier Davis,1.0
578,Herman Nils Johansson,DF,805,Abdullatif Jehad Thikri,1.0
578,Herman Nils Johansson,DF,808,José María Gimenez,1.0
578,Herman Nils Johansson,DF,810,Ronald Federico Araujo,1.0
578,Herman Nils Johansson,DF,28,Tholo Thabang Matuludi,1.0
578,Herman Nils Johansson,DF,29,Khulumani Ndamane,1.0
578,Herman Nils Johansson,DF,44,Samukele Alucious Kabini,1.0
579,Lucas Erik Holger Bergvall,MF,951,Nicolas Ivan Gonzalez,0.9998426253052413
579,Lucas Erik Holger Bergvall,MF,1165,Eberechi Oluchi Eze,0.9969725131358971
579,Lucas Erik Holger Bergvall,MF,1138,Juan Fernando Quintero,0.9941936057553225
579,Lucas Erik Holger Bergvall,MF,931,Andreas Rædergård Schjelderup,0.9901387586416135
579,Lucas Erik Holger Bergvall,MF,436,Nadiem Amiri,0.9850143100943954
579,Lucas Erik Holger Bergvall,MF,554,Takefusa Kubo,0.984885379051578
579,Lucas Erik Holger Bergvall,MF,102,Alexandr Sojka,0.9610472976005872
579,Lucas Erik Holger Bergvall,MF,143,Ivan Basic,0.9609737682062962
579,Lucas Erik Holger Bergvall,MF,388,Paul Michael Junior Okon-Engstler,0.9608472721449759
579,Lucas Erik Holger Bergvall,MF,970,Houssem-Eddine Chaabane Aouar,0.960735105428481
580,Daniel Jonathan Svensson,DF,1248,Jorge Abdiel Gutierrez,1.0
580,Daniel Jonathan Svensson,DF,1226,Fidel Escobar,1.0
580,Daniel Jonathan Svensson,DF,1192,Luka Vuskovic,1.0
580,Daniel Jonathan Svensson,DF,107,Alfie Charles Jones,1.0
580,Daniel Jonathan Svensson,DF,123,Alphonso Boyle Davies,1.0
580,Daniel Jonathan Svensson,DF,679,Ehsan Hajisafi,1.0
580,Daniel Jonathan Svensson,DF,693,Arya Yousefi,1.0
580,Daniel Jonathan Svensson,DF,706,Tyler Grant Bindon,1.0
580,Daniel Jonathan Svensson,DF,665,Hafez Ramadan Karim Hafez,1.0
580,Daniel Jonathan Svensson,DF,783,Mohammed Ali Lajami,1.0
581,Alexander Isak,FW,357,Julio Cesar Enciso,0.9850042441136557
581,Alexander Isak,FW,1162,Anthony Michael Gordon,0.976107074641642
581,Alexander Isak,FW,660,Hamed Mahrous Mohamed Salah,0.9741676226753275
581,Alexander Isak,FW,843,Michael Akpovie Olise,0.966562291570444
581,Alexander Isak,FW,244,Brahim Diaz,0.9543576848620067
581,Alexander Isak,FW,634,Leandro Trossard,0.9315856383441372
581,Alexander Isak,FW,1155,Marcus Rashford,0.9291760117687807
581,Alexander Isak,FW,189,Breel Donald Embolo,0.9253836269580497
581,Alexander Isak,FW,711,Christopher Grant Wood,0.9057593251542417
581,Alexander Isak,FW,738,Daniel Olmo,0.893014083206409
582,Erik Benjamin Nygren,MF,62,Jae Sung Lee,1.0
582,Erik Benjamin Nygren,MF,90,Lukáš Cerv,1.0
582,Erik Benjamin Nygren,MF,1091,Edo Kayembe Kayembe,1.0
582,Erik Benjamin Nygren,MF,136,Benjamin Tahirovic,1.0
582,Erik Benjamin Nygren,MF,145,Amar Memic,1.0
582,Erik Benjamin Nygren,MF,115,Liam Alan Millar,1.0
582,Erik Benjamin Nygren,MF,976,Hicham Boudaoui,1.0
582,Erik Benjamin Nygren,MF,941,Leandro Daniel Paredes,1.0
582,Erik Benjamin Nygren,MF,1012,Paul Wanner,1.0
582,Erik Benjamin Nygren,MF,968,Ramiz Larbi Zerrouki,1.0
583,Anthony David Junior Elanga,FW,1196,Petar Musa,0.999903163324577
583,Anthony David Junior Elanga,FW,902,Hussein Ghadhban Aymen,0.9996055907861522
583,Anthony David Junior Elanga,FW,483,Amad Diallo,0.9986707356838059
583,Anthony David Junior Elanga,FW,113,Cyle Christopher Larin,0.9961779265053146
583,Anthony David Junior Elanga,FW,9,Raúl Alonso Jimenez,0.9907587238068885
583,Anthony David Junior Elanga,FW,1075,Kibambe Brian Cipenga,0.9886791717705926
583,Anthony David Junior Elanga,FW,1181,Ante Budimir,0.9839226432435542
583,Anthony David Junior Elanga,FW,539,Brian Ebenezer Adjei Brobbey,0.977769889636685
583,Anthony David Junior Elanga,FW,641,Charles Marc De Ketelaere,0.9652750323701151
583,Anthony David Junior Elanga,FW,278,Wilson Isidor,0.9504262391332358
584,Tobias Viktor Johansson,GK,12,Carlos Acevedo,1.0
584,Tobias Viktor Johansson,GK,64,Bumkeun Song,1.0
584,Tobias Viktor Johansson,GK,48,Stuart Ricardo Goss,1.0
584,Tobias Viktor Johansson,GK,42,Sipho Justin Chaine,1.0
584,Tobias Viktor Johansson,GK,122,Owen Olamidayo Goodman,1.0
584,Tobias Viktor Johansson,GK,101,Lukáš Hornicek,1.0
584,Tobias Viktor Johansson,GK,94,Jind ř ich Stanek,1.0
584,Tobias Viktor Johansson,GK,73,Hyeonwoo Jo,1.0
584,Tobias Viktor Johansson,GK,220,Weverton Weverton,1.0
584,Tobias Viktor Johansson,GK,231,Ederson Ederson,1.0
585,Ken Sema,MF,72,Hyunjun Yang,1.0
585,Ken Sema,MF,69,Junho Bae,1.0
585,Ken Sema,MF,77,Jisung Eom,1.0
585,Ken Sema,MF,76,Jingyu Kim,1.0
585,Ken Sema,MF,78,Donggyeong Lee,1.0
585,Ken Sema,MF,103,Hugo Sochurek,1.0
585,Ken Sema,MF,1160,Kobbie Boateng Mainoo,1.0
585,Ken Sema,MF,1158,Jordan Brian Henderson,1.0
585,Ken Sema,MF,125,Jonathan Osorio,1.0
585,Ken Sema,MF,1177,Nikola Moro,1.0
586,Hjalmar Ekdal,DF,1247,Roderick Alonso Miller,1.0
586,Hjalmar Ekdal,DF,1156,Trevoh Tom Chalobah,1.0
586,Hjalmar Ekdal,DF,1159,Daniel Johnson Burn,1.0
586,Hjalmar Ekdal,DF,1237,Eric Javier Davis,1.0
586,Hjalmar Ekdal,DF,805,Abdullatif Jehad Thikri,1.0
586,Hjalmar Ekdal,DF,808,José María Gimenez,1.0
586,Hjalmar Ekdal,DF,810,Ronald Federico Araujo,1.0
586,Hjalmar Ekdal,DF,28,Tholo Thabang Matuludi,1.0
586,Hjalmar Ekdal,DF,29,Khulumani Ndamane,1.0
586,Hjalmar Ekdal,DF,44,Samukele Alucious Kabini,1.0
587,Carl Anders Theodor Starfelt,DF,1247,Roderick Alonso Miller,1.0
587,Carl Anders Theodor Starfelt,DF,1156,Trevoh Tom Chalobah,1.0
587,Carl Anders Theodor Starfelt,DF,1159,Daniel Johnson Burn,1.0
587,Carl Anders Theodor Starfelt,DF,1237,Eric Javier Davis,1.0
587,Carl Anders Theodor Starfelt,DF,805,Abdullatif Jehad Thikri,1.0
587,Carl Anders Theodor Starfelt,DF,808,José María Gimenez,1.0
587,Carl Anders Theodor Starfelt,DF,810,Ronald Federico Araujo,1.0
587,Carl Anders Theodor Starfelt,DF,28,Tholo Thabang Matuludi,1.0
587,Carl Anders Theodor Starfelt,DF,29,Khulumani Ndamane,1.0
587,Carl Anders Theodor Starfelt,DF,44,Samukele Alucious Kabini,1.0
588,Jesper Kewe Karlstrom,MF,62,Jae Sung Lee,1.0
588,Jesper Kewe Karlstrom,MF,90,Lukáš Cerv,1.0
588,Jesper Kewe Karlstrom,MF,1091,Edo Kayembe Kayembe,1.0
588,Jesper Kewe Karlstrom,MF,136,Benjamin Tahirovic,1.0
588,Jesper Kewe Karlstrom,MF,145,Amar Memic,1.0
588,Jesper Kewe Karlstrom,MF,115,Liam Alan Millar,1.0
588,Jesper Kewe Karlstrom,MF,976,Hicham Boudaoui,1.0
588,Jesper Kewe Karlstrom,MF,941,Leandro Daniel Paredes,1.0
588,Jesper Kewe Karlstrom,MF,1012,Paul Wanner,1.0
588,Jesper Kewe Karlstrom,MF,968,Ramiz Larbi Zerrouki,1.0
589,Viktor Einar Gyokeres,FW,1184,Ivan Perisic,1.0
589,Viktor Einar Gyokeres,FW,738,Daniel Olmo,0.996437707351544
589,Viktor Einar Gyokeres,FW,1125,Luis Fernando Diaz,0.9955663296729745
589,Viktor Einar Gyokeres,FW,747,Lamine Yamal Yamal,0.9834862550802669
589,Viktor Einar Gyokeres,FW,930,Antonio Eromonsele Nordby Nusa,0.9752418098044068
589,Viktor Einar Gyokeres,FW,945,Julián Alvarez,0.9740342411750681
589,Viktor Einar Gyokeres,FW,660,Hamed Mahrous Mohamed Salah,0.9671758711180215
589,Viktor Einar Gyokeres,FW,1162,Anthony Michael Gordon,0.965293095331309
589,Viktor Einar Gyokeres,FW,513,Gonzalo Jordy Plata,0.9637771507504515
589,Viktor Einar Gyokeres,FW,193,Dan Ndoye,0.9619137200688355
590,Yasin Ayari,MF,561,Daichi Kamada,0.9999876947448986
590,Yasin Ayari,MF,658,Ashour Metwaly Emam,0.9999350876372725
590,Yasin Ayari,MF,632,Youri Marion Tielemans,0.9997802018117709
590,Yasin Ayari,MF,1006,Romano Schmid,0.9977879436304293
590,Yasin Ayari,MF,631,Kevin De Bruyne,0.9968129211222329
590,Yasin Ayari,MF,1186,Martin Baturina,0.9961921243129238
590,Yasin Ayari,MF,435,Leroy Aziz Sane,0.9960879335646727
590,Yasin Ayari,MF,476,Franck Yannick Kessie,0.9956088800930762
590,Yasin Ayari,MF,760,Lenini Kevin Pina,0.9955356461652098
590,Yasin Ayari,MF,997,Marcel Sabitzer,0.9952962535377003
591,Mattias Olof Svanberg,MF,412,Kaan Ayhan,0.9341060723289588
591,Mattias Olof Svanberg,MF,156,Ermin Mahmic,0.9096232065438934
591,Mattias Olof Svanberg,MF,947,Giovani Lo Celso,0.8818466218648239
591,Mattias Olof Svanberg,MF,8,Álvaro Fidalgo,0.8594245887117816
591,Mattias Olof Svanberg,MF,879,Habib Mbacke Diarra,0.7761877157057222
591,Mattias Olof Svanberg,MF,319,Giovanni Alejandro Reyna,0.7723665112021431
591,Mattias Olof Svanberg,MF,929,Thelonious Gerard Aasgaard,0.7573681043059342
591,Mattias Olof Svanberg,MF,250,Gessime Ben Youssef Mustapha Yassine,0.7454326595179708
591,Mattias Olof Svanberg,MF,780,Sandro Helio Varela,0.609613572242795
591,Mattias Olof Svanberg,MF,349,Mauricio Mauricio,0.5264869519572031
592,Eric Anders Smith,DF,1247,Roderick Alonso Miller,1.0
592,Eric Anders Smith,DF,1156,Trevoh Tom Chalobah,1.0
592,Eric Anders Smith,DF,1159,Daniel Johnson Burn,1.0
592,Eric Anders Smith,DF,1237,Eric Javier Davis,1.0
592,Eric Anders Smith,DF,805,Abdullatif Jehad Thikri,1.0
592,Eric Anders Smith,DF,808,José María Gimenez,1.0
592,Eric Anders Smith,DF,810,Ronald Federico Araujo,1.0
592,Eric Anders Smith,DF,28,Tholo Thabang Matuludi,1.0
592,Eric Anders Smith,DF,29,Khulumani Ndamane,1.0
592,Eric Anders Smith,DF,44,Samukele Alucious Kabini,1.0
593,Alexander Olof Bernhardsson,DF,74,Youngwoo Seol,0.9999999999999999
593,Alexander Olof Bernhardsson,DF,82,Robin Hranac,0.9999999999999999
593,Alexander Olof Bernhardsson,DF,15,Israel Reyes,0.9999999999999999
593,Alexander Olof Bernhardsson,DF,1173,Marin Pongracic,0.9999999999999999
593,Alexander Olof Bernhardsson,DF,1135,Johan Andrés Mojica,0.9999999999999999
593,Alexander Olof Bernhardsson,DF,108,Luc De Fougerolles,0.9999999999999999
593,Alexander Olof Bernhardsson,DF,1200,Jonas Adjei Adjetey,0.9999999999999999
593,Alexander Olof Bernhardsson,DF,1094,Abdukodir Khusanov,0.9999999999999999
593,Alexander Olof Bernhardsson,DF,207,Luca Antony Jaquez,0.9999999999999999
593,Alexander Olof Bernhardsson,DF,1105,Sherzod Nasrullaev,0.9999999999999999
594,Besfort Zeneli,MF,72,Hyunjun Yang,1.0
594,Besfort Zeneli,MF,69,Junho Bae,1.0
594,Besfort Zeneli,MF,77,Jisung Eom,1.0
594,Besfort Zeneli,MF,76,Jingyu Kim,1.0
594,Besfort Zeneli,MF,78,Donggyeong Lee,1.0
594,Besfort Zeneli,MF,103,Hugo Sochurek,1.0
594,Besfort Zeneli,MF,1160,Kobbie Boateng Mainoo,1.0
594,Besfort Zeneli,MF,1158,Jordan Brian Henderson,1.0
594,Besfort Zeneli,MF,125,Jonathan Osorio,1.0
594,Besfort Zeneli,MF,1177,Nikola Moro,1.0
595,Bo Kristoffer Nordfeldt,GK,1036,Ra'ed Mahmoud Abdallah Alfakhori,0.9964961756286949
595,Bo Kristoffer Nordfeldt,GK,874,Edouard Osoque Mendy,0.9964610767737138
595,Bo Kristoffer Nordfeldt,GK,906,Basil Fadhil Ahmed,0.9803116713295736
595,Bo Kristoffer Nordfeldt,GK,614,Aymen Dahmen,0.9693913411955362
595,Bo Kristoffer Nordfeldt,GK,1157,Dean Bradley Henderson,0.9660539688015106
595,Bo Kristoffer Nordfeldt,GK,651,Elsayed Mohamed Mohamed Elshenawy,0.9637724126959913
595,Bo Kristoffer Nordfeldt,GK,923,Egil Selvik,0.961160283026738
595,Bo Kristoffer Nordfeldt,GK,599,Abdelmouhib Chamakh,0.9607170041444192
595,Bo Kristoffer Nordfeldt,GK,157,Ibrahim Mahmoud Abunada,0.9439637798232084
595,Bo Kristoffer Nordfeldt,GK,1015,Mo'ien Hasan Yazeed Abulaila,0.9358127378009495
596,Elliot Karl Stroud,DF,65,Taeseok Lee,1.0000000000000002
596,Elliot Karl Stroud,DF,81,Tomáš Holes,1.0000000000000002
596,Elliot Karl Stroud,DF,1174,Joško Gvardiol,1.0000000000000002
596,Elliot Karl Stroud,DF,1149,John Stones,1.0000000000000002
596,Elliot Karl Stroud,DF,1110,Abdulla Abdullaev,1.0000000000000002
596,Elliot Karl Stroud,DF,1116,Behruzjon Karimov,1.0000000000000002
596,Elliot Karl Stroud,DF,119,Moïse Bombito Bombito,1.0000000000000002
596,Elliot Karl Stroud,DF,1140,Deiver Machado,1.0000000000000002
596,Elliot Karl Stroud,DF,1069,Steve Nkanu Kapuadi,1.0000000000000002
596,Elliot Karl Stroud,DF,861,Kalidou Koulibaly,1.0000000000000002
597,Håkan Gustaf Nilsson,FW,1246,Azarías Emmanuel Londono,0.9999999999999997
597,Håkan Gustaf Nilsson,FW,10,Ernesto Alexis Vega,0.9999999999999997
597,Håkan Gustaf Nilsson,FW,14,Armando Gonzalez,0.9999999999999997
597,Håkan Gustaf Nilsson,FW,21,César Saúl Huerta,0.9999999999999997
597,Håkan Gustaf Nilsson,FW,97,Tomáš Chory,0.9999999999999997
597,Håkan Gustaf Nilsson,FW,91,Mojmír Chytil,0.9999999999999997
597,Håkan Gustaf Nilsson,FW,139,Samed Bazdar,0.9999999999999997
597,Håkan Gustaf Nilsson,FW,130,Jayden Nelson,0.9999999999999997
597,Håkan Gustaf Nilsson,FW,1144,Carlos Andrés Gomez,0.9999999999999997
597,Håkan Gustaf Nilsson,FW,1113,Igor Sergeev,0.9999999999999997
598,Taha Abdi Ali,FW,1246,Azarías Emmanuel Londono,0.9999999999999997
598,Taha Abdi Ali,FW,10,Ernesto Alexis Vega,0.9999999999999997
598,Taha Abdi Ali,FW,14,Armando Gonzalez,0.9999999999999997
598,Taha Abdi Ali,FW,21,César Saúl Huerta,0.9999999999999997
598,Taha Abdi Ali,FW,97,Tomáš Chory,0.9999999999999997
598,Taha Abdi Ali,FW,91,Mojmír Chytil,0.9999999999999997
598,Taha Abdi Ali,FW,139,Samed Bazdar,0.9999999999999997
598,Taha Abdi Ali,FW,130,Jayden Nelson,0.9999999999999997
598,Taha Abdi Ali,FW,1144,Carlos Andrés Gomez,0.9999999999999997
598,Taha Abdi Ali,FW,1113,Igor Sergeev,0.9999999999999997
599,Abdelmouhib Chamakh,GK,1157,Dean Bradley Henderson,0.9980803704180232
599,Abdelmouhib Chamakh,GK,906,Basil Fadhil Ahmed,0.9931860815034622
599,Abdelmouhib Chamakh,GK,651,Elsayed Mohamed Mohamed Elshenawy,0.9780069004940087
599,Abdelmouhib Chamakh,GK,1036,Ra'ed Mahmoud Abdallah Alfakhori,0.9693701661603782
599,Abdelmouhib Chamakh,GK,896,Hasan Hachim Jalal Hassan,0.9654066417311873
599,Abdelmouhib Chamakh,GK,874,Edouard Osoque Mendy,0.9643935177865076
599,Abdelmouhib Chamakh,GK,595,Bo Kristoffer Nordfeldt,0.9607170041444192
599,Abdelmouhib Chamakh,GK,923,Egil Selvik,0.9594814021841379
599,Abdelmouhib Chamakh,GK,157,Ibrahim Mahmoud Abunada,0.9283208223317924
599,Abdelmouhib Chamakh,GK,1093,Utkir Yusupov,0.9204094974044651
600,Ali Abdi,DF,74,Youngwoo Seol,0.9999999999999999
600,Ali Abdi,DF,82,Robin Hranac,0.9999999999999999
600,Ali Abdi,DF,15,Israel Reyes,0.9999999999999999
600,Ali Abdi,DF,1173,Marin Pongracic,0.9999999999999999
600,Ali Abdi,DF,1135,Johan Andrés Mojica,0.9999999999999999
600,Ali Abdi,DF,108,Luc De Fougerolles,0.9999999999999999
600,Ali Abdi,DF,1200,Jonas Adjei Adjetey,0.9999999999999999
600,Ali Abdi,DF,1094,Abdukodir Khusanov,0.9999999999999999
600,Ali Abdi,DF,207,Luca Antony Jaquez,0.9999999999999999
600,Ali Abdi,DF,1105,Sherzod Nasrullaev,0.9999999999999999
601,Montassar Omar Talbi,DF,74,Youngwoo Seol,0.9999999999999999
601,Montassar Omar Talbi,DF,82,Robin Hranac,0.9999999999999999
601,Montassar Omar Talbi,DF,15,Israel Reyes,0.9999999999999999
601,Montassar Omar Talbi,DF,1173,Marin Pongracic,0.9999999999999999
601,Montassar Omar Talbi,DF,1135,Johan Andrés Mojica,0.9999999999999999
601,Montassar Omar Talbi,DF,108,Luc De Fougerolles,0.9999999999999999
601,Montassar Omar Talbi,DF,1200,Jonas Adjei Adjetey,0.9999999999999999
601,Montassar Omar Talbi,DF,1094,Abdukodir Khusanov,0.9999999999999999
601,Montassar Omar Talbi,DF,207,Luca Antony Jaquez,0.9999999999999999
601,Montassar Omar Talbi,DF,1105,Sherzod Nasrullaev,0.9999999999999999
602,Omar Rekik,DF,1219,Derrick Luckassen,1.0000000000000002
602,Omar Rekik,DF,431,Nico Cédric Schlotterbeck,0.9999037312221384
602,Omar Rekik,DF,926,Marcus Holmgren Holmgren Pedersen,0.99930159955557
602,Omar Rekik,DF,318,Auston Levi-Jesaiah Trusty,0.9976899806936781
602,Omar Rekik,DF,914,Leo Skiri Ostigard,0.9971285385795062
602,Omar Rekik,DF,784,Ali Abdulelah Alamri,0.9871262359647538
602,Omar Rekik,DF,718,Finn Surman,0.9834669777293454
602,Omar Rekik,DF,20,Mateo Chavez,0.9834669777293454
602,Omar Rekik,DF,767,CABRALSidny Sidny Lopes,0.9812987884814923
602,Omar Rekik,DF,248,Issa Laye Lucas Jean Diop,0.9792772475832765
603,Adam Arous,DF,1247,Roderick Alonso Miller,1.0
603,Adam Arous,DF,1156,Trevoh Tom Chalobah,1.0
603,Adam Arous,DF,1159,Daniel Johnson Burn,1.0
603,Adam Arous,DF,1237,Eric Javier Davis,1.0
603,Adam Arous,DF,805,Abdullatif Jehad Thikri,1.0
603,Adam Arous,DF,808,José María Gimenez,1.0
603,Adam Arous,DF,810,Ronald Federico Araujo,1.0
603,Adam Arous,DF,28,Tholo Thabang Matuludi,1.0
603,Adam Arous,DF,29,Khulumani Ndamane,1.0
603,Adam Arous,DF,44,Samukele Alucious Kabini,1.0
604,Dylan Daniel Mahmoud Bronn,DF,1248,Jorge Abdiel Gutierrez,1.0
604,Dylan Daniel Mahmoud Bronn,DF,1226,Fidel Escobar,1.0
604,Dylan Daniel Mahmoud Bronn,DF,1192,Luka Vuskovic,1.0
604,Dylan Daniel Mahmoud Bronn,DF,107,Alfie Charles Jones,1.0
604,Dylan Daniel Mahmoud Bronn,DF,123,Alphonso Boyle Davies,1.0
604,Dylan Daniel Mahmoud Bronn,DF,679,Ehsan Hajisafi,1.0
604,Dylan Daniel Mahmoud Bronn,DF,693,Arya Yousefi,1.0
604,Dylan Daniel Mahmoud Bronn,DF,706,Tyler Grant Bindon,1.0
604,Dylan Daniel Mahmoud Bronn,DF,665,Hafez Ramadan Karim Hafez,1.0
604,Dylan Daniel Mahmoud Bronn,DF,783,Mohammed Ali Lajami,1.0
605,Mohamed Elyes Achouri,FW,1246,Azarías Emmanuel Londono,0.9999999999999997
605,Mohamed Elyes Achouri,FW,10,Ernesto Alexis Vega,0.9999999999999997
605,Mohamed Elyes Achouri,FW,14,Armando Gonzalez,0.9999999999999997
605,Mohamed Elyes Achouri,FW,21,César Saúl Huerta,0.9999999999999997
605,Mohamed Elyes Achouri,FW,97,Tomáš Chory,0.9999999999999997
605,Mohamed Elyes Achouri,FW,91,Mojmír Chytil,0.9999999999999997
605,Mohamed Elyes Achouri,FW,139,Samed Bazdar,0.9999999999999997
605,Mohamed Elyes Achouri,FW,130,Jayden Nelson,0.9999999999999997
605,Mohamed Elyes Achouri,FW,1144,Carlos Andrés Gomez,0.9999999999999997
605,Mohamed Elyes Achouri,FW,1113,Igor Sergeev,0.9999999999999997
606,Elias Saad,FW,93,Pavel Sulc,1.0000000000000002
606,Elias Saad,FW,88,Patrik Schick,1.0000000000000002
606,Elias Saad,FW,124,Ali Ahmed,1.0000000000000002
606,Elias Saad,FW,116,Tanitoluwa Oluwatimilehin Oluwaseyi,1.0000000000000002
606,Elias Saad,FW,1127,Jhon Andrés Cordoba,1.0000000000000002
606,Elias Saad,FW,171,Abdurisag Yusuf Abdurisag,1.0000000000000002
606,Elias Saad,FW,150,Esmir Bajraktarevic,1.0000000000000002
606,Elias Saad,FW,1051,João Joao Felix,1.0000000000000002
606,Elias Saad,FW,827,Federico Sebastian Vinas,1.0000000000000002
606,Elias Saad,FW,296,Che Sac Everton Fred Adams,1.0000000000000002
607,Hazem Mastouri,FW,1002,Saša Kalajdzic,0.9990038493683654
607,Hazem Mastouri,FW,995,Marko Arnautovic,0.9980319008921232
607,Hazem Mastouri,FW,155,Jovo Lukic,0.9970192879984784
607,Hazem Mastouri,FW,1085,Mayele Fiston Mayele,0.9949254103504298
607,Hazem Mastouri,FW,974,Ahmed Nadhir Benbouali,0.9948513662131321
607,Hazem Mastouri,FW,243,Soufiane Rahimi,0.994792328930628
607,Hazem Mastouri,FW,218,Neymar Neymar Jr,0.9945285662363046
607,Hazem Mastouri,FW,166,Khalid Hassan Alhaydos,0.9941372202456483
607,Hazem Mastouri,FW,1049,RAMOSGonçalo Goncalo,0.9916810470414549
607,Hazem Mastouri,FW,70,Hyeongyu Oh,0.9894451140701245
608,Hannibal Mejbri,MF,71,Kangin Lee,1.0
608,Hannibal Mejbri,MF,1022,Mahmoud Ali Noor Alrawabdeh,1.0
608,Hannibal Mejbri,MF,866,Lamine Camara,0.9991451873186766
608,Hannibal Mejbri,MF,814,Federico Santiago Valverde,0.9979671171958545
608,Hannibal Mejbri,MF,216,GUIMARAESBruno Bruno,0.9976124111527481
608,Hannibal Mejbri,MF,528,Ryan Jiro Gravenberch,0.9971317998800998
608,Hannibal Mejbri,MF,559,Keito Nakamura,0.9958941259232522
608,Hannibal Mejbri,MF,920,Martín Odegaard,0.995440282209754
608,Hannibal Mejbri,MF,570,Kaishu Sano,0.9945014741666264
608,Hannibal Mejbri,MF,1187,Petar Sucic,0.99444000793255
609,Ismael Seifallah Gharbi,MF,63,Hee Chan Hwang,0.9999999999999999
609,Ismael Seifallah Gharbi,MF,86,Vladimír Darida,0.9999999999999999
609,Ismael Seifallah Gharbi,MF,100,Tomáš Soucek,0.9999999999999999
609,Ismael Seifallah Gharbi,MF,95,Lukáš Provod,0.9999999999999999
609,Ismael Seifallah Gharbi,MF,110,Mathieu Choiniere,0.9999999999999999
609,Ismael Seifallah Gharbi,MF,1133,Juan Camilo Portilla,0.9999999999999999
609,Ismael Seifallah Gharbi,MF,118,Jacob Everett Shaffelburg,0.9999999999999999
609,Ismael Seifallah Gharbi,MF,1185,Mario Pasalic,0.9999999999999999
609,Ismael Seifallah Gharbi,MF,138,Armin Gigovic,0.9999999999999999
609,Ismael Seifallah Gharbi,MF,1103,Oston Urunov,0.9999999999999999
610,Ahmed Mortadha Ben Ouanes,DF,1247,Roderick Alonso Miller,1.0
610,Ahmed Mortadha Ben Ouanes,DF,1156,Trevoh Tom Chalobah,1.0
610,Ahmed Mortadha Ben Ouanes,DF,1159,Daniel Johnson Burn,1.0
610,Ahmed Mortadha Ben Ouanes,DF,1237,Eric Javier Davis,1.0
610,Ahmed Mortadha Ben Ouanes,DF,805,Abdullatif Jehad Thikri,1.0
610,Ahmed Mortadha Ben Ouanes,DF,808,José María Gimenez,1.0
610,Ahmed Mortadha Ben Ouanes,DF,810,Ronald Federico Araujo,1.0
610,Ahmed Mortadha Ben Ouanes,DF,28,Tholo Thabang Matuludi,1.0
610,Ahmed Mortadha Ben Ouanes,DF,29,Khulumani Ndamane,1.0
610,Ahmed Mortadha Ben Ouanes,DF,44,Samukele Alucious Kabini,1.0
611,Rani Khedira,MF,62,Jae Sung Lee,1.0
611,Rani Khedira,MF,90,Lukáš Cerv,1.0
611,Rani Khedira,MF,1091,Edo Kayembe Kayembe,1.0
611,Rani Khedira,MF,136,Benjamin Tahirovic,1.0
611,Rani Khedira,MF,145,Amar Memic,1.0
611,Rani Khedira,MF,115,Liam Alan Millar,1.0
611,Rani Khedira,MF,976,Hicham Boudaoui,1.0
611,Rani Khedira,MF,941,Leandro Daniel Paredes,1.0
611,Rani Khedira,MF,1012,Paul Wanner,1.0
611,Rani Khedira,MF,968,Ramiz Larbi Zerrouki,1.0
612,Khalil Ayari,MF,72,Hyunjun Yang,1.0
612,Khalil Ayari,MF,69,Junho Bae,1.0
612,Khalil Ayari,MF,77,Jisung Eom,1.0
612,Khalil Ayari,MF,76,Jingyu Kim,1.0
612,Khalil Ayari,MF,78,Donggyeong Lee,1.0
612,Khalil Ayari,MF,103,Hugo Sochurek,1.0
612,Khalil Ayari,MF,1160,Kobbie Boateng Mainoo,1.0
612,Khalil Ayari,MF,1158,Jordan Brian Henderson,1.0
612,Khalil Ayari,MF,125,Jonathan Osorio,1.0
612,Khalil Ayari,MF,1177,Nikola Moro,1.0
613,Mohamed Hadj Mahmoud,MF,72,Hyunjun Yang,1.0
613,Mohamed Hadj Mahmoud,MF,69,Junho Bae,1.0
613,Mohamed Hadj Mahmoud,MF,77,Jisung Eom,1.0
613,Mohamed Hadj Mahmoud,MF,76,Jingyu Kim,1.0
613,Mohamed Hadj Mahmoud,MF,78,Donggyeong Lee,1.0
613,Mohamed Hadj Mahmoud,MF,103,Hugo Sochurek,1.0
613,Mohamed Hadj Mahmoud,MF,1160,Kobbie Boateng Mainoo,1.0
613,Mohamed Hadj Mahmoud,MF,1158,Jordan Brian Henderson,1.0
613,Mohamed Hadj Mahmoud,MF,125,Jonathan Osorio,1.0
613,Mohamed Hadj Mahmoud,MF,1177,Nikola Moro,1.0
614,Aymen Dahmen,GK,874,Edouard Osoque Mendy,0.9815898262578183
614,Aymen Dahmen,GK,1036,Ra'ed Mahmoud Abdallah Alfakhori,0.9776537511869863
614,Aymen Dahmen,GK,923,Egil Selvik,0.9735108439685233
614,Aymen Dahmen,GK,595,Bo Kristoffer Nordfeldt,0.9693913411955362
614,Aymen Dahmen,GK,651,Elsayed Mohamed Mohamed Elshenawy,0.9403710827561155
614,Aymen Dahmen,GK,906,Basil Fadhil Ahmed,0.9337456097733248
614,Aymen Dahmen,GK,1157,Dean Bradley Henderson,0.9214157481994866
614,Aymen Dahmen,GK,1015,Mo'ien Hasan Yazeed Abulaila,0.9121646120951474
614,Aymen Dahmen,GK,1104,Abduvakhid Nematov,0.911858422191045
614,Aymen Dahmen,GK,313,Matthew Charles Turner,0.9097307452339634
615,Ellyes Joris Skhiri,MF,1178,Mateo Kovacic,1.0
615,Ellyes Joris Skhiri,MF,1099,Otabek Shukurov,1.0
615,Ellyes Joris Skhiri,MF,144,Ivan Sunjic,1.0
615,Ellyes Joris Skhiri,MF,293,Mc,1.0
615,Ellyes Joris Skhiri,MF,270,Jean Ricner Bellegarde,1.0
615,Ellyes Joris Skhiri,MF,197,Djibril Ibrahima Sow,1.0
615,Ellyes Joris Skhiri,MF,305,Lewis Ferguson,1.0
615,Ellyes Joris Skhiri,MF,1072,Ngal’ayel Mukau,1.0
615,Ellyes Joris Skhiri,MF,449,Juninho Gracielo Bacuna,1.0
615,Ellyes Joris Skhiri,MF,452,Leandro Jones Johan Bacuna,1.0
616,Rayan Elloumi,FW,1246,Azarías Emmanuel Londono,0.9999999999999997
616,Rayan Elloumi,FW,10,Ernesto Alexis Vega,0.9999999999999997
616,Rayan Elloumi,FW,14,Armando Gonzalez,0.9999999999999997
616,Rayan Elloumi,FW,21,César Saúl Huerta,0.9999999999999997
616,Rayan Elloumi,FW,97,Tomáš Chory,0.9999999999999997
616,Rayan Elloumi,FW,91,Mojmír Chytil,0.9999999999999997
616,Rayan Elloumi,FW,139,Samed Bazdar,0.9999999999999997
616,Rayan Elloumi,FW,130,Jayden Nelson,0.9999999999999997
616,Rayan Elloumi,FW,1144,Carlos Andrés Gomez,0.9999999999999997
616,Rayan Elloumi,FW,1113,Igor Sergeev,0.9999999999999997
617,Firas Chaouat,FW,1246,Azarías Emmanuel Londono,0.9999999999999997
617,Firas Chaouat,FW,10,Ernesto Alexis Vega,0.9999999999999997
617,Firas Chaouat,FW,14,Armando Gonzalez,0.9999999999999997
617,Firas Chaouat,FW,21,César Saúl Huerta,0.9999999999999997
617,Firas Chaouat,FW,97,Tomáš Chory,0.9999999999999997
617,Firas Chaouat,FW,91,Mojmír Chytil,0.9999999999999997
617,Firas Chaouat,FW,139,Samed Bazdar,0.9999999999999997
617,Firas Chaouat,FW,130,Jayden Nelson,0.9999999999999997
617,Firas Chaouat,FW,1144,Carlos Andrés Gomez,0.9999999999999997
617,Firas Chaouat,FW,1113,Igor Sergeev,0.9999999999999997
618,Yan Valery,DF,74,Youngwoo Seol,0.9999999999999999
618,Yan Valery,DF,82,Robin Hranac,0.9999999999999999
618,Yan Valery,DF,15,Israel Reyes,0.9999999999999999
618,Yan Valery,DF,1173,Marin Pongracic,0.9999999999999999
618,Yan Valery,DF,1135,Johan Andrés Mojica,0.9999999999999999
618,Yan Valery,DF,108,Luc De Fougerolles,0.9999999999999999
618,Yan Valery,DF,1200,Jonas Adjei Adjetey,0.9999999999999999
618,Yan Valery,DF,1094,Abdukodir Khusanov,0.9999999999999999
618,Yan Valery,DF,207,Luca Antony Jaquez,0.9999999999999999
618,Yan Valery,DF,1105,Sherzod Nasrullaev,0.9999999999999999
619,Mohamed Amine Ben Hmida,DF,65,Taeseok Lee,1.0000000000000002
619,Mohamed Amine Ben Hmida,DF,81,Tomáš Holes,1.0000000000000002
619,Mohamed Amine Ben Hmida,DF,1174,Joško Gvardiol,1.0000000000000002
619,Mohamed Amine Ben Hmida,DF,1149,John Stones,1.0000000000000002
619,Mohamed Amine Ben Hmida,DF,1110,Abdulla Abdullaev,1.0000000000000002
619,Mohamed Amine Ben Hmida,DF,1116,Behruzjon Karimov,1.0000000000000002
619,Mohamed Amine Ben Hmida,DF,119,Moïse Bombito Bombito,1.0000000000000002
619,Mohamed Amine Ben Hmida,DF,1140,Deiver Machado,1.0000000000000002
619,Mohamed Amine Ben Hmida,DF,1069,Steve Nkanu Kapuadi,1.0000000000000002
619,Mohamed Amine Ben Hmida,DF,861,Kalidou Koulibaly,1.0000000000000002
620,Sabri Ben Hessen,GK,12,Carlos Acevedo,1.0
620,Sabri Ben Hessen,GK,64,Bumkeun Song,1.0
620,Sabri Ben Hessen,GK,48,Stuart Ricardo Goss,1.0
620,Sabri Ben Hessen,GK,42,Sipho Justin Chaine,1.0
620,Sabri Ben Hessen,GK,122,Owen Olamidayo Goodman,1.0
620,Sabri Ben Hessen,GK,101,Lukáš Hornicek,1.0
620,Sabri Ben Hessen,GK,94,Jind ř ich Stanek,1.0
620,Sabri Ben Hessen,GK,73,Hyeonwoo Jo,1.0
620,Sabri Ben Hessen,GK,220,Weverton Weverton,1.0
620,Sabri Ben Hessen,GK,231,Ederson Ederson,1.0
621,Moutaz Neffati,DF,1247,Roderick Alonso Miller,1.0
621,Moutaz Neffati,DF,1156,Trevoh Tom Chalobah,1.0
621,Moutaz Neffati,DF,1159,Daniel Johnson Burn,1.0
621,Moutaz Neffati,DF,1237,Eric Javier Davis,1.0
621,Moutaz Neffati,DF,805,Abdullatif Jehad Thikri,1.0
621,Moutaz Neffati,DF,808,José María Gimenez,1.0
621,Moutaz Neffati,DF,810,Ronald Federico Araujo,1.0
621,Moutaz Neffati,DF,28,Tholo Thabang Matuludi,1.0
621,Moutaz Neffati,DF,29,Khulumani Ndamane,1.0
621,Moutaz Neffati,DF,44,Samukele Alucious Kabini,1.0
622,Raed Chikhaoui,DF,1247,Roderick Alonso Miller,1.0
622,Raed Chikhaoui,DF,1156,Trevoh Tom Chalobah,1.0
622,Raed Chikhaoui,DF,1159,Daniel Johnson Burn,1.0
622,Raed Chikhaoui,DF,1237,Eric Javier Davis,1.0
622,Raed Chikhaoui,DF,805,Abdullatif Jehad Thikri,1.0
622,Raed Chikhaoui,DF,808,José María Gimenez,1.0
622,Raed Chikhaoui,DF,810,Ronald Federico Araujo,1.0
622,Raed Chikhaoui,DF,28,Tholo Thabang Matuludi,1.0
622,Raed Chikhaoui,DF,29,Khulumani Ndamane,1.0
622,Raed Chikhaoui,DF,44,Samukele Alucious Kabini,1.0
623,Anis Slimane,MF,1178,Mateo Kovacic,1.0
623,Anis Slimane,MF,1099,Otabek Shukurov,1.0
623,Anis Slimane,MF,144,Ivan Sunjic,1.0
623,Anis Slimane,MF,293,Mc,1.0
623,Anis Slimane,MF,270,Jean Ricner Bellegarde,1.0
623,Anis Slimane,MF,197,Djibril Ibrahima Sow,1.0
623,Anis Slimane,MF,305,Lewis Ferguson,1.0
623,Anis Slimane,MF,1072,Ngal’ayel Mukau,1.0
623,Anis Slimane,MF,449,Juninho Gracielo Bacuna,1.0
623,Anis Slimane,MF,452,Leandro Jones Johan Bacuna,1.0
624,Sebastian Tounekti,MF,63,Hee Chan Hwang,0.9999999999999999
624,Sebastian Tounekti,MF,86,Vladimír Darida,0.9999999999999999
624,Sebastian Tounekti,MF,100,Tomáš Soucek,0.9999999999999999
624,Sebastian Tounekti,MF,95,Lukáš Provod,0.9999999999999999
624,Sebastian Tounekti,MF,110,Mathieu Choiniere,0.9999999999999999
624,Sebastian Tounekti,MF,1133,Juan Camilo Portilla,0.9999999999999999
624,Sebastian Tounekti,MF,118,Jacob Everett Shaffelburg,0.9999999999999999
624,Sebastian Tounekti,MF,1185,Mario Pasalic,0.9999999999999999
624,Sebastian Tounekti,MF,138,Armin Gigovic,0.9999999999999999
624,Sebastian Tounekti,MF,1103,Oston Urunov,0.9999999999999999
625,Thibaut Nicolas Courtois,GK,1145,Jordan Lee Pickford,0.981672959647864
625,Thibaut Nicolas Courtois,GK,959,Damián Emiliano Martinez,0.9531403667355741
625,Thibaut Nicolas Courtois,GK,235,Yassine Bounou,0.9526902875339684
625,Thibaut Nicolas Courtois,GK,547,Zion Suzuki,0.9315524748180937
625,Thibaut Nicolas Courtois,GK,183,Gregor Kobel,0.9189140431049343
625,Thibaut Nicolas Courtois,GK,911,Ørjan Haskjold Nyland,0.9098174114981357
625,Thibaut Nicolas Courtois,GK,521,Bart Verbruggen,0.902041718167943
625,Thibaut Nicolas Courtois,GK,1067,Lionel Nzau Mpasi,0.888271647510015
625,Thibaut Nicolas Courtois,GK,673,Abdelaziz Mohame Mostafa,0.8637038190613339
625,Thibaut Nicolas Courtois,GK,209,Ramsés Alisson,0.8578576218893936
626,Zeno Koen Debast,DF,65,Taeseok Lee,1.0000000000000002
626,Zeno Koen Debast,DF,81,Tomáš Holes,1.0000000000000002
626,Zeno Koen Debast,DF,1174,Joško Gvardiol,1.0000000000000002
626,Zeno Koen Debast,DF,1149,John Stones,1.0000000000000002
626,Zeno Koen Debast,DF,1110,Abdulla Abdullaev,1.0000000000000002
626,Zeno Koen Debast,DF,1116,Behruzjon Karimov,1.0000000000000002
626,Zeno Koen Debast,DF,119,Moïse Bombito Bombito,1.0000000000000002
626,Zeno Koen Debast,DF,1140,Deiver Machado,1.0000000000000002
626,Zeno Koen Debast,DF,1069,Steve Nkanu Kapuadi,1.0000000000000002
626,Zeno Koen Debast,DF,861,Kalidou Koulibaly,1.0000000000000002
627,Arthur Nicolas Theate,DF,1168,Reece Lewis James,1.0
627,Arthur Nicolas Theate,DF,117,Derek Austin Cornelius,1.0
627,Arthur Nicolas Theate,DF,1210,Gideon Mensah,1.0
627,Arthur Nicolas Theate,DF,1176,Josip Sutalo,1.0
627,Arthur Nicolas Theate,DF,1141,Davinson Sanchez,1.0
627,Arthur Nicolas Theate,DF,186,Nico Elvedi,1.0
627,Arthur Nicolas Theate,DF,148,Nikola Katic,1.0
627,Arthur Nicolas Theate,DF,126,Richmond Mamah Laryea,1.0
627,Arthur Nicolas Theate,DF,1068,Wan Wan-Bissaka,1.0
627,Arthur Nicolas Theate,DF,1070,Axel Tuanzebe,1.0
628,Brandon Erik Mechele,DF,1168,Reece Lewis James,1.0
628,Brandon Erik Mechele,DF,117,Derek Austin Cornelius,1.0
628,Brandon Erik Mechele,DF,1210,Gideon Mensah,1.0
628,Brandon Erik Mechele,DF,1176,Josip Sutalo,1.0
628,Brandon Erik Mechele,DF,1141,Davinson Sanchez,1.0
628,Brandon Erik Mechele,DF,186,Nico Elvedi,1.0
628,Brandon Erik Mechele,DF,148,Nikola Katic,1.0
628,Brandon Erik Mechele,DF,126,Richmond Mamah Laryea,1.0
628,Brandon Erik Mechele,DF,1068,Wan Wan-Bissaka,1.0
628,Brandon Erik Mechele,DF,1070,Axel Tuanzebe,1.0
629,Maxim Peter De Cuyper,DF,74,Youngwoo Seol,0.9999999999999999
629,Maxim Peter De Cuyper,DF,82,Robin Hranac,0.9999999999999999
629,Maxim Peter De Cuyper,DF,15,Israel Reyes,0.9999999999999999
629,Maxim Peter De Cuyper,DF,1173,Marin Pongracic,0.9999999999999999
629,Maxim Peter De Cuyper,DF,1135,Johan Andrés Mojica,0.9999999999999999
629,Maxim Peter De Cuyper,DF,108,Luc De Fougerolles,0.9999999999999999
629,Maxim Peter De Cuyper,DF,1200,Jonas Adjei Adjetey,0.9999999999999999
629,Maxim Peter De Cuyper,DF,1094,Abdukodir Khusanov,0.9999999999999999
629,Maxim Peter De Cuyper,DF,207,Luca Antony Jaquez,0.9999999999999999
629,Maxim Peter De Cuyper,DF,1105,Sherzod Nasrullaev,0.9999999999999999
630,Axel Laurent Witsel,MF,62,Jae Sung Lee,1.0
630,Axel Laurent Witsel,MF,90,Lukáš Cerv,1.0
630,Axel Laurent Witsel,MF,1091,Edo Kayembe Kayembe,1.0
630,Axel Laurent Witsel,MF,136,Benjamin Tahirovic,1.0
630,Axel Laurent Witsel,MF,145,Amar Memic,1.0
630,Axel Laurent Witsel,MF,115,Liam Alan Millar,1.0
630,Axel Laurent Witsel,MF,976,Hicham Boudaoui,1.0
630,Axel Laurent Witsel,MF,941,Leandro Daniel Paredes,1.0
630,Axel Laurent Witsel,MF,1012,Paul Wanner,1.0
630,Axel Laurent Witsel,MF,968,Ramiz Larbi Zerrouki,1.0
631,Kevin De Bruyne,MF,1186,Martin Baturina,0.9999723497602989
631,Kevin De Bruyne,MF,435,Leroy Aziz Sane,0.9999628182984035
631,Kevin De Bruyne,MF,1006,Romano Schmid,0.9999111132614302
631,Kevin De Bruyne,MF,476,Franck Yannick Kessie,0.9999035578696632
631,Kevin De Bruyne,MF,760,Lenini Kevin Pina,0.9998924343526541
631,Kevin De Bruyne,MF,997,Marcel Sabitzer,0.9998525863218793
631,Kevin De Bruyne,MF,1055,Pedro Joao Neves,0.9997141577334813
631,Kevin De Bruyne,MF,111,Stephen Eustaquio,0.9997042072021504
631,Kevin De Bruyne,MF,734,Mikel Merino,0.9994414384510485
631,Kevin De Bruyne,MF,632,Youri Marion Tielemans,0.9982663317476241
632,Youri Marion Tielemans,MF,590,Yasin Ayari,0.9997802018117709
632,Youri Marion Tielemans,MF,561,Daichi Kamada,0.9996638923597082
632,Youri Marion Tielemans,MF,658,Ashour Metwaly Emam,0.999476426436863
632,Youri Marion Tielemans,MF,1006,Romano Schmid,0.9989623530698081
632,Youri Marion Tielemans,MF,631,Kevin De Bruyne,0.9982663317476241
632,Youri Marion Tielemans,MF,1186,Martin Baturina,0.9978010349036043
632,Youri Marion Tielemans,MF,435,Leroy Aziz Sane,0.9977216569769379
632,Youri Marion Tielemans,MF,476,Franck Yannick Kessie,0.9973526323960912
632,Youri Marion Tielemans,MF,760,Lenini Kevin Pina,0.9972956763194247
632,Youri Marion Tielemans,MF,997,Marcel Sabitzer,0.9971085776545859
633,Romelu Lukaku,FW,332,Folarin Jolaoluwa Balogun,0.7340297554737719
633,Romelu Lukaku,FW,1139,Jaminton Leandro Campaz,0.7029355231347503
633,Romelu Lukaku,FW,218,Neymar Neymar Jr,0.6978052918206803
633,Romelu Lukaku,FW,1085,Mayele Fiston Mayele,0.6961010951718388
633,Romelu Lukaku,FW,974,Ahmed Nadhir Benbouali,0.6927127161933009
633,Romelu Lukaku,FW,243,Soufiane Rahimi,0.6923357191096445
633,Romelu Lukaku,FW,166,Khalid Hassan Alhaydos,0.6911730374254387
633,Romelu Lukaku,FW,461,Gervane Zjandric Adonnis Kastaneer,0.6882788186516395
633,Romelu Lukaku,FW,155,Jovo Lukic,0.6872311350777408
633,Romelu Lukaku,FW,995,Marko Arnautovic,0.6851692183583604
634,Leandro Trossard,FW,189,Breel Donald Embolo,0.99667851351057
634,Leandro Trossard,FW,1155,Marcus Rashford,0.9904779181865345
634,Leandro Trossard,FW,564,Ayase Ueda,0.9767113596449307
634,Leandro Trossard,FW,357,Julio Cesar Enciso,0.967975689602635
634,Leandro Trossard,FW,842,Kylian Mbappe,0.9675526550115078
634,Leandro Trossard,FW,1151,Bukayo Ayoyinka Saka,0.9510405577001296
634,Leandro Trossard,FW,1162,Anthony Michael Gordon,0.9495482600886086
634,Leandro Trossard,FW,660,Hamed Mahrous Mohamed Salah,0.9486536477688393
634,Leandro Trossard,FW,215,José Vinicius,0.9418349444075941
634,Leandro Trossard,FW,1184,Ivan Perisic,0.9415802495874576
635,Jeremy Baffour Doku,FW,140,Ermedin Demirovic,0.9954384412803571
635,Jeremy Baffour Doku,FW,917,Alexander Sorloth,0.9954384412803571
635,Jeremy Baffour Doku,FW,121,Tajon Trevor Buchanan,0.9954384412803571
635,Jeremy Baffour Doku,FW,774,Isaac Ryan,0.9954384412803571
635,Jeremy Baffour Doku,FW,507,Enner Remberto Valencia,0.9954384412803571
635,Jeremy Baffour Doku,FW,503,John Yeboah,0.9954384412803571
635,Jeremy Baffour Doku,FW,1205,Jordan Pierre Ayew,0.9954384412803571
635,Jeremy Baffour Doku,FW,868,Sadio Mane,0.9738479502566534
635,Jeremy Baffour Doku,FW,930,Antonio Eromonsele Nordby Nusa,0.9696487578731376
635,Jeremy Baffour Doku,FW,1125,Luis Fernando Diaz,0.9694419097748844
636,Senne Lammens,GK,12,Carlos Acevedo,1.0
636,Senne Lammens,GK,64,Bumkeun Song,1.0
636,Senne Lammens,GK,48,Stuart Ricardo Goss,1.0
636,Senne Lammens,GK,42,Sipho Justin Chaine,1.0
636,Senne Lammens,GK,122,Owen Olamidayo Goodman,1.0
636,Senne Lammens,GK,101,Lukáš Hornicek,1.0
636,Senne Lammens,GK,94,Jind ř ich Stanek,1.0
636,Senne Lammens,GK,73,Hyeonwoo Jo,1.0
636,Senne Lammens,GK,220,Weverton Weverton,1.0
636,Senne Lammens,GK,231,Ederson Ederson,1.0
637,Mike Louis Penders,GK,12,Carlos Acevedo,1.0
637,Mike Louis Penders,GK,64,Bumkeun Song,1.0
637,Mike Louis Penders,GK,48,Stuart Ricardo Goss,1.0
637,Mike Louis Penders,GK,42,Sipho Justin Chaine,1.0
637,Mike Louis Penders,GK,122,Owen Olamidayo Goodman,1.0
637,Mike Louis Penders,GK,101,Lukáš Hornicek,1.0
637,Mike Louis Penders,GK,94,Jind ř ich Stanek,1.0
637,Mike Louis Penders,GK,73,Hyeonwoo Jo,1.0
637,Mike Louis Penders,GK,220,Weverton Weverton,1.0
637,Mike Louis Penders,GK,231,Ederson Ederson,1.0
638,Dodi Lukebakio,FW,1246,Azarías Emmanuel Londono,0.9999999999999997
638,Dodi Lukebakio,FW,10,Ernesto Alexis Vega,0.9999999999999997
638,Dodi Lukebakio,FW,14,Armando Gonzalez,0.9999999999999997
638,Dodi Lukebakio,FW,21,César Saúl Huerta,0.9999999999999997
638,Dodi Lukebakio,FW,97,Tomáš Chory,0.9999999999999997
638,Dodi Lukebakio,FW,91,Mojmír Chytil,0.9999999999999997
638,Dodi Lukebakio,FW,139,Samed Bazdar,0.9999999999999997
638,Dodi Lukebakio,FW,130,Jayden Nelson,0.9999999999999997
638,Dodi Lukebakio,FW,1144,Carlos Andrés Gomez,0.9999999999999997
638,Dodi Lukebakio,FW,1113,Igor Sergeev,0.9999999999999997
639,Thomas Andre Meunier,DF,877,Moussa Niakhate,0.9995335041236574
639,Thomas Andre Meunier,DF,1132,Gustavo Adolfo Puerta,0.9994831106994965
639,Thomas Andre Meunier,DF,314,Sergiño Gianni Dest,0.999040997826088
639,Thomas Andre Meunier,DF,915,David Møller Moller Wolfe,0.999040997826088
639,Thomas Andre Meunier,DF,135,Sead Kolasinac,0.998635673254417
639,Thomas Andre Meunier,DF,1092,Arthur Fuka Masuaku,0.9960532961346031
639,Thomas Andre Meunier,DF,996,David Alaba,0.9869032029294957
639,Thomas Andre Meunier,DF,1060,Pedro Joao Cancelo,0.9738521526844619
639,Thomas Andre Meunier,DF,2,Jorge Eduardo Sanchez,0.9606352494742892
639,Thomas Andre Meunier,DF,211,Gabriel Gabriel Magalhaes,0.9573702294459308
640,Koni De Winter,DF,1247,Roderick Alonso Miller,1.0
640,Koni De Winter,DF,1156,Trevoh Tom Chalobah,1.0
640,Koni De Winter,DF,1159,Daniel Johnson Burn,1.0
640,Koni De Winter,DF,1237,Eric Javier Davis,1.0
640,Koni De Winter,DF,805,Abdullatif Jehad Thikri,1.0
640,Koni De Winter,DF,808,José María Gimenez,1.0
640,Koni De Winter,DF,810,Ronald Federico Araujo,1.0
640,Koni De Winter,DF,28,Tholo Thabang Matuludi,1.0
640,Koni De Winter,DF,29,Khulumani Ndamane,1.0
640,Koni De Winter,DF,44,Samukele Alucious Kabini,1.0
641,Charles Marc De Ketelaere,FW,539,Brian Ebenezer Adjei Brobbey,0.9978901940484323
641,Charles Marc De Ketelaere,FW,487,Nicolas Pepe,0.9813055934346651
641,Charles Marc De Ketelaere,FW,1075,Kibambe Brian Cipenga,0.975563082508585
641,Charles Marc De Ketelaere,FW,1181,Ante Budimir,0.9750086068720178
641,Charles Marc De Ketelaere,FW,919,Erling Braut Haaland,0.9712652788776548
641,Charles Marc De Ketelaere,FW,902,Hussein Ghadhban Aymen,0.9688651635822323
641,Charles Marc De Ketelaere,FW,1196,Petar Musa,0.9671492706924083
641,Charles Marc De Ketelaere,FW,583,Anthony David Junior Elanga,0.9652750323701151
641,Charles Marc De Ketelaere,FW,278,Wilson Isidor,0.9613898257991051
641,Charles Marc De Ketelaere,FW,958,Lautaro Javier Martinez,0.9571523902193189
642,Joaquin Ronny Seys,DF,1247,Roderick Alonso Miller,1.0
642,Joaquin Ronny Seys,DF,1156,Trevoh Tom Chalobah,1.0
642,Joaquin Ronny Seys,DF,1159,Daniel Johnson Burn,1.0
642,Joaquin Ronny Seys,DF,1237,Eric Javier Davis,1.0
642,Joaquin Ronny Seys,DF,805,Abdullatif Jehad Thikri,1.0
642,Joaquin Ronny Seys,DF,808,José María Gimenez,1.0
642,Joaquin Ronny Seys,DF,810,Ronald Federico Araujo,1.0
642,Joaquin Ronny Seys,DF,28,Tholo Thabang Matuludi,1.0
642,Joaquin Ronny Seys,DF,29,Khulumani Ndamane,1.0
642,Joaquin Ronny Seys,DF,44,Samukele Alucious Kabini,1.0
643,Diego Manuel Moreira,MF,72,Hyunjun Yang,1.0
643,Diego Manuel Moreira,MF,69,Junho Bae,1.0
643,Diego Manuel Moreira,MF,77,Jisung Eom,1.0
643,Diego Manuel Moreira,MF,76,Jingyu Kim,1.0
643,Diego Manuel Moreira,MF,78,Donggyeong Lee,1.0
643,Diego Manuel Moreira,MF,103,Hugo Sochurek,1.0
643,Diego Manuel Moreira,MF,1160,Kobbie Boateng Mainoo,1.0
643,Diego Manuel Moreira,MF,1158,Jordan Brian Henderson,1.0
643,Diego Manuel Moreira,MF,125,Jonathan Osorio,1.0
643,Diego Manuel Moreira,MF,1177,Nikola Moro,1.0
644,Hans Vanaken,MF,560,Junya Ito,0.9999784440176691
644,Hans Vanaken,MF,820,Agustin Canobbio,0.9999439250674438
644,Hans Vanaken,MF,1183,Nikola Vlasic,0.9974761816245418
644,Hans Vanaken,MF,768,Deroy Deroy Duarte,0.9967727572760429
644,Hans Vanaken,MF,96,Michal Sadilek,0.9961166790833517
644,Hans Vanaken,MF,396,Orkun Kokcu,0.982098481097088
644,Hans Vanaken,MF,671,Saber Abdelmohsen Mahmoud,0.96603298797711
644,Hans Vanaken,MF,944,Valentin Barco,0.8852471042806174
644,Hans Vanaken,MF,202,Michel Aebischer,0.8852471042806174
644,Hans Vanaken,MF,1012,Paul Wanner,0.8852471042806174
645,Timothy Castagne,DF,74,Youngwoo Seol,0.9999999999999999
645,Timothy Castagne,DF,82,Robin Hranac,0.9999999999999999
645,Timothy Castagne,DF,15,Israel Reyes,0.9999999999999999
645,Timothy Castagne,DF,1173,Marin Pongracic,0.9999999999999999
645,Timothy Castagne,DF,1135,Johan Andrés Mojica,0.9999999999999999
645,Timothy Castagne,DF,108,Luc De Fougerolles,0.9999999999999999
645,Timothy Castagne,DF,1200,Jonas Adjei Adjetey,0.9999999999999999
645,Timothy Castagne,DF,1094,Abdukodir Khusanov,0.9999999999999999
645,Timothy Castagne,DF,207,Luca Antony Jaquez,0.9999999999999999
645,Timothy Castagne,DF,1105,Sherzod Nasrullaev,0.9999999999999999
646,Alexis Jesse Saelemaekers,MF,1035,Mahmoud Ahmed Nizar Alrashdan,1.0
646,Alexis Jesse Saelemaekers,MF,1199,Caleb Marfo Yirenkyi,0.9999781579284283
646,Alexis Jesse Saelemaekers,MF,684,Mohammad Mohebbi,0.9999607823687847
646,Alexis Jesse Saelemaekers,MF,557,Daizen Maeda,0.9999607823687847
646,Alexis Jesse Saelemaekers,MF,290,Mc,0.9999360096928095
646,Alexis Jesse Saelemaekers,MF,426,Jamal Musiala,0.9999270758979331
646,Alexis Jesse Saelemaekers,MF,450,Livano Shyron Liomar Comenencia,0.9997906206290667
646,Alexis Jesse Saelemaekers,MF,1114,Abbosbek Fayzullaev,0.9994823817492605
646,Alexis Jesse Saelemaekers,MF,372,Connor Isaac Metcalfe,0.9991624739597997
646,Alexis Jesse Saelemaekers,MF,242,Azz-Eddine Ounahi,0.9866709063156941
647,Nicolas Thierry Raskin,MF,528,Ryan Jiro Gravenberch,0.994924029062094
647,Nicolas Thierry Raskin,MF,228,Lucas Lucas Paqueta,0.9933974364493693
647,Nicolas Thierry Raskin,MF,992,Xaver Schlager,0.9926412602575068
647,Nicolas Thierry Raskin,MF,1022,Mahmoud Ali Noor Alrawabdeh,0.9910295161115388
647,Nicolas Thierry Raskin,MF,608,Hannibal Mejbri,0.9910295161115388
647,Nicolas Thierry Raskin,MF,71,Kangin Lee,0.9910295161115388
647,Nicolas Thierry Raskin,MF,1187,Petar Sucic,0.9879556164747941
647,Nicolas Thierry Raskin,MF,329,Malik Leon Tillman,0.9869028271657083
647,Nicolas Thierry Raskin,MF,216,GUIMARAESBruno Bruno,0.9861585673820671
647,Nicolas Thierry Raskin,MF,559,Keito Nakamura,0.985428020742041
648,Amadou Ba Onana,MF,1178,Mateo Kovacic,1.0
648,Amadou Ba Onana,MF,1099,Otabek Shukurov,1.0
648,Amadou Ba Onana,MF,144,Ivan Sunjic,1.0
648,Amadou Ba Onana,MF,293,Mc,1.0
648,Amadou Ba Onana,MF,270,Jean Ricner Bellegarde,1.0
648,Amadou Ba Onana,MF,197,Djibril Ibrahima Sow,1.0
648,Amadou Ba Onana,MF,305,Lewis Ferguson,1.0
648,Amadou Ba Onana,MF,1072,Ngal’ayel Mukau,1.0
648,Amadou Ba Onana,MF,449,Juninho Gracielo Bacuna,1.0
648,Amadou Ba Onana,MF,452,Leandro Jones Johan Bacuna,1.0
649,Nathan Ngoy,DF,497,Piero Martin Hincapie,0.9999011288162702
649,Nathan Ngoy,DF,1170,Jarell Amorin Quansah,0.9989024673150644
649,Nathan Ngoy,DF,134,Tarik Muharemovic,0.986504104605075
649,Nathan Ngoy,DF,170,Elamin Homam,0.9648632799383173
649,Nathan Ngoy,DF,3,César Jasib Montes,0.9647903559121356
649,Nathan Ngoy,DF,886,Ghareeb Solaka Rebin Sulaka,0.9520255684172236
649,Nathan Ngoy,DF,837,Jules Olivier Kounde,0.2235221388007178
649,Nathan Ngoy,DF,1150,Keaninkin Marc-Isreal Guehi,0.21447988571814078
649,Nathan Ngoy,DF,187,Manuel Obafemi Akanji,0.21447988571814078
649,Nathan Ngoy,DF,252,Chadi Riad,0.21447988571814078
650,Matias Fernandez-Pardo,FW,93,Pavel Sulc,1.0000000000000002
650,Matias Fernandez-Pardo,FW,88,Patrik Schick,1.0000000000000002
650,Matias Fernandez-Pardo,FW,124,Ali Ahmed,1.0000000000000002
650,Matias Fernandez-Pardo,FW,116,Tanitoluwa Oluwatimilehin Oluwaseyi,1.0000000000000002
650,Matias Fernandez-Pardo,FW,1127,Jhon Andrés Cordoba,1.0000000000000002
650,Matias Fernandez-Pardo,FW,171,Abdurisag Yusuf Abdurisag,1.0000000000000002
650,Matias Fernandez-Pardo,FW,150,Esmir Bajraktarevic,1.0000000000000002
650,Matias Fernandez-Pardo,FW,1051,João Joao Felix,1.0000000000000002
650,Matias Fernandez-Pardo,FW,827,Federico Sebastian Vinas,1.0000000000000002
650,Matias Fernandez-Pardo,FW,296,Che Sac Everton Fred Adams,1.0000000000000002
651,Elsayed Mohamed Mohamed Elshenawy,GK,1157,Dean Bradley Henderson,0.9890468064187751
651,Elsayed Mohamed Mohamed Elshenawy,GK,923,Egil Selvik,0.9859085595295178
651,Elsayed Mohamed Mohamed Elshenawy,GK,599,Abdelmouhib Chamakh,0.9780069004940087
651,Elsayed Mohamed Mohamed Elshenawy,GK,1036,Ra'ed Mahmoud Abdallah Alfakhori,0.9708430071416394
651,Elsayed Mohamed Mohamed Elshenawy,GK,874,Edouard Osoque Mendy,0.9693318718228293
651,Elsayed Mohamed Mohamed Elshenawy,GK,906,Basil Fadhil Ahmed,0.9681028782451185
651,Elsayed Mohamed Mohamed Elshenawy,GK,595,Bo Kristoffer Nordfeldt,0.9637724126959913
651,Elsayed Mohamed Mohamed Elshenawy,GK,896,Hasan Hachim Jalal Hassan,0.9421498677386428
651,Elsayed Mohamed Mohamed Elshenawy,GK,614,Aymen Dahmen,0.9403710827561155
651,Elsayed Mohamed Mohamed Elshenawy,GK,157,Ibrahim Mahmoud Abunada,0.8718759977440518
652,Ahmed Ibrahim Yasser,DF,248,Issa Laye Lucas Jean Diop,0.9967133372619382
652,Ahmed Ibrahim Yasser,DF,1120,Daniel Munoz,0.99670244090156
652,Ahmed Ibrahim Yasser,DF,767,CABRALSidny Sidny Lopes,0.9957987714968918
652,Ahmed Ibrahim Yasser,DF,20,Mateo Chavez,0.9946208545856926
652,Ahmed Ibrahim Yasser,DF,718,Finn Surman,0.9946208545856926
652,Ahmed Ibrahim Yasser,DF,784,Ali Abdulelah Alamri,0.9920380488762661
652,Ahmed Ibrahim Yasser,DF,979,Rafik Belghali,0.9875769592709678
652,Ahmed Ibrahim Yasser,DF,526,Paul Jan-Paul Van Hecke,0.9750140313216356
652,Ahmed Ibrahim Yasser,DF,524,Virgil Van Dijk,0.9750140313216356
652,Ahmed Ibrahim Yasser,DF,926,Marcus Holmgren Holmgren Pedersen,0.9614571695873807
653,Hany Gamal Mohamed Hany,DF,742,Aymeric Laporte,0.9997850465156551
653,Hany Gamal Mohamed Hany,DF,211,Gabriel Gabriel Magalhaes,0.9995476139370782
653,Hany Gamal Mohamed Hany,DF,2,Jorge Eduardo Sanchez,0.9991222579365207
653,Hany Gamal Mohamed Hany,DF,195,Ricardo Ivan Rodriguez,0.9897809566732495
653,Hany Gamal Mohamed Hany,DF,752,Marc Cucurella,0.9885802925573939
653,Hany Gamal Mohamed Hany,DF,836,Dayotchanculle Oswald Upamecano,0.9682638366067982
653,Hany Gamal Mohamed Hany,DF,877,Moussa Niakhate,0.9573995043356358
653,Hany Gamal Mohamed Hany,DF,639,Thomas Andre Meunier,0.9484595947191681
653,Hany Gamal Mohamed Hany,DF,1132,Gustavo Adolfo Puerta,0.9380933346657748
653,Hany Gamal Mohamed Hany,DF,314,Sergiño Gianni Dest,0.934099329109392
654,Abdelmegeed Abdelsalam Hossam Abdelmaguid,DF,1247,Roderick Alonso Miller,1.0
654,Abdelmegeed Abdelsalam Hossam Abdelmaguid,DF,1156,Trevoh Tom Chalobah,1.0
654,Abdelmegeed Abdelsalam Hossam Abdelmaguid,DF,1159,Daniel Johnson Burn,1.0
654,Abdelmegeed Abdelsalam Hossam Abdelmaguid,DF,1237,Eric Javier Davis,1.0
654,Abdelmegeed Abdelsalam Hossam Abdelmaguid,DF,805,Abdullatif Jehad Thikri,1.0
654,Abdelmegeed Abdelsalam Hossam Abdelmaguid,DF,808,José María Gimenez,1.0
654,Abdelmegeed Abdelsalam Hossam Abdelmaguid,DF,810,Ronald Federico Araujo,1.0
654,Abdelmegeed Abdelsalam Hossam Abdelmaguid,DF,28,Tholo Thabang Matuludi,1.0
654,Abdelmegeed Abdelsalam Hossam Abdelmaguid,DF,29,Khulumani Ndamane,1.0
654,Abdelmegeed Abdelsalam Hossam Abdelmaguid,DF,44,Samukele Alucious Kabini,1.0
655,Abdelaziz Moustafa Ramy Rabia,DF,74,Youngwoo Seol,0.9999999999999999
655,Abdelaziz Moustafa Ramy Rabia,DF,82,Robin Hranac,0.9999999999999999
655,Abdelaziz Moustafa Ramy Rabia,DF,15,Israel Reyes,0.9999999999999999
655,Abdelaziz Moustafa Ramy Rabia,DF,1173,Marin Pongracic,0.9999999999999999
655,Abdelaziz Moustafa Ramy Rabia,DF,1135,Johan Andrés Mojica,0.9999999999999999
655,Abdelaziz Moustafa Ramy Rabia,DF,108,Luc De Fougerolles,0.9999999999999999
655,Abdelaziz Moustafa Ramy Rabia,DF,1200,Jonas Adjei Adjetey,0.9999999999999999
655,Abdelaziz Moustafa Ramy Rabia,DF,1094,Abdukodir Khusanov,0.9999999999999999
655,Abdelaziz Moustafa Ramy Rabia,DF,207,Luca Antony Jaquez,0.9999999999999999
655,Abdelaziz Moustafa Ramy Rabia,DF,1105,Sherzod Nasrullaev,0.9999999999999999
656,Abdelmoneim Elsayed Mohamed,DF,65,Taeseok Lee,1.0000000000000002
656,Abdelmoneim Elsayed Mohamed,DF,81,Tomáš Holes,1.0000000000000002
656,Abdelmoneim Elsayed Mohamed,DF,1174,Joško Gvardiol,1.0000000000000002
656,Abdelmoneim Elsayed Mohamed,DF,1149,John Stones,1.0000000000000002
656,Abdelmoneim Elsayed Mohamed,DF,1110,Abdulla Abdullaev,1.0000000000000002
656,Abdelmoneim Elsayed Mohamed,DF,1116,Behruzjon Karimov,1.0000000000000002
656,Abdelmoneim Elsayed Mohamed,DF,119,Moïse Bombito Bombito,1.0000000000000002
656,Abdelmoneim Elsayed Mohamed,DF,1140,Deiver Machado,1.0000000000000002
656,Abdelmoneim Elsayed Mohamed,DF,1069,Steve Nkanu Kapuadi,1.0000000000000002
656,Abdelmoneim Elsayed Mohamed,DF,861,Kalidou Koulibaly,1.0000000000000002
657,Ahmed Ibrahim Trezeguet,FW,230,MARTINELLIGabriel Gabriel,0.9999160137002437
657,Ahmed Ibrahim Trezeguet,FW,878,Ibrahim Mbaye,0.9990297538475965
657,Ahmed Ibrahim Trezeguet,FW,70,Hyeongyu Oh,0.9977111398554288
657,Ahmed Ibrahim Trezeguet,FW,1049,RAMOSGonçalo Goncalo,0.9964728748277708
657,Ahmed Ibrahim Trezeguet,FW,607,Hazem Mastouri,0.9773817065844639
657,Ahmed Ibrahim Trezeguet,FW,243,Soufiane Rahimi,0.9684024096461062
657,Ahmed Ibrahim Trezeguet,FW,974,Ahmed Nadhir Benbouali,0.967856700835002
657,Ahmed Ibrahim Trezeguet,FW,1002,Saša Kalajdzic,0.9669708581411169
657,Ahmed Ibrahim Trezeguet,FW,995,Marko Arnautovic,0.9621964022196977
657,Ahmed Ibrahim Trezeguet,FW,1085,Mayele Fiston Mayele,0.9619369306244051
658,Ashour Metwaly Emam,MF,561,Daichi Kamada,0.9999793068872337
658,Ashour Metwaly Emam,MF,590,Yasin Ayari,0.9999350876372725
658,Ashour Metwaly Emam,MF,632,Youri Marion Tielemans,0.999476426436863
658,Ashour Metwaly Emam,MF,1006,Romano Schmid,0.996965741465475
658,Ashour Metwaly Emam,MF,631,Kevin De Bruyne,0.9958392724219723
658,Ashour Metwaly Emam,MF,1186,Martin Baturina,0.9951340818814518
658,Ashour Metwaly Emam,MF,435,Leroy Aziz Sane,0.9950164255386552
658,Ashour Metwaly Emam,MF,476,Franck Yannick Kessie,0.9944776639641414
658,Ashour Metwaly Emam,MF,760,Lenini Kevin Pina,0.9943955971588887
658,Ashour Metwaly Emam,MF,997,Marcel Sabitzer,0.9941278289317484
659,Mohamed Abdelkarim Hamza,FW,1240,Cecilio Alfonso Waterman,0.9999999999999998
659,Mohamed Abdelkarim Hamza,FW,1239,Jose Fajardo,0.9999999999999998
659,Mohamed Abdelkarim Hamza,FW,104,Denis Visinsky,0.9999999999999998
659,Mohamed Abdelkarim Hamza,FW,1027,Nayef Ahmad Mahmoud Almardi,0.9999999999999998
659,Mohamed Abdelkarim Hamza,FW,973,Anis Hadj Moussa,0.9999999999999998
659,Mohamed Abdelkarim Hamza,FW,1066,Francisco Francisco Conceicao,0.9999999999999998
659,Mohamed Abdelkarim Hamza,FW,1038,Ahmad Ali Ali Azaizeh,0.9999999999999998
659,Mohamed Abdelkarim Hamza,FW,921,Jørgen Strand Strand Larsen,0.9999999999999998
659,Mohamed Abdelkarim Hamza,FW,763,BENCHIMOLGilson Gilson,0.9999999999999998
659,Mohamed Abdelkarim Hamza,FW,271,Don Deedson Deedson,0.9999999999999998
660,Hamed Mahrous Mohamed Salah,FW,1162,Anthony Michael Gordon,0.9999592037784284
660,Hamed Mahrous Mohamed Salah,FW,357,Julio Cesar Enciso,0.9952376558511868
660,Hamed Mahrous Mohamed Salah,FW,843,Michael Akpovie Olise,0.9945990279032199
660,Hamed Mahrous Mohamed Salah,FW,244,Brahim Diaz,0.9885807377448766
660,Hamed Mahrous Mohamed Salah,FW,581,Alexander Isak,0.9741676226753275
660,Hamed Mahrous Mohamed Salah,FW,738,Daniel Olmo,0.9714557864889595
660,Hamed Mahrous Mohamed Salah,FW,589,Viktor Einar Gyokeres,0.9671758711180215
660,Hamed Mahrous Mohamed Salah,FW,1184,Ivan Perisic,0.9671758711180215
660,Hamed Mahrous Mohamed Salah,FW,1125,Luis Fernando Diaz,0.9494892225981494
660,Hamed Mahrous Mohamed Salah,FW,634,Leandro Trossard,0.9486536477688393
661,Mohamed Zaky Mostafa Zico,MF,1148,Declan Rice,0.9960242197252643
661,Mohamed Zaky Mostafa Zico,MF,1063,Vitor Vitinha,0.9944924343072993
661,Mohamed Zaky Mostafa Zico,MF,361,Matias Galarza,0.9860503779868643
661,Mohamed Zaky Mostafa Zico,MF,6,Erik Antonio Lira,0.9845904814155968
661,Mohamed Zaky Mostafa Zico,MF,1161,Morgan Elliot Rogers,0.9809711476377075
661,Mohamed Zaky Mostafa Zico,MF,517,Moisés Isaac Caicedo,0.9704359171705566
661,Mohamed Zaky Mostafa Zico,MF,509,Pedro Jeampierre Vite,0.9704359171705566
661,Mohamed Zaky Mostafa Zico,MF,846,Adrien Thibault Marie Rabiot,0.9704359171705566
661,Mohamed Zaky Mostafa Zico,MF,1207,Antoine Serlom Semenyo,0.9704359171705566
661,Mohamed Zaky Mostafa Zico,MF,840,Aurélien Djani Tchouameni,0.9679837427507726
662,Yousry Fouad Haissem Hassan,FW,745,Nicholas Williams,0.9986569255940244
662,Yousry Fouad Haissem Hassan,FW,530,Memphis Depay,0.9742822494519595
662,Yousry Fouad Haissem Hassan,FW,1079,Meschack Lina Elia,0.9610351061501871
662,Yousry Fouad Haissem Hassan,FW,565,Koki Ogawa,0.9521796271596984
662,Yousry Fouad Haissem Hassan,FW,1220,Ernest Nuamah Nuamah,0.9503065039598267
662,Yousry Fouad Haissem Hassan,FW,957,Jose Manuel Alberto Lopez,0.9474047238668093
662,Yousry Fouad Haissem Hassan,FW,416,Can Yılmaz Uzun,0.9424010382337424
662,Yousry Fouad Haissem Hassan,FW,34,Tshepang Moremi,0.9317182460623813
662,Yousry Fouad Haissem Hassan,FW,1137,Juan Camilo Hernandez,0.8583444512269883
662,Yousry Fouad Haissem Hassan,FW,25,Roberto Carlos Alvarado,0.7670007034646048
663,Mohamed Aboelfetouh Ahmed Fatouh,DF,1168,Reece Lewis James,1.0
663,Mohamed Aboelfetouh Ahmed Fatouh,DF,117,Derek Austin Cornelius,1.0
663,Mohamed Aboelfetouh Ahmed Fatouh,DF,1210,Gideon Mensah,1.0
663,Mohamed Aboelfetouh Ahmed Fatouh,DF,1176,Josip Sutalo,1.0
663,Mohamed Aboelfetouh Ahmed Fatouh,DF,1141,Davinson Sanchez,1.0
663,Mohamed Aboelfetouh Ahmed Fatouh,DF,186,Nico Elvedi,1.0
663,Mohamed Aboelfetouh Ahmed Fatouh,DF,148,Nikola Katic,1.0
663,Mohamed Aboelfetouh Ahmed Fatouh,DF,126,Richmond Mamah Laryea,1.0
663,Mohamed Aboelfetouh Ahmed Fatouh,DF,1068,Wan Wan-Bissaka,1.0
663,Mohamed Aboelfetouh Ahmed Fatouh,DF,1070,Axel Tuanzebe,1.0
664,Fathy Abdelhalim Hamdy Fathy,MF,1128,James David Rodriguez,1.0
664,Fathy Abdelhalim Hamdy Fathy,MF,190,Remo Marco Freuler,1.0
664,Fathy Abdelhalim Hamdy Fathy,MF,188,Denis Lemi Zakaria,1.0
664,Fathy Abdelhalim Hamdy Fathy,MF,1074,Samuel Alain Moutoussamy,1.0
664,Fathy Abdelhalim Hamdy Fathy,MF,258,Neil Yoni El Aynaoui,1.0
664,Fathy Abdelhalim Hamdy Fathy,MF,352,Adrián Andrés Cubas,1.0
664,Fathy Abdelhalim Hamdy Fathy,MF,316,Tyler Shaan Adams,1.0
664,Fathy Abdelhalim Hamdy Fathy,MF,515,Alan Steven Franco,1.0
664,Fathy Abdelhalim Hamdy Fathy,MF,421,Aleksandar Pavlovic,1.0
664,Fathy Abdelhalim Hamdy Fathy,MF,924,Fredrik Aursnes,1.0
665,Hafez Ramadan Karim Hafez,DF,1248,Jorge Abdiel Gutierrez,1.0
665,Hafez Ramadan Karim Hafez,DF,1226,Fidel Escobar,1.0
665,Hafez Ramadan Karim Hafez,DF,1192,Luka Vuskovic,1.0
665,Hafez Ramadan Karim Hafez,DF,107,Alfie Charles Jones,1.0
665,Hafez Ramadan Karim Hafez,DF,123,Alphonso Boyle Davies,1.0
665,Hafez Ramadan Karim Hafez,DF,679,Ehsan Hajisafi,1.0
665,Hafez Ramadan Karim Hafez,DF,693,Arya Yousefi,1.0
665,Hafez Ramadan Karim Hafez,DF,706,Tyler Grant Bindon,1.0
665,Hafez Ramadan Karim Hafez,DF,783,Mohammed Ali Lajami,1.0
665,Hafez Ramadan Karim Hafez,DF,793,Meshari Nawaf Bu Washl,1.0
666,Mohamed Soliman Mahdy Soliman,GK,12,Carlos Acevedo,1.0
666,Mohamed Soliman Mahdy Soliman,GK,64,Bumkeun Song,1.0
666,Mohamed Soliman Mahdy Soliman,GK,48,Stuart Ricardo Goss,1.0
666,Mohamed Soliman Mahdy Soliman,GK,42,Sipho Justin Chaine,1.0
666,Mohamed Soliman Mahdy Soliman,GK,122,Owen Olamidayo Goodman,1.0
666,Mohamed Soliman Mahdy Soliman,GK,101,Lukáš Hornicek,1.0
666,Mohamed Soliman Mahdy Soliman,GK,94,Jind ř ich Stanek,1.0
666,Mohamed Soliman Mahdy Soliman,GK,73,Hyeonwoo Jo,1.0
666,Mohamed Soliman Mahdy Soliman,GK,220,Weverton Weverton,1.0
666,Mohamed Soliman Mahdy Soliman,GK,231,Ederson Ederson,1.0
667,Mostafa Ahmed Mohanad Lashin,MF,1178,Mateo Kovacic,1.0
667,Mostafa Ahmed Mohanad Lashin,MF,1099,Otabek Shukurov,1.0
667,Mostafa Ahmed Mohanad Lashin,MF,144,Ivan Sunjic,1.0
667,Mostafa Ahmed Mohanad Lashin,MF,293,Mc,1.0
667,Mostafa Ahmed Mohanad Lashin,MF,270,Jean Ricner Bellegarde,1.0
667,Mostafa Ahmed Mohanad Lashin,MF,197,Djibril Ibrahima Sow,1.0
667,Mostafa Ahmed Mohanad Lashin,MF,305,Lewis Ferguson,1.0
667,Mostafa Ahmed Mohanad Lashin,MF,1072,Ngal’ayel Mukau,1.0
667,Mostafa Ahmed Mohanad Lashin,MF,449,Juninho Gracielo Bacuna,1.0
667,Mostafa Ahmed Mohanad Lashin,MF,452,Leandro Jones Johan Bacuna,1.0
668,Aly Elmahdy Nabil,MF,63,Hee Chan Hwang,0.9999999999999999
668,Aly Elmahdy Nabil,MF,86,Vladimír Darida,0.9999999999999999
668,Aly Elmahdy Nabil,MF,100,Tomáš Soucek,0.9999999999999999
668,Aly Elmahdy Nabil,MF,95,Lukáš Provod,0.9999999999999999
668,Aly Elmahdy Nabil,MF,110,Mathieu Choiniere,0.9999999999999999
668,Aly Elmahdy Nabil,MF,1133,Juan Camilo Portilla,0.9999999999999999
668,Aly Elmahdy Nabil,MF,118,Jacob Everett Shaffelburg,0.9999999999999999
668,Aly Elmahdy Nabil,MF,1185,Mario Pasalic,0.9999999999999999
668,Aly Elmahdy Nabil,MF,138,Armin Gigovic,0.9999999999999999
668,Aly Elmahdy Nabil,MF,1103,Oston Urunov,0.9999999999999999
669,Attia Fahim Marawan Attia,MF,1178,Mateo Kovacic,1.0
669,Attia Fahim Marawan Attia,MF,1099,Otabek Shukurov,1.0
669,Attia Fahim Marawan Attia,MF,144,Ivan Sunjic,1.0
669,Attia Fahim Marawan Attia,MF,293,Mc,1.0
669,Attia Fahim Marawan Attia,MF,270,Jean Ricner Bellegarde,1.0
669,Attia Fahim Marawan Attia,MF,197,Djibril Ibrahima Sow,1.0
669,Attia Fahim Marawan Attia,MF,305,Lewis Ferguson,1.0
669,Attia Fahim Marawan Attia,MF,1072,Ngal’ayel Mukau,1.0
669,Attia Fahim Marawan Attia,MF,449,Juninho Gracielo Bacuna,1.0
669,Attia Fahim Marawan Attia,MF,452,Leandro Jones Johan Bacuna,1.0
670,Adel Aly Mohamed Ibrahim,FW,1246,Azarías Emmanuel Londono,0.9999999999999997
670,Adel Aly Mohamed Ibrahim,FW,10,Ernesto Alexis Vega,0.9999999999999997
670,Adel Aly Mohamed Ibrahim,FW,14,Armando Gonzalez,0.9999999999999997
670,Adel Aly Mohamed Ibrahim,FW,21,César Saúl Huerta,0.9999999999999997
670,Adel Aly Mohamed Ibrahim,FW,97,Tomáš Chory,0.9999999999999997
670,Adel Aly Mohamed Ibrahim,FW,91,Mojmír Chytil,0.9999999999999997
670,Adel Aly Mohamed Ibrahim,FW,139,Samed Bazdar,0.9999999999999997
670,Adel Aly Mohamed Ibrahim,FW,130,Jayden Nelson,0.9999999999999997
670,Adel Aly Mohamed Ibrahim,FW,1144,Carlos Andrés Gomez,0.9999999999999997
670,Adel Aly Mohamed Ibrahim,FW,1113,Igor Sergeev,0.9999999999999997
671,Saber Abdelmohsen Mahmoud,MF,396,Orkun Kokcu,0.9974174070540862
671,Saber Abdelmohsen Mahmoud,MF,96,Michal Sadilek,0.9850335245347784
671,Saber Abdelmohsen Mahmoud,MF,1183,Nikola Vlasic,0.981943115650264
671,Saber Abdelmohsen Mahmoud,MF,560,Junya Ito,0.9677089250552676
671,Saber Abdelmohsen Mahmoud,MF,644,Hans Vanaken,0.96603298797711
671,Saber Abdelmohsen Mahmoud,MF,820,Agustin Canobbio,0.9632421796852774
671,Saber Abdelmohsen Mahmoud,MF,768,Deroy Deroy Duarte,0.942170805923885
671,Saber Abdelmohsen Mahmoud,MF,879,Habib Mbacke Diarra,0.9147848541731187
671,Saber Abdelmohsen Mahmoud,MF,944,Valentin Barco,0.7349818981402723
671,Saber Abdelmohsen Mahmoud,MF,1012,Paul Wanner,0.7349818981402723
672,Mohamed Abdelsalam Omar,FW,11,Santiago Tomás Gimenez,1.0000000000000002
672,Mohamed Abdelsalam Omar,FW,141,Edin Dzeko,1.0000000000000002
672,Mohamed Abdelsalam Omar,FW,167,Hassan Akram,1.0000000000000002
672,Mohamed Abdelsalam Omar,FW,1083,Cedric Bakambu,1.0000000000000002
672,Mohamed Abdelsalam Omar,FW,275,Ruben Fritzner Providence,1.0000000000000002
672,Mohamed Abdelsalam Omar,FW,954,Nicolas Paz,1.0000000000000002
672,Mohamed Abdelsalam Omar,FW,936,Julian Ryerson,1.0000000000000002
672,Mohamed Abdelsalam Omar,FW,952,Thiago Ezequiel Almada,1.0000000000000002
672,Mohamed Abdelsalam Omar,FW,477,Ange-Yoan Laurent Bonny,1.0000000000000002
672,Mohamed Abdelsalam Omar,FW,451,Jürgen Leonardo Locadia,1.0000000000000002
673,Abdelaziz Mohame Mostafa,GK,417,Manuel Peter Neuer,0.9838370448897066
673,Abdelaziz Mohame Mostafa,GK,53,Seunggyu Kim,0.9706963997738046
673,Abdelaziz Mohame Mostafa,GK,1244,Orlando Mosquera,0.9531842409659693
673,Abdelaziz Mohame Mostafa,GK,521,Bart Verbruggen,0.942722259268406
673,Abdelaziz Mohame Mostafa,GK,1067,Lionel Nzau Mpasi,0.8861085045453662
673,Abdelaziz Mohame Mostafa,GK,625,Thibaut Nicolas Courtois,0.8637038190613339
673,Abdelaziz Mohame Mostafa,GK,911,Ørjan Haskjold Nyland,0.8408533019862939
673,Abdelaziz Mohame Mostafa,GK,413,Ugurcan Cakir,0.835840468446392
673,Abdelaziz Mohame Mostafa,GK,959,Damián Emiliano Martinez,0.80701568925192
673,Abdelaziz Mohame Mostafa,GK,1145,Jordan Lee Pickford,0.7586864356297855
674,Abdelghaffar Abdel Tarek Alaa,DF,1247,Roderick Alonso Miller,1.0
674,Abdelghaffar Abdel Tarek Alaa,DF,1156,Trevoh Tom Chalobah,1.0
674,Abdelghaffar Abdel Tarek Alaa,DF,1159,Daniel Johnson Burn,1.0
674,Abdelghaffar Abdel Tarek Alaa,DF,1237,Eric Javier Davis,1.0
674,Abdelghaffar Abdel Tarek Alaa,DF,805,Abdullatif Jehad Thikri,1.0
674,Abdelghaffar Abdel Tarek Alaa,DF,808,José María Gimenez,1.0
674,Abdelghaffar Abdel Tarek Alaa,DF,810,Ronald Federico Araujo,1.0
674,Abdelghaffar Abdel Tarek Alaa,DF,28,Tholo Thabang Matuludi,1.0
674,Abdelghaffar Abdel Tarek Alaa,DF,29,Khulumani Ndamane,1.0
674,Abdelghaffar Abdel Tarek Alaa,DF,44,Samukele Alucious Kabini,1.0
675,Mostafa Mohamed Zizo,FW,1246,Azarías Emmanuel Londono,0.9999999999999997
675,Mostafa Mohamed Zizo,FW,10,Ernesto Alexis Vega,0.9999999999999997
675,Mostafa Mohamed Zizo,FW,14,Armando Gonzalez,0.9999999999999997
675,Mostafa Mohamed Zizo,FW,21,César Saúl Huerta,0.9999999999999997
675,Mostafa Mohamed Zizo,FW,97,Tomáš Chory,0.9999999999999997
675,Mostafa Mohamed Zizo,FW,91,Mojmír Chytil,0.9999999999999997
675,Mostafa Mohamed Zizo,FW,139,Samed Bazdar,0.9999999999999997
675,Mostafa Mohamed Zizo,FW,130,Jayden Nelson,0.9999999999999997
675,Mostafa Mohamed Zizo,FW,1144,Carlos Andrés Gomez,0.9999999999999997
675,Mostafa Mohamed Zizo,FW,1113,Igor Sergeev,0.9999999999999997
676,Alaaeldin Soliman Mohamed Alaa,GK,12,Carlos Acevedo,1.0
676,Alaaeldin Soliman Mohamed Alaa,GK,64,Bumkeun Song,1.0
676,Alaaeldin Soliman Mohamed Alaa,GK,48,Stuart Ricardo Goss,1.0
676,Alaaeldin Soliman Mohamed Alaa,GK,42,Sipho Justin Chaine,1.0
676,Alaaeldin Soliman Mohamed Alaa,GK,122,Owen Olamidayo Goodman,1.0
676,Alaaeldin Soliman Mohamed Alaa,GK,101,Lukáš Hornicek,1.0
676,Alaaeldin Soliman Mohamed Alaa,GK,94,Jind ř ich Stanek,1.0
676,Alaaeldin Soliman Mohamed Alaa,GK,73,Hyeonwoo Jo,1.0
676,Alaaeldin Soliman Mohamed Alaa,GK,220,Weverton Weverton,1.0
676,Alaaeldin Soliman Mohamed Alaa,GK,231,Ederson Ederson,1.0
677,Ali Reza Beiranvand,GK,755,José Vozinha,0.9685046525308296
677,Ali Reza Beiranvand,GK,495,Hernán Ismael Galindez,0.9604391446497029
677,Ali Reza Beiranvand,GK,1197,Lawrence Ati Zigi,0.952961125910778
677,Ali Reza Beiranvand,GK,350,Orlando Daniel Gill,0.9463980416082682
677,Ali Reza Beiranvand,GK,801,Khalil Mohammed Alowais,0.9433483001579676
677,Ali Reza Beiranvand,GK,27,Ronwen Hayden Williams,0.8859921263522316
677,Ali Reza Beiranvand,GK,1041,Diogo Diogo Costa,0.8615811826809853
677,Ali Reza Beiranvand,GK,443,Eloy Victor Room,0.7666240775933103
677,Ali Reza Beiranvand,GK,287,Angus Fraser James Gunn,0.7112171515212155
677,Ali Reza Beiranvand,GK,573,Jacob Mikael Widell Zetterstrom,0.6304266083712319
678,Saleh Hardani,DF,1248,Jorge Abdiel Gutierrez,1.0
678,Saleh Hardani,DF,1226,Fidel Escobar,1.0
678,Saleh Hardani,DF,1192,Luka Vuskovic,1.0
678,Saleh Hardani,DF,107,Alfie Charles Jones,1.0
678,Saleh Hardani,DF,123,Alphonso Boyle Davies,1.0
678,Saleh Hardani,DF,679,Ehsan Hajisafi,1.0
678,Saleh Hardani,DF,693,Arya Yousefi,1.0
678,Saleh Hardani,DF,706,Tyler Grant Bindon,1.0
678,Saleh Hardani,DF,665,Hafez Ramadan Karim Hafez,1.0
678,Saleh Hardani,DF,783,Mohammed Ali Lajami,1.0
679,Ehsan Hajisafi,DF,1248,Jorge Abdiel Gutierrez,1.0
679,Ehsan Hajisafi,DF,1226,Fidel Escobar,1.0
679,Ehsan Hajisafi,DF,1192,Luka Vuskovic,1.0
679,Ehsan Hajisafi,DF,107,Alfie Charles Jones,1.0
679,Ehsan Hajisafi,DF,123,Alphonso Boyle Davies,1.0
679,Ehsan Hajisafi,DF,693,Arya Yousefi,1.0
679,Ehsan Hajisafi,DF,706,Tyler Grant Bindon,1.0
679,Ehsan Hajisafi,DF,665,Hafez Ramadan Karim Hafez,1.0
679,Ehsan Hajisafi,DF,783,Mohammed Ali Lajami,1.0
679,Ehsan Hajisafi,DF,793,Meshari Nawaf Bu Washl,1.0
680,Shojae Khalilzadeh,DF,74,Youngwoo Seol,0.9999999999999999
680,Shojae Khalilzadeh,DF,82,Robin Hranac,0.9999999999999999
680,Shojae Khalilzadeh,DF,15,Israel Reyes,0.9999999999999999
680,Shojae Khalilzadeh,DF,1173,Marin Pongracic,0.9999999999999999
680,Shojae Khalilzadeh,DF,1135,Johan Andrés Mojica,0.9999999999999999
680,Shojae Khalilzadeh,DF,108,Luc De Fougerolles,0.9999999999999999
680,Shojae Khalilzadeh,DF,1200,Jonas Adjei Adjetey,0.9999999999999999
680,Shojae Khalilzadeh,DF,1094,Abdukodir Khusanov,0.9999999999999999
680,Shojae Khalilzadeh,DF,207,Luca Antony Jaquez,0.9999999999999999
680,Shojae Khalilzadeh,DF,1105,Sherzod Nasrullaev,0.9999999999999999
681,Milad Mohammadi,DF,65,Taeseok Lee,1.0000000000000002
681,Milad Mohammadi,DF,81,Tomáš Holes,1.0000000000000002
681,Milad Mohammadi,DF,1174,Joško Gvardiol,1.0000000000000002
681,Milad Mohammadi,DF,1149,John Stones,1.0000000000000002
681,Milad Mohammadi,DF,1110,Abdulla Abdullaev,1.0000000000000002
681,Milad Mohammadi,DF,1116,Behruzjon Karimov,1.0000000000000002
681,Milad Mohammadi,DF,119,Moïse Bombito Bombito,1.0000000000000002
681,Milad Mohammadi,DF,1140,Deiver Machado,1.0000000000000002
681,Milad Mohammadi,DF,1069,Steve Nkanu Kapuadi,1.0000000000000002
681,Milad Mohammadi,DF,861,Kalidou Koulibaly,1.0000000000000002
682,Saeid Ezatolahi,MF,1178,Mateo Kovacic,1.0
682,Saeid Ezatolahi,MF,1099,Otabek Shukurov,1.0
682,Saeid Ezatolahi,MF,144,Ivan Sunjic,1.0
682,Saeid Ezatolahi,MF,293,Mc,1.0
682,Saeid Ezatolahi,MF,270,Jean Ricner Bellegarde,1.0
682,Saeid Ezatolahi,MF,197,Djibril Ibrahima Sow,1.0
682,Saeid Ezatolahi,MF,305,Lewis Ferguson,1.0
682,Saeid Ezatolahi,MF,1072,Ngal’ayel Mukau,1.0
682,Saeid Ezatolahi,MF,449,Juninho Gracielo Bacuna,1.0
682,Saeid Ezatolahi,MF,452,Leandro Jones Johan Bacuna,1.0
683,Alireza Jahanbakhsh,MF,72,Hyunjun Yang,1.0
683,Alireza Jahanbakhsh,MF,69,Junho Bae,1.0
683,Alireza Jahanbakhsh,MF,77,Jisung Eom,1.0
683,Alireza Jahanbakhsh,MF,76,Jingyu Kim,1.0
683,Alireza Jahanbakhsh,MF,78,Donggyeong Lee,1.0
683,Alireza Jahanbakhsh,MF,103,Hugo Sochurek,1.0
683,Alireza Jahanbakhsh,MF,1160,Kobbie Boateng Mainoo,1.0
683,Alireza Jahanbakhsh,MF,1158,Jordan Brian Henderson,1.0
683,Alireza Jahanbakhsh,MF,125,Jonathan Osorio,1.0
683,Alireza Jahanbakhsh,MF,1177,Nikola Moro,1.0
684,Mohammad Mohebbi,MF,557,Daizen Maeda,1.0000000000000002
684,Mohammad Mohebbi,MF,1035,Mahmoud Ahmed Nizar Alrashdan,0.9999607823687847
684,Mohammad Mohebbi,MF,646,Alexis Jesse Saelemaekers,0.9999607823687847
684,Mohammad Mohebbi,MF,450,Livano Shyron Liomar Comenencia,0.9999326330876961
684,Mohammad Mohebbi,MF,1199,Caleb Marfo Yirenkyi,0.9998804067824903
684,Mohammad Mohebbi,MF,290,Mc,0.9997966063728815
684,Mohammad Mohebbi,MF,426,Jamal Musiala,0.9997809078623309
684,Mohammad Mohebbi,MF,1114,Abbosbek Fayzullaev,0.999728099211758
684,Mohammad Mohebbi,MF,372,Connor Isaac Metcalfe,0.998760900493646
684,Mohammad Mohebbi,MF,242,Azz-Eddine Ounahi,0.98807337970096
685,Mehdi Taremi,FW,11,Santiago Tomás Gimenez,1.0000000000000002
685,Mehdi Taremi,FW,141,Edin Dzeko,1.0000000000000002
685,Mehdi Taremi,FW,167,Hassan Akram,1.0000000000000002
685,Mehdi Taremi,FW,1083,Cedric Bakambu,1.0000000000000002
685,Mehdi Taremi,FW,275,Ruben Fritzner Providence,1.0000000000000002
685,Mehdi Taremi,FW,954,Nicolas Paz,1.0000000000000002
685,Mehdi Taremi,FW,936,Julian Ryerson,1.0000000000000002
685,Mehdi Taremi,FW,952,Thiago Ezequiel Almada,1.0000000000000002
685,Mehdi Taremi,FW,477,Ange-Yoan Laurent Bonny,1.0000000000000002
685,Mehdi Taremi,FW,451,Jürgen Leonardo Locadia,1.0000000000000002
686,Mehdi Ghayedi,FW,1246,Azarías Emmanuel Londono,0.9999999999999997
686,Mehdi Ghayedi,FW,10,Ernesto Alexis Vega,0.9999999999999997
686,Mehdi Ghayedi,FW,14,Armando Gonzalez,0.9999999999999997
686,Mehdi Ghayedi,FW,21,César Saúl Huerta,0.9999999999999997
686,Mehdi Ghayedi,FW,97,Tomáš Chory,0.9999999999999997
686,Mehdi Ghayedi,FW,91,Mojmír Chytil,0.9999999999999997
686,Mehdi Ghayedi,FW,139,Samed Bazdar,0.9999999999999997
686,Mehdi Ghayedi,FW,130,Jayden Nelson,0.9999999999999997
686,Mehdi Ghayedi,FW,1144,Carlos Andrés Gomez,0.9999999999999997
686,Mehdi Ghayedi,FW,1113,Igor Sergeev,0.9999999999999997
687,Ali Alipour,FW,1246,Azarías Emmanuel Londono,0.9999999999999997
687,Ali Alipour,FW,10,Ernesto Alexis Vega,0.9999999999999997
687,Ali Alipour,FW,14,Armando Gonzalez,0.9999999999999997
687,Ali Alipour,FW,21,César Saúl Huerta,0.9999999999999997
687,Ali Alipour,FW,97,Tomáš Chory,0.9999999999999997
687,Ali Alipour,FW,91,Mojmír Chytil,0.9999999999999997
687,Ali Alipour,FW,139,Samed Bazdar,0.9999999999999997
687,Ali Alipour,FW,130,Jayden Nelson,0.9999999999999997
687,Ali Alipour,FW,1144,Carlos Andrés Gomez,0.9999999999999997
687,Ali Alipour,FW,1113,Igor Sergeev,0.9999999999999997
688,Seyedpayam Niazmand,GK,12,Carlos Acevedo,1.0
688,Seyedpayam Niazmand,GK,64,Bumkeun Song,1.0
688,Seyedpayam Niazmand,GK,48,Stuart Ricardo Goss,1.0
688,Seyedpayam Niazmand,GK,42,Sipho Justin Chaine,1.0
688,Seyedpayam Niazmand,GK,122,Owen Olamidayo Goodman,1.0
688,Seyedpayam Niazmand,GK,101,Lukáš Hornicek,1.0
688,Seyedpayam Niazmand,GK,94,Jind ř ich Stanek,1.0
688,Seyedpayam Niazmand,GK,73,Hyeonwoo Jo,1.0
688,Seyedpayam Niazmand,GK,220,Weverton Weverton,1.0
688,Seyedpayam Niazmand,GK,231,Ederson Ederson,1.0
689,Mohammadhossein Kanani,DF,65,Taeseok Lee,1.0000000000000002
689,Mohammadhossein Kanani,DF,81,Tomáš Holes,1.0000000000000002
689,Mohammadhossein Kanani,DF,1174,Joško Gvardiol,1.0000000000000002
689,Mohammadhossein Kanani,DF,1149,John Stones,1.0000000000000002
689,Mohammadhossein Kanani,DF,1110,Abdulla Abdullaev,1.0000000000000002
689,Mohammadhossein Kanani,DF,1116,Behruzjon Karimov,1.0000000000000002
689,Mohammadhossein Kanani,DF,119,Moïse Bombito Bombito,1.0000000000000002
689,Mohammadhossein Kanani,DF,1140,Deiver Machado,1.0000000000000002
689,Mohammadhossein Kanani,DF,1069,Steve Nkanu Kapuadi,1.0000000000000002
689,Mohammadhossein Kanani,DF,861,Kalidou Koulibaly,1.0000000000000002
690,Seyed Saman Ghoddos,MF,1178,Mateo Kovacic,1.0
690,Seyed Saman Ghoddos,MF,1099,Otabek Shukurov,1.0
690,Seyed Saman Ghoddos,MF,144,Ivan Sunjic,1.0
690,Seyed Saman Ghoddos,MF,293,Mc,1.0
690,Seyed Saman Ghoddos,MF,270,Jean Ricner Bellegarde,1.0
690,Seyed Saman Ghoddos,MF,197,Djibril Ibrahima Sow,1.0
690,Seyed Saman Ghoddos,MF,305,Lewis Ferguson,1.0
690,Seyed Saman Ghoddos,MF,1072,Ngal’ayel Mukau,1.0
690,Seyed Saman Ghoddos,MF,449,Juninho Gracielo Bacuna,1.0
690,Seyed Saman Ghoddos,MF,452,Leandro Jones Johan Bacuna,1.0
691,Roozbeh Cheshmi,MF,72,Hyunjun Yang,1.0
691,Roozbeh Cheshmi,MF,69,Junho Bae,1.0
691,Roozbeh Cheshmi,MF,77,Jisung Eom,1.0
691,Roozbeh Cheshmi,MF,76,Jingyu Kim,1.0
691,Roozbeh Cheshmi,MF,78,Donggyeong Lee,1.0
691,Roozbeh Cheshmi,MF,103,Hugo Sochurek,1.0
691,Roozbeh Cheshmi,MF,1160,Kobbie Boateng Mainoo,1.0
691,Roozbeh Cheshmi,MF,1158,Jordan Brian Henderson,1.0
691,Roozbeh Cheshmi,MF,125,Jonathan Osorio,1.0
691,Roozbeh Cheshmi,MF,1177,Nikola Moro,1.0
692,Mahdi Torabi,MF,72,Hyunjun Yang,1.0
692,Mahdi Torabi,MF,69,Junho Bae,1.0
692,Mahdi Torabi,MF,77,Jisung Eom,1.0
692,Mahdi Torabi,MF,76,Jingyu Kim,1.0
692,Mahdi Torabi,MF,78,Donggyeong Lee,1.0
692,Mahdi Torabi,MF,103,Hugo Sochurek,1.0
692,Mahdi Torabi,MF,1160,Kobbie Boateng Mainoo,1.0
692,Mahdi Torabi,MF,1158,Jordan Brian Henderson,1.0
692,Mahdi Torabi,MF,125,Jonathan Osorio,1.0
692,Mahdi Torabi,MF,1177,Nikola Moro,1.0
693,Arya Yousefi,DF,1248,Jorge Abdiel Gutierrez,1.0
693,Arya Yousefi,DF,1226,Fidel Escobar,1.0
693,Arya Yousefi,DF,1192,Luka Vuskovic,1.0
693,Arya Yousefi,DF,107,Alfie Charles Jones,1.0
693,Arya Yousefi,DF,123,Alphonso Boyle Davies,1.0
693,Arya Yousefi,DF,679,Ehsan Hajisafi,1.0
693,Arya Yousefi,DF,706,Tyler Grant Bindon,1.0
693,Arya Yousefi,DF,665,Hafez Ramadan Karim Hafez,1.0
693,Arya Yousefi,DF,783,Mohammed Ali Lajami,1.0
693,Arya Yousefi,DF,793,Meshari Nawaf Bu Washl,1.0
694,Amirhossein Hosseinzadeh,FW,1246,Azarías Emmanuel Londono,0.9999999999999997
694,Amirhossein Hosseinzadeh,FW,10,Ernesto Alexis Vega,0.9999999999999997
694,Amirhossein Hosseinzadeh,FW,14,Armando Gonzalez,0.9999999999999997
694,Amirhossein Hosseinzadeh,FW,21,César Saúl Huerta,0.9999999999999997
694,Amirhossein Hosseinzadeh,FW,97,Tomáš Chory,0.9999999999999997
694,Amirhossein Hosseinzadeh,FW,91,Mojmír Chytil,0.9999999999999997
694,Amirhossein Hosseinzadeh,FW,139,Samed Bazdar,0.9999999999999997
694,Amirhossein Hosseinzadeh,FW,130,Jayden Nelson,0.9999999999999997
694,Amirhossein Hosseinzadeh,FW,1144,Carlos Andrés Gomez,0.9999999999999997
694,Amirhossein Hosseinzadeh,FW,1113,Igor Sergeev,0.9999999999999997
695,Ali Nemati,DF,74,Youngwoo Seol,0.9999999999999999
695,Ali Nemati,DF,82,Robin Hranac,0.9999999999999999
695,Ali Nemati,DF,15,Israel Reyes,0.9999999999999999
695,Ali Nemati,DF,1173,Marin Pongracic,0.9999999999999999
695,Ali Nemati,DF,1135,Johan Andrés Mojica,0.9999999999999999
695,Ali Nemati,DF,108,Luc De Fougerolles,0.9999999999999999
695,Ali Nemati,DF,1200,Jonas Adjei Adjetey,0.9999999999999999
695,Ali Nemati,DF,1094,Abdukodir Khusanov,0.9999999999999999
695,Ali Nemati,DF,207,Luca Antony Jaquez,0.9999999999999999
695,Ali Nemati,DF,1105,Sherzod Nasrullaev,0.9999999999999999
696,Shahriyar Moghanloo,FW,1240,Cecilio Alfonso Waterman,0.9999999999999998
696,Shahriyar Moghanloo,FW,1239,Jose Fajardo,0.9999999999999998
696,Shahriyar Moghanloo,FW,104,Denis Visinsky,0.9999999999999998
696,Shahriyar Moghanloo,FW,1027,Nayef Ahmad Mahmoud Almardi,0.9999999999999998
696,Shahriyar Moghanloo,FW,973,Anis Hadj Moussa,0.9999999999999998
696,Shahriyar Moghanloo,FW,1066,Francisco Francisco Conceicao,0.9999999999999998
696,Shahriyar Moghanloo,FW,1038,Ahmad Ali Ali Azaizeh,0.9999999999999998
696,Shahriyar Moghanloo,FW,921,Jørgen Strand Strand Larsen,0.9999999999999998
696,Shahriyar Moghanloo,FW,763,BENCHIMOLGilson Gilson,0.9999999999999998
696,Shahriyar Moghanloo,FW,271,Don Deedson Deedson,0.9999999999999998
697,Mohammad Ghorbani,MF,63,Hee Chan Hwang,0.9999999999999999
697,Mohammad Ghorbani,MF,86,Vladimír Darida,0.9999999999999999
697,Mohammad Ghorbani,MF,100,Tomáš Soucek,0.9999999999999999
697,Mohammad Ghorbani,MF,95,Lukáš Provod,0.9999999999999999
697,Mohammad Ghorbani,MF,110,Mathieu Choiniere,0.9999999999999999
697,Mohammad Ghorbani,MF,1133,Juan Camilo Portilla,0.9999999999999999
697,Mohammad Ghorbani,MF,118,Jacob Everett Shaffelburg,0.9999999999999999
697,Mohammad Ghorbani,MF,1185,Mario Pasalic,0.9999999999999999
697,Mohammad Ghorbani,MF,138,Armin Gigovic,0.9999999999999999
697,Mohammad Ghorbani,MF,1103,Oston Urunov,0.9999999999999999
698,Seyedhossein Hosseini,GK,12,Carlos Acevedo,1.0
698,Seyedhossein Hosseini,GK,64,Bumkeun Song,1.0
698,Seyedhossein Hosseini,GK,48,Stuart Ricardo Goss,1.0
698,Seyedhossein Hosseini,GK,42,Sipho Justin Chaine,1.0
698,Seyedhossein Hosseini,GK,122,Owen Olamidayo Goodman,1.0
698,Seyedhossein Hosseini,GK,101,Lukáš Hornicek,1.0
698,Seyedhossein Hosseini,GK,94,Jind ř ich Stanek,1.0
698,Seyedhossein Hosseini,GK,73,Hyeonwoo Jo,1.0
698,Seyedhossein Hosseini,GK,220,Weverton Weverton,1.0
698,Seyedhossein Hosseini,GK,231,Ederson Ederson,1.0
699,Ramin Rezaeian,DF,434,Nathaniel Christopher Brown,0.9722047909116281
699,Ramin Rezaeian,DF,328,Alexander Michael Freeman,0.9721202896698768
699,Ramin Rezaeian,DF,431,Nico Cédric Schlotterbeck,0.9633690574870658
699,Ramin Rezaeian,DF,602,Omar Rekik,0.9608394423002428
699,Ramin Rezaeian,DF,1219,Derrick Luckassen,0.9608394423002428
699,Ramin Rezaeian,DF,784,Ali Abdulelah Alamri,0.958845611785681
699,Ramin Rezaeian,DF,318,Auston Levi-Jesaiah Trusty,0.9576433041584778
699,Ramin Rezaeian,DF,914,Leo Skiri Ostigard,0.9554748962329576
699,Ramin Rezaeian,DF,20,Mateo Chavez,0.9553079306701473
699,Ramin Rezaeian,DF,718,Finn Surman,0.9553079306701473
700,Dennis Dargahi,FW,1246,Azarías Emmanuel Londono,0.9999999999999997
700,Dennis Dargahi,FW,10,Ernesto Alexis Vega,0.9999999999999997
700,Dennis Dargahi,FW,14,Armando Gonzalez,0.9999999999999997
700,Dennis Dargahi,FW,21,César Saúl Huerta,0.9999999999999997
700,Dennis Dargahi,FW,97,Tomáš Chory,0.9999999999999997
700,Dennis Dargahi,FW,91,Mojmír Chytil,0.9999999999999997
700,Dennis Dargahi,FW,139,Samed Bazdar,0.9999999999999997
700,Dennis Dargahi,FW,130,Jayden Nelson,0.9999999999999997
700,Dennis Dargahi,FW,1144,Carlos Andrés Gomez,0.9999999999999997
700,Dennis Dargahi,FW,1113,Igor Sergeev,0.9999999999999997
701,Danial Iri,DF,1247,Roderick Alonso Miller,1.0
701,Danial Iri,DF,1156,Trevoh Tom Chalobah,1.0
701,Danial Iri,DF,1159,Daniel Johnson Burn,1.0
701,Danial Iri,DF,1237,Eric Javier Davis,1.0
701,Danial Iri,DF,805,Abdullatif Jehad Thikri,1.0
701,Danial Iri,DF,808,José María Gimenez,1.0
701,Danial Iri,DF,810,Ronald Federico Araujo,1.0
701,Danial Iri,DF,28,Tholo Thabang Matuludi,1.0
701,Danial Iri,DF,29,Khulumani Ndamane,1.0
701,Danial Iri,DF,44,Samukele Alucious Kabini,1.0
702,Amirmohammad Razaghinia,MF,72,Hyunjun Yang,1.0
702,Amirmohammad Razaghinia,MF,69,Junho Bae,1.0
702,Amirmohammad Razaghinia,MF,77,Jisung Eom,1.0
702,Amirmohammad Razaghinia,MF,76,Jingyu Kim,1.0
702,Amirmohammad Razaghinia,MF,78,Donggyeong Lee,1.0
702,Amirmohammad Razaghinia,MF,103,Hugo Sochurek,1.0
702,Amirmohammad Razaghinia,MF,1160,Kobbie Boateng Mainoo,1.0
702,Amirmohammad Razaghinia,MF,1158,Jordan Brian Henderson,1.0
702,Amirmohammad Razaghinia,MF,125,Jonathan Osorio,1.0
702,Amirmohammad Razaghinia,MF,1177,Nikola Moro,1.0
703,Maxime Teremoana Crocombe,GK,157,Ibrahim Mahmoud Abunada,0.9915002810302473
703,Maxime Teremoana Crocombe,GK,261,Johny Placide,0.9800534313645624
703,Maxime Teremoana Crocombe,GK,1093,Utkir Yusupov,0.9402943553543858
703,Maxime Teremoana Crocombe,GK,906,Basil Fadhil Ahmed,0.9240610078723088
703,Maxime Teremoana Crocombe,GK,896,Hasan Hachim Jalal Hassan,0.9223972706243747
703,Maxime Teremoana Crocombe,GK,599,Abdelmouhib Chamakh,0.9094003329897398
703,Maxime Teremoana Crocombe,GK,595,Bo Kristoffer Nordfeldt,0.9008199494648685
703,Maxime Teremoana Crocombe,GK,1157,Dean Bradley Henderson,0.8919864645632212
703,Maxime Teremoana Crocombe,GK,1036,Ra'ed Mahmoud Abdallah Alfakhori,0.8834706015335951
703,Maxime Teremoana Crocombe,GK,874,Edouard Osoque Mendy,0.8758582329148205
704,Timothy John Payne,DF,1037,Manel Farhan Ehsan Haddad,0.9986659313893645
704,Timothy John Payne,DF,83,Vladimír Coufal,0.9979912689887
704,Timothy John Payne,DF,961,Facundo Axel Medina,0.9929734083750231
704,Timothy John Payne,DF,422,Joshua Walter Kimmich,0.9888112771990262
704,Timothy John Payne,DF,1172,Josip Stanisic,0.9877084724042914
704,Timothy John Payne,DF,542,Denzel Justus Morris Dumfries,0.9822955708930311
704,Timothy John Payne,DF,1060,Pedro Joao Cancelo,0.957365774493156
704,Timothy John Payne,DF,733,Marcos Llorente,0.9552381537843223
704,Timothy John Payne,DF,473,Wilfried Stephane Singo,0.955136869383936
704,Timothy John Payne,DF,996,David Alaba,0.9365032540125017
705,Francis De Vries,DF,1247,Roderick Alonso Miller,1.0
705,Francis De Vries,DF,1156,Trevoh Tom Chalobah,1.0
705,Francis De Vries,DF,1159,Daniel Johnson Burn,1.0
705,Francis De Vries,DF,1237,Eric Javier Davis,1.0
705,Francis De Vries,DF,805,Abdullatif Jehad Thikri,1.0
705,Francis De Vries,DF,808,José María Gimenez,1.0
705,Francis De Vries,DF,810,Ronald Federico Araujo,1.0
705,Francis De Vries,DF,28,Tholo Thabang Matuludi,1.0
705,Francis De Vries,DF,29,Khulumani Ndamane,1.0
705,Francis De Vries,DF,44,Samukele Alucious Kabini,1.0
706,Tyler Grant Bindon,DF,1248,Jorge Abdiel Gutierrez,1.0
706,Tyler Grant Bindon,DF,1226,Fidel Escobar,1.0
706,Tyler Grant Bindon,DF,1192,Luka Vuskovic,1.0
706,Tyler Grant Bindon,DF,107,Alfie Charles Jones,1.0
706,Tyler Grant Bindon,DF,123,Alphonso Boyle Davies,1.0
706,Tyler Grant Bindon,DF,679,Ehsan Hajisafi,1.0
706,Tyler Grant Bindon,DF,693,Arya Yousefi,1.0
706,Tyler Grant Bindon,DF,665,Hafez Ramadan Karim Hafez,1.0
706,Tyler Grant Bindon,DF,783,Mohammed Ali Lajami,1.0
706,Tyler Grant Bindon,DF,793,Meshari Nawaf Bu Washl,1.0
707,Michael Joseph Boxall,DF,65,Taeseok Lee,1.0000000000000002
707,Michael Joseph Boxall,DF,81,Tomáš Holes,1.0000000000000002
707,Michael Joseph Boxall,DF,1174,Joško Gvardiol,1.0000000000000002
707,Michael Joseph Boxall,DF,1149,John Stones,1.0000000000000002
707,Michael Joseph Boxall,DF,1110,Abdulla Abdullaev,1.0000000000000002
707,Michael Joseph Boxall,DF,1116,Behruzjon Karimov,1.0000000000000002
707,Michael Joseph Boxall,DF,119,Moïse Bombito Bombito,1.0000000000000002
707,Michael Joseph Boxall,DF,1140,Deiver Machado,1.0000000000000002
707,Michael Joseph Boxall,DF,1069,Steve Nkanu Kapuadi,1.0000000000000002
707,Michael Joseph Boxall,DF,861,Kalidou Koulibaly,1.0000000000000002
708,Joe Zen Robert Bell,MF,1178,Mateo Kovacic,1.0
708,Joe Zen Robert Bell,MF,1099,Otabek Shukurov,1.0
708,Joe Zen Robert Bell,MF,144,Ivan Sunjic,1.0
708,Joe Zen Robert Bell,MF,293,Mc,1.0
708,Joe Zen Robert Bell,MF,270,Jean Ricner Bellegarde,1.0
708,Joe Zen Robert Bell,MF,197,Djibril Ibrahima Sow,1.0
708,Joe Zen Robert Bell,MF,305,Lewis Ferguson,1.0
708,Joe Zen Robert Bell,MF,1072,Ngal’ayel Mukau,1.0
708,Joe Zen Robert Bell,MF,449,Juninho Gracielo Bacuna,1.0
708,Joe Zen Robert Bell,MF,452,Leandro Jones Johan Bacuna,1.0
709,Logan Tipene Rogerson,FW,1246,Azarías Emmanuel Londono,0.9999999999999997
709,Logan Tipene Rogerson,FW,10,Ernesto Alexis Vega,0.9999999999999997
709,Logan Tipene Rogerson,FW,14,Armando Gonzalez,0.9999999999999997
709,Logan Tipene Rogerson,FW,21,César Saúl Huerta,0.9999999999999997
709,Logan Tipene Rogerson,FW,97,Tomáš Chory,0.9999999999999997
709,Logan Tipene Rogerson,FW,91,Mojmír Chytil,0.9999999999999997
709,Logan Tipene Rogerson,FW,139,Samed Bazdar,0.9999999999999997
709,Logan Tipene Rogerson,FW,130,Jayden Nelson,0.9999999999999997
709,Logan Tipene Rogerson,FW,1144,Carlos Andrés Gomez,0.9999999999999997
709,Logan Tipene Rogerson,FW,1113,Igor Sergeev,0.9999999999999997
710,Marko Seufatu Nikola Stamenic,MF,1178,Mateo Kovacic,1.0
710,Marko Seufatu Nikola Stamenic,MF,1099,Otabek Shukurov,1.0
710,Marko Seufatu Nikola Stamenic,MF,144,Ivan Sunjic,1.0
710,Marko Seufatu Nikola Stamenic,MF,293,Mc,1.0
710,Marko Seufatu Nikola Stamenic,MF,270,Jean Ricner Bellegarde,1.0
710,Marko Seufatu Nikola Stamenic,MF,197,Djibril Ibrahima Sow,1.0
710,Marko Seufatu Nikola Stamenic,MF,305,Lewis Ferguson,1.0
710,Marko Seufatu Nikola Stamenic,MF,1072,Ngal’ayel Mukau,1.0
710,Marko Seufatu Nikola Stamenic,MF,449,Juninho Gracielo Bacuna,1.0
710,Marko Seufatu Nikola Stamenic,MF,452,Leandro Jones Johan Bacuna,1.0
711,Christopher Grant Wood,FW,164,Junior Edmilson,0.9598855205492616
711,Christopher Grant Wood,FW,322,Christian Mate Pulisic,0.9274286818883266
711,Christopher Grant Wood,FW,999,Michael Gregoritsch,0.9132156772305554
711,Christopher Grant Wood,FW,581,Alexander Isak,0.9057593251542417
711,Christopher Grant Wood,FW,234,Vitor Rayan,0.9022905018088347
711,Christopher Grant Wood,FW,244,Brahim Diaz,0.9014803071509531
711,Christopher Grant Wood,FW,869,Nicolas Jackson,0.8990487526829222
711,Christopher Grant Wood,FW,843,Michael Akpovie Olise,0.896160473626662
711,Christopher Grant Wood,FW,1143,Luis Javier Suarez,0.8686260175547292
711,Christopher Grant Wood,FW,1162,Anthony Michael Gordon,0.8640994770180064
712,Sarpreet Singh,MF,1178,Mateo Kovacic,1.0
712,Sarpreet Singh,MF,1099,Otabek Shukurov,1.0
712,Sarpreet Singh,MF,144,Ivan Sunjic,1.0
712,Sarpreet Singh,MF,293,Mc,1.0
712,Sarpreet Singh,MF,270,Jean Ricner Bellegarde,1.0
712,Sarpreet Singh,MF,197,Djibril Ibrahima Sow,1.0
712,Sarpreet Singh,MF,305,Lewis Ferguson,1.0
712,Sarpreet Singh,MF,1072,Ngal’ayel Mukau,1.0
712,Sarpreet Singh,MF,449,Juninho Gracielo Bacuna,1.0
712,Sarpreet Singh,MF,452,Leandro Jones Johan Bacuna,1.0
713,Elijah Henry Just,MF,242,Azz-Eddine Ounahi,0.9761756524711342
713,Elijah Henry Just,MF,1114,Abbosbek Fayzullaev,0.9393726092385624
713,Elijah Henry Just,MF,450,Livano Shyron Liomar Comenencia,0.935292065623744
713,Elijah Henry Just,MF,557,Daizen Maeda,0.9311215062568341
713,Elijah Henry Just,MF,684,Mohammad Mohebbi,0.9311215062568341
713,Elijah Henry Just,MF,646,Alexis Jesse Saelemaekers,0.9278550232149405
713,Elijah Henry Just,MF,1035,Mahmoud Ahmed Nizar Alrashdan,0.9278550232149405
713,Elijah Henry Just,MF,1199,Caleb Marfo Yirenkyi,0.9253698542764021
713,Elijah Henry Just,MF,290,Mc,0.9235766897354712
713,Elijah Henry Just,MF,426,Jamal Musiala,0.9232835211936183
714,Alexander Noah Paulsen,GK,12,Carlos Acevedo,1.0
714,Alexander Noah Paulsen,GK,64,Bumkeun Song,1.0
714,Alexander Noah Paulsen,GK,48,Stuart Ricardo Goss,1.0
714,Alexander Noah Paulsen,GK,42,Sipho Justin Chaine,1.0
714,Alexander Noah Paulsen,GK,122,Owen Olamidayo Goodman,1.0
714,Alexander Noah Paulsen,GK,101,Lukáš Hornicek,1.0
714,Alexander Noah Paulsen,GK,94,Jind ř ich Stanek,1.0
714,Alexander Noah Paulsen,GK,73,Hyeonwoo Jo,1.0
714,Alexander Noah Paulsen,GK,220,Weverton Weverton,1.0
714,Alexander Noah Paulsen,GK,231,Ederson Ederson,1.0
715,Liberato Gianpaolo Cacace,DF,74,Youngwoo Seol,0.9999999999999999
715,Liberato Gianpaolo Cacace,DF,82,Robin Hranac,0.9999999999999999
715,Liberato Gianpaolo Cacace,DF,15,Israel Reyes,0.9999999999999999
715,Liberato Gianpaolo Cacace,DF,1173,Marin Pongracic,0.9999999999999999
715,Liberato Gianpaolo Cacace,DF,1135,Johan Andrés Mojica,0.9999999999999999
715,Liberato Gianpaolo Cacace,DF,108,Luc De Fougerolles,0.9999999999999999
715,Liberato Gianpaolo Cacace,DF,1200,Jonas Adjei Adjetey,0.9999999999999999
715,Liberato Gianpaolo Cacace,DF,1094,Abdukodir Khusanov,0.9999999999999999
715,Liberato Gianpaolo Cacace,DF,207,Luca Antony Jaquez,0.9999999999999999
715,Liberato Gianpaolo Cacace,DF,1105,Sherzod Nasrullaev,0.9999999999999999
716,Alex Arthur Rufer,MF,72,Hyunjun Yang,1.0
716,Alex Arthur Rufer,MF,69,Junho Bae,1.0
716,Alex Arthur Rufer,MF,77,Jisung Eom,1.0
716,Alex Arthur Rufer,MF,76,Jingyu Kim,1.0
716,Alex Arthur Rufer,MF,78,Donggyeong Lee,1.0
716,Alex Arthur Rufer,MF,103,Hugo Sochurek,1.0
716,Alex Arthur Rufer,MF,1160,Kobbie Boateng Mainoo,1.0
716,Alex Arthur Rufer,MF,1158,Jordan Brian Henderson,1.0
716,Alex Arthur Rufer,MF,125,Jonathan Osorio,1.0
716,Alex Arthur Rufer,MF,1177,Nikola Moro,1.0
717,Nando Zen Pijnaker,DF,1247,Roderick Alonso Miller,1.0
717,Nando Zen Pijnaker,DF,1156,Trevoh Tom Chalobah,1.0
717,Nando Zen Pijnaker,DF,1159,Daniel Johnson Burn,1.0
717,Nando Zen Pijnaker,DF,1237,Eric Javier Davis,1.0
717,Nando Zen Pijnaker,DF,805,Abdullatif Jehad Thikri,1.0
717,Nando Zen Pijnaker,DF,808,José María Gimenez,1.0
717,Nando Zen Pijnaker,DF,810,Ronald Federico Araujo,1.0
717,Nando Zen Pijnaker,DF,28,Tholo Thabang Matuludi,1.0
717,Nando Zen Pijnaker,DF,29,Khulumani Ndamane,1.0
717,Nando Zen Pijnaker,DF,44,Samukele Alucious Kabini,1.0
718,Finn Surman,DF,20,Mateo Chavez,1.0
718,Finn Surman,DF,767,CABRALSidny Sidny Lopes,0.9999271380036141
718,Finn Surman,DF,784,Ali Abdulelah Alamri,0.9997467711524922
718,Finn Surman,DF,248,Issa Laye Lucas Jean Diop,0.9997430360742955
718,Finn Surman,DF,1120,Daniel Munoz,0.9979349007900439
718,Finn Surman,DF,652,Ahmed Ibrahim Yasser,0.9946208545856926
718,Finn Surman,DF,602,Omar Rekik,0.9834669777293454
718,Finn Surman,DF,1219,Derrick Luckassen,0.9834669777293454
718,Finn Surman,DF,926,Marcus Holmgren Holmgren Pedersen,0.9833333664202227
718,Finn Surman,DF,431,Nico Cédric Schlotterbeck,0.9831668670148181
719,Kosta Barbarouses,FW,1246,Azarías Emmanuel Londono,0.9999999999999997
719,Kosta Barbarouses,FW,10,Ernesto Alexis Vega,0.9999999999999997
719,Kosta Barbarouses,FW,14,Armando Gonzalez,0.9999999999999997
719,Kosta Barbarouses,FW,21,César Saúl Huerta,0.9999999999999997
719,Kosta Barbarouses,FW,97,Tomáš Chory,0.9999999999999997
719,Kosta Barbarouses,FW,91,Mojmír Chytil,0.9999999999999997
719,Kosta Barbarouses,FW,139,Samed Bazdar,0.9999999999999997
719,Kosta Barbarouses,FW,130,Jayden Nelson,0.9999999999999997
719,Kosta Barbarouses,FW,1144,Carlos Andrés Gomez,0.9999999999999997
719,Kosta Barbarouses,FW,1113,Igor Sergeev,0.9999999999999997
720,Benjamin Peter Waine,FW,1246,Azarías Emmanuel Londono,0.9999999999999997
720,Benjamin Peter Waine,FW,10,Ernesto Alexis Vega,0.9999999999999997
720,Benjamin Peter Waine,FW,14,Armando Gonzalez,0.9999999999999997
720,Benjamin Peter Waine,FW,21,César Saúl Huerta,0.9999999999999997
720,Benjamin Peter Waine,FW,97,Tomáš Chory,0.9999999999999997
720,Benjamin Peter Waine,FW,91,Mojmír Chytil,0.9999999999999997
720,Benjamin Peter Waine,FW,139,Samed Bazdar,0.9999999999999997
720,Benjamin Peter Waine,FW,130,Jayden Nelson,0.9999999999999997
720,Benjamin Peter Waine,FW,1144,Carlos Andrés Gomez,0.9999999999999997
720,Benjamin Peter Waine,FW,1113,Igor Sergeev,0.9999999999999997
721,Benjamin Craig Old,MF,72,Hyunjun Yang,1.0
721,Benjamin Craig Old,MF,69,Junho Bae,1.0
721,Benjamin Craig Old,MF,77,Jisung Eom,1.0
721,Benjamin Craig Old,MF,76,Jingyu Kim,1.0
721,Benjamin Craig Old,MF,78,Donggyeong Lee,1.0
721,Benjamin Craig Old,MF,103,Hugo Sochurek,1.0
721,Benjamin Craig Old,MF,1160,Kobbie Boateng Mainoo,1.0
721,Benjamin Craig Old,MF,1158,Jordan Brian Henderson,1.0
721,Benjamin Craig Old,MF,125,Jonathan Osorio,1.0
721,Benjamin Craig Old,MF,1177,Nikola Moro,1.0
722,Mc,MF,62,Jae Sung Lee,1.0
722,Mc,MF,90,Lukáš Cerv,1.0
722,Mc,MF,1091,Edo Kayembe Kayembe,1.0
722,Mc,MF,136,Benjamin Tahirovic,1.0
722,Mc,MF,145,Amar Memic,1.0
722,Mc,MF,115,Liam Alan Millar,1.0
722,Mc,MF,976,Hicham Boudaoui,1.0
722,Mc,MF,941,Leandro Daniel Paredes,1.0
722,Mc,MF,1012,Paul Wanner,1.0
722,Mc,MF,968,Ramiz Larbi Zerrouki,1.0
723,Jesse Carmichael Randall,FW,1246,Azarías Emmanuel Londono,0.9999999999999997
723,Jesse Carmichael Randall,FW,10,Ernesto Alexis Vega,0.9999999999999997
723,Jesse Carmichael Randall,FW,14,Armando Gonzalez,0.9999999999999997
723,Jesse Carmichael Randall,FW,21,César Saúl Huerta,0.9999999999999997
723,Jesse Carmichael Randall,FW,97,Tomáš Chory,0.9999999999999997
723,Jesse Carmichael Randall,FW,91,Mojmír Chytil,0.9999999999999997
723,Jesse Carmichael Randall,FW,139,Samed Bazdar,0.9999999999999997
723,Jesse Carmichael Randall,FW,130,Jayden Nelson,0.9999999999999997
723,Jesse Carmichael Randall,FW,1144,Carlos Andrés Gomez,0.9999999999999997
723,Jesse Carmichael Randall,FW,1113,Igor Sergeev,0.9999999999999997
724,Michael Cornelis Woud,GK,12,Carlos Acevedo,1.0
724,Michael Cornelis Woud,GK,64,Bumkeun Song,1.0
724,Michael Cornelis Woud,GK,48,Stuart Ricardo Goss,1.0
724,Michael Cornelis Woud,GK,42,Sipho Justin Chaine,1.0
724,Michael Cornelis Woud,GK,122,Owen Olamidayo Goodman,1.0
724,Michael Cornelis Woud,GK,101,Lukáš Hornicek,1.0
724,Michael Cornelis Woud,GK,94,Jind ř ich Stanek,1.0
724,Michael Cornelis Woud,GK,73,Hyeonwoo Jo,1.0
724,Michael Cornelis Woud,GK,220,Weverton Weverton,1.0
724,Michael Cornelis Woud,GK,231,Ederson Ederson,1.0
725,Ryan Jared Thomas,MF,63,Hee Chan Hwang,0.9999999999999999
725,Ryan Jared Thomas,MF,86,Vladimír Darida,0.9999999999999999
725,Ryan Jared Thomas,MF,100,Tomáš Soucek,0.9999999999999999
725,Ryan Jared Thomas,MF,95,Lukáš Provod,0.9999999999999999
725,Ryan Jared Thomas,MF,110,Mathieu Choiniere,0.9999999999999999
725,Ryan Jared Thomas,MF,1133,Juan Camilo Portilla,0.9999999999999999
725,Ryan Jared Thomas,MF,118,Jacob Everett Shaffelburg,0.9999999999999999
725,Ryan Jared Thomas,MF,1185,Mario Pasalic,0.9999999999999999
725,Ryan Jared Thomas,MF,138,Armin Gigovic,0.9999999999999999
725,Ryan Jared Thomas,MF,1103,Oston Urunov,0.9999999999999999
726,Callan Rennie Elliot,DF,1247,Roderick Alonso Miller,1.0
726,Callan Rennie Elliot,DF,1156,Trevoh Tom Chalobah,1.0
726,Callan Rennie Elliot,DF,1159,Daniel Johnson Burn,1.0
726,Callan Rennie Elliot,DF,1237,Eric Javier Davis,1.0
726,Callan Rennie Elliot,DF,805,Abdullatif Jehad Thikri,1.0
726,Callan Rennie Elliot,DF,808,José María Gimenez,1.0
726,Callan Rennie Elliot,DF,810,Ronald Federico Araujo,1.0
726,Callan Rennie Elliot,DF,28,Tholo Thabang Matuludi,1.0
726,Callan Rennie Elliot,DF,29,Khulumani Ndamane,1.0
726,Callan Rennie Elliot,DF,44,Samukele Alucious Kabini,1.0
727,Lachlan Ryan Bayliss,MF,72,Hyunjun Yang,1.0
727,Lachlan Ryan Bayliss,MF,69,Junho Bae,1.0
727,Lachlan Ryan Bayliss,MF,77,Jisung Eom,1.0
727,Lachlan Ryan Bayliss,MF,76,Jingyu Kim,1.0
727,Lachlan Ryan Bayliss,MF,78,Donggyeong Lee,1.0
727,Lachlan Ryan Bayliss,MF,103,Hugo Sochurek,1.0
727,Lachlan Ryan Bayliss,MF,1160,Kobbie Boateng Mainoo,1.0
727,Lachlan Ryan Bayliss,MF,1158,Jordan Brian Henderson,1.0
727,Lachlan Ryan Bayliss,MF,125,Jonathan Osorio,1.0
727,Lachlan Ryan Bayliss,MF,1177,Nikola Moro,1.0
728,Thomas Jefferson Smith,DF,1247,Roderick Alonso Miller,1.0
728,Thomas Jefferson Smith,DF,1156,Trevoh Tom Chalobah,1.0
728,Thomas Jefferson Smith,DF,1159,Daniel Johnson Burn,1.0
728,Thomas Jefferson Smith,DF,1237,Eric Javier Davis,1.0
728,Thomas Jefferson Smith,DF,805,Abdullatif Jehad Thikri,1.0
728,Thomas Jefferson Smith,DF,808,José María Gimenez,1.0
728,Thomas Jefferson Smith,DF,810,Ronald Federico Araujo,1.0
728,Thomas Jefferson Smith,DF,28,Tholo Thabang Matuludi,1.0
728,Thomas Jefferson Smith,DF,29,Khulumani Ndamane,1.0
728,Thomas Jefferson Smith,DF,44,Samukele Alucious Kabini,1.0
729,David Raya,GK,336,Matthew Andrew Geary Freese,0.9860606537411356
729,David Raya,GK,751,Unai Simon,0.9849858871725523
729,David Raya,GK,1130,Camilo Andres Vargas,0.9841177855094665
729,David Raya,GK,1,José Raúl Rangel,0.9559496247634884
729,David Raya,GK,833,Brice Lauriche Samba,0.9536657854633132
729,David Raya,GK,382,Patrick Thomas Beach,0.953440736569323
729,David Raya,GK,1212,Benjamin Asare,0.9524439798325598
729,David Raya,GK,469,Yahia Fofana,0.9230707593103117
729,David Raya,GK,1119,David Ospina,0.921151763081714
729,David Raya,GK,287,Angus Fraser James Gunn,0.8481064074636362
730,Marc Pubill,DF,1247,Roderick Alonso Miller,1.0
730,Marc Pubill,DF,1156,Trevoh Tom Chalobah,1.0
730,Marc Pubill,DF,1159,Daniel Johnson Burn,1.0
730,Marc Pubill,DF,1237,Eric Javier Davis,1.0
730,Marc Pubill,DF,805,Abdullatif Jehad Thikri,1.0
730,Marc Pubill,DF,808,José María Gimenez,1.0
730,Marc Pubill,DF,810,Ronald Federico Araujo,1.0
730,Marc Pubill,DF,28,Tholo Thabang Matuludi,1.0
730,Marc Pubill,DF,29,Khulumani Ndamane,1.0
730,Marc Pubill,DF,44,Samukele Alucious Kabini,1.0
731,Alejandro Grimaldo,DF,74,Youngwoo Seol,0.9999999999999999
731,Alejandro Grimaldo,DF,82,Robin Hranac,0.9999999999999999
731,Alejandro Grimaldo,DF,15,Israel Reyes,0.9999999999999999
731,Alejandro Grimaldo,DF,1173,Marin Pongracic,0.9999999999999999
731,Alejandro Grimaldo,DF,1135,Johan Andrés Mojica,0.9999999999999999
731,Alejandro Grimaldo,DF,108,Luc De Fougerolles,0.9999999999999999
731,Alejandro Grimaldo,DF,1200,Jonas Adjei Adjetey,0.9999999999999999
731,Alejandro Grimaldo,DF,1094,Abdukodir Khusanov,0.9999999999999999
731,Alejandro Grimaldo,DF,207,Luca Antony Jaquez,0.9999999999999999
731,Alejandro Grimaldo,DF,1105,Sherzod Nasrullaev,0.9999999999999999
732,Eric Garcia,DF,74,Youngwoo Seol,0.9999999999999999
732,Eric Garcia,DF,82,Robin Hranac,0.9999999999999999
732,Eric Garcia,DF,15,Israel Reyes,0.9999999999999999
732,Eric Garcia,DF,1173,Marin Pongracic,0.9999999999999999
732,Eric Garcia,DF,1135,Johan Andrés Mojica,0.9999999999999999
732,Eric Garcia,DF,108,Luc De Fougerolles,0.9999999999999999
732,Eric Garcia,DF,1200,Jonas Adjei Adjetey,0.9999999999999999
732,Eric Garcia,DF,1094,Abdukodir Khusanov,0.9999999999999999
732,Eric Garcia,DF,207,Luca Antony Jaquez,0.9999999999999999
732,Eric Garcia,DF,1105,Sherzod Nasrullaev,0.9999999999999999
733,Marcos Llorente,DF,473,Wilfried Stephane Singo,0.9999822105407669
733,Marcos Llorente,DF,133,Dennis Hadzikadunic,0.9922709520219419
733,Marcos Llorente,DF,403,Evren Eren Elmali,0.9889739933745544
733,Marcos Llorente,DF,704,Timothy John Payne,0.9552381537843223
733,Marcos Llorente,DF,1037,Manel Farhan Ehsan Haddad,0.9398872016572443
733,Marcos Llorente,DF,83,Vladimír Coufal,0.9360491823700549
733,Marcos Llorente,DF,961,Facundo Axel Medina,0.9162662863933245
733,Marcos Llorente,DF,422,Joshua Walter Kimmich,0.9031657632769742
733,Marcos Llorente,DF,1172,Josip Stanisic,0.8997129942319517
733,Marcos Llorente,DF,542,Denzel Justus Morris Dumfries,0.8844423573452898
734,Mikel Merino,MF,111,Stephen Eustaquio,0.9999585787662134
734,Mikel Merino,MF,1055,Pedro Joao Neves,0.999954737938816
734,Mikel Merino,MF,997,Marcel Sabitzer,0.9998679034151403
734,Mikel Merino,MF,760,Lenini Kevin Pina,0.9998240839822752
734,Mikel Merino,MF,476,Franck Yannick Kessie,0.9998091675207688
734,Mikel Merino,MF,435,Leroy Aziz Sane,0.9996924585904251
734,Mikel Merino,MF,1186,Martin Baturina,0.9996623179123837
734,Mikel Merino,MF,631,Kevin De Bruyne,0.9994414384510485
734,Mikel Merino,MF,1006,Romano Schmid,0.9989070336670975
734,Mikel Merino,MF,316,Tyler Shaan Adams,0.9974683025817527
735,Ferran Torres,FW,128,Promise Oluwatobi Emmanuel David,0.9440487249773393
735,Ferran Torres,FW,1057,Alexandre Rafael Leao,0.9230294556975405
735,Ferran Torres,FW,871,Iliman Cheikh Baroy Ndiaye,0.841087948807299
735,Ferran Torres,FW,442,Deniz Undav,0.793673883170482
735,Ferran Torres,FW,544,Crysencio Jilbert Sylverio Cir Summerville,0.6701849900332115
735,Ferran Torres,FW,530,Memphis Depay,0.6607437624043557
735,Ferran Torres,FW,662,Yousry Fouad Haissem Hassan,0.6586134736326404
735,Ferran Torres,FW,1079,Meschack Lina Elia,0.6563428842662085
735,Ferran Torres,FW,745,Nicholas Williams,0.6533444976193157
735,Ferran Torres,FW,565,Koki Ogawa,0.652974149394799
736,Fabian Ruiz,MF,62,Jae Sung Lee,1.0
736,Fabian Ruiz,MF,90,Lukáš Cerv,1.0
736,Fabian Ruiz,MF,1091,Edo Kayembe Kayembe,1.0
736,Fabian Ruiz,MF,136,Benjamin Tahirovic,1.0
736,Fabian Ruiz,MF,145,Amar Memic,1.0
736,Fabian Ruiz,MF,115,Liam Alan Millar,1.0
736,Fabian Ruiz,MF,976,Hicham Boudaoui,1.0
736,Fabian Ruiz,MF,941,Leandro Daniel Paredes,1.0
736,Fabian Ruiz,MF,1012,Paul Wanner,1.0
736,Fabian Ruiz,MF,968,Ramiz Larbi Zerrouki,1.0
737,Pablo Gavi,MF,63,Hee Chan Hwang,0.9999999999999999
737,Pablo Gavi,MF,86,Vladimír Darida,0.9999999999999999
737,Pablo Gavi,MF,100,Tomáš Soucek,0.9999999999999999
737,Pablo Gavi,MF,95,Lukáš Provod,0.9999999999999999
737,Pablo Gavi,MF,110,Mathieu Choiniere,0.9999999999999999
737,Pablo Gavi,MF,1133,Juan Camilo Portilla,0.9999999999999999
737,Pablo Gavi,MF,118,Jacob Everett Shaffelburg,0.9999999999999999
737,Pablo Gavi,MF,1185,Mario Pasalic,0.9999999999999999
737,Pablo Gavi,MF,138,Armin Gigovic,0.9999999999999999
737,Pablo Gavi,MF,1103,Oston Urunov,0.9999999999999999
738,Daniel Olmo,FW,1125,Luis Fernando Diaz,0.9965328771889914
738,Daniel Olmo,FW,589,Viktor Einar Gyokeres,0.996437707351544
738,Daniel Olmo,FW,1184,Ivan Perisic,0.996437707351544
738,Daniel Olmo,FW,747,Lamine Yamal Yamal,0.9785025890468994
738,Daniel Olmo,FW,660,Hamed Mahrous Mohamed Salah,0.9714557864889595
738,Daniel Olmo,FW,930,Antonio Eromonsele Nordby Nusa,0.9701686733690968
738,Daniel Olmo,FW,1162,Anthony Michael Gordon,0.9693843759944487
738,Daniel Olmo,FW,843,Michael Akpovie Olise,0.9664371577837062
738,Daniel Olmo,FW,244,Brahim Diaz,0.9663987798206536
738,Daniel Olmo,FW,479,Yan Diomande,0.9651426071626352
739,Yeremy Jesús Pino,FW,1246,Azarías Emmanuel Londono,0.9999999999999997
739,Yeremy Jesús Pino,FW,10,Ernesto Alexis Vega,0.9999999999999997
739,Yeremy Jesús Pino,FW,14,Armando Gonzalez,0.9999999999999997
739,Yeremy Jesús Pino,FW,21,César Saúl Huerta,0.9999999999999997
739,Yeremy Jesús Pino,FW,97,Tomáš Chory,0.9999999999999997
739,Yeremy Jesús Pino,FW,91,Mojmír Chytil,0.9999999999999997
739,Yeremy Jesús Pino,FW,139,Samed Bazdar,0.9999999999999997
739,Yeremy Jesús Pino,FW,130,Jayden Nelson,0.9999999999999997
739,Yeremy Jesús Pino,FW,1144,Carlos Andrés Gomez,0.9999999999999997
739,Yeremy Jesús Pino,FW,1113,Igor Sergeev,0.9999999999999997
740,Pedro Antonio Porro,DF,1065,Alexandre Nuno,0.9961424799702431
740,Pedro Antonio Porro,DF,526,Paul Jan-Paul Van Hecke,0.9859914985990236
740,Pedro Antonio Porro,DF,524,Virgil Van Dijk,0.9859914985990236
740,Pedro Antonio Porro,DF,979,Rafik Belghali,0.9729238398756528
740,Pedro Antonio Porro,DF,1146,Ezri Ngoyo Konsa,0.9347237671714583
740,Pedro Antonio Porro,DF,652,Ahmed Ibrahim Yasser,0.9247039889630561
740,Pedro Antonio Porro,DF,1120,Daniel Munoz,0.9108991615118658
740,Pedro Antonio Porro,DF,248,Issa Laye Lucas Jean Diop,0.8953137476182211
740,Pedro Antonio Porro,DF,236,Achraf Hakimi,0.8942419951556826
740,Pedro Antonio Porro,DF,767,CABRALSidny Sidny Lopes,0.8910333117817691
741,Joan Garcia,GK,12,Carlos Acevedo,1.0
741,Joan Garcia,GK,64,Bumkeun Song,1.0
741,Joan Garcia,GK,48,Stuart Ricardo Goss,1.0
741,Joan Garcia,GK,42,Sipho Justin Chaine,1.0
741,Joan Garcia,GK,122,Owen Olamidayo Goodman,1.0
741,Joan Garcia,GK,101,Lukáš Hornicek,1.0
741,Joan Garcia,GK,94,Jind ř ich Stanek,1.0
741,Joan Garcia,GK,73,Hyeonwoo Jo,1.0
741,Joan Garcia,GK,220,Weverton Weverton,1.0
741,Joan Garcia,GK,231,Ederson Ederson,1.0
742,Aymeric Laporte,DF,211,Gabriel Gabriel Magalhaes,0.9999563265077536
742,Aymeric Laporte,DF,653,Hany Gamal Mohamed Hany,0.9997850465156551
742,Aymeric Laporte,DF,2,Jorge Eduardo Sanchez,0.999775987552669
742,Aymeric Laporte,DF,195,Ricardo Ivan Rodriguez,0.9867403104252246
742,Aymeric Laporte,DF,752,Marc Cucurella,0.9857613641370297
742,Aymeric Laporte,DF,836,Dayotchanculle Oswald Upamecano,0.9630713028132866
742,Aymeric Laporte,DF,877,Moussa Niakhate,0.9630275782209704
742,Aymeric Laporte,DF,639,Thomas Andre Meunier,0.9546940993665051
742,Aymeric Laporte,DF,1132,Gustavo Adolfo Puerta,0.9449598932513883
742,Aymeric Laporte,DF,314,Sergiño Gianni Dest,0.9411930733325462
743,Alejandro Baena,MF,1152,Elliot Junior Anderson,0.9993575487328714
743,Alejandro Baena,MF,956,Alexis Mac Allister,0.9978907235563697
743,Alejandro Baena,MF,840,Aurélien Djani Tchouameni,0.996256396175062
743,Alejandro Baena,MF,1154,Jude Victor William Bellingham,0.9913765757703125
743,Alejandro Baena,MF,1148,Declan Rice,0.9802062885698694
743,Alejandro Baena,MF,6,Erik Antonio Lira,0.977558640460126
743,Alejandro Baena,MF,1063,Vitor Vitinha,0.9668156958181126
743,Alejandro Baena,MF,960,Enzo Jeremías Fernandez,0.9650471196176975
743,Alejandro Baena,MF,748,Pedro Pedri,0.9647807128882385
743,Alejandro Baena,MF,661,Mohamed Zaky Mostafa Zico,0.9647745782852041
744,Rodrigo Rodri,MF,1134,Jefferson Andrés Lerma,0.9999999999999998
744,Rodrigo Rodri,MF,240,Ayyoub Bouaddi,0.9999999999999998
744,Rodrigo Rodri,MF,918,Sander Gard Bolin Berge,0.9999999999999998
744,Rodrigo Rodri,MF,320,Mc,0.9999999999999998
744,Rodrigo Rodri,MF,19,Gilberto Rafael Mora,0.9999999999999998
744,Rodrigo Rodri,MF,838,Emmanuel Boris Kone,0.9999999999999998
744,Rodrigo Rodri,MF,257,Bilal El Khannouss,0.9987000498249574
744,Rodrigo Rodri,MF,1129,Jhon Adolfo Arias,0.9985909967528839
744,Rodrigo Rodri,MF,213,Henrique,0.9984082204887947
744,Rodrigo Rodri,MF,748,Pedro Pedri,0.9966353324159554
745,Nicholas Williams,FW,662,Yousry Fouad Haissem Hassan,0.9986569255940244
745,Nicholas Williams,FW,530,Memphis Depay,0.9612991625750286
745,Nicholas Williams,FW,1079,Meschack Lina Elia,0.9454225318067065
745,Nicholas Williams,FW,1220,Ernest Nuamah Nuamah,0.9358169427155846
745,Nicholas Williams,FW,565,Koki Ogawa,0.9350706108508692
745,Nicholas Williams,FW,957,Jose Manuel Alberto Lopez,0.9295509099731118
745,Nicholas Williams,FW,416,Can Yılmaz Uzun,0.9238054281211361
745,Nicholas Williams,FW,34,Tshepang Moremi,0.9116501822881593
745,Nicholas Williams,FW,1137,Juan Camilo Hernandez,0.8306089322333242
745,Nicholas Williams,FW,25,Roberto Carlos Alvarado,0.7369338533381464
746,Martin Zubimendi,MF,1178,Mateo Kovacic,1.0
746,Martin Zubimendi,MF,1099,Otabek Shukurov,1.0
746,Martin Zubimendi,MF,144,Ivan Sunjic,1.0
746,Martin Zubimendi,MF,293,Mc,1.0
746,Martin Zubimendi,MF,270,Jean Ricner Bellegarde,1.0
746,Martin Zubimendi,MF,197,Djibril Ibrahima Sow,1.0
746,Martin Zubimendi,MF,305,Lewis Ferguson,1.0
746,Martin Zubimendi,MF,1072,Ngal’ayel Mukau,1.0
746,Martin Zubimendi,MF,449,Juninho Gracielo Bacuna,1.0
746,Martin Zubimendi,MF,452,Leandro Jones Johan Bacuna,1.0
747,Lamine Yamal Yamal,FW,930,Antonio Eromonsele Nordby Nusa,0.9987830076246862
747,Lamine Yamal Yamal,FW,945,Julián Alvarez,0.9976843615201424
747,Lamine Yamal Yamal,FW,513,Gonzalo Jordy Plata,0.995040057397434
747,Lamine Yamal Yamal,FW,1125,Luis Fernando Diaz,0.9916404247884596
747,Lamine Yamal Yamal,FW,193,Dan Ndoye,0.9855234690120577
747,Lamine Yamal Yamal,FW,1184,Ivan Perisic,0.9834862550802669
747,Lamine Yamal Yamal,FW,589,Viktor Einar Gyokeres,0.9834862550802669
747,Lamine Yamal Yamal,FW,738,Daniel Olmo,0.9785025890468994
747,Lamine Yamal Yamal,FW,635,Jeremy Baffour Doku,0.965148695161193
747,Lamine Yamal Yamal,FW,149,Kerim Alajbegovic,0.9591224788357069
748,Pedro Pedri,MF,960,Enzo Jeremías Fernandez,0.9998040272190748
748,Pedro Pedri,MF,257,Bilal El Khannouss,0.9995176521241699
748,Pedro Pedri,MF,240,Ayyoub Bouaddi,0.9966353324159554
748,Pedro Pedri,MF,320,Mc,0.9966353324159554
748,Pedro Pedri,MF,918,Sander Gard Bolin Berge,0.9966353324159554
748,Pedro Pedri,MF,838,Emmanuel Boris Kone,0.9966353324159554
748,Pedro Pedri,MF,1134,Jefferson Andrés Lerma,0.9966353324159554
748,Pedro Pedri,MF,19,Gilberto Rafael Mora,0.9966353324159554
748,Pedro Pedri,MF,744,Rodrigo Rodri,0.9966353324159554
748,Pedro Pedri,MF,1129,Jhon Adolfo Arias,0.9963995073169072
749,Mikel Oyarzabal,FW,876,Ismaila Sarr,0.996657946764074
749,Mikel Oyarzabal,FW,531,Cody Mathès Gakpo,0.9913646940878844
749,Mikel Oyarzabal,FW,217,Matheus Matheus Cunha,0.9863150712287428
749,Mikel Oyarzabal,FW,958,Lautaro Javier Martinez,0.9855428006372132
749,Mikel Oyarzabal,FW,919,Erling Braut Haaland,0.9854298655118613
749,Mikel Oyarzabal,FW,1047,Ronaldo Cristiano Ronaldo,0.9809352946680726
749,Mikel Oyarzabal,FW,1153,Harry Edward Kane,0.9804924448564839
749,Mikel Oyarzabal,FW,423,Kai Lukas Havertz,0.9801115761186626
749,Mikel Oyarzabal,FW,1086,Yoane Wissa,0.9790156471149112
749,Mikel Oyarzabal,FW,946,Lionel Andrés Messi,0.9788212895912825
750,Pau Cubarsi,DF,1169,Tehuti Djed-Hotep Spence,1.0000000000000002
750,Pau Cubarsi,DF,106,Alistair William Johnston,1.0000000000000002
750,Pau Cubarsi,DF,1147,Nico Oreilly,1.0000000000000002
750,Pau Cubarsi,DF,1121,Jhon Janer Lucumi,1.0000000000000002
750,Pau Cubarsi,DF,212,MARQUINHOSMarcos,1.0000000000000002
750,Pau Cubarsi,DF,927,Torbjørn Lysaker Heggem,1.0000000000000002
750,Pau Cubarsi,DF,962,Nahuel Molina,1.0000000000000002
750,Pau Cubarsi,DF,237,Noussair Mazraoui,1.0000000000000002
750,Pau Cubarsi,DF,342,Juan Jose Caceres,1.0000000000000002
750,Pau Cubarsi,DF,23,Jesús Daniel Gallardo,1.0000000000000002
751,Unai Simon,GK,729,David Raya,0.9849858871725523
751,Unai Simon,GK,382,Patrick Thomas Beach,0.9767207299432078
751,Unai Simon,GK,1130,Camilo Andres Vargas,0.9747312045517292
751,Unai Simon,GK,469,Yahia Fofana,0.9746844364740491
751,Unai Simon,GK,1,José Raúl Rangel,0.9714264593740919
751,Unai Simon,GK,336,Matthew Andrew Geary Freese,0.9614835649015
751,Unai Simon,GK,833,Brice Lauriche Samba,0.9576829508643383
751,Unai Simon,GK,287,Angus Fraser James Gunn,0.926557198417895
751,Unai Simon,GK,1212,Benjamin Asare,0.9057268294239215
751,Unai Simon,GK,1119,David Ospina,0.895691480335503
752,Marc Cucurella,DF,195,Ricardo Ivan Rodriguez,0.9990809815124841
752,Marc Cucurella,DF,836,Dayotchanculle Oswald Upamecano,0.9931071736120046
752,Marc Cucurella,DF,653,Hany Gamal Mohamed Hany,0.9885802925573939
752,Marc Cucurella,DF,742,Aymeric Laporte,0.9857613641370297
752,Marc Cucurella,DF,211,Gabriel Gabriel Magalhaes,0.9843521082256828
752,Marc Cucurella,DF,2,Jorge Eduardo Sanchez,0.9824465209268155
752,Marc Cucurella,DF,837,Jules Olivier Kounde,0.937536258388439
752,Marc Cucurella,DF,187,Manuel Obafemi Akanji,0.9314332735940871
752,Marc Cucurella,DF,252,Chadi Riad,0.9314332735940871
752,Marc Cucurella,DF,849,William Alain André Gabriel Saliba,0.9314332735940871
753,Victor Munoz,FW,1246,Azarías Emmanuel Londono,0.9999999999999997
753,Victor Munoz,FW,10,Ernesto Alexis Vega,0.9999999999999997
753,Victor Munoz,FW,14,Armando Gonzalez,0.9999999999999997
753,Victor Munoz,FW,21,César Saúl Huerta,0.9999999999999997
753,Victor Munoz,FW,97,Tomáš Chory,0.9999999999999997
753,Victor Munoz,FW,91,Mojmír Chytil,0.9999999999999997
753,Victor Munoz,FW,139,Samed Bazdar,0.9999999999999997
753,Victor Munoz,FW,130,Jayden Nelson,0.9999999999999997
753,Victor Munoz,FW,1144,Carlos Andrés Gomez,0.9999999999999997
753,Victor Munoz,FW,1113,Igor Sergeev,0.9999999999999997
754,Borja Iglesias,FW,1246,Azarías Emmanuel Londono,0.9999999999999997
754,Borja Iglesias,FW,10,Ernesto Alexis Vega,0.9999999999999997
754,Borja Iglesias,FW,14,Armando Gonzalez,0.9999999999999997
754,Borja Iglesias,FW,21,César Saúl Huerta,0.9999999999999997
754,Borja Iglesias,FW,97,Tomáš Chory,0.9999999999999997
754,Borja Iglesias,FW,91,Mojmír Chytil,0.9999999999999997
754,Borja Iglesias,FW,139,Samed Bazdar,0.9999999999999997
754,Borja Iglesias,FW,130,Jayden Nelson,0.9999999999999997
754,Borja Iglesias,FW,1144,Carlos Andrés Gomez,0.9999999999999997
754,Borja Iglesias,FW,1113,Igor Sergeev,0.9999999999999997
755,José Vozinha,GK,350,Orlando Daniel Gill,0.97352133993626
755,José Vozinha,GK,677,Ali Reza Beiranvand,0.9685046525308296
755,José Vozinha,GK,27,Ronwen Hayden Williams,0.9226194685535316
755,José Vozinha,GK,1041,Diogo Diogo Costa,0.9185501214491355
755,José Vozinha,GK,801,Khalil Mohammed Alowais,0.9160451176172137
755,José Vozinha,GK,495,Hernán Ismael Galindez,0.903274992263223
755,José Vozinha,GK,1197,Lawrence Ati Zigi,0.8938157691599774
755,José Vozinha,GK,287,Angus Fraser James Gunn,0.8540578887503052
755,José Vozinha,GK,469,Yahia Fofana,0.7625273409281194
755,José Vozinha,GK,443,Eloy Victor Room,0.7254758622501348
756,Ianique Stopira,DF,1247,Roderick Alonso Miller,1.0
756,Ianique Stopira,DF,1156,Trevoh Tom Chalobah,1.0
756,Ianique Stopira,DF,1159,Daniel Johnson Burn,1.0
756,Ianique Stopira,DF,1237,Eric Javier Davis,1.0
756,Ianique Stopira,DF,805,Abdullatif Jehad Thikri,1.0
756,Ianique Stopira,DF,808,José María Gimenez,1.0
756,Ianique Stopira,DF,810,Ronald Federico Araujo,1.0
756,Ianique Stopira,DF,28,Tholo Thabang Matuludi,1.0
756,Ianique Stopira,DF,29,Khulumani Ndamane,1.0
756,Ianique Stopira,DF,44,Samukele Alucious Kabini,1.0
757,Alberto Diney,DF,1168,Reece Lewis James,1.0
757,Alberto Diney,DF,117,Derek Austin Cornelius,1.0
757,Alberto Diney,DF,1210,Gideon Mensah,1.0
757,Alberto Diney,DF,1176,Josip Sutalo,1.0
757,Alberto Diney,DF,1141,Davinson Sanchez,1.0
757,Alberto Diney,DF,186,Nico Elvedi,1.0
757,Alberto Diney,DF,148,Nikola Katic,1.0
757,Alberto Diney,DF,126,Richmond Mamah Laryea,1.0
757,Alberto Diney,DF,1068,Wan Wan-Bissaka,1.0
757,Alberto Diney,DF,1070,Axel Tuanzebe,1.0
758,Carlos Pico Lopes,DF,1168,Reece Lewis James,1.0
758,Carlos Pico Lopes,DF,117,Derek Austin Cornelius,1.0
758,Carlos Pico Lopes,DF,1210,Gideon Mensah,1.0
758,Carlos Pico Lopes,DF,1176,Josip Sutalo,1.0
758,Carlos Pico Lopes,DF,1141,Davinson Sanchez,1.0
758,Carlos Pico Lopes,DF,186,Nico Elvedi,1.0
758,Carlos Pico Lopes,DF,148,Nikola Katic,1.0
758,Carlos Pico Lopes,DF,126,Richmond Mamah Laryea,1.0
758,Carlos Pico Lopes,DF,1068,Wan Wan-Bissaka,1.0
758,Carlos Pico Lopes,DF,1070,Axel Tuanzebe,1.0
759,Evans Logan Costa,DF,1247,Roderick Alonso Miller,1.0
759,Evans Logan Costa,DF,1156,Trevoh Tom Chalobah,1.0
759,Evans Logan Costa,DF,1159,Daniel Johnson Burn,1.0
759,Evans Logan Costa,DF,1237,Eric Javier Davis,1.0
759,Evans Logan Costa,DF,805,Abdullatif Jehad Thikri,1.0
759,Evans Logan Costa,DF,808,José María Gimenez,1.0
759,Evans Logan Costa,DF,810,Ronald Federico Araujo,1.0
759,Evans Logan Costa,DF,28,Tholo Thabang Matuludi,1.0
759,Evans Logan Costa,DF,29,Khulumani Ndamane,1.0
759,Evans Logan Costa,DF,44,Samukele Alucious Kabini,1.0
760,Lenini Kevin Pina,MF,476,Franck Yannick Kessie,0.999999696504127
760,Lenini Kevin Pina,MF,997,Marcel Sabitzer,0.9999968668408651
760,Lenini Kevin Pina,MF,435,Leroy Aziz Sane,0.9999817348597065
760,Lenini Kevin Pina,MF,1186,Martin Baturina,0.9999738561451882
760,Lenini Kevin Pina,MF,1055,Pedro Joao Neves,0.9999572836984785
760,Lenini Kevin Pina,MF,111,Stephen Eustaquio,0.9999533846119013
760,Lenini Kevin Pina,MF,631,Kevin De Bruyne,0.9998924343526541
760,Lenini Kevin Pina,MF,734,Mikel Merino,0.9998240839822752
760,Lenini Kevin Pina,MF,1006,Romano Schmid,0.9996080044157005
760,Lenini Kevin Pina,MF,632,Youri Marion Tielemans,0.9972956763194247
761,Eduardo Jovane,MF,62,Jae Sung Lee,1.0
761,Eduardo Jovane,MF,90,Lukáš Cerv,1.0
761,Eduardo Jovane,MF,1091,Edo Kayembe Kayembe,1.0
761,Eduardo Jovane,MF,136,Benjamin Tahirovic,1.0
761,Eduardo Jovane,MF,145,Amar Memic,1.0
761,Eduardo Jovane,MF,115,Liam Alan Millar,1.0
761,Eduardo Jovane,MF,976,Hicham Boudaoui,1.0
761,Eduardo Jovane,MF,941,Leandro Daniel Paredes,1.0
761,Eduardo Jovane,MF,1012,Paul Wanner,1.0
761,Eduardo Jovane,MF,968,Ramiz Larbi Zerrouki,1.0
762,Paulo Joao Paulo,MF,63,Hee Chan Hwang,0.9999999999999999
762,Paulo Joao Paulo,MF,86,Vladimír Darida,0.9999999999999999
762,Paulo Joao Paulo,MF,100,Tomáš Soucek,0.9999999999999999
762,Paulo Joao Paulo,MF,95,Lukáš Provod,0.9999999999999999
762,Paulo Joao Paulo,MF,110,Mathieu Choiniere,0.9999999999999999
762,Paulo Joao Paulo,MF,1133,Juan Camilo Portilla,0.9999999999999999
762,Paulo Joao Paulo,MF,118,Jacob Everett Shaffelburg,0.9999999999999999
762,Paulo Joao Paulo,MF,1185,Mario Pasalic,0.9999999999999999
762,Paulo Joao Paulo,MF,138,Armin Gigovic,0.9999999999999999
762,Paulo Joao Paulo,MF,1103,Oston Urunov,0.9999999999999999
763,BENCHIMOLGilson Gilson,FW,1240,Cecilio Alfonso Waterman,0.9999999999999998
763,BENCHIMOLGilson Gilson,FW,1239,Jose Fajardo,0.9999999999999998
763,BENCHIMOLGilson Gilson,FW,104,Denis Visinsky,0.9999999999999998
763,BENCHIMOLGilson Gilson,FW,1027,Nayef Ahmad Mahmoud Almardi,0.9999999999999998
763,BENCHIMOLGilson Gilson,FW,973,Anis Hadj Moussa,0.9999999999999998
763,BENCHIMOLGilson Gilson,FW,1066,Francisco Francisco Conceicao,0.9999999999999998
763,BENCHIMOLGilson Gilson,FW,1038,Ahmad Ali Ali Azaizeh,0.9999999999999998
763,BENCHIMOLGilson Gilson,FW,921,Jørgen Strand Strand Larsen,0.9999999999999998
763,BENCHIMOLGilson Gilson,FW,271,Don Deedson Deedson,0.9999999999999998
763,BENCHIMOLGilson Gilson,FW,276,Lenny Alvin Pico Joseph,0.9999999999999998
764,Gregory Jamiro Monteiro,MF,1178,Mateo Kovacic,1.0
764,Gregory Jamiro Monteiro,MF,1099,Otabek Shukurov,1.0
764,Gregory Jamiro Monteiro,MF,144,Ivan Sunjic,1.0
764,Gregory Jamiro Monteiro,MF,293,Mc,1.0
764,Gregory Jamiro Monteiro,MF,270,Jean Ricner Bellegarde,1.0
764,Gregory Jamiro Monteiro,MF,197,Djibril Ibrahima Sow,1.0
764,Gregory Jamiro Monteiro,MF,305,Lewis Ferguson,1.0
764,Gregory Jamiro Monteiro,MF,1072,Ngal’ayel Mukau,1.0
764,Gregory Jamiro Monteiro,MF,449,Juninho Gracielo Bacuna,1.0
764,Gregory Jamiro Monteiro,MF,452,Leandro Jones Johan Bacuna,1.0
765,RODRIGUESGarry Garry,MF,63,Hee Chan Hwang,0.9999999999999999
765,RODRIGUESGarry Garry,MF,86,Vladimír Darida,0.9999999999999999
765,RODRIGUESGarry Garry,MF,100,Tomáš Soucek,0.9999999999999999
765,RODRIGUESGarry Garry,MF,95,Lukáš Provod,0.9999999999999999
765,RODRIGUESGarry Garry,MF,110,Mathieu Choiniere,0.9999999999999999
765,RODRIGUESGarry Garry,MF,1133,Juan Camilo Portilla,0.9999999999999999
765,RODRIGUESGarry Garry,MF,118,Jacob Everett Shaffelburg,0.9999999999999999
765,RODRIGUESGarry Garry,MF,1185,Mario Pasalic,0.9999999999999999
765,RODRIGUESGarry Garry,MF,138,Armin Gigovic,0.9999999999999999
765,RODRIGUESGarry Garry,MF,1103,Oston Urunov,0.9999999999999999
766,Salomão Marcio,GK,12,Carlos Acevedo,1.0
766,Salomão Marcio,GK,64,Bumkeun Song,1.0
766,Salomão Marcio,GK,48,Stuart Ricardo Goss,1.0
766,Salomão Marcio,GK,42,Sipho Justin Chaine,1.0
766,Salomão Marcio,GK,122,Owen Olamidayo Goodman,1.0
766,Salomão Marcio,GK,101,Lukáš Hornicek,1.0
766,Salomão Marcio,GK,94,Jind ř ich Stanek,1.0
766,Salomão Marcio,GK,73,Hyeonwoo Jo,1.0
766,Salomão Marcio,GK,220,Weverton Weverton,1.0
766,Salomão Marcio,GK,231,Ederson Ederson,1.0
767,CABRALSidny Sidny Lopes,DF,248,Issa Laye Lucas Jean Diop,0.999943833565789
767,CABRALSidny Sidny Lopes,DF,718,Finn Surman,0.9999271380036141
767,CABRALSidny Sidny Lopes,DF,20,Mateo Chavez,0.9999271380036141
767,CABRALSidny Sidny Lopes,DF,784,Ali Abdulelah Alamri,0.999402282609524
767,CABRALSidny Sidny Lopes,DF,1120,Daniel Munoz,0.9983441447348907
767,CABRALSidny Sidny Lopes,DF,652,Ahmed Ibrahim Yasser,0.9957987714968918
767,CABRALSidny Sidny Lopes,DF,926,Marcus Holmgren Holmgren Pedersen,0.9813287230981216
767,CABRALSidny Sidny Lopes,DF,1219,Derrick Luckassen,0.9812987884814923
767,CABRALSidny Sidny Lopes,DF,602,Omar Rekik,0.9812987884814923
767,CABRALSidny Sidny Lopes,DF,431,Nico Cédric Schlotterbeck,0.9809387198572244
768,Deroy Deroy Duarte,MF,820,Agustin Canobbio,0.9975669699854252
768,Deroy Deroy Duarte,MF,644,Hans Vanaken,0.9967727572760429
768,Deroy Deroy Duarte,MF,560,Junya Ito,0.9962241906584202
768,Deroy Deroy Duarte,MF,1183,Nikola Vlasic,0.9885574102174082
768,Deroy Deroy Duarte,MF,96,Michal Sadilek,0.9858343235819336
768,Deroy Deroy Duarte,MF,396,Orkun Kokcu,0.963807760989827
768,Deroy Deroy Duarte,MF,671,Saber Abdelmohsen Mahmoud,0.942170805923885
768,Deroy Deroy Duarte,MF,202,Michel Aebischer,0.9197277717060864
768,Deroy Deroy Duarte,MF,944,Valentin Barco,0.9197277717060864
768,Deroy Deroy Duarte,MF,941,Leandro Daniel Paredes,0.9197277717060864
769,Michael Laros Duarte,MF,62,Jae Sung Lee,1.0
769,Michael Laros Duarte,MF,90,Lukáš Cerv,1.0
769,Michael Laros Duarte,MF,1091,Edo Kayembe Kayembe,1.0
769,Michael Laros Duarte,MF,136,Benjamin Tahirovic,1.0
769,Michael Laros Duarte,MF,145,Amar Memic,1.0
769,Michael Laros Duarte,MF,115,Liam Alan Millar,1.0
769,Michael Laros Duarte,MF,976,Hicham Boudaoui,1.0
769,Michael Laros Duarte,MF,941,Leandro Daniel Paredes,1.0
769,Michael Laros Duarte,MF,1012,Paul Wanner,1.0
769,Michael Laros Duarte,MF,968,Ramiz Larbi Zerrouki,1.0
770,SEMEDOJair Yannick,MF,72,Hyunjun Yang,1.0
770,SEMEDOJair Yannick,MF,69,Junho Bae,1.0
770,SEMEDOJair Yannick,MF,77,Jisung Eom,1.0
770,SEMEDOJair Yannick,MF,76,Jingyu Kim,1.0
770,SEMEDOJair Yannick,MF,78,Donggyeong Lee,1.0
770,SEMEDOJair Yannick,MF,103,Hugo Sochurek,1.0
770,SEMEDOJair Yannick,MF,1160,Kobbie Boateng Mainoo,1.0
770,SEMEDOJair Yannick,MF,1158,Jordan Brian Henderson,1.0
770,SEMEDOJair Yannick,MF,125,Jonathan Osorio,1.0
770,SEMEDOJair Yannick,MF,1177,Nikola Moro,1.0
771,Johnson Willy,MF,63,Hee Chan Hwang,0.9999999999999999
771,Johnson Willy,MF,86,Vladimír Darida,0.9999999999999999
771,Johnson Willy,MF,100,Tomáš Soucek,0.9999999999999999
771,Johnson Willy,MF,95,Lukáš Provod,0.9999999999999999
771,Johnson Willy,MF,110,Mathieu Choiniere,0.9999999999999999
771,Johnson Willy,MF,1133,Juan Camilo Portilla,0.9999999999999999
771,Johnson Willy,MF,118,Jacob Everett Shaffelburg,0.9999999999999999
771,Johnson Willy,MF,1185,Mario Pasalic,0.9999999999999999
771,Johnson Willy,MF,138,Armin Gigovic,0.9999999999999999
771,Johnson Willy,MF,1103,Oston Urunov,0.9999999999999999
772,Emanuel Telmo,MF,63,Hee Chan Hwang,0.9999999999999999
772,Emanuel Telmo,MF,86,Vladimír Darida,0.9999999999999999
772,Emanuel Telmo,MF,100,Tomáš Soucek,0.9999999999999999
772,Emanuel Telmo,MF,95,Lukáš Provod,0.9999999999999999
772,Emanuel Telmo,MF,110,Mathieu Choiniere,0.9999999999999999
772,Emanuel Telmo,MF,1133,Juan Camilo Portilla,0.9999999999999999
772,Emanuel Telmo,MF,118,Jacob Everett Shaffelburg,0.9999999999999999
772,Emanuel Telmo,MF,1185,Mario Pasalic,0.9999999999999999
772,Emanuel Telmo,MF,138,Armin Gigovic,0.9999999999999999
772,Emanuel Telmo,MF,1103,Oston Urunov,0.9999999999999999
773,Dailon Dailon Livramento,FW,93,Pavel Sulc,1.0000000000000002
773,Dailon Dailon Livramento,FW,88,Patrik Schick,1.0000000000000002
773,Dailon Dailon Livramento,FW,124,Ali Ahmed,1.0000000000000002
773,Dailon Dailon Livramento,FW,116,Tanitoluwa Oluwatimilehin Oluwaseyi,1.0000000000000002
773,Dailon Dailon Livramento,FW,1127,Jhon Andrés Cordoba,1.0000000000000002
773,Dailon Dailon Livramento,FW,171,Abdurisag Yusuf Abdurisag,1.0000000000000002
773,Dailon Dailon Livramento,FW,150,Esmir Bajraktarevic,1.0000000000000002
773,Dailon Dailon Livramento,FW,1051,João Joao Felix,1.0000000000000002
773,Dailon Dailon Livramento,FW,827,Federico Sebastian Vinas,1.0000000000000002
773,Dailon Dailon Livramento,FW,296,Che Sac Everton Fred Adams,1.0000000000000002
774,Isaac Ryan,FW,140,Ermedin Demirovic,1.0
774,Isaac Ryan,FW,121,Tajon Trevor Buchanan,1.0
774,Isaac Ryan,FW,917,Alexander Sorloth,1.0
774,Isaac Ryan,FW,503,John Yeboah,1.0
774,Isaac Ryan,FW,1205,Jordan Pierre Ayew,1.0
774,Isaac Ryan,FW,507,Enner Remberto Valencia,1.0
774,Isaac Ryan,FW,635,Jeremy Baffour Doku,0.9954384412803571
774,Isaac Ryan,FW,936,Julian Ryerson,0.9796958359591635
774,Isaac Ryan,FW,954,Nicolas Paz,0.9796958359591635
774,Isaac Ryan,FW,952,Thiago Ezequiel Almada,0.9796958359591635
775,Miguel Nuno Da Costa,MF,63,Hee Chan Hwang,0.9999999999999999
775,Miguel Nuno Da Costa,MF,86,Vladimír Darida,0.9999999999999999
775,Miguel Nuno Da Costa,MF,100,Tomáš Soucek,0.9999999999999999
775,Miguel Nuno Da Costa,MF,95,Lukáš Provod,0.9999999999999999
775,Miguel Nuno Da Costa,MF,110,Mathieu Choiniere,0.9999999999999999
775,Miguel Nuno Da Costa,MF,1133,Juan Camilo Portilla,0.9999999999999999
775,Miguel Nuno Da Costa,MF,118,Jacob Everett Shaffelburg,0.9999999999999999
775,Miguel Nuno Da Costa,MF,1185,Mario Pasalic,0.9999999999999999
775,Miguel Nuno Da Costa,MF,138,Armin Gigovic,0.9999999999999999
775,Miguel Nuno Da Costa,MF,1103,Oston Urunov,0.9999999999999999
776,MOREIRASteven Steven,DF,74,Youngwoo Seol,0.9999999999999999
776,MOREIRASteven Steven,DF,82,Robin Hranac,0.9999999999999999
776,MOREIRASteven Steven,DF,15,Israel Reyes,0.9999999999999999
776,MOREIRASteven Steven,DF,1173,Marin Pongracic,0.9999999999999999
776,MOREIRASteven Steven,DF,1135,Johan Andrés Mojica,0.9999999999999999
776,MOREIRASteven Steven,DF,108,Luc De Fougerolles,0.9999999999999999
776,MOREIRASteven Steven,DF,1200,Jonas Adjei Adjetey,0.9999999999999999
776,MOREIRASteven Steven,DF,1094,Abdukodir Khusanov,0.9999999999999999
776,MOREIRASteven Steven,DF,207,Luca Antony Jaquez,0.9999999999999999
776,MOREIRASteven Steven,DF,1105,Sherzod Nasrullaev,0.9999999999999999
777,Joaquim Cj Dos Santos,GK,12,Carlos Acevedo,1.0
777,Joaquim Cj Dos Santos,GK,64,Bumkeun Song,1.0
777,Joaquim Cj Dos Santos,GK,48,Stuart Ricardo Goss,1.0
777,Joaquim Cj Dos Santos,GK,42,Sipho Justin Chaine,1.0
777,Joaquim Cj Dos Santos,GK,122,Owen Olamidayo Goodman,1.0
777,Joaquim Cj Dos Santos,GK,101,Lukáš Hornicek,1.0
777,Joaquim Cj Dos Santos,GK,94,Jind ř ich Stanek,1.0
777,Joaquim Cj Dos Santos,GK,73,Hyeonwoo Jo,1.0
777,Joaquim Cj Dos Santos,GK,220,Weverton Weverton,1.0
777,Joaquim Cj Dos Santos,GK,231,Ederson Ederson,1.0
778,Fabricio Wagner Pina,DF,4,Edson Omar Alvarez,0.9989339791412747
778,Fabricio Wagner Pina,DF,262,Carlens Jean Fedlaire Ruby Arcus,0.9973471916032803
778,Fabricio Wagner Pina,DF,368,Jacob Michael Italiano,0.9971575390464607
778,Fabricio Wagner Pina,DF,56,Minjae Kim,0.9639411487937598
778,Fabricio Wagner Pina,DF,907,Ghazi Salih Merchas,0.9579213316592672
778,Fabricio Wagner Pina,DF,792,Abdullah Saud Abdulhamid,0.9579213316592672
778,Fabricio Wagner Pina,DF,369,Jordan Jacob Bos,0.8580438152213019
778,Fabricio Wagner Pina,DF,862,Abdoulaye Seck,0.8449002324519723
778,Fabricio Wagner Pina,DF,317,Antonee Robinson,0.8278473204971432
778,Fabricio Wagner Pina,DF,315,Christopher Jeffrey Richards,0.8202986557258667
779,PIRESKelvin Kelvin,DF,1247,Roderick Alonso Miller,1.0
779,PIRESKelvin Kelvin,DF,1156,Trevoh Tom Chalobah,1.0
779,PIRESKelvin Kelvin,DF,1159,Daniel Johnson Burn,1.0
779,PIRESKelvin Kelvin,DF,1237,Eric Javier Davis,1.0
779,PIRESKelvin Kelvin,DF,805,Abdullatif Jehad Thikri,1.0
779,PIRESKelvin Kelvin,DF,808,José María Gimenez,1.0
779,PIRESKelvin Kelvin,DF,810,Ronald Federico Araujo,1.0
779,PIRESKelvin Kelvin,DF,28,Tholo Thabang Matuludi,1.0
779,PIRESKelvin Kelvin,DF,29,Khulumani Ndamane,1.0
779,PIRESKelvin Kelvin,DF,44,Samukele Alucious Kabini,1.0
780,Sandro Helio Varela,MF,349,Mauricio Mauricio,0.9948927503982056
780,Sandro Helio Varela,MF,250,Gessime Ben Youssef Mustapha Yassine,0.9828237380686128
780,Sandro Helio Varela,MF,77,Jisung Eom,0.951965109346679
780,Sandro Helio Varela,MF,78,Donggyeong Lee,0.951965109346679
780,Sandro Helio Varela,MF,103,Hugo Sochurek,0.951965109346679
780,Sandro Helio Varela,MF,1160,Kobbie Boateng Mainoo,0.951965109346679
780,Sandro Helio Varela,MF,72,Hyunjun Yang,0.951965109346679
780,Sandro Helio Varela,MF,125,Jonathan Osorio,0.951965109346679
780,Sandro Helio Varela,MF,1177,Nikola Moro,0.951965109346679
780,Sandro Helio Varela,MF,1100,Jamshid Iskanderov,0.951965109346679
781,Dhahi Nawaf Alaqidi,GK,12,Carlos Acevedo,1.0
781,Dhahi Nawaf Alaqidi,GK,64,Bumkeun Song,1.0
781,Dhahi Nawaf Alaqidi,GK,48,Stuart Ricardo Goss,1.0
781,Dhahi Nawaf Alaqidi,GK,42,Sipho Justin Chaine,1.0
781,Dhahi Nawaf Alaqidi,GK,122,Owen Olamidayo Goodman,1.0
781,Dhahi Nawaf Alaqidi,GK,101,Lukáš Hornicek,1.0
781,Dhahi Nawaf Alaqidi,GK,94,Jind ř ich Stanek,1.0
781,Dhahi Nawaf Alaqidi,GK,73,Hyeonwoo Jo,1.0
781,Dhahi Nawaf Alaqidi,GK,220,Weverton Weverton,1.0
781,Dhahi Nawaf Alaqidi,GK,231,Ederson Ederson,1.0
782,Hassan Ali Majrashi,DF,1247,Roderick Alonso Miller,1.0
782,Hassan Ali Majrashi,DF,1156,Trevoh Tom Chalobah,1.0
782,Hassan Ali Majrashi,DF,1159,Daniel Johnson Burn,1.0
782,Hassan Ali Majrashi,DF,1237,Eric Javier Davis,1.0
782,Hassan Ali Majrashi,DF,805,Abdullatif Jehad Thikri,1.0
782,Hassan Ali Majrashi,DF,808,José María Gimenez,1.0
782,Hassan Ali Majrashi,DF,810,Ronald Federico Araujo,1.0
782,Hassan Ali Majrashi,DF,28,Tholo Thabang Matuludi,1.0
782,Hassan Ali Majrashi,DF,29,Khulumani Ndamane,1.0
782,Hassan Ali Majrashi,DF,44,Samukele Alucious Kabini,1.0
783,Mohammed Ali Lajami,DF,1248,Jorge Abdiel Gutierrez,1.0
783,Mohammed Ali Lajami,DF,1226,Fidel Escobar,1.0
783,Mohammed Ali Lajami,DF,1192,Luka Vuskovic,1.0
783,Mohammed Ali Lajami,DF,107,Alfie Charles Jones,1.0
783,Mohammed Ali Lajami,DF,123,Alphonso Boyle Davies,1.0
783,Mohammed Ali Lajami,DF,679,Ehsan Hajisafi,1.0
783,Mohammed Ali Lajami,DF,693,Arya Yousefi,1.0
783,Mohammed Ali Lajami,DF,706,Tyler Grant Bindon,1.0
783,Mohammed Ali Lajami,DF,665,Hafez Ramadan Karim Hafez,1.0
783,Mohammed Ali Lajami,DF,793,Meshari Nawaf Bu Washl,1.0
784,Ali Abdulelah Alamri,DF,718,Finn Surman,0.9997467711524922
784,Ali Abdulelah Alamri,DF,20,Mateo Chavez,0.9997467711524922
784,Ali Abdulelah Alamri,DF,767,CABRALSidny Sidny Lopes,0.999402282609524
784,Ali Abdulelah Alamri,DF,248,Issa Laye Lucas Jean Diop,0.9989797582689561
784,Ali Abdulelah Alamri,DF,1120,Daniel Munoz,0.9967837459702138
784,Ali Abdulelah Alamri,DF,652,Ahmed Ibrahim Yasser,0.9920380488762661
784,Ali Abdulelah Alamri,DF,602,Omar Rekik,0.9871262359647538
784,Ali Abdulelah Alamri,DF,1219,Derrick Luckassen,0.9871262359647538
784,Ali Abdulelah Alamri,DF,431,Nico Cédric Schlotterbeck,0.9869380139929987
784,Ali Abdulelah Alamri,DF,926,Marcus Holmgren Holmgren Pedersen,0.9866877985579641
785,Mohammed Hassan Altambakti,DF,74,Youngwoo Seol,0.9999999999999999
785,Mohammed Hassan Altambakti,DF,82,Robin Hranac,0.9999999999999999
785,Mohammed Hassan Altambakti,DF,15,Israel Reyes,0.9999999999999999
785,Mohammed Hassan Altambakti,DF,1173,Marin Pongracic,0.9999999999999999
785,Mohammed Hassan Altambakti,DF,1135,Johan Andrés Mojica,0.9999999999999999
785,Mohammed Hassan Altambakti,DF,108,Luc De Fougerolles,0.9999999999999999
785,Mohammed Hassan Altambakti,DF,1200,Jonas Adjei Adjetey,0.9999999999999999
785,Mohammed Hassan Altambakti,DF,1094,Abdukodir Khusanov,0.9999999999999999
785,Mohammed Hassan Altambakti,DF,207,Luca Antony Jaquez,0.9999999999999999
785,Mohammed Hassan Altambakti,DF,1105,Sherzod Nasrullaev,0.9999999999999999
786,Essa Nasser Aldawsari,MF,386,Jackson Alexander Irvine,0.9990484309829785
786,Essa Nasser Aldawsari,MF,31,Thalente Wandile Mbatha,0.9914717551699939
786,Essa Nasser Aldawsari,MF,168,Karim Karim Boudiaf,0.769614775065668
786,Essa Nasser Aldawsari,MF,146,Amir Hadziahmetovic,0.752973142865966
786,Essa Nasser Aldawsari,MF,112,Ismaël Kenneth Jordan Kone,0.6565537397325999
786,Essa Nasser Aldawsari,MF,346,Diego Alexander Gomez,0.6565537397325999
786,Essa Nasser Aldawsari,MF,277,Danley Jean Jacques,0.6332591897127778
786,Essa Nasser Aldawsari,MF,30,Teboho Mokoena,0.5932576120624281
786,Essa Nasser Aldawsari,MF,1080,Noah Junior Sadiki,0.5234369203268465
786,Essa Nasser Aldawsari,MF,145,Amar Memic,0.5234369203268465
787,Fahad Musab Aljuwayr,MF,62,Jae Sung Lee,1.0
787,Fahad Musab Aljuwayr,MF,90,Lukáš Cerv,1.0
787,Fahad Musab Aljuwayr,MF,1091,Edo Kayembe Kayembe,1.0
787,Fahad Musab Aljuwayr,MF,136,Benjamin Tahirovic,1.0
787,Fahad Musab Aljuwayr,MF,145,Amar Memic,1.0
787,Fahad Musab Aljuwayr,MF,115,Liam Alan Millar,1.0
787,Fahad Musab Aljuwayr,MF,976,Hicham Boudaoui,1.0
787,Fahad Musab Aljuwayr,MF,941,Leandro Daniel Paredes,1.0
787,Fahad Musab Aljuwayr,MF,1012,Paul Wanner,1.0
787,Fahad Musab Aljuwayr,MF,968,Ramiz Larbi Zerrouki,1.0
788,Yahya Aiman Yahya,FW,1246,Azarías Emmanuel Londono,0.9999999999999997
788,Yahya Aiman Yahya,FW,10,Ernesto Alexis Vega,0.9999999999999997
788,Yahya Aiman Yahya,FW,14,Armando Gonzalez,0.9999999999999997
788,Yahya Aiman Yahya,FW,21,César Saúl Huerta,0.9999999999999997
788,Yahya Aiman Yahya,FW,97,Tomáš Chory,0.9999999999999997
788,Yahya Aiman Yahya,FW,91,Mojmír Chytil,0.9999999999999997
788,Yahya Aiman Yahya,FW,139,Samed Bazdar,0.9999999999999997
788,Yahya Aiman Yahya,FW,130,Jayden Nelson,0.9999999999999997
788,Yahya Aiman Yahya,FW,1144,Carlos Andrés Gomez,0.9999999999999997
788,Yahya Aiman Yahya,FW,1113,Igor Sergeev,0.9999999999999997
789,Tariq Feras,FW,280,Frantzdy Pierrot,0.9409414468993378
789,Tariq Feras,FW,461,Gervane Zjandric Adonnis Kastaneer,0.8694995813304756
789,Tariq Feras,FW,332,Folarin Jolaoluwa Balogun,0.659096999879576
789,Tariq Feras,FW,633,Romelu Lukaku,0.4429885859215425
789,Tariq Feras,FW,635,Jeremy Baffour Doku,0.40900927848361224
789,Tariq Feras,FW,503,John Yeboah,0.40648618234305406
789,Tariq Feras,FW,140,Ermedin Demirovic,0.40648618234305406
789,Tariq Feras,FW,774,Isaac Ryan,0.40648618234305406
789,Tariq Feras,FW,917,Alexander Sorloth,0.40648618234305406
789,Tariq Feras,FW,121,Tajon Trevor Buchanan,0.40648618234305406
790,Mohammed Salem Aldawsari,FW,11,Santiago Tomás Gimenez,1.0000000000000002
790,Mohammed Salem Aldawsari,FW,141,Edin Dzeko,1.0000000000000002
790,Mohammed Salem Aldawsari,FW,167,Hassan Akram,1.0000000000000002
790,Mohammed Salem Aldawsari,FW,1083,Cedric Bakambu,1.0000000000000002
790,Mohammed Salem Aldawsari,FW,275,Ruben Fritzner Providence,1.0000000000000002
790,Mohammed Salem Aldawsari,FW,954,Nicolas Paz,1.0000000000000002
790,Mohammed Salem Aldawsari,FW,936,Julian Ryerson,1.0000000000000002
790,Mohammed Salem Aldawsari,FW,952,Thiago Ezequiel Almada,1.0000000000000002
790,Mohammed Salem Aldawsari,FW,477,Ange-Yoan Laurent Bonny,1.0000000000000002
790,Mohammed Salem Aldawsari,FW,451,Jürgen Leonardo Locadia,1.0000000000000002
791,Khalid Saleh,FW,1246,Azarías Emmanuel Londono,0.9999999999999997
791,Khalid Saleh,FW,10,Ernesto Alexis Vega,0.9999999999999997
791,Khalid Saleh,FW,14,Armando Gonzalez,0.9999999999999997
791,Khalid Saleh,FW,21,César Saúl Huerta,0.9999999999999997
791,Khalid Saleh,FW,97,Tomáš Chory,0.9999999999999997
791,Khalid Saleh,FW,91,Mojmír Chytil,0.9999999999999997
791,Khalid Saleh,FW,139,Samed Bazdar,0.9999999999999997
791,Khalid Saleh,FW,130,Jayden Nelson,0.9999999999999997
791,Khalid Saleh,FW,1144,Carlos Andrés Gomez,0.9999999999999997
791,Khalid Saleh,FW,1113,Igor Sergeev,0.9999999999999997
792,Abdullah Saud Abdulhamid,DF,907,Ghazi Salih Merchas,1.0
792,Abdullah Saud Abdulhamid,DF,56,Minjae Kim,0.9997475183362053
792,Abdullah Saud Abdulhamid,DF,368,Jacob Michael Italiano,0.9765232524988107
792,Abdullah Saud Abdulhamid,DF,262,Carlens Jean Fedlaire Ruby Arcus,0.9762291660213945
792,Abdullah Saud Abdulhamid,DF,369,Jordan Jacob Bos,0.9685447010855702
792,Abdullah Saud Abdulhamid,DF,778,Fabricio Wagner Pina,0.9579213316592672
792,Abdullah Saud Abdulhamid,DF,317,Antonee Robinson,0.9533180729104529
792,Abdullah Saud Abdulhamid,DF,315,Christopher Jeffrey Richards,0.94926082504907
792,Abdullah Saud Abdulhamid,DF,4,Edson Omar Alvarez,0.9437756130883806
792,Abdullah Saud Abdulhamid,DF,367,Alessandro Circati,0.9363994928877415
793,Meshari Nawaf Bu Washl,DF,1248,Jorge Abdiel Gutierrez,1.0
793,Meshari Nawaf Bu Washl,DF,1226,Fidel Escobar,1.0
793,Meshari Nawaf Bu Washl,DF,1192,Luka Vuskovic,1.0
793,Meshari Nawaf Bu Washl,DF,107,Alfie Charles Jones,1.0
793,Meshari Nawaf Bu Washl,DF,123,Alphonso Boyle Davies,1.0
793,Meshari Nawaf Bu Washl,DF,679,Ehsan Hajisafi,1.0
793,Meshari Nawaf Bu Washl,DF,693,Arya Yousefi,1.0
793,Meshari Nawaf Bu Washl,DF,706,Tyler Grant Bindon,1.0
793,Meshari Nawaf Bu Washl,DF,665,Hafez Ramadan Karim Hafez,1.0
793,Meshari Nawaf Bu Washl,DF,783,Mohammed Ali Lajami,1.0
794,Kadish Hassan,DF,1247,Roderick Alonso Miller,1.0
794,Kadish Hassan,DF,1156,Trevoh Tom Chalobah,1.0
794,Kadish Hassan,DF,1159,Daniel Johnson Burn,1.0
794,Kadish Hassan,DF,1237,Eric Javier Davis,1.0
794,Kadish Hassan,DF,805,Abdullatif Jehad Thikri,1.0
794,Kadish Hassan,DF,808,José María Gimenez,1.0
794,Kadish Hassan,DF,810,Ronald Federico Araujo,1.0
794,Kadish Hassan,DF,28,Tholo Thabang Matuludi,1.0
794,Kadish Hassan,DF,29,Khulumani Ndamane,1.0
794,Kadish Hassan,DF,44,Samukele Alucious Kabini,1.0
795,Mohammed Abdullah Alkhaibari,MF,1178,Mateo Kovacic,1.0
795,Mohammed Abdullah Alkhaibari,MF,1099,Otabek Shukurov,1.0
795,Mohammed Abdullah Alkhaibari,MF,144,Ivan Sunjic,1.0
795,Mohammed Abdullah Alkhaibari,MF,293,Mc,1.0
795,Mohammed Abdullah Alkhaibari,MF,270,Jean Ricner Bellegarde,1.0
795,Mohammed Abdullah Alkhaibari,MF,197,Djibril Ibrahima Sow,1.0
795,Mohammed Abdullah Alkhaibari,MF,305,Lewis Ferguson,1.0
795,Mohammed Abdullah Alkhaibari,MF,1072,Ngal’ayel Mukau,1.0
795,Mohammed Abdullah Alkhaibari,MF,449,Juninho Gracielo Bacuna,1.0
795,Mohammed Abdullah Alkhaibari,MF,452,Leandro Jones Johan Bacuna,1.0
796,Mubarak Ziyad Aljohani,MF,72,Hyunjun Yang,1.0
796,Mubarak Ziyad Aljohani,MF,69,Junho Bae,1.0
796,Mubarak Ziyad Aljohani,MF,77,Jisung Eom,1.0
796,Mubarak Ziyad Aljohani,MF,76,Jingyu Kim,1.0
796,Mubarak Ziyad Aljohani,MF,78,Donggyeong Lee,1.0
796,Mubarak Ziyad Aljohani,MF,103,Hugo Sochurek,1.0
796,Mubarak Ziyad Aljohani,MF,1160,Kobbie Boateng Mainoo,1.0
796,Mubarak Ziyad Aljohani,MF,1158,Jordan Brian Henderson,1.0
796,Mubarak Ziyad Aljohani,MF,125,Jonathan Osorio,1.0
796,Mubarak Ziyad Aljohani,MF,1177,Nikola Moro,1.0
797,Essa Khalid Alghannam,FW,1246,Azarías Emmanuel Londono,0.9999999999999997
797,Essa Khalid Alghannam,FW,10,Ernesto Alexis Vega,0.9999999999999997
797,Essa Khalid Alghannam,FW,14,Armando Gonzalez,0.9999999999999997
797,Essa Khalid Alghannam,FW,21,César Saúl Huerta,0.9999999999999997
797,Essa Khalid Alghannam,FW,97,Tomáš Chory,0.9999999999999997
797,Essa Khalid Alghannam,FW,91,Mojmír Chytil,0.9999999999999997
797,Essa Khalid Alghannam,FW,139,Samed Bazdar,0.9999999999999997
797,Essa Khalid Alghannam,FW,130,Jayden Nelson,0.9999999999999997
797,Essa Khalid Alghannam,FW,1144,Carlos Andrés Gomez,0.9999999999999997
797,Essa Khalid Alghannam,FW,1113,Igor Sergeev,0.9999999999999997
798,Mohsen Ala Alhajji,MF,72,Hyunjun Yang,1.0
798,Mohsen Ala Alhajji,MF,69,Junho Bae,1.0
798,Mohsen Ala Alhajji,MF,77,Jisung Eom,1.0
798,Mohsen Ala Alhajji,MF,76,Jingyu Kim,1.0
798,Mohsen Ala Alhajji,MF,78,Donggyeong Lee,1.0
798,Mohsen Ala Alhajji,MF,103,Hugo Sochurek,1.0
798,Mohsen Ala Alhajji,MF,1160,Kobbie Boateng Mainoo,1.0
798,Mohsen Ala Alhajji,MF,1158,Jordan Brian Henderson,1.0
798,Mohsen Ala Alhajji,MF,125,Jonathan Osorio,1.0
798,Mohsen Ala Alhajji,MF,1177,Nikola Moro,1.0
799,Abdulrahman Abdullah Alhamddan,FW,1246,Azarías Emmanuel Londono,0.9999999999999997
799,Abdulrahman Abdullah Alhamddan,FW,10,Ernesto Alexis Vega,0.9999999999999997
799,Abdulrahman Abdullah Alhamddan,FW,14,Armando Gonzalez,0.9999999999999997
799,Abdulrahman Abdullah Alhamddan,FW,21,César Saúl Huerta,0.9999999999999997
799,Abdulrahman Abdullah Alhamddan,FW,97,Tomáš Chory,0.9999999999999997
799,Abdulrahman Abdullah Alhamddan,FW,91,Mojmír Chytil,0.9999999999999997
799,Abdulrahman Abdullah Alhamddan,FW,139,Samed Bazdar,0.9999999999999997
799,Abdulrahman Abdullah Alhamddan,FW,130,Jayden Nelson,0.9999999999999997
799,Abdulrahman Abdullah Alhamddan,FW,1144,Carlos Andrés Gomez,0.9999999999999997
799,Abdulrahman Abdullah Alhamddan,FW,1113,Igor Sergeev,0.9999999999999997
800,Ahmed Sultan Mandash,FW,1240,Cecilio Alfonso Waterman,0.9999999999999998
800,Ahmed Sultan Mandash,FW,1239,Jose Fajardo,0.9999999999999998
800,Ahmed Sultan Mandash,FW,104,Denis Visinsky,0.9999999999999998
800,Ahmed Sultan Mandash,FW,1027,Nayef Ahmad Mahmoud Almardi,0.9999999999999998
800,Ahmed Sultan Mandash,FW,973,Anis Hadj Moussa,0.9999999999999998
800,Ahmed Sultan Mandash,FW,1066,Francisco Francisco Conceicao,0.9999999999999998
800,Ahmed Sultan Mandash,FW,1038,Ahmad Ali Ali Azaizeh,0.9999999999999998
800,Ahmed Sultan Mandash,FW,921,Jørgen Strand Strand Larsen,0.9999999999999998
800,Ahmed Sultan Mandash,FW,763,BENCHIMOLGilson Gilson,0.9999999999999998
800,Ahmed Sultan Mandash,FW,271,Don Deedson Deedson,0.9999999999999998
801,Khalil Mohammed Alowais,GK,677,Ali Reza Beiranvand,0.9433483001579676
801,Khalil Mohammed Alowais,GK,495,Hernán Ismael Galindez,0.9388281932902648
801,Khalil Mohammed Alowais,GK,443,Eloy Victor Room,0.9342661321247939
801,Khalil Mohammed Alowais,GK,1197,Lawrence Ati Zigi,0.9209441719276912
801,Khalil Mohammed Alowais,GK,755,José Vozinha,0.9160451176172137
801,Khalil Mohammed Alowais,GK,350,Orlando Daniel Gill,0.897013278477408
801,Khalil Mohammed Alowais,GK,573,Jacob Mikael Widell Zetterstrom,0.790018047239728
801,Khalil Mohammed Alowais,GK,27,Ronwen Hayden Williams,0.7751691966356379
801,Khalil Mohammed Alowais,GK,1041,Diogo Diogo Costa,0.711418093119684
801,Khalil Mohammed Alowais,GK,703,Maxime Teremoana Crocombe,0.666182631721896
802,Ali Ahmed,GK,12,Carlos Acevedo,1.0
802,Ali Ahmed,GK,64,Bumkeun Song,1.0
802,Ali Ahmed,GK,48,Stuart Ricardo Goss,1.0
802,Ali Ahmed,GK,42,Sipho Justin Chaine,1.0
802,Ali Ahmed,GK,122,Owen Olamidayo Goodman,1.0
802,Ali Ahmed,GK,101,Lukáš Hornicek,1.0
802,Ali Ahmed,GK,94,Jind ř ich Stanek,1.0
802,Ali Ahmed,GK,73,Hyeonwoo Jo,1.0
802,Ali Ahmed,GK,220,Weverton Weverton,1.0
802,Ali Ahmed,GK,231,Ederson Ederson,1.0
803,Ibrahim Mohamed,MF,62,Jae Sung Lee,1.0
803,Ibrahim Mohamed,MF,90,Lukáš Cerv,1.0
803,Ibrahim Mohamed,MF,1091,Edo Kayembe Kayembe,1.0
803,Ibrahim Mohamed,MF,136,Benjamin Tahirovic,1.0
803,Ibrahim Mohamed,MF,145,Amar Memic,1.0
803,Ibrahim Mohamed,MF,115,Liam Alan Millar,1.0
803,Ibrahim Mohamed,MF,976,Hicham Boudaoui,1.0
803,Ibrahim Mohamed,MF,941,Leandro Daniel Paredes,1.0
803,Ibrahim Mohamed,MF,1012,Paul Wanner,1.0
803,Ibrahim Mohamed,MF,968,Ramiz Larbi Zerrouki,1.0
804,Saad Moteb Alharbi,DF,65,Taeseok Lee,1.0000000000000002
804,Saad Moteb Alharbi,DF,81,Tomáš Holes,1.0000000000000002
804,Saad Moteb Alharbi,DF,1174,Joško Gvardiol,1.0000000000000002
804,Saad Moteb Alharbi,DF,1149,John Stones,1.0000000000000002
804,Saad Moteb Alharbi,DF,1110,Abdulla Abdullaev,1.0000000000000002
804,Saad Moteb Alharbi,DF,1116,Behruzjon Karimov,1.0000000000000002
804,Saad Moteb Alharbi,DF,119,Moïse Bombito Bombito,1.0000000000000002
804,Saad Moteb Alharbi,DF,1140,Deiver Machado,1.0000000000000002
804,Saad Moteb Alharbi,DF,1069,Steve Nkanu Kapuadi,1.0000000000000002
804,Saad Moteb Alharbi,DF,861,Kalidou Koulibaly,1.0000000000000002
805,Abdullatif Jehad Thikri,DF,1247,Roderick Alonso Miller,1.0
805,Abdullatif Jehad Thikri,DF,1156,Trevoh Tom Chalobah,1.0
805,Abdullatif Jehad Thikri,DF,1159,Daniel Johnson Burn,1.0
805,Abdullatif Jehad Thikri,DF,1237,Eric Javier Davis,1.0
805,Abdullatif Jehad Thikri,DF,808,José María Gimenez,1.0
805,Abdullatif Jehad Thikri,DF,810,Ronald Federico Araujo,1.0
805,Abdullatif Jehad Thikri,DF,28,Tholo Thabang Matuludi,1.0
805,Abdullatif Jehad Thikri,DF,29,Khulumani Ndamane,1.0
805,Abdullatif Jehad Thikri,DF,44,Samukele Alucious Kabini,1.0
805,Abdullatif Jehad Thikri,DF,50,Olwethu Mpilwenhle Makhanya,1.0
806,Waheeb Mohammed Abu Alshamat,DF,1248,Jorge Abdiel Gutierrez,1.0
806,Waheeb Mohammed Abu Alshamat,DF,1226,Fidel Escobar,1.0
806,Waheeb Mohammed Abu Alshamat,DF,1192,Luka Vuskovic,1.0
806,Waheeb Mohammed Abu Alshamat,DF,107,Alfie Charles Jones,1.0
806,Waheeb Mohammed Abu Alshamat,DF,123,Alphonso Boyle Davies,1.0
806,Waheeb Mohammed Abu Alshamat,DF,679,Ehsan Hajisafi,1.0
806,Waheeb Mohammed Abu Alshamat,DF,693,Arya Yousefi,1.0
806,Waheeb Mohammed Abu Alshamat,DF,706,Tyler Grant Bindon,1.0
806,Waheeb Mohammed Abu Alshamat,DF,665,Hafez Ramadan Karim Hafez,1.0
806,Waheeb Mohammed Abu Alshamat,DF,783,Mohammed Ali Lajami,1.0
807,Sergio Ramón Rochet,GK,13,Francisco Guillermo Ochoa,0.9999999999999999
807,Sergio Ramón Rochet,GK,105,Dayne Tristan St. Clair,0.9999999999999999
807,Sergio Ramón Rochet,GK,365,Mathew David Ryan,0.9999999999999999
807,Sergio Ramón Rochet,GK,937,Juan Agustín Musso,0.7903802751826774
807,Sergio Ramón Rochet,GK,881,Mory Diaw,0.550621122333312
807,Sergio Ramón Rochet,GK,64,Bumkeun Song,0.49993767188286814
807,Sergio Ramón Rochet,GK,48,Stuart Ricardo Goss,0.49993767188286814
807,Sergio Ramón Rochet,GK,122,Owen Olamidayo Goodman,0.49993767188286814
807,Sergio Ramón Rochet,GK,94,Jind ř ich Stanek,0.49993767188286814
807,Sergio Ramón Rochet,GK,194,Yvon Landry Mvogo,0.49993767188286814
808,José María Gimenez,DF,1247,Roderick Alonso Miller,1.0
808,José María Gimenez,DF,1156,Trevoh Tom Chalobah,1.0
808,José María Gimenez,DF,1159,Daniel Johnson Burn,1.0
808,José María Gimenez,DF,1237,Eric Javier Davis,1.0
808,José María Gimenez,DF,805,Abdullatif Jehad Thikri,1.0
808,José María Gimenez,DF,810,Ronald Federico Araujo,1.0
808,José María Gimenez,DF,28,Tholo Thabang Matuludi,1.0
808,José María Gimenez,DF,29,Khulumani Ndamane,1.0
808,José María Gimenez,DF,44,Samukele Alucious Kabini,1.0
808,José María Gimenez,DF,50,Olwethu Mpilwenhle Makhanya,1.0
809,Sebastián Enzo Caceres,DF,74,Youngwoo Seol,0.9999999999999999
809,Sebastián Enzo Caceres,DF,82,Robin Hranac,0.9999999999999999
809,Sebastián Enzo Caceres,DF,15,Israel Reyes,0.9999999999999999
809,Sebastián Enzo Caceres,DF,1173,Marin Pongracic,0.9999999999999999
809,Sebastián Enzo Caceres,DF,1135,Johan Andrés Mojica,0.9999999999999999
809,Sebastián Enzo Caceres,DF,108,Luc De Fougerolles,0.9999999999999999
809,Sebastián Enzo Caceres,DF,1200,Jonas Adjei Adjetey,0.9999999999999999
809,Sebastián Enzo Caceres,DF,1094,Abdukodir Khusanov,0.9999999999999999
809,Sebastián Enzo Caceres,DF,207,Luca Antony Jaquez,0.9999999999999999
809,Sebastián Enzo Caceres,DF,1105,Sherzod Nasrullaev,0.9999999999999999
810,Ronald Federico Araujo,DF,1247,Roderick Alonso Miller,1.0
810,Ronald Federico Araujo,DF,1156,Trevoh Tom Chalobah,1.0
810,Ronald Federico Araujo,DF,1159,Daniel Johnson Burn,1.0
810,Ronald Federico Araujo,DF,1237,Eric Javier Davis,1.0
810,Ronald Federico Araujo,DF,805,Abdullatif Jehad Thikri,1.0
810,Ronald Federico Araujo,DF,808,José María Gimenez,1.0
810,Ronald Federico Araujo,DF,28,Tholo Thabang Matuludi,1.0
810,Ronald Federico Araujo,DF,29,Khulumani Ndamane,1.0
810,Ronald Federico Araujo,DF,44,Samukele Alucious Kabini,1.0
810,Ronald Federico Araujo,DF,50,Olwethu Mpilwenhle Makhanya,1.0
811,Manuel Ugarte,MF,1178,Mateo Kovacic,1.0
811,Manuel Ugarte,MF,1099,Otabek Shukurov,1.0
811,Manuel Ugarte,MF,144,Ivan Sunjic,1.0
811,Manuel Ugarte,MF,293,Mc,1.0
811,Manuel Ugarte,MF,270,Jean Ricner Bellegarde,1.0
811,Manuel Ugarte,MF,197,Djibril Ibrahima Sow,1.0
811,Manuel Ugarte,MF,305,Lewis Ferguson,1.0
811,Manuel Ugarte,MF,1072,Ngal’ayel Mukau,1.0
811,Manuel Ugarte,MF,449,Juninho Gracielo Bacuna,1.0
811,Manuel Ugarte,MF,452,Leandro Jones Johan Bacuna,1.0
812,Rodrigo Bentancur,MF,1178,Mateo Kovacic,1.0
812,Rodrigo Bentancur,MF,1099,Otabek Shukurov,1.0
812,Rodrigo Bentancur,MF,144,Ivan Sunjic,1.0
812,Rodrigo Bentancur,MF,293,Mc,1.0
812,Rodrigo Bentancur,MF,270,Jean Ricner Bellegarde,1.0
812,Rodrigo Bentancur,MF,197,Djibril Ibrahima Sow,1.0
812,Rodrigo Bentancur,MF,305,Lewis Ferguson,1.0
812,Rodrigo Bentancur,MF,1072,Ngal’ayel Mukau,1.0
812,Rodrigo Bentancur,MF,449,Juninho Gracielo Bacuna,1.0
812,Rodrigo Bentancur,MF,452,Leandro Jones Johan Bacuna,1.0
813,Diego Nicolás De La Cruz,MF,72,Hyunjun Yang,1.0
813,Diego Nicolás De La Cruz,MF,69,Junho Bae,1.0
813,Diego Nicolás De La Cruz,MF,77,Jisung Eom,1.0
813,Diego Nicolás De La Cruz,MF,76,Jingyu Kim,1.0
813,Diego Nicolás De La Cruz,MF,78,Donggyeong Lee,1.0
813,Diego Nicolás De La Cruz,MF,103,Hugo Sochurek,1.0
813,Diego Nicolás De La Cruz,MF,1160,Kobbie Boateng Mainoo,1.0
813,Diego Nicolás De La Cruz,MF,1158,Jordan Brian Henderson,1.0
813,Diego Nicolás De La Cruz,MF,125,Jonathan Osorio,1.0
813,Diego Nicolás De La Cruz,MF,1177,Nikola Moro,1.0
814,Federico Santiago Valverde,MF,866,Lamine Camara,0.9997486015909978
814,Federico Santiago Valverde,MF,920,Martín Odegaard,0.998866750425305
814,Federico Santiago Valverde,MF,433,Florian Richard Wirtz,0.9983933850281563
814,Federico Santiago Valverde,MF,71,Kangin Lee,0.9979671171958545
814,Federico Santiago Valverde,MF,1022,Mahmoud Ali Noor Alrawabdeh,0.9979671171958545
814,Federico Santiago Valverde,MF,608,Hannibal Mejbri,0.9979671171958545
814,Federico Santiago Valverde,MF,216,GUIMARAESBruno Bruno,0.9967788451555598
814,Federico Santiago Valverde,MF,559,Keito Nakamura,0.9946003767065376
814,Federico Santiago Valverde,MF,58,Inbeom Hwang,0.993974254463567
814,Federico Santiago Valverde,MF,570,Kaishu Sano,0.9934876225039371
815,Darwin Gabriel Nunez,FW,93,Pavel Sulc,1.0000000000000002
815,Darwin Gabriel Nunez,FW,88,Patrik Schick,1.0000000000000002
815,Darwin Gabriel Nunez,FW,124,Ali Ahmed,1.0000000000000002
815,Darwin Gabriel Nunez,FW,116,Tanitoluwa Oluwatimilehin Oluwaseyi,1.0000000000000002
815,Darwin Gabriel Nunez,FW,1127,Jhon Andrés Cordoba,1.0000000000000002
815,Darwin Gabriel Nunez,FW,171,Abdurisag Yusuf Abdurisag,1.0000000000000002
815,Darwin Gabriel Nunez,FW,150,Esmir Bajraktarevic,1.0000000000000002
815,Darwin Gabriel Nunez,FW,1051,João Joao Felix,1.0000000000000002
815,Darwin Gabriel Nunez,FW,827,Federico Sebastian Vinas,1.0000000000000002
815,Darwin Gabriel Nunez,FW,296,Che Sac Everton Fred Adams,1.0000000000000002
816,Giorgian Daniel De Arrascaeta,MF,72,Hyunjun Yang,1.0
816,Giorgian Daniel De Arrascaeta,MF,69,Junho Bae,1.0
816,Giorgian Daniel De Arrascaeta,MF,77,Jisung Eom,1.0
816,Giorgian Daniel De Arrascaeta,MF,76,Jingyu Kim,1.0
816,Giorgian Daniel De Arrascaeta,MF,78,Donggyeong Lee,1.0
816,Giorgian Daniel De Arrascaeta,MF,103,Hugo Sochurek,1.0
816,Giorgian Daniel De Arrascaeta,MF,1160,Kobbie Boateng Mainoo,1.0
816,Giorgian Daniel De Arrascaeta,MF,1158,Jordan Brian Henderson,1.0
816,Giorgian Daniel De Arrascaeta,MF,125,Jonathan Osorio,1.0
816,Giorgian Daniel De Arrascaeta,MF,1177,Nikola Moro,1.0
817,Facundo Pellistri,FW,1246,Azarías Emmanuel Londono,0.9999999999999997
817,Facundo Pellistri,FW,10,Ernesto Alexis Vega,0.9999999999999997
817,Facundo Pellistri,FW,14,Armando Gonzalez,0.9999999999999997
817,Facundo Pellistri,FW,21,César Saúl Huerta,0.9999999999999997
817,Facundo Pellistri,FW,97,Tomáš Chory,0.9999999999999997
817,Facundo Pellistri,FW,91,Mojmír Chytil,0.9999999999999997
817,Facundo Pellistri,FW,139,Samed Bazdar,0.9999999999999997
817,Facundo Pellistri,FW,130,Jayden Nelson,0.9999999999999997
817,Facundo Pellistri,FW,1144,Carlos Andrés Gomez,0.9999999999999997
817,Facundo Pellistri,FW,1113,Igor Sergeev,0.9999999999999997
818,Santiago Andres Mele,GK,12,Carlos Acevedo,1.0
818,Santiago Andres Mele,GK,64,Bumkeun Song,1.0
818,Santiago Andres Mele,GK,48,Stuart Ricardo Goss,1.0
818,Santiago Andres Mele,GK,42,Sipho Justin Chaine,1.0
818,Santiago Andres Mele,GK,122,Owen Olamidayo Goodman,1.0
818,Santiago Andres Mele,GK,101,Lukáš Hornicek,1.0
818,Santiago Andres Mele,GK,94,Jind ř ich Stanek,1.0
818,Santiago Andres Mele,GK,73,Hyeonwoo Jo,1.0
818,Santiago Andres Mele,GK,220,Weverton Weverton,1.0
818,Santiago Andres Mele,GK,231,Ederson Ederson,1.0
819,Guillermo Varela,DF,74,Youngwoo Seol,0.9999999999999999
819,Guillermo Varela,DF,82,Robin Hranac,0.9999999999999999
819,Guillermo Varela,DF,15,Israel Reyes,0.9999999999999999
819,Guillermo Varela,DF,1173,Marin Pongracic,0.9999999999999999
819,Guillermo Varela,DF,1135,Johan Andrés Mojica,0.9999999999999999
819,Guillermo Varela,DF,108,Luc De Fougerolles,0.9999999999999999
819,Guillermo Varela,DF,1200,Jonas Adjei Adjetey,0.9999999999999999
819,Guillermo Varela,DF,1094,Abdukodir Khusanov,0.9999999999999999
819,Guillermo Varela,DF,207,Luca Antony Jaquez,0.9999999999999999
819,Guillermo Varela,DF,1105,Sherzod Nasrullaev,0.9999999999999999
820,Agustin Canobbio,MF,644,Hans Vanaken,0.9999439250674438
820,Agustin Canobbio,MF,560,Junya Ito,0.9998528374717557
820,Agustin Canobbio,MF,768,Deroy Deroy Duarte,0.9975669699854252
820,Agustin Canobbio,MF,1183,Nikola Vlasic,0.9966683429199753
820,Agustin Canobbio,MF,96,Michal Sadilek,0.9951284527642912
820,Agustin Canobbio,MF,396,Orkun Kokcu,0.9800486031701946
820,Agustin Canobbio,MF,671,Saber Abdelmohsen Mahmoud,0.9632421796852774
820,Agustin Canobbio,MF,944,Valentin Barco,0.8901230654337222
820,Agustin Canobbio,MF,202,Michel Aebischer,0.8901230654337222
820,Agustin Canobbio,MF,1012,Paul Wanner,0.8901230654337222
821,Emiliano Martinez,MF,72,Hyunjun Yang,1.0
821,Emiliano Martinez,MF,69,Junho Bae,1.0
821,Emiliano Martinez,MF,77,Jisung Eom,1.0
821,Emiliano Martinez,MF,76,Jingyu Kim,1.0
821,Emiliano Martinez,MF,78,Donggyeong Lee,1.0
821,Emiliano Martinez,MF,103,Hugo Sochurek,1.0
821,Emiliano Martinez,MF,1160,Kobbie Boateng Mainoo,1.0
821,Emiliano Martinez,MF,1158,Jordan Brian Henderson,1.0
821,Emiliano Martinez,MF,125,Jonathan Osorio,1.0
821,Emiliano Martinez,MF,1177,Nikola Moro,1.0
822,Mathías Olivera,DF,74,Youngwoo Seol,0.9999999999999999
822,Mathías Olivera,DF,82,Robin Hranac,0.9999999999999999
822,Mathías Olivera,DF,15,Israel Reyes,0.9999999999999999
822,Mathías Olivera,DF,1173,Marin Pongracic,0.9999999999999999
822,Mathías Olivera,DF,1135,Johan Andrés Mojica,0.9999999999999999
822,Mathías Olivera,DF,108,Luc De Fougerolles,0.9999999999999999
822,Mathías Olivera,DF,1200,Jonas Adjei Adjetey,0.9999999999999999
822,Mathías Olivera,DF,1094,Abdukodir Khusanov,0.9999999999999999
822,Mathías Olivera,DF,207,Luca Antony Jaquez,0.9999999999999999
822,Mathías Olivera,DF,1105,Sherzod Nasrullaev,0.9999999999999999
823,Matías Nicolas Vina,DF,1248,Jorge Abdiel Gutierrez,1.0
823,Matías Nicolas Vina,DF,1226,Fidel Escobar,1.0
823,Matías Nicolas Vina,DF,1192,Luka Vuskovic,1.0
823,Matías Nicolas Vina,DF,107,Alfie Charles Jones,1.0
823,Matías Nicolas Vina,DF,123,Alphonso Boyle Davies,1.0
823,Matías Nicolas Vina,DF,679,Ehsan Hajisafi,1.0
823,Matías Nicolas Vina,DF,693,Arya Yousefi,1.0
823,Matías Nicolas Vina,DF,706,Tyler Grant Bindon,1.0
823,Matías Nicolas Vina,DF,665,Hafez Ramadan Karim Hafez,1.0
823,Matías Nicolas Vina,DF,783,Mohammed Ali Lajami,1.0
824,Paul Brian Rodriguez,FW,1246,Azarías Emmanuel Londono,0.9999999999999997
824,Paul Brian Rodriguez,FW,10,Ernesto Alexis Vega,0.9999999999999997
824,Paul Brian Rodriguez,FW,14,Armando Gonzalez,0.9999999999999997
824,Paul Brian Rodriguez,FW,21,César Saúl Huerta,0.9999999999999997
824,Paul Brian Rodriguez,FW,97,Tomáš Chory,0.9999999999999997
824,Paul Brian Rodriguez,FW,91,Mojmír Chytil,0.9999999999999997
824,Paul Brian Rodriguez,FW,139,Samed Bazdar,0.9999999999999997
824,Paul Brian Rodriguez,FW,130,Jayden Nelson,0.9999999999999997
824,Paul Brian Rodriguez,FW,1144,Carlos Andrés Gomez,0.9999999999999997
824,Paul Brian Rodriguez,FW,1113,Igor Sergeev,0.9999999999999997
825,Rodrigo Sebastian Aguirre,FW,1246,Azarías Emmanuel Londono,0.9999999999999997
825,Rodrigo Sebastian Aguirre,FW,10,Ernesto Alexis Vega,0.9999999999999997
825,Rodrigo Sebastian Aguirre,FW,14,Armando Gonzalez,0.9999999999999997
825,Rodrigo Sebastian Aguirre,FW,21,César Saúl Huerta,0.9999999999999997
825,Rodrigo Sebastian Aguirre,FW,97,Tomáš Chory,0.9999999999999997
825,Rodrigo Sebastian Aguirre,FW,91,Mojmír Chytil,0.9999999999999997
825,Rodrigo Sebastian Aguirre,FW,139,Samed Bazdar,0.9999999999999997
825,Rodrigo Sebastian Aguirre,FW,130,Jayden Nelson,0.9999999999999997
825,Rodrigo Sebastian Aguirre,FW,1144,Carlos Andrés Gomez,0.9999999999999997
825,Rodrigo Sebastian Aguirre,FW,1113,Igor Sergeev,0.9999999999999997
826,Maximiliano Javier Araujo,MF,58,Inbeom Hwang,0.9940213758938184
826,Maximiliano Javier Araujo,MF,570,Kaishu Sano,0.9935356774113222
826,Maximiliano Javier Araujo,MF,1187,Petar Sucic,0.9913074857453299
826,Maximiliano Javier Araujo,MF,559,Keito Nakamura,0.9902866451999319
826,Maximiliano Javier Araujo,MF,329,Malik Leon Tillman,0.9899553398166934
826,Maximiliano Javier Araujo,MF,191,Johan Kula Manzambi,0.989217102152111
826,Maximiliano Javier Araujo,MF,216,GUIMARAESBruno Bruno,0.9852586076156507
826,Maximiliano Javier Araujo,MF,920,Martín Odegaard,0.9839444639623839
826,Maximiliano Javier Araujo,MF,433,Florian Richard Wirtz,0.9832438085586503
826,Maximiliano Javier Araujo,MF,814,Federico Santiago Valverde,0.9788521624221466
827,Federico Sebastian Vinas,FW,93,Pavel Sulc,1.0000000000000002
827,Federico Sebastian Vinas,FW,88,Patrik Schick,1.0000000000000002
827,Federico Sebastian Vinas,FW,124,Ali Ahmed,1.0000000000000002
827,Federico Sebastian Vinas,FW,116,Tanitoluwa Oluwatimilehin Oluwaseyi,1.0000000000000002
827,Federico Sebastian Vinas,FW,1127,Jhon Andrés Cordoba,1.0000000000000002
827,Federico Sebastian Vinas,FW,171,Abdurisag Yusuf Abdurisag,1.0000000000000002
827,Federico Sebastian Vinas,FW,150,Esmir Bajraktarevic,1.0000000000000002
827,Federico Sebastian Vinas,FW,1051,João Joao Felix,1.0000000000000002
827,Federico Sebastian Vinas,FW,296,Che Sac Everton Fred Adams,1.0000000000000002
827,Federico Sebastian Vinas,FW,953,Giuliano Simeone,1.0000000000000002
828,Joaquin Piquerez,MF,72,Hyunjun Yang,1.0
828,Joaquin Piquerez,MF,69,Junho Bae,1.0
828,Joaquin Piquerez,MF,77,Jisung Eom,1.0
828,Joaquin Piquerez,MF,76,Jingyu Kim,1.0
828,Joaquin Piquerez,MF,78,Donggyeong Lee,1.0
828,Joaquin Piquerez,MF,103,Hugo Sochurek,1.0
828,Joaquin Piquerez,MF,1160,Kobbie Boateng Mainoo,1.0
828,Joaquin Piquerez,MF,1158,Jordan Brian Henderson,1.0
828,Joaquin Piquerez,MF,125,Jonathan Osorio,1.0
828,Joaquin Piquerez,MF,1177,Nikola Moro,1.0
829,Nestor Fernando Muslera,GK,131,Nikola Vasilj,0.8666123445882808
829,Nestor Fernando Muslera,GK,911,Ørjan Haskjold Nyland,0.8626172688722424
829,Nestor Fernando Muslera,GK,1067,Lionel Nzau Mpasi,0.8427409760149319
829,Nestor Fernando Muslera,GK,989,Alexander Schlager,0.8236833567900037
829,Nestor Fernando Muslera,GK,79,Mat ě j Kovar,0.8181999051951846
829,Nestor Fernando Muslera,GK,521,Bart Verbruggen,0.7620379053565248
829,Nestor Fernando Muslera,GK,261,Johny Placide,0.7296738427292281
829,Nestor Fernando Muslera,GK,1015,Mo'ien Hasan Yazeed Abulaila,0.7134058775303609
829,Nestor Fernando Muslera,GK,1244,Orlando Mosquera,0.7013223828110258
829,Nestor Fernando Muslera,GK,985,Luca Zinedine Zidane,0.7009903144504245
830,Santiago Ignacio Bueno,DF,1247,Roderick Alonso Miller,1.0
830,Santiago Ignacio Bueno,DF,1156,Trevoh Tom Chalobah,1.0
830,Santiago Ignacio Bueno,DF,1159,Daniel Johnson Burn,1.0
830,Santiago Ignacio Bueno,DF,1237,Eric Javier Davis,1.0
830,Santiago Ignacio Bueno,DF,805,Abdullatif Jehad Thikri,1.0
830,Santiago Ignacio Bueno,DF,808,José María Gimenez,1.0
830,Santiago Ignacio Bueno,DF,810,Ronald Federico Araujo,1.0
830,Santiago Ignacio Bueno,DF,28,Tholo Thabang Matuludi,1.0
830,Santiago Ignacio Bueno,DF,29,Khulumani Ndamane,1.0
830,Santiago Ignacio Bueno,DF,44,Samukele Alucious Kabini,1.0
831,Juan Manuel Sanabria,MF,62,Jae Sung Lee,1.0
831,Juan Manuel Sanabria,MF,90,Lukáš Cerv,1.0
831,Juan Manuel Sanabria,MF,1091,Edo Kayembe Kayembe,1.0
831,Juan Manuel Sanabria,MF,136,Benjamin Tahirovic,1.0
831,Juan Manuel Sanabria,MF,145,Amar Memic,1.0
831,Juan Manuel Sanabria,MF,115,Liam Alan Millar,1.0
831,Juan Manuel Sanabria,MF,976,Hicham Boudaoui,1.0
831,Juan Manuel Sanabria,MF,941,Leandro Daniel Paredes,1.0
831,Juan Manuel Sanabria,MF,1012,Paul Wanner,1.0
831,Juan Manuel Sanabria,MF,968,Ramiz Larbi Zerrouki,1.0
832,Radrigo Zalazar,MF,72,Hyunjun Yang,1.0
832,Radrigo Zalazar,MF,69,Junho Bae,1.0
832,Radrigo Zalazar,MF,77,Jisung Eom,1.0
832,Radrigo Zalazar,MF,76,Jingyu Kim,1.0
832,Radrigo Zalazar,MF,78,Donggyeong Lee,1.0
832,Radrigo Zalazar,MF,103,Hugo Sochurek,1.0
832,Radrigo Zalazar,MF,1160,Kobbie Boateng Mainoo,1.0
832,Radrigo Zalazar,MF,1158,Jordan Brian Henderson,1.0
832,Radrigo Zalazar,MF,125,Jonathan Osorio,1.0
832,Radrigo Zalazar,MF,1177,Nikola Moro,1.0
833,Brice Lauriche Samba,GK,1119,David Ospina,0.9760196916140822
833,Brice Lauriche Samba,GK,751,Unai Simon,0.9576829508643383
833,Brice Lauriche Samba,GK,729,David Raya,0.9536657854633132
833,Brice Lauriche Samba,GK,336,Matthew Andrew Geary Freese,0.934389514981025
833,Brice Lauriche Samba,GK,1130,Camilo Andres Vargas,0.9252912268695727
833,Brice Lauriche Samba,GK,1,José Raúl Rangel,0.9130046358456237
833,Brice Lauriche Samba,GK,469,Yahia Fofana,0.9036005440970958
833,Brice Lauriche Samba,GK,1212,Benjamin Asare,0.8873870075536123
833,Brice Lauriche Samba,GK,382,Patrick Thomas Beach,0.8754454835102269
833,Brice Lauriche Samba,GK,287,Angus Fraser James Gunn,0.8707035841091396
834,Malo Arthur Gusto,DF,1248,Jorge Abdiel Gutierrez,1.0
834,Malo Arthur Gusto,DF,1226,Fidel Escobar,1.0
834,Malo Arthur Gusto,DF,1192,Luka Vuskovic,1.0
834,Malo Arthur Gusto,DF,107,Alfie Charles Jones,1.0
834,Malo Arthur Gusto,DF,123,Alphonso Boyle Davies,1.0
834,Malo Arthur Gusto,DF,679,Ehsan Hajisafi,1.0
834,Malo Arthur Gusto,DF,693,Arya Yousefi,1.0
834,Malo Arthur Gusto,DF,706,Tyler Grant Bindon,1.0
834,Malo Arthur Gusto,DF,665,Hafez Ramadan Karim Hafez,1.0
834,Malo Arthur Gusto,DF,783,Mohammed Ali Lajami,1.0
835,Lucas Digne,DF,65,Taeseok Lee,1.0000000000000002
835,Lucas Digne,DF,81,Tomáš Holes,1.0000000000000002
835,Lucas Digne,DF,1174,Joško Gvardiol,1.0000000000000002
835,Lucas Digne,DF,1149,John Stones,1.0000000000000002
835,Lucas Digne,DF,1110,Abdulla Abdullaev,1.0000000000000002
835,Lucas Digne,DF,1116,Behruzjon Karimov,1.0000000000000002
835,Lucas Digne,DF,119,Moïse Bombito Bombito,1.0000000000000002
835,Lucas Digne,DF,1140,Deiver Machado,1.0000000000000002
835,Lucas Digne,DF,1069,Steve Nkanu Kapuadi,1.0000000000000002
835,Lucas Digne,DF,861,Kalidou Koulibaly,1.0000000000000002
836,Dayotchanculle Oswald Upamecano,DF,195,Ricardo Ivan Rodriguez,0.9940017182539086
836,Dayotchanculle Oswald Upamecano,DF,752,Marc Cucurella,0.9931071736120046
836,Dayotchanculle Oswald Upamecano,DF,837,Jules Olivier Kounde,0.9716582285917273
836,Dayotchanculle Oswald Upamecano,DF,653,Hany Gamal Mohamed Hany,0.9682638366067982
836,Dayotchanculle Oswald Upamecano,DF,1150,Keaninkin Marc-Isreal Guehi,0.9676511333094764
836,Dayotchanculle Oswald Upamecano,DF,187,Manuel Obafemi Akanji,0.9676511333094764
836,Dayotchanculle Oswald Upamecano,DF,252,Chadi Riad,0.9676511333094764
836,Dayotchanculle Oswald Upamecano,DF,849,William Alain André Gabriel Saliba,0.9676511333094764
836,Dayotchanculle Oswald Upamecano,DF,742,Aymeric Laporte,0.9630713028132866
836,Dayotchanculle Oswald Upamecano,DF,211,Gabriel Gabriel Magalhaes,0.9605952855475917
837,Jules Olivier Kounde,DF,1150,Keaninkin Marc-Isreal Guehi,0.9995466585685674
837,Jules Olivier Kounde,DF,252,Chadi Riad,0.9995466585685674
837,Jules Olivier Kounde,DF,187,Manuel Obafemi Akanji,0.9995466585685674
837,Jules Olivier Kounde,DF,849,William Alain André Gabriel Saliba,0.9995466585685674
837,Jules Olivier Kounde,DF,106,Alistair William Johnston,0.9968094226365073
837,Jules Olivier Kounde,DF,1147,Nico Oreilly,0.9968094226365073
837,Jules Olivier Kounde,DF,1121,Jhon Janer Lucumi,0.9968094226365073
837,Jules Olivier Kounde,DF,342,Juan Jose Caceres,0.9968094226365073
837,Jules Olivier Kounde,DF,927,Torbjørn Lysaker Heggem,0.9968094226365073
837,Jules Olivier Kounde,DF,237,Noussair Mazraoui,0.9968094226365073
838,Emmanuel Boris Kone,MF,1134,Jefferson Andrés Lerma,0.9999999999999998
838,Emmanuel Boris Kone,MF,240,Ayyoub Bouaddi,0.9999999999999998
838,Emmanuel Boris Kone,MF,918,Sander Gard Bolin Berge,0.9999999999999998
838,Emmanuel Boris Kone,MF,320,Mc,0.9999999999999998
838,Emmanuel Boris Kone,MF,744,Rodrigo Rodri,0.9999999999999998
838,Emmanuel Boris Kone,MF,19,Gilberto Rafael Mora,0.9999999999999998
838,Emmanuel Boris Kone,MF,257,Bilal El Khannouss,0.9987000498249574
838,Emmanuel Boris Kone,MF,1129,Jhon Adolfo Arias,0.9985909967528839
838,Emmanuel Boris Kone,MF,213,Henrique,0.9984082204887947
838,Emmanuel Boris Kone,MF,748,Pedro Pedri,0.9966353324159554
839,Masour Ousmane Dembele,FW,946,Lionel Andrés Messi,0.984534708074192
839,Masour Ousmane Dembele,FW,876,Ismaila Sarr,0.9803050119380085
839,Masour Ousmane Dembele,FW,749,Mikel Oyarzabal,0.9629871593484299
839,Masour Ousmane Dembele,FW,919,Erling Braut Haaland,0.9549140688952857
839,Masour Ousmane Dembele,FW,958,Lautaro Javier Martinez,0.935763033161329
839,Masour Ousmane Dembele,FW,531,Cody Mathès Gakpo,0.9343042789305419
839,Masour Ousmane Dembele,FW,641,Charles Marc De Ketelaere,0.9340843796754511
839,Masour Ousmane Dembele,FW,217,Matheus Matheus Cunha,0.9302544748598889
839,Masour Ousmane Dembele,FW,539,Brian Ebenezer Adjei Brobbey,0.9288908090164095
839,Masour Ousmane Dembele,FW,487,Nicolas Pepe,0.9261757248063162
840,Aurélien Djani Tchouameni,MF,743,Alejandro Baena,0.996256396175062
840,Aurélien Djani Tchouameni,MF,1152,Elliot Junior Anderson,0.9953918439635613
840,Aurélien Djani Tchouameni,MF,956,Alexis Mac Allister,0.9918877188935272
840,Aurélien Djani Tchouameni,MF,6,Erik Antonio Lira,0.9893947672656637
840,Aurélien Djani Tchouameni,MF,1148,Declan Rice,0.9841476557292426
840,Aurélien Djani Tchouameni,MF,1154,Jude Victor William Bellingham,0.9826099086038687
840,Aurélien Djani Tchouameni,MF,1063,Vitor Vitinha,0.9732576607619354
840,Aurélien Djani Tchouameni,MF,661,Mohamed Zaky Mostafa Zico,0.9679837427507726
840,Aurélien Djani Tchouameni,MF,748,Pedro Pedri,0.9519813335484715
840,Aurélien Djani Tchouameni,MF,960,Enzo Jeremías Fernandez,0.9516012644627806
841,Marcus Lilian Thuram,FW,1246,Azarías Emmanuel Londono,0.9999999999999997
841,Marcus Lilian Thuram,FW,10,Ernesto Alexis Vega,0.9999999999999997
841,Marcus Lilian Thuram,FW,14,Armando Gonzalez,0.9999999999999997
841,Marcus Lilian Thuram,FW,21,César Saúl Huerta,0.9999999999999997
841,Marcus Lilian Thuram,FW,97,Tomáš Chory,0.9999999999999997
841,Marcus Lilian Thuram,FW,91,Mojmír Chytil,0.9999999999999997
841,Marcus Lilian Thuram,FW,139,Samed Bazdar,0.9999999999999997
841,Marcus Lilian Thuram,FW,130,Jayden Nelson,0.9999999999999997
841,Marcus Lilian Thuram,FW,1144,Carlos Andrés Gomez,0.9999999999999997
841,Marcus Lilian Thuram,FW,1113,Igor Sergeev,0.9999999999999997
842,Kylian Mbappe,FW,564,Ayase Ueda,0.9969421912302869
842,Kylian Mbappe,FW,215,José Vinicius,0.9950077968451144
842,Kylian Mbappe,FW,531,Cody Mathès Gakpo,0.9922449123854091
842,Kylian Mbappe,FW,1153,Harry Edward Kane,0.9920164924668476
842,Kylian Mbappe,FW,749,Mikel Oyarzabal,0.9690135559672887
842,Kylian Mbappe,FW,189,Breel Donald Embolo,0.9687073012042695
842,Kylian Mbappe,FW,634,Leandro Trossard,0.9675526550115078
842,Kylian Mbappe,FW,114,Jonathan Christian David,0.9658378026355646
842,Kylian Mbappe,FW,1086,Yoane Wissa,0.9570065336127543
842,Kylian Mbappe,FW,946,Lionel Andrés Messi,0.9566160395084043
843,Michael Akpovie Olise,FW,244,Brahim Diaz,0.9985188118307229
843,Michael Akpovie Olise,FW,660,Hamed Mahrous Mohamed Salah,0.9945990279032199
843,Michael Akpovie Olise,FW,1162,Anthony Michael Gordon,0.9942700945369546
843,Michael Akpovie Olise,FW,357,Julio Cesar Enciso,0.9819922378543353
843,Michael Akpovie Olise,FW,1058,Pedro Pedro Neto,0.9674854010884915
843,Michael Akpovie Olise,FW,581,Alexander Isak,0.966562291570444
843,Michael Akpovie Olise,FW,738,Daniel Olmo,0.9664371577837062
843,Michael Akpovie Olise,FW,479,Yan Diomande,0.9542727074410254
843,Michael Akpovie Olise,FW,589,Viktor Einar Gyokeres,0.9535672882001732
843,Michael Akpovie Olise,FW,1184,Ivan Perisic,0.9535672882001732
844,Bradley Jean-Manuel Essolisa Barcola,FW,16,Julián Andrés Quinones,0.9992940713833762
844,Bradley Jean-Manuel Essolisa Barcola,FW,9,Raúl Alonso Jimenez,0.9760853945296449
844,Bradley Jean-Manuel Essolisa Barcola,FW,113,Cyle Christopher Larin,0.9685398223975575
844,Bradley Jean-Manuel Essolisa Barcola,FW,1139,Jaminton Leandro Campaz,0.9620477209033829
844,Bradley Jean-Manuel Essolisa Barcola,FW,483,Amad Diallo,0.9614974484061019
844,Bradley Jean-Manuel Essolisa Barcola,FW,166,Khalid Hassan Alhaydos,0.9507152262838485
844,Bradley Jean-Manuel Essolisa Barcola,FW,583,Anthony David Junior Elanga,0.949214307215148
844,Bradley Jean-Manuel Essolisa Barcola,FW,1196,Petar Musa,0.945465397766747
844,Bradley Jean-Manuel Essolisa Barcola,FW,902,Hussein Ghadhban Aymen,0.941460119159176
844,Bradley Jean-Manuel Essolisa Barcola,FW,155,Jovo Lukic,0.9410001769849492
845,N'golo Kante,MF,72,Hyunjun Yang,1.0
845,N'golo Kante,MF,69,Junho Bae,1.0
845,N'golo Kante,MF,77,Jisung Eom,1.0
845,N'golo Kante,MF,76,Jingyu Kim,1.0
845,N'golo Kante,MF,78,Donggyeong Lee,1.0
845,N'golo Kante,MF,103,Hugo Sochurek,1.0
845,N'golo Kante,MF,1160,Kobbie Boateng Mainoo,1.0
845,N'golo Kante,MF,1158,Jordan Brian Henderson,1.0
845,N'golo Kante,MF,125,Jonathan Osorio,1.0
845,N'golo Kante,MF,1177,Nikola Moro,1.0
846,Adrien Thibault Marie Rabiot,MF,509,Pedro Jeampierre Vite,1.0
846,Adrien Thibault Marie Rabiot,MF,517,Moisés Isaac Caicedo,1.0
846,Adrien Thibault Marie Rabiot,MF,1207,Antoine Serlom Semenyo,1.0
846,Adrien Thibault Marie Rabiot,MF,943,Rodrigo Javier De Paul,0.9994812332540587
846,Adrien Thibault Marie Rabiot,MF,1048,Miguel Bruno,0.9986525921204378
846,Adrien Thibault Marie Rabiot,MF,1161,Morgan Elliot Rogers,0.9981139299900662
846,Adrien Thibault Marie Rabiot,MF,1180,Luka Modric,0.9967641816236525
846,Adrien Thibault Marie Rabiot,MF,361,Matias Galarza,0.9962421213167649
846,Adrien Thibault Marie Rabiot,MF,994,Nicolas Seiwald,0.9960568005606757
846,Adrien Thibault Marie Rabiot,MF,192,Granit Xhaka,0.979704752326763
847,Ibrahima Konate,DF,1248,Jorge Abdiel Gutierrez,1.0
847,Ibrahima Konate,DF,1226,Fidel Escobar,1.0
847,Ibrahima Konate,DF,1192,Luka Vuskovic,1.0
847,Ibrahima Konate,DF,107,Alfie Charles Jones,1.0
847,Ibrahima Konate,DF,123,Alphonso Boyle Davies,1.0
847,Ibrahima Konate,DF,679,Ehsan Hajisafi,1.0
847,Ibrahima Konate,DF,693,Arya Yousefi,1.0
847,Ibrahima Konate,DF,706,Tyler Grant Bindon,1.0
847,Ibrahima Konate,DF,665,Hafez Ramadan Karim Hafez,1.0
847,Ibrahima Konate,DF,783,Mohammed Ali Lajami,1.0
848,Mike Peterson Maignan,GK,547,Zion Suzuki,0.9787989841110621
848,Mike Peterson Maignan,GK,235,Yassine Bounou,0.9513835275888519
848,Mike Peterson Maignan,GK,183,Gregor Kobel,0.9474500973064411
848,Mike Peterson Maignan,GK,209,Ramsés Alisson,0.9408133803251547
848,Mike Peterson Maignan,GK,469,Yahia Fofana,0.9402277150665252
848,Mike Peterson Maignan,GK,120,Maxime Crepeau,0.9328739175433717
848,Mike Peterson Maignan,GK,1145,Jordan Lee Pickford,0.928531054124307
848,Mike Peterson Maignan,GK,287,Angus Fraser James Gunn,0.9265174955927808
848,Mike Peterson Maignan,GK,382,Patrick Thomas Beach,0.9231409854089675
848,Mike Peterson Maignan,GK,959,Damián Emiliano Martinez,0.9103842699196891
849,William Alain André Gabriel Saliba,DF,1150,Keaninkin Marc-Isreal Guehi,1.0000000000000002
849,William Alain André Gabriel Saliba,DF,187,Manuel Obafemi Akanji,1.0000000000000002
849,William Alain André Gabriel Saliba,DF,252,Chadi Riad,1.0000000000000002
849,William Alain André Gabriel Saliba,DF,837,Jules Olivier Kounde,0.9995466585685674
849,William Alain André Gabriel Saliba,DF,106,Alistair William Johnston,0.9987606806481013
849,William Alain André Gabriel Saliba,DF,1147,Nico Oreilly,0.9987606806481013
849,William Alain André Gabriel Saliba,DF,1121,Jhon Janer Lucumi,0.9987606806481013
849,William Alain André Gabriel Saliba,DF,342,Juan Jose Caceres,0.9987606806481013
849,William Alain André Gabriel Saliba,DF,927,Torbjørn Lysaker Heggem,0.9987606806481013
849,William Alain André Gabriel Saliba,DF,237,Noussair Mazraoui,0.9987606806481013
850,Warren Marie Jean-Pierre Zaire-Emery,MF,1128,James David Rodriguez,1.0
850,Warren Marie Jean-Pierre Zaire-Emery,MF,190,Remo Marco Freuler,1.0
850,Warren Marie Jean-Pierre Zaire-Emery,MF,188,Denis Lemi Zakaria,1.0
850,Warren Marie Jean-Pierre Zaire-Emery,MF,1074,Samuel Alain Moutoussamy,1.0
850,Warren Marie Jean-Pierre Zaire-Emery,MF,258,Neil Yoni El Aynaoui,1.0
850,Warren Marie Jean-Pierre Zaire-Emery,MF,352,Adrián Andrés Cubas,1.0
850,Warren Marie Jean-Pierre Zaire-Emery,MF,316,Tyler Shaan Adams,1.0
850,Warren Marie Jean-Pierre Zaire-Emery,MF,515,Alan Steven Franco,1.0
850,Warren Marie Jean-Pierre Zaire-Emery,MF,421,Aleksandar Pavlovic,1.0
850,Warren Marie Jean-Pierre Zaire-Emery,MF,924,Fredrik Aursnes,1.0
851,Théo Bernard François Hernandez,DF,74,Youngwoo Seol,0.9999999999999999
851,Théo Bernard François Hernandez,DF,82,Robin Hranac,0.9999999999999999
851,Théo Bernard François Hernandez,DF,15,Israel Reyes,0.9999999999999999
851,Théo Bernard François Hernandez,DF,1173,Marin Pongracic,0.9999999999999999
851,Théo Bernard François Hernandez,DF,1135,Johan Andrés Mojica,0.9999999999999999
851,Théo Bernard François Hernandez,DF,108,Luc De Fougerolles,0.9999999999999999
851,Théo Bernard François Hernandez,DF,1200,Jonas Adjei Adjetey,0.9999999999999999
851,Théo Bernard François Hernandez,DF,1094,Abdukodir Khusanov,0.9999999999999999
851,Théo Bernard François Hernandez,DF,207,Luca Antony Jaquez,0.9999999999999999
851,Théo Bernard François Hernandez,DF,1105,Sherzod Nasrullaev,0.9999999999999999
852,Désiré Nonka-Maho Doue,FW,381,Nestory Irankunda,0.9999379166634851
852,Désiré Nonka-Maho Doue,FW,971,Amine Ferid Gouiri,0.9998515516634524
852,Désiré Nonka-Maho Doue,FW,1106,Eldor Shomurodov,0.9995498839960634
852,Désiré Nonka-Maho Doue,FW,398,Arda Guler,0.9995498839960634
852,Désiré Nonka-Maho Doue,FW,1023,Iyad Ali Ali Olwan,0.9995498839960634
852,Désiré Nonka-Maho Doue,FW,38,Thapelo Maseko,0.9991511160013866
852,Désiré Nonka-Maho Doue,FW,149,Kerim Alajbegovic,0.9987197019141079
852,Désiré Nonka-Maho Doue,FW,193,Dan Ndoye,0.9833469430267862
852,Désiré Nonka-Maho Doue,FW,114,Jonathan Christian David,0.9805368712380512
852,Désiré Nonka-Maho Doue,FW,945,Julián Alvarez,0.9680270834981948
853,Lucas Francois Bernard Hernandez,DF,1247,Roderick Alonso Miller,1.0
853,Lucas Francois Bernard Hernandez,DF,1156,Trevoh Tom Chalobah,1.0
853,Lucas Francois Bernard Hernandez,DF,1159,Daniel Johnson Burn,1.0
853,Lucas Francois Bernard Hernandez,DF,1237,Eric Javier Davis,1.0
853,Lucas Francois Bernard Hernandez,DF,805,Abdullatif Jehad Thikri,1.0
853,Lucas Francois Bernard Hernandez,DF,808,José María Gimenez,1.0
853,Lucas Francois Bernard Hernandez,DF,810,Ronald Federico Araujo,1.0
853,Lucas Francois Bernard Hernandez,DF,28,Tholo Thabang Matuludi,1.0
853,Lucas Francois Bernard Hernandez,DF,29,Khulumani Ndamane,1.0
853,Lucas Francois Bernard Hernandez,DF,44,Samukele Alucious Kabini,1.0
854,Jean-Philippe Mateta,FW,1246,Azarías Emmanuel Londono,0.9999999999999997
854,Jean-Philippe Mateta,FW,10,Ernesto Alexis Vega,0.9999999999999997
854,Jean-Philippe Mateta,FW,14,Armando Gonzalez,0.9999999999999997
854,Jean-Philippe Mateta,FW,21,César Saúl Huerta,0.9999999999999997
854,Jean-Philippe Mateta,FW,97,Tomáš Chory,0.9999999999999997
854,Jean-Philippe Mateta,FW,91,Mojmír Chytil,0.9999999999999997
854,Jean-Philippe Mateta,FW,139,Samed Bazdar,0.9999999999999997
854,Jean-Philippe Mateta,FW,130,Jayden Nelson,0.9999999999999997
854,Jean-Philippe Mateta,FW,1144,Carlos Andrés Gomez,0.9999999999999997
854,Jean-Philippe Mateta,FW,1113,Igor Sergeev,0.9999999999999997
855,Robin François Philippe Risser,GK,12,Carlos Acevedo,1.0
855,Robin François Philippe Risser,GK,64,Bumkeun Song,1.0
855,Robin François Philippe Risser,GK,48,Stuart Ricardo Goss,1.0
855,Robin François Philippe Risser,GK,42,Sipho Justin Chaine,1.0
855,Robin François Philippe Risser,GK,122,Owen Olamidayo Goodman,1.0
855,Robin François Philippe Risser,GK,101,Lukáš Hornicek,1.0
855,Robin François Philippe Risser,GK,94,Jind ř ich Stanek,1.0
855,Robin François Philippe Risser,GK,73,Hyeonwoo Jo,1.0
855,Robin François Philippe Risser,GK,220,Weverton Weverton,1.0
855,Robin François Philippe Risser,GK,231,Ederson Ederson,1.0
856,Mathis Rayan Cherki,MF,1128,James David Rodriguez,1.0
856,Mathis Rayan Cherki,MF,190,Remo Marco Freuler,1.0
856,Mathis Rayan Cherki,MF,188,Denis Lemi Zakaria,1.0
856,Mathis Rayan Cherki,MF,1074,Samuel Alain Moutoussamy,1.0
856,Mathis Rayan Cherki,MF,258,Neil Yoni El Aynaoui,1.0
856,Mathis Rayan Cherki,MF,352,Adrián Andrés Cubas,1.0
856,Mathis Rayan Cherki,MF,316,Tyler Shaan Adams,1.0
856,Mathis Rayan Cherki,MF,515,Alan Steven Franco,1.0
856,Mathis Rayan Cherki,MF,421,Aleksandar Pavlovic,1.0
856,Mathis Rayan Cherki,MF,924,Fredrik Aursnes,1.0
857,Maghnes Akliouche,MF,72,Hyunjun Yang,1.0
857,Maghnes Akliouche,MF,69,Junho Bae,1.0
857,Maghnes Akliouche,MF,77,Jisung Eom,1.0
857,Maghnes Akliouche,MF,76,Jingyu Kim,1.0
857,Maghnes Akliouche,MF,78,Donggyeong Lee,1.0
857,Maghnes Akliouche,MF,103,Hugo Sochurek,1.0
857,Maghnes Akliouche,MF,1160,Kobbie Boateng Mainoo,1.0
857,Maghnes Akliouche,MF,1158,Jordan Brian Henderson,1.0
857,Maghnes Akliouche,MF,125,Jonathan Osorio,1.0
857,Maghnes Akliouche,MF,1177,Nikola Moro,1.0
858,Maxence Guy Lacroix,DF,1169,Tehuti Djed-Hotep Spence,1.0000000000000002
858,Maxence Guy Lacroix,DF,106,Alistair William Johnston,1.0000000000000002
858,Maxence Guy Lacroix,DF,1147,Nico Oreilly,1.0000000000000002
858,Maxence Guy Lacroix,DF,1121,Jhon Janer Lucumi,1.0000000000000002
858,Maxence Guy Lacroix,DF,212,MARQUINHOSMarcos,1.0000000000000002
858,Maxence Guy Lacroix,DF,927,Torbjørn Lysaker Heggem,1.0000000000000002
858,Maxence Guy Lacroix,DF,962,Nahuel Molina,1.0000000000000002
858,Maxence Guy Lacroix,DF,237,Noussair Mazraoui,1.0000000000000002
858,Maxence Guy Lacroix,DF,342,Juan Jose Caceres,1.0000000000000002
858,Maxence Guy Lacroix,DF,23,Jesús Daniel Gallardo,1.0000000000000002
859,Yehvann Djibril Victor Diouf,GK,12,Carlos Acevedo,1.0
859,Yehvann Djibril Victor Diouf,GK,64,Bumkeun Song,1.0
859,Yehvann Djibril Victor Diouf,GK,48,Stuart Ricardo Goss,1.0
859,Yehvann Djibril Victor Diouf,GK,42,Sipho Justin Chaine,1.0
859,Yehvann Djibril Victor Diouf,GK,122,Owen Olamidayo Goodman,1.0
859,Yehvann Djibril Victor Diouf,GK,101,Lukáš Hornicek,1.0
859,Yehvann Djibril Victor Diouf,GK,94,Jind ř ich Stanek,1.0
859,Yehvann Djibril Victor Diouf,GK,73,Hyeonwoo Jo,1.0
859,Yehvann Djibril Victor Diouf,GK,220,Weverton Weverton,1.0
859,Yehvann Djibril Victor Diouf,GK,231,Ederson Ederson,1.0
860,Mamadou Sarr,DF,1247,Roderick Alonso Miller,1.0
860,Mamadou Sarr,DF,1156,Trevoh Tom Chalobah,1.0
860,Mamadou Sarr,DF,1159,Daniel Johnson Burn,1.0
860,Mamadou Sarr,DF,1237,Eric Javier Davis,1.0
860,Mamadou Sarr,DF,805,Abdullatif Jehad Thikri,1.0
860,Mamadou Sarr,DF,808,José María Gimenez,1.0
860,Mamadou Sarr,DF,810,Ronald Federico Araujo,1.0
860,Mamadou Sarr,DF,28,Tholo Thabang Matuludi,1.0
860,Mamadou Sarr,DF,29,Khulumani Ndamane,1.0
860,Mamadou Sarr,DF,44,Samukele Alucious Kabini,1.0
861,Kalidou Koulibaly,DF,65,Taeseok Lee,1.0000000000000002
861,Kalidou Koulibaly,DF,81,Tomáš Holes,1.0000000000000002
861,Kalidou Koulibaly,DF,1174,Joško Gvardiol,1.0000000000000002
861,Kalidou Koulibaly,DF,1149,John Stones,1.0000000000000002
861,Kalidou Koulibaly,DF,1110,Abdulla Abdullaev,1.0000000000000002
861,Kalidou Koulibaly,DF,1116,Behruzjon Karimov,1.0000000000000002
861,Kalidou Koulibaly,DF,119,Moïse Bombito Bombito,1.0000000000000002
861,Kalidou Koulibaly,DF,1140,Deiver Machado,1.0000000000000002
861,Kalidou Koulibaly,DF,1069,Steve Nkanu Kapuadi,1.0000000000000002
861,Kalidou Koulibaly,DF,1004,Phillip Mwene,1.0000000000000002
862,Abdoulaye Seck,DF,4,Edson Omar Alvarez,0.8449879453898248
862,Abdoulaye Seck,DF,778,Fabricio Wagner Pina,0.8449002324519723
862,Abdoulaye Seck,DF,262,Carlens Jean Fedlaire Ruby Arcus,0.8366181308825247
862,Abdoulaye Seck,DF,368,Jacob Michael Italiano,0.8339974346115028
862,Abdoulaye Seck,DF,56,Minjae Kim,0.7991783662487465
862,Abdoulaye Seck,DF,907,Ghazi Salih Merchas,0.7911352686997822
862,Abdoulaye Seck,DF,792,Abdullah Saud Abdulhamid,0.7911352686997822
862,Abdoulaye Seck,DF,369,Jordan Jacob Bos,0.7087530460604478
862,Abdoulaye Seck,DF,317,Antonee Robinson,0.6798552190062355
862,Abdoulaye Seck,DF,315,Christopher Jeffrey Richards,0.6726838061998087
863,Idrissa Gana Gueye,MF,1128,James David Rodriguez,1.0
863,Idrissa Gana Gueye,MF,190,Remo Marco Freuler,1.0
863,Idrissa Gana Gueye,MF,188,Denis Lemi Zakaria,1.0
863,Idrissa Gana Gueye,MF,1074,Samuel Alain Moutoussamy,1.0
863,Idrissa Gana Gueye,MF,258,Neil Yoni El Aynaoui,1.0
863,Idrissa Gana Gueye,MF,352,Adrián Andrés Cubas,1.0
863,Idrissa Gana Gueye,MF,316,Tyler Shaan Adams,1.0
863,Idrissa Gana Gueye,MF,515,Alan Steven Franco,1.0
863,Idrissa Gana Gueye,MF,421,Aleksandar Pavlovic,1.0
863,Idrissa Gana Gueye,MF,924,Fredrik Aursnes,1.0
864,Ismaila Pathe Ciss,MF,63,Hee Chan Hwang,0.9999999999999999
864,Ismaila Pathe Ciss,MF,86,Vladimír Darida,0.9999999999999999
864,Ismaila Pathe Ciss,MF,100,Tomáš Soucek,0.9999999999999999
864,Ismaila Pathe Ciss,MF,95,Lukáš Provod,0.9999999999999999
864,Ismaila Pathe Ciss,MF,110,Mathieu Choiniere,0.9999999999999999
864,Ismaila Pathe Ciss,MF,1133,Juan Camilo Portilla,0.9999999999999999
864,Ismaila Pathe Ciss,MF,118,Jacob Everett Shaffelburg,0.9999999999999999
864,Ismaila Pathe Ciss,MF,1185,Mario Pasalic,0.9999999999999999
864,Ismaila Pathe Ciss,MF,138,Armin Gigovic,0.9999999999999999
864,Ismaila Pathe Ciss,MF,1103,Oston Urunov,0.9999999999999999
865,Assane Diao,FW,1246,Azarías Emmanuel Londono,0.9999999999999997
865,Assane Diao,FW,10,Ernesto Alexis Vega,0.9999999999999997
865,Assane Diao,FW,14,Armando Gonzalez,0.9999999999999997
865,Assane Diao,FW,21,César Saúl Huerta,0.9999999999999997
865,Assane Diao,FW,97,Tomáš Chory,0.9999999999999997
865,Assane Diao,FW,91,Mojmír Chytil,0.9999999999999997
865,Assane Diao,FW,139,Samed Bazdar,0.9999999999999997
865,Assane Diao,FW,130,Jayden Nelson,0.9999999999999997
865,Assane Diao,FW,1144,Carlos Andrés Gomez,0.9999999999999997
865,Assane Diao,FW,1113,Igor Sergeev,0.9999999999999997
866,Lamine Camara,MF,814,Federico Santiago Valverde,0.9997486015909978
866,Lamine Camara,MF,71,Kangin Lee,0.9991451873186766
866,Lamine Camara,MF,1022,Mahmoud Ali Noor Alrawabdeh,0.9991451873186766
866,Lamine Camara,MF,608,Hannibal Mejbri,0.9991451873186766
866,Lamine Camara,MF,920,Martín Odegaard,0.9981245373326585
866,Lamine Camara,MF,216,GUIMARAESBruno Bruno,0.9975344223562873
866,Lamine Camara,MF,433,Florian Richard Wirtz,0.9972497444714397
866,Lamine Camara,MF,559,Keito Nakamura,0.9955168444696303
866,Lamine Camara,MF,58,Inbeom Hwang,0.9945381408062488
866,Lamine Camara,MF,570,Kaishu Sano,0.9943051010369209
867,Ahmadou Bamba Mbacke Dieng,FW,1246,Azarías Emmanuel Londono,0.9999999999999997
867,Ahmadou Bamba Mbacke Dieng,FW,10,Ernesto Alexis Vega,0.9999999999999997
867,Ahmadou Bamba Mbacke Dieng,FW,14,Armando Gonzalez,0.9999999999999997
867,Ahmadou Bamba Mbacke Dieng,FW,21,César Saúl Huerta,0.9999999999999997
867,Ahmadou Bamba Mbacke Dieng,FW,97,Tomáš Chory,0.9999999999999997
867,Ahmadou Bamba Mbacke Dieng,FW,91,Mojmír Chytil,0.9999999999999997
867,Ahmadou Bamba Mbacke Dieng,FW,139,Samed Bazdar,0.9999999999999997
867,Ahmadou Bamba Mbacke Dieng,FW,130,Jayden Nelson,0.9999999999999997
867,Ahmadou Bamba Mbacke Dieng,FW,1144,Carlos Andrés Gomez,0.9999999999999997
867,Ahmadou Bamba Mbacke Dieng,FW,1113,Igor Sergeev,0.9999999999999997
868,Sadio Mane,FW,479,Yan Diomande,0.9997166794998241
868,Sadio Mane,FW,1058,Pedro Pedro Neto,0.9963181402255885
868,Sadio Mane,FW,1143,Luis Javier Suarez,0.9799789136367895
868,Sadio Mane,FW,635,Jeremy Baffour Doku,0.9738479502566534
868,Sadio Mane,FW,234,Vitor Rayan,0.971843679665145
868,Sadio Mane,FW,121,Tajon Trevor Buchanan,0.9673608296372781
868,Sadio Mane,FW,140,Ermedin Demirovic,0.9673608296372781
868,Sadio Mane,FW,507,Enner Remberto Valencia,0.9673608296372781
868,Sadio Mane,FW,503,John Yeboah,0.9673608296372781
868,Sadio Mane,FW,1205,Jordan Pierre Ayew,0.9673608296372781
869,Nicolas Jackson,FW,999,Michael Gregoritsch,0.9865725439258807
869,Nicolas Jackson,FW,711,Christopher Grant Wood,0.8990487526829222
869,Nicolas Jackson,FW,164,Junior Edmilson,0.8671656995321886
869,Nicolas Jackson,FW,322,Christian Mate Pulisic,0.8393815034777506
869,Nicolas Jackson,FW,234,Vitor Rayan,0.8176330790780011
869,Nicolas Jackson,FW,25,Roberto Carlos Alvarado,0.793262976806795
869,Nicolas Jackson,FW,1143,Luis Javier Suarez,0.7883266407315132
869,Nicolas Jackson,FW,1058,Pedro Pedro Neto,0.6996816761465884
869,Nicolas Jackson,FW,244,Brahim Diaz,0.6852725790890872
869,Nicolas Jackson,FW,479,Yan Diomande,0.6707954273772547
870,Pape Cherif Ndiaye,FW,1246,Azarías Emmanuel Londono,0.9999999999999997
870,Pape Cherif Ndiaye,FW,10,Ernesto Alexis Vega,0.9999999999999997
870,Pape Cherif Ndiaye,FW,14,Armando Gonzalez,0.9999999999999997
870,Pape Cherif Ndiaye,FW,21,César Saúl Huerta,0.9999999999999997
870,Pape Cherif Ndiaye,FW,97,Tomáš Chory,0.9999999999999997
870,Pape Cherif Ndiaye,FW,91,Mojmír Chytil,0.9999999999999997
870,Pape Cherif Ndiaye,FW,139,Samed Bazdar,0.9999999999999997
870,Pape Cherif Ndiaye,FW,130,Jayden Nelson,0.9999999999999997
870,Pape Cherif Ndiaye,FW,1144,Carlos Andrés Gomez,0.9999999999999997
870,Pape Cherif Ndiaye,FW,1113,Igor Sergeev,0.9999999999999997
871,Iliman Cheikh Baroy Ndiaye,FW,1057,Alexandre Rafael Leao,0.925787490582003
871,Iliman Cheikh Baroy Ndiaye,FW,128,Promise Oluwatobi Emmanuel David,0.9221329619493509
871,Iliman Cheikh Baroy Ndiaye,FW,544,Crysencio Jilbert Sylverio Cir Summerville,0.8802932108643323
871,Iliman Cheikh Baroy Ndiaye,FW,1137,Juan Camilo Hernandez,0.8716047683889154
871,Iliman Cheikh Baroy Ndiaye,FW,735,Ferran Torres,0.841087948807299
871,Iliman Cheikh Baroy Ndiaye,FW,34,Tshepang Moremi,0.8355491268761874
871,Iliman Cheikh Baroy Ndiaye,FW,416,Can Yılmaz Uzun,0.8263773479591056
871,Iliman Cheikh Baroy Ndiaye,FW,957,Jose Manuel Alberto Lopez,0.8215073786901146
871,Iliman Cheikh Baroy Ndiaye,FW,565,Koki Ogawa,0.816453457901273
871,Iliman Cheikh Baroy Ndiaye,FW,442,Deniz Undav,0.8151722666339363
872,Ismail Joshua Jakobs,DF,65,Taeseok Lee,1.0000000000000002
872,Ismail Joshua Jakobs,DF,81,Tomáš Holes,1.0000000000000002
872,Ismail Joshua Jakobs,DF,1174,Joško Gvardiol,1.0000000000000002
872,Ismail Joshua Jakobs,DF,1149,John Stones,1.0000000000000002
872,Ismail Joshua Jakobs,DF,1110,Abdulla Abdullaev,1.0000000000000002
872,Ismail Joshua Jakobs,DF,1116,Behruzjon Karimov,1.0000000000000002
872,Ismail Joshua Jakobs,DF,119,Moïse Bombito Bombito,1.0000000000000002
872,Ismail Joshua Jakobs,DF,1140,Deiver Machado,1.0000000000000002
872,Ismail Joshua Jakobs,DF,1069,Steve Nkanu Kapuadi,1.0000000000000002
872,Ismail Joshua Jakobs,DF,861,Kalidou Koulibaly,1.0000000000000002
873,Krepin Diatta,DF,1168,Reece Lewis James,1.0
873,Krepin Diatta,DF,117,Derek Austin Cornelius,1.0
873,Krepin Diatta,DF,1210,Gideon Mensah,1.0
873,Krepin Diatta,DF,1176,Josip Sutalo,1.0
873,Krepin Diatta,DF,1141,Davinson Sanchez,1.0
873,Krepin Diatta,DF,186,Nico Elvedi,1.0
873,Krepin Diatta,DF,148,Nikola Katic,1.0
873,Krepin Diatta,DF,126,Richmond Mamah Laryea,1.0
873,Krepin Diatta,DF,1068,Wan Wan-Bissaka,1.0
873,Krepin Diatta,DF,1070,Axel Tuanzebe,1.0
874,Edouard Osoque Mendy,GK,1036,Ra'ed Mahmoud Abdallah Alfakhori,0.9997718432840939
874,Edouard Osoque Mendy,GK,595,Bo Kristoffer Nordfeldt,0.9964610767737138
874,Edouard Osoque Mendy,GK,906,Basil Fadhil Ahmed,0.9827356618747268
874,Edouard Osoque Mendy,GK,614,Aymen Dahmen,0.9815898262578183
874,Edouard Osoque Mendy,GK,923,Egil Selvik,0.9773031616200049
874,Edouard Osoque Mendy,GK,1157,Dean Bradley Henderson,0.9703065424106359
874,Edouard Osoque Mendy,GK,651,Elsayed Mohamed Mohamed Elshenawy,0.9693318718228293
874,Edouard Osoque Mendy,GK,599,Abdelmouhib Chamakh,0.9643935177865076
874,Edouard Osoque Mendy,GK,157,Ibrahim Mahmoud Abunada,0.92394841243453
874,Edouard Osoque Mendy,GK,1015,Mo'ien Hasan Yazeed Abulaila,0.9208015237752822
875,Pape Matar Sarr,MF,72,Hyunjun Yang,1.0
875,Pape Matar Sarr,MF,69,Junho Bae,1.0
875,Pape Matar Sarr,MF,77,Jisung Eom,1.0
875,Pape Matar Sarr,MF,76,Jingyu Kim,1.0
875,Pape Matar Sarr,MF,78,Donggyeong Lee,1.0
875,Pape Matar Sarr,MF,103,Hugo Sochurek,1.0
875,Pape Matar Sarr,MF,1160,Kobbie Boateng Mainoo,1.0
875,Pape Matar Sarr,MF,1158,Jordan Brian Henderson,1.0
875,Pape Matar Sarr,MF,125,Jonathan Osorio,1.0
875,Pape Matar Sarr,MF,1177,Nikola Moro,1.0
876,Ismaila Sarr,FW,749,Mikel Oyarzabal,0.996657946764074
876,Ismaila Sarr,FW,919,Erling Braut Haaland,0.9884528166121057
876,Ismaila Sarr,FW,946,Lionel Andrés Messi,0.9836791066130615
876,Ismaila Sarr,FW,958,Lautaro Javier Martinez,0.9830967317875559
876,Ismaila Sarr,FW,217,Matheus Matheus Cunha,0.9817210835489921
876,Ismaila Sarr,FW,839,Masour Ousmane Dembele,0.9803050119380085
876,Ismaila Sarr,FW,531,Cody Mathès Gakpo,0.97959950293942
876,Ismaila Sarr,FW,487,Nicolas Pepe,0.9669088008831431
876,Ismaila Sarr,FW,1047,Ronaldo Cristiano Ronaldo,0.9669014234726544
876,Ismaila Sarr,FW,423,Kai Lukas Havertz,0.9654847047669592
877,Moussa Niakhate,DF,639,Thomas Andre Meunier,0.9995335041236574
877,Moussa Niakhate,DF,1132,Gustavo Adolfo Puerta,0.9980350042675554
877,Moussa Niakhate,DF,314,Sergiño Gianni Dest,0.9972377107527512
877,Moussa Niakhate,DF,915,David Møller Moller Wolfe,0.9972377107527512
877,Moussa Niakhate,DF,135,Sead Kolasinac,0.9965749843277953
877,Moussa Niakhate,DF,1092,Arthur Fuka Masuaku,0.9928778781596894
877,Moussa Niakhate,DF,996,David Alaba,0.9815160822400504
877,Moussa Niakhate,DF,2,Jorge Eduardo Sanchez,0.9683459567166234
877,Moussa Niakhate,DF,1060,Pedro Joao Cancelo,0.966459387667601
877,Moussa Niakhate,DF,211,Gabriel Gabriel Magalhaes,0.9654291758899659
878,Ibrahim Mbaye,FW,657,Ahmed Ibrahim Trezeguet,0.9990297538475965
878,Ibrahim Mbaye,FW,230,MARTINELLIGabriel Gabriel,0.9983750796158241
878,Ibrahim Mbaye,FW,70,Hyeongyu Oh,0.9937651016073298
878,Ibrahim Mbaye,FW,1049,RAMOSGonçalo Goncalo,0.9918103846639178
878,Ibrahim Mbaye,FW,607,Hazem Mastouri,0.9671196302203153
878,Ibrahim Mbaye,FW,243,Soufiane Rahimi,0.9574059155511307
878,Ibrahim Mbaye,FW,974,Ahmed Nadhir Benbouali,0.956737370992002
878,Ibrahim Mbaye,FW,1002,Saša Kalajdzic,0.9548073520491417
878,Ibrahim Mbaye,FW,1085,Mayele Fiston Mayele,0.9496030431766894
878,Ibrahim Mbaye,FW,995,Marko Arnautovic,0.949268162264358
879,Habib Mbacke Diarra,MF,671,Saber Abdelmohsen Mahmoud,0.9147848541731187
879,Habib Mbacke Diarra,MF,396,Orkun Kokcu,0.8834101292265151
879,Habib Mbacke Diarra,MF,96,Michal Sadilek,0.8314692506783748
879,Habib Mbacke Diarra,MF,1183,Nikola Vlasic,0.821850498456066
879,Habib Mbacke Diarra,MF,560,Junya Ito,0.7834238328530112
879,Habib Mbacke Diarra,MF,412,Kaan Ayhan,0.7824038772647817
879,Habib Mbacke Diarra,MF,644,Hans Vanaken,0.7793262969328961
879,Habib Mbacke Diarra,MF,591,Mattias Olof Svanberg,0.7761877157057222
879,Habib Mbacke Diarra,MF,820,Agustin Canobbio,0.772646749028
879,Habib Mbacke Diarra,MF,947,Giovani Lo Celso,0.7361441241489565
880,Bara Sapoko Ndiaye,MF,72,Hyunjun Yang,1.0
880,Bara Sapoko Ndiaye,MF,69,Junho Bae,1.0
880,Bara Sapoko Ndiaye,MF,77,Jisung Eom,1.0
880,Bara Sapoko Ndiaye,MF,76,Jingyu Kim,1.0
880,Bara Sapoko Ndiaye,MF,78,Donggyeong Lee,1.0
880,Bara Sapoko Ndiaye,MF,103,Hugo Sochurek,1.0
880,Bara Sapoko Ndiaye,MF,1160,Kobbie Boateng Mainoo,1.0
880,Bara Sapoko Ndiaye,MF,1158,Jordan Brian Henderson,1.0
880,Bara Sapoko Ndiaye,MF,125,Jonathan Osorio,1.0
880,Bara Sapoko Ndiaye,MF,1177,Nikola Moro,1.0
881,Mory Diaw,GK,1212,Benjamin Asare,0.9297074702105751
881,Mory Diaw,GK,336,Matthew Andrew Geary Freese,0.8786243712941626
881,Mory Diaw,GK,1130,Camilo Andres Vargas,0.8652473133861831
881,Mory Diaw,GK,1,José Raúl Rangel,0.8480032564515366
881,Mory Diaw,GK,120,Maxime Crepeau,0.817567350052953
881,Mory Diaw,GK,729,David Raya,0.7876064638238166
881,Mory Diaw,GK,209,Ramsés Alisson,0.7758085856536755
881,Mory Diaw,GK,382,Patrick Thomas Beach,0.7424666019587801
881,Mory Diaw,GK,751,Unai Simon,0.7365973528114662
881,Mory Diaw,GK,833,Brice Lauriche Samba,0.7104367517950533
882,Antoine Alpha Mendy,DF,1247,Roderick Alonso Miller,1.0
882,Antoine Alpha Mendy,DF,1156,Trevoh Tom Chalobah,1.0
882,Antoine Alpha Mendy,DF,1159,Daniel Johnson Burn,1.0
882,Antoine Alpha Mendy,DF,1237,Eric Javier Davis,1.0
882,Antoine Alpha Mendy,DF,805,Abdullatif Jehad Thikri,1.0
882,Antoine Alpha Mendy,DF,808,José María Gimenez,1.0
882,Antoine Alpha Mendy,DF,810,Ronald Federico Araujo,1.0
882,Antoine Alpha Mendy,DF,28,Tholo Thabang Matuludi,1.0
882,Antoine Alpha Mendy,DF,29,Khulumani Ndamane,1.0
882,Antoine Alpha Mendy,DF,44,Samukele Alucious Kabini,1.0
883,El Hadji Malick Diouf,DF,65,Taeseok Lee,1.0000000000000002
883,El Hadji Malick Diouf,DF,81,Tomáš Holes,1.0000000000000002
883,El Hadji Malick Diouf,DF,1174,Joško Gvardiol,1.0000000000000002
883,El Hadji Malick Diouf,DF,1149,John Stones,1.0000000000000002
883,El Hadji Malick Diouf,DF,1110,Abdulla Abdullaev,1.0000000000000002
883,El Hadji Malick Diouf,DF,1116,Behruzjon Karimov,1.0000000000000002
883,El Hadji Malick Diouf,DF,119,Moïse Bombito Bombito,1.0000000000000002
883,El Hadji Malick Diouf,DF,1140,Deiver Machado,1.0000000000000002
883,El Hadji Malick Diouf,DF,1069,Steve Nkanu Kapuadi,1.0000000000000002
883,El Hadji Malick Diouf,DF,861,Kalidou Koulibaly,1.0000000000000002
884,Pape Alassane Gueye,MF,900,Fouad Aboud Amir Alammari,0.9786111978469804
884,Pape Alassane Gueye,MF,916,Patrick Berg,0.9677106571758047
884,Pape Alassane Gueye,MF,826,Maximiliano Javier Araujo,0.9656892718804582
884,Pape Alassane Gueye,MF,559,Keito Nakamura,0.9600201298944852
884,Pape Alassane Gueye,MF,58,Inbeom Hwang,0.9581684213350252
884,Pape Alassane Gueye,MF,216,GUIMARAESBruno Bruno,0.9575684273060654
884,Pape Alassane Gueye,MF,329,Malik Leon Tillman,0.9571592185343711
884,Pape Alassane Gueye,MF,570,Kaishu Sano,0.9570944100619228
884,Pape Alassane Gueye,MF,433,Florian Richard Wirtz,0.9570063801169433
884,Pape Alassane Gueye,MF,920,Martín Odegaard,0.9569584540271248
885,Talib Raheem Fahad Talib,GK,12,Carlos Acevedo,1.0
885,Talib Raheem Fahad Talib,GK,64,Bumkeun Song,1.0
885,Talib Raheem Fahad Talib,GK,48,Stuart Ricardo Goss,1.0
885,Talib Raheem Fahad Talib,GK,42,Sipho Justin Chaine,1.0
885,Talib Raheem Fahad Talib,GK,122,Owen Olamidayo Goodman,1.0
885,Talib Raheem Fahad Talib,GK,101,Lukáš Hornicek,1.0
885,Talib Raheem Fahad Talib,GK,94,Jind ř ich Stanek,1.0
885,Talib Raheem Fahad Talib,GK,73,Hyeonwoo Jo,1.0
885,Talib Raheem Fahad Talib,GK,220,Weverton Weverton,1.0
885,Talib Raheem Fahad Talib,GK,231,Ederson Ederson,1.0
886,Ghareeb Solaka Rebin Sulaka,DF,3,César Jasib Montes,0.9989910878854277
886,Ghareeb Solaka Rebin Sulaka,DF,170,Elamin Homam,0.9989642215028645
886,Ghareeb Solaka Rebin Sulaka,DF,134,Tarik Muharemovic,0.9892204958214919
886,Ghareeb Solaka Rebin Sulaka,DF,1170,Jarell Amorin Quansah,0.9652094796694949
886,Ghareeb Solaka Rebin Sulaka,DF,497,Piero Martin Hincapie,0.9562031585662532
886,Ghareeb Solaka Rebin Sulaka,DF,649,Nathan Ngoy,0.9520255684172236
886,Ghareeb Solaka Rebin Sulaka,DF,133,Dennis Hadzikadunic,-0.017173636985719318
886,Ghareeb Solaka Rebin Sulaka,DF,4,Edson Omar Alvarez,-0.01792306223798097
886,Ghareeb Solaka Rebin Sulaka,DF,778,Fabricio Wagner Pina,-0.022494183476974194
886,Ghareeb Solaka Rebin Sulaka,DF,862,Abdoulaye Seck,-0.02314822158421082
887,Haydar Hussein Hussein,DF,65,Taeseok Lee,1.0000000000000002
887,Haydar Hussein Hussein,DF,81,Tomáš Holes,1.0000000000000002
887,Haydar Hussein Hussein,DF,1174,Joško Gvardiol,1.0000000000000002
887,Haydar Hussein Hussein,DF,1149,John Stones,1.0000000000000002
887,Haydar Hussein Hussein,DF,1110,Abdulla Abdullaev,1.0000000000000002
887,Haydar Hussein Hussein,DF,1116,Behruzjon Karimov,1.0000000000000002
887,Haydar Hussein Hussein,DF,119,Moïse Bombito Bombito,1.0000000000000002
887,Haydar Hussein Hussein,DF,1140,Deiver Machado,1.0000000000000002
887,Haydar Hussein Hussein,DF,1069,Steve Nkanu Kapuadi,1.0000000000000002
887,Haydar Hussein Hussein,DF,861,Kalidou Koulibaly,1.0000000000000002
888,Tahseen Abd Zaid Zaid,DF,65,Taeseok Lee,1.0000000000000002
888,Tahseen Abd Zaid Zaid,DF,81,Tomáš Holes,1.0000000000000002
888,Tahseen Abd Zaid Zaid,DF,1174,Joško Gvardiol,1.0000000000000002
888,Tahseen Abd Zaid Zaid,DF,1149,John Stones,1.0000000000000002
888,Tahseen Abd Zaid Zaid,DF,1110,Abdulla Abdullaev,1.0000000000000002
888,Tahseen Abd Zaid Zaid,DF,1116,Behruzjon Karimov,1.0000000000000002
888,Tahseen Abd Zaid Zaid,DF,119,Moïse Bombito Bombito,1.0000000000000002
888,Tahseen Abd Zaid Zaid,DF,1140,Deiver Machado,1.0000000000000002
888,Tahseen Abd Zaid Zaid,DF,1069,Steve Nkanu Kapuadi,1.0000000000000002
888,Tahseen Abd Zaid Zaid,DF,861,Kalidou Koulibaly,1.0000000000000002
889,Hashim Rahman Akam Hashim,DF,74,Youngwoo Seol,0.9999999999999999
889,Hashim Rahman Akam Hashim,DF,82,Robin Hranac,0.9999999999999999
889,Hashim Rahman Akam Hashim,DF,15,Israel Reyes,0.9999999999999999
889,Hashim Rahman Akam Hashim,DF,1173,Marin Pongracic,0.9999999999999999
889,Hashim Rahman Akam Hashim,DF,1135,Johan Andrés Mojica,0.9999999999999999
889,Hashim Rahman Akam Hashim,DF,108,Luc De Fougerolles,0.9999999999999999
889,Hashim Rahman Akam Hashim,DF,1200,Jonas Adjei Adjetey,0.9999999999999999
889,Hashim Rahman Akam Hashim,DF,1094,Abdukodir Khusanov,0.9999999999999999
889,Hashim Rahman Akam Hashim,DF,207,Luca Antony Jaquez,0.9999999999999999
889,Hashim Rahman Akam Hashim,DF,1105,Sherzod Nasrullaev,0.9999999999999999
890,Younus Hashim Munaf Younus,DF,1247,Roderick Alonso Miller,1.0
890,Younus Hashim Munaf Younus,DF,1156,Trevoh Tom Chalobah,1.0
890,Younus Hashim Munaf Younus,DF,1159,Daniel Johnson Burn,1.0
890,Younus Hashim Munaf Younus,DF,1237,Eric Javier Davis,1.0
890,Younus Hashim Munaf Younus,DF,805,Abdullatif Jehad Thikri,1.0
890,Younus Hashim Munaf Younus,DF,808,José María Gimenez,1.0
890,Younus Hashim Munaf Younus,DF,810,Ronald Federico Araujo,1.0
890,Younus Hashim Munaf Younus,DF,28,Tholo Thabang Matuludi,1.0
890,Younus Hashim Munaf Younus,DF,29,Khulumani Ndamane,1.0
890,Younus Hashim Munaf Younus,DF,44,Samukele Alucious Kabini,1.0
891,Wali Faeq Youssef Amyn,MF,72,Hyunjun Yang,1.0
891,Wali Faeq Youssef Amyn,MF,69,Junho Bae,1.0
891,Wali Faeq Youssef Amyn,MF,77,Jisung Eom,1.0
891,Wali Faeq Youssef Amyn,MF,76,Jingyu Kim,1.0
891,Wali Faeq Youssef Amyn,MF,78,Donggyeong Lee,1.0
891,Wali Faeq Youssef Amyn,MF,103,Hugo Sochurek,1.0
891,Wali Faeq Youssef Amyn,MF,1160,Kobbie Boateng Mainoo,1.0
891,Wali Faeq Youssef Amyn,MF,1158,Jordan Brian Henderson,1.0
891,Wali Faeq Youssef Amyn,MF,125,Jonathan Osorio,1.0
891,Wali Faeq Youssef Amyn,MF,1177,Nikola Moro,1.0
892,Bayesh Kamil Ibrahim Bayesh,MF,1178,Mateo Kovacic,1.0
892,Bayesh Kamil Ibrahim Bayesh,MF,1099,Otabek Shukurov,1.0
892,Bayesh Kamil Ibrahim Bayesh,MF,144,Ivan Sunjic,1.0
892,Bayesh Kamil Ibrahim Bayesh,MF,293,Mc,1.0
892,Bayesh Kamil Ibrahim Bayesh,MF,270,Jean Ricner Bellegarde,1.0
892,Bayesh Kamil Ibrahim Bayesh,MF,197,Djibril Ibrahima Sow,1.0
892,Bayesh Kamil Ibrahim Bayesh,MF,305,Lewis Ferguson,1.0
892,Bayesh Kamil Ibrahim Bayesh,MF,1072,Ngal’ayel Mukau,1.0
892,Bayesh Kamil Ibrahim Bayesh,MF,449,Juninho Gracielo Bacuna,1.0
892,Bayesh Kamil Ibrahim Bayesh,MF,452,Leandro Jones Johan Bacuna,1.0
893,Ibrahim Karim Ali Alhamadi,FW,93,Pavel Sulc,1.0000000000000002
893,Ibrahim Karim Ali Alhamadi,FW,88,Patrik Schick,1.0000000000000002
893,Ibrahim Karim Ali Alhamadi,FW,124,Ali Ahmed,1.0000000000000002
893,Ibrahim Karim Ali Alhamadi,FW,116,Tanitoluwa Oluwatimilehin Oluwaseyi,1.0000000000000002
893,Ibrahim Karim Ali Alhamadi,FW,1127,Jhon Andrés Cordoba,1.0000000000000002
893,Ibrahim Karim Ali Alhamadi,FW,171,Abdurisag Yusuf Abdurisag,1.0000000000000002
893,Ibrahim Karim Ali Alhamadi,FW,150,Esmir Bajraktarevic,1.0000000000000002
893,Ibrahim Karim Ali Alhamadi,FW,1051,João Joao Felix,1.0000000000000002
893,Ibrahim Karim Ali Alhamadi,FW,827,Federico Sebastian Vinas,1.0000000000000002
893,Ibrahim Karim Ali Alhamadi,FW,296,Che Sac Everton Fred Adams,1.0000000000000002
894,Ali Kadhim Mohanad Ali,FW,1246,Azarías Emmanuel Londono,0.9999999999999997
894,Ali Kadhim Mohanad Ali,FW,10,Ernesto Alexis Vega,0.9999999999999997
894,Ali Kadhim Mohanad Ali,FW,14,Armando Gonzalez,0.9999999999999997
894,Ali Kadhim Mohanad Ali,FW,21,César Saúl Huerta,0.9999999999999997
894,Ali Kadhim Mohanad Ali,FW,97,Tomáš Chory,0.9999999999999997
894,Ali Kadhim Mohanad Ali,FW,91,Mojmír Chytil,0.9999999999999997
894,Ali Kadhim Mohanad Ali,FW,139,Samed Bazdar,0.9999999999999997
894,Ali Kadhim Mohanad Ali,FW,130,Jayden Nelson,0.9999999999999997
894,Ali Kadhim Mohanad Ali,FW,1144,Carlos Andrés Gomez,0.9999999999999997
894,Ali Kadhim Mohanad Ali,FW,1113,Igor Sergeev,0.9999999999999997
895,Ihab Ahmed Ahmed,FW,93,Pavel Sulc,1.0000000000000002
895,Ihab Ahmed Ahmed,FW,88,Patrik Schick,1.0000000000000002
895,Ihab Ahmed Ahmed,FW,124,Ali Ahmed,1.0000000000000002
895,Ihab Ahmed Ahmed,FW,116,Tanitoluwa Oluwatimilehin Oluwaseyi,1.0000000000000002
895,Ihab Ahmed Ahmed,FW,1127,Jhon Andrés Cordoba,1.0000000000000002
895,Ihab Ahmed Ahmed,FW,171,Abdurisag Yusuf Abdurisag,1.0000000000000002
895,Ihab Ahmed Ahmed,FW,150,Esmir Bajraktarevic,1.0000000000000002
895,Ihab Ahmed Ahmed,FW,1051,João Joao Felix,1.0000000000000002
895,Ihab Ahmed Ahmed,FW,827,Federico Sebastian Vinas,1.0000000000000002
895,Ihab Ahmed Ahmed,FW,296,Che Sac Everton Fred Adams,1.0000000000000002
896,Hasan Hachim Jalal Hassan,GK,1093,Utkir Yusupov,0.9793365094898019
896,Hasan Hachim Jalal Hassan,GK,599,Abdelmouhib Chamakh,0.9654066417311873
896,Hasan Hachim Jalal Hassan,GK,1157,Dean Bradley Henderson,0.9629522813400968
896,Hasan Hachim Jalal Hassan,GK,651,Elsayed Mohamed Mohamed Elshenawy,0.9421498677386428
896,Hasan Hachim Jalal Hassan,GK,906,Basil Fadhil Ahmed,0.9419681087846781
896,Hasan Hachim Jalal Hassan,GK,703,Maxime Teremoana Crocombe,0.9223972706243747
896,Hasan Hachim Jalal Hassan,GK,157,Ibrahim Mahmoud Abunada,0.9151384905823046
896,Hasan Hachim Jalal Hassan,GK,595,Bo Kristoffer Nordfeldt,0.9060012909201615
896,Hasan Hachim Jalal Hassan,GK,1036,Ra'ed Mahmoud Abdallah Alfakhori,0.9004896857078903
896,Hasan Hachim Jalal Hassan,GK,874,Edouard Osoque Mendy,0.8929983671382111
897,Yousif Hashim Ali Yousif,FW,1246,Azarías Emmanuel Londono,0.9999999999999997
897,Yousif Hashim Ali Yousif,FW,10,Ernesto Alexis Vega,0.9999999999999997
897,Yousif Hashim Ali Yousif,FW,14,Armando Gonzalez,0.9999999999999997
897,Yousif Hashim Ali Yousif,FW,21,César Saúl Huerta,0.9999999999999997
897,Yousif Hashim Ali Yousif,FW,97,Tomáš Chory,0.9999999999999997
897,Yousif Hashim Ali Yousif,FW,91,Mojmír Chytil,0.9999999999999997
897,Yousif Hashim Ali Yousif,FW,139,Samed Bazdar,0.9999999999999997
897,Yousif Hashim Ali Yousif,FW,130,Jayden Nelson,0.9999999999999997
897,Yousif Hashim Ali Yousif,FW,1144,Carlos Andrés Gomez,0.9999999999999997
897,Yousif Hashim Ali Yousif,FW,1113,Igor Sergeev,0.9999999999999997
898,Aamar Iqbal Zidane,MF,62,Jae Sung Lee,1.0
898,Aamar Iqbal Zidane,MF,90,Lukáš Cerv,1.0
898,Aamar Iqbal Zidane,MF,1091,Edo Kayembe Kayembe,1.0
898,Aamar Iqbal Zidane,MF,136,Benjamin Tahirovic,1.0
898,Aamar Iqbal Zidane,MF,145,Amar Memic,1.0
898,Aamar Iqbal Zidane,MF,115,Liam Alan Millar,1.0
898,Aamar Iqbal Zidane,MF,976,Hicham Boudaoui,1.0
898,Aamar Iqbal Zidane,MF,941,Leandro Daniel Paredes,1.0
898,Aamar Iqbal Zidane,MF,1012,Paul Wanner,1.0
898,Aamar Iqbal Zidane,MF,968,Ramiz Larbi Zerrouki,1.0
899,Hasan Maknazi Ahmed Maknazi,DF,1247,Roderick Alonso Miller,1.0
899,Hasan Maknazi Ahmed Maknazi,DF,1156,Trevoh Tom Chalobah,1.0
899,Hasan Maknazi Ahmed Maknazi,DF,1159,Daniel Johnson Burn,1.0
899,Hasan Maknazi Ahmed Maknazi,DF,1237,Eric Javier Davis,1.0
899,Hasan Maknazi Ahmed Maknazi,DF,805,Abdullatif Jehad Thikri,1.0
899,Hasan Maknazi Ahmed Maknazi,DF,808,José María Gimenez,1.0
899,Hasan Maknazi Ahmed Maknazi,DF,810,Ronald Federico Araujo,1.0
899,Hasan Maknazi Ahmed Maknazi,DF,28,Tholo Thabang Matuludi,1.0
899,Hasan Maknazi Ahmed Maknazi,DF,29,Khulumani Ndamane,1.0
899,Hasan Maknazi Ahmed Maknazi,DF,44,Samukele Alucious Kabini,1.0
900,Fouad Aboud Amir Alammari,MF,916,Patrick Berg,0.9812295335025658
900,Fouad Aboud Amir Alammari,MF,884,Pape Alassane Gueye,0.9786111978469804
900,Fouad Aboud Amir Alammari,MF,216,GUIMARAESBruno Bruno,0.9711228908373848
900,Fouad Aboud Amir Alammari,MF,920,Martín Odegaard,0.9705401038362861
900,Fouad Aboud Amir Alammari,MF,433,Florian Richard Wirtz,0.9699335541608275
900,Fouad Aboud Amir Alammari,MF,559,Keito Nakamura,0.9668815859117511
900,Fouad Aboud Amir Alammari,MF,814,Federico Santiago Valverde,0.966449982896309
900,Fouad Aboud Amir Alammari,MF,866,Lamine Camara,0.9661021940354693
900,Fouad Aboud Amir Alammari,MF,528,Ryan Jiro Gravenberch,0.9648726808051272
900,Fouad Aboud Amir Alammari,MF,1022,Mahmoud Ali Noor Alrawabdeh,0.9641873517464391
901,Jasim Elaibi Ali Jasim,FW,93,Pavel Sulc,1.0000000000000002
901,Jasim Elaibi Ali Jasim,FW,88,Patrik Schick,1.0000000000000002
901,Jasim Elaibi Ali Jasim,FW,124,Ali Ahmed,1.0000000000000002
901,Jasim Elaibi Ali Jasim,FW,116,Tanitoluwa Oluwatimilehin Oluwaseyi,1.0000000000000002
901,Jasim Elaibi Ali Jasim,FW,1127,Jhon Andrés Cordoba,1.0000000000000002
901,Jasim Elaibi Ali Jasim,FW,171,Abdurisag Yusuf Abdurisag,1.0000000000000002
901,Jasim Elaibi Ali Jasim,FW,150,Esmir Bajraktarevic,1.0000000000000002
901,Jasim Elaibi Ali Jasim,FW,1051,João Joao Felix,1.0000000000000002
901,Jasim Elaibi Ali Jasim,FW,827,Federico Sebastian Vinas,1.0000000000000002
901,Jasim Elaibi Ali Jasim,FW,296,Che Sac Everton Fred Adams,1.0000000000000002
902,Hussein Ghadhban Aymen,FW,1196,Petar Musa,0.999899606307055
902,Hussein Ghadhban Aymen,FW,583,Anthony David Junior Elanga,0.9996055907861522
902,Hussein Ghadhban Aymen,FW,483,Amad Diallo,0.9968293393292814
902,Hussein Ghadhban Aymen,FW,113,Cyle Christopher Larin,0.993332040057211
902,Hussein Ghadhban Aymen,FW,1075,Kibambe Brian Cipenga,0.9925029620203679
902,Hussein Ghadhban Aymen,FW,1181,Ante Budimir,0.9885500884140536
902,Hussein Ghadhban Aymen,FW,9,Raúl Alonso Jimenez,0.9865588716138405
902,Hussein Ghadhban Aymen,FW,539,Brian Ebenezer Adjei Brobbey,0.9797399460196368
902,Hussein Ghadhban Aymen,FW,641,Charles Marc De Ketelaere,0.9688651635822323
902,Hussein Ghadhban Aymen,FW,278,Wilson Isidor,0.9587838380727843
903,Yakob William Kevin Yakob,MF,72,Hyunjun Yang,1.0
903,Yakob William Kevin Yakob,MF,69,Junho Bae,1.0
903,Yakob William Kevin Yakob,MF,77,Jisung Eom,1.0
903,Yakob William Kevin Yakob,MF,76,Jingyu Kim,1.0
903,Yakob William Kevin Yakob,MF,78,Donggyeong Lee,1.0
903,Yakob William Kevin Yakob,MF,103,Hugo Sochurek,1.0
903,Yakob William Kevin Yakob,MF,1160,Kobbie Boateng Mainoo,1.0
903,Yakob William Kevin Yakob,MF,1158,Jordan Brian Henderson,1.0
903,Yakob William Kevin Yakob,MF,125,Jonathan Osorio,1.0
903,Yakob William Kevin Yakob,MF,1177,Nikola Moro,1.0
904,Hazar Anwar Aimar,MF,72,Hyunjun Yang,1.0
904,Hazar Anwar Aimar,MF,69,Junho Bae,1.0
904,Hazar Anwar Aimar,MF,77,Jisung Eom,1.0
904,Hazar Anwar Aimar,MF,76,Jingyu Kim,1.0
904,Hazar Anwar Aimar,MF,78,Donggyeong Lee,1.0
904,Hazar Anwar Aimar,MF,103,Hugo Sochurek,1.0
904,Hazar Anwar Aimar,MF,1160,Kobbie Boateng Mainoo,1.0
904,Hazar Anwar Aimar,MF,1158,Jordan Brian Henderson,1.0
904,Hazar Anwar Aimar,MF,125,Jonathan Osorio,1.0
904,Hazar Anwar Aimar,MF,1177,Nikola Moro,1.0
905,Jabbar Hussein Marko Farji,FW,1246,Azarías Emmanuel Londono,0.9999999999999997
905,Jabbar Hussein Marko Farji,FW,10,Ernesto Alexis Vega,0.9999999999999997
905,Jabbar Hussein Marko Farji,FW,14,Armando Gonzalez,0.9999999999999997
905,Jabbar Hussein Marko Farji,FW,21,César Saúl Huerta,0.9999999999999997
905,Jabbar Hussein Marko Farji,FW,97,Tomáš Chory,0.9999999999999997
905,Jabbar Hussein Marko Farji,FW,91,Mojmír Chytil,0.9999999999999997
905,Jabbar Hussein Marko Farji,FW,139,Samed Bazdar,0.9999999999999997
905,Jabbar Hussein Marko Farji,FW,130,Jayden Nelson,0.9999999999999997
905,Jabbar Hussein Marko Farji,FW,1144,Carlos Andrés Gomez,0.9999999999999997
905,Jabbar Hussein Marko Farji,FW,1113,Igor Sergeev,0.9999999999999997
906,Basil Fadhil Ahmed,GK,599,Abdelmouhib Chamakh,0.9931860815034622
906,Basil Fadhil Ahmed,GK,1157,Dean Bradley Henderson,0.9903174810766197
906,Basil Fadhil Ahmed,GK,1036,Ra'ed Mahmoud Abdallah Alfakhori,0.9864511299984942
906,Basil Fadhil Ahmed,GK,874,Edouard Osoque Mendy,0.9827356618747268
906,Basil Fadhil Ahmed,GK,595,Bo Kristoffer Nordfeldt,0.9803116713295736
906,Basil Fadhil Ahmed,GK,651,Elsayed Mohamed Mohamed Elshenawy,0.9681028782451185
906,Basil Fadhil Ahmed,GK,923,Egil Selvik,0.9602234531829386
906,Basil Fadhil Ahmed,GK,157,Ibrahim Mahmoud Abunada,0.9510815240115866
906,Basil Fadhil Ahmed,GK,896,Hasan Hachim Jalal Hassan,0.9419681087846781
906,Basil Fadhil Ahmed,GK,614,Aymen Dahmen,0.9337456097733248
907,Ghazi Salih Merchas,DF,792,Abdullah Saud Abdulhamid,1.0
907,Ghazi Salih Merchas,DF,56,Minjae Kim,0.9997475183362053
907,Ghazi Salih Merchas,DF,368,Jacob Michael Italiano,0.9765232524988107
907,Ghazi Salih Merchas,DF,262,Carlens Jean Fedlaire Ruby Arcus,0.9762291660213945
907,Ghazi Salih Merchas,DF,369,Jordan Jacob Bos,0.9685447010855702
907,Ghazi Salih Merchas,DF,778,Fabricio Wagner Pina,0.9579213316592672
907,Ghazi Salih Merchas,DF,317,Antonee Robinson,0.9533180729104529
907,Ghazi Salih Merchas,DF,315,Christopher Jeffrey Richards,0.94926082504907
907,Ghazi Salih Merchas,DF,4,Edson Omar Alvarez,0.9437756130883806
907,Ghazi Salih Merchas,DF,367,Alessandro Circati,0.9363994928877415
908,Ismael Khaleel Zaid Ismael,MF,62,Jae Sung Lee,1.0
908,Ismael Khaleel Zaid Ismael,MF,90,Lukáš Cerv,1.0
908,Ismael Khaleel Zaid Ismael,MF,1091,Edo Kayembe Kayembe,1.0
908,Ismael Khaleel Zaid Ismael,MF,136,Benjamin Tahirovic,1.0
908,Ismael Khaleel Zaid Ismael,MF,145,Amar Memic,1.0
908,Ismael Khaleel Zaid Ismael,MF,115,Liam Alan Millar,1.0
908,Ismael Khaleel Zaid Ismael,MF,976,Hicham Boudaoui,1.0
908,Ismael Khaleel Zaid Ismael,MF,941,Leandro Daniel Paredes,1.0
908,Ismael Khaleel Zaid Ismael,MF,1012,Paul Wanner,1.0
908,Ismael Khaleel Zaid Ismael,MF,968,Ramiz Larbi Zerrouki,1.0
909,Saadoon Abbood Mustafa,DF,1247,Roderick Alonso Miller,1.0
909,Saadoon Abbood Mustafa,DF,1156,Trevoh Tom Chalobah,1.0
909,Saadoon Abbood Mustafa,DF,1159,Daniel Johnson Burn,1.0
909,Saadoon Abbood Mustafa,DF,1237,Eric Javier Davis,1.0
909,Saadoon Abbood Mustafa,DF,805,Abdullatif Jehad Thikri,1.0
909,Saadoon Abbood Mustafa,DF,808,José María Gimenez,1.0
909,Saadoon Abbood Mustafa,DF,810,Ronald Federico Araujo,1.0
909,Saadoon Abbood Mustafa,DF,28,Tholo Thabang Matuludi,1.0
909,Saadoon Abbood Mustafa,DF,29,Khulumani Ndamane,1.0
909,Saadoon Abbood Mustafa,DF,44,Samukele Alucious Kabini,1.0
910,Dhia Jirjis Frans,DF,1248,Jorge Abdiel Gutierrez,1.0
910,Dhia Jirjis Frans,DF,1226,Fidel Escobar,1.0
910,Dhia Jirjis Frans,DF,1192,Luka Vuskovic,1.0
910,Dhia Jirjis Frans,DF,107,Alfie Charles Jones,1.0
910,Dhia Jirjis Frans,DF,123,Alphonso Boyle Davies,1.0
910,Dhia Jirjis Frans,DF,679,Ehsan Hajisafi,1.0
910,Dhia Jirjis Frans,DF,693,Arya Yousefi,1.0
910,Dhia Jirjis Frans,DF,706,Tyler Grant Bindon,1.0
910,Dhia Jirjis Frans,DF,665,Hafez Ramadan Karim Hafez,1.0
910,Dhia Jirjis Frans,DF,783,Mohammed Ali Lajami,1.0
911,Ørjan Haskjold Nyland,GK,1067,Lionel Nzau Mpasi,0.9874267126447686
911,Ørjan Haskjold Nyland,GK,521,Bart Verbruggen,0.9659885927304322
911,Ørjan Haskjold Nyland,GK,625,Thibaut Nicolas Courtois,0.9098174114981357
911,Ørjan Haskjold Nyland,GK,1244,Orlando Mosquera,0.909493812584771
911,Ørjan Haskjold Nyland,GK,131,Nikola Vasilj,0.9003851566484011
911,Ørjan Haskjold Nyland,GK,829,Nestor Fernando Muslera,0.8626172688722424
911,Ørjan Haskjold Nyland,GK,1145,Jordan Lee Pickford,0.8455629845829895
911,Ørjan Haskjold Nyland,GK,673,Abdelaziz Mohame Mostafa,0.8408533019862939
911,Ørjan Haskjold Nyland,GK,417,Manuel Peter Neuer,0.8290134056280772
911,Ørjan Haskjold Nyland,GK,53,Seunggyu Kim,0.8281299970441628
912,Morten Thorsby,MF,72,Hyunjun Yang,1.0
912,Morten Thorsby,MF,69,Junho Bae,1.0
912,Morten Thorsby,MF,77,Jisung Eom,1.0
912,Morten Thorsby,MF,76,Jingyu Kim,1.0
912,Morten Thorsby,MF,78,Donggyeong Lee,1.0
912,Morten Thorsby,MF,103,Hugo Sochurek,1.0
912,Morten Thorsby,MF,1160,Kobbie Boateng Mainoo,1.0
912,Morten Thorsby,MF,1158,Jordan Brian Henderson,1.0
912,Morten Thorsby,MF,125,Jonathan Osorio,1.0
912,Morten Thorsby,MF,1177,Nikola Moro,1.0
913,Kristoffer Vassbakk Köpp Ajer,DF,1169,Tehuti Djed-Hotep Spence,1.0000000000000002
913,Kristoffer Vassbakk Köpp Ajer,DF,106,Alistair William Johnston,1.0000000000000002
913,Kristoffer Vassbakk Köpp Ajer,DF,1147,Nico Oreilly,1.0000000000000002
913,Kristoffer Vassbakk Köpp Ajer,DF,1121,Jhon Janer Lucumi,1.0000000000000002
913,Kristoffer Vassbakk Köpp Ajer,DF,212,MARQUINHOSMarcos,1.0000000000000002
913,Kristoffer Vassbakk Köpp Ajer,DF,927,Torbjørn Lysaker Heggem,1.0000000000000002
913,Kristoffer Vassbakk Köpp Ajer,DF,962,Nahuel Molina,1.0000000000000002
913,Kristoffer Vassbakk Köpp Ajer,DF,237,Noussair Mazraoui,1.0000000000000002
913,Kristoffer Vassbakk Köpp Ajer,DF,342,Juan Jose Caceres,1.0000000000000002
913,Kristoffer Vassbakk Köpp Ajer,DF,23,Jesús Daniel Gallardo,1.0000000000000002
914,Leo Skiri Ostigard,DF,318,Auston Levi-Jesaiah Trusty,0.999943924176799
914,Leo Skiri Ostigard,DF,431,Nico Cédric Schlotterbeck,0.9972385581914331
914,Leo Skiri Ostigard,DF,602,Omar Rekik,0.9971285385795062
914,Leo Skiri Ostigard,DF,1219,Derrick Luckassen,0.9971285385795062
914,Leo Skiri Ostigard,DF,926,Marcus Holmgren Holmgren Pedersen,0.9958773434213187
914,Leo Skiri Ostigard,DF,784,Ali Abdulelah Alamri,0.9723254575452309
914,Leo Skiri Ostigard,DF,718,Finn Surman,0.9670210045466947
914,Leo Skiri Ostigard,DF,20,Mateo Chavez,0.9670210045466947
914,Leo Skiri Ostigard,DF,767,CABRALSidny Sidny Lopes,0.9639737148177484
914,Leo Skiri Ostigard,DF,248,Issa Laye Lucas Jean Diop,0.9611824136548275
915,David Møller Moller Wolfe,DF,314,Sergiño Gianni Dest,0.9999999999999999
915,David Møller Moller Wolfe,DF,135,Sead Kolasinac,0.9999643502477042
915,David Møller Moller Wolfe,DF,1132,Gustavo Adolfo Puerta,0.9999322010778848
915,David Møller Moller Wolfe,DF,639,Thomas Andre Meunier,0.999040997826088
915,David Møller Moller Wolfe,DF,1092,Arthur Fuka Masuaku,0.9989842684422225
915,David Møller Moller Wolfe,DF,877,Moussa Niakhate,0.9972377107527512
915,David Møller Moller Wolfe,DF,996,David Alaba,0.9930197987366816
915,David Møller Moller Wolfe,DF,1060,Pedro Joao Cancelo,0.9828653135799015
915,David Møller Moller Wolfe,DF,542,Denzel Justus Morris Dumfries,0.9564849946183855
915,David Møller Moller Wolfe,DF,2,Jorge Eduardo Sanchez,0.9480173670124988
916,Patrick Berg,MF,129,Nathan-Dylan Saliba,0.9898416638703569
916,Patrick Berg,MF,433,Florian Richard Wirtz,0.9875202055594451
916,Patrick Berg,MF,920,Martín Odegaard,0.9854515643589904
916,Patrick Berg,MF,900,Fouad Aboud Amir Alammari,0.9812295335025658
916,Patrick Berg,MF,814,Federico Santiago Valverde,0.9808091777923239
916,Patrick Berg,MF,866,Lamine Camara,0.977247181450375
916,Patrick Berg,MF,216,GUIMARAESBruno Bruno,0.9749709327130649
916,Patrick Berg,MF,559,Keito Nakamura,0.9707364703673228
916,Patrick Berg,MF,1022,Mahmoud Ali Noor Alrawabdeh,0.969391633695612
916,Patrick Berg,MF,608,Hannibal Mejbri,0.969391633695612
917,Alexander Sorloth,FW,140,Ermedin Demirovic,1.0
917,Alexander Sorloth,FW,121,Tajon Trevor Buchanan,1.0
917,Alexander Sorloth,FW,503,John Yeboah,1.0
917,Alexander Sorloth,FW,1205,Jordan Pierre Ayew,1.0
917,Alexander Sorloth,FW,774,Isaac Ryan,1.0
917,Alexander Sorloth,FW,507,Enner Remberto Valencia,1.0
917,Alexander Sorloth,FW,635,Jeremy Baffour Doku,0.9954384412803571
917,Alexander Sorloth,FW,936,Julian Ryerson,0.9796958359591635
917,Alexander Sorloth,FW,954,Nicolas Paz,0.9796958359591635
917,Alexander Sorloth,FW,952,Thiago Ezequiel Almada,0.9796958359591635
918,Sander Gard Bolin Berge,MF,1134,Jefferson Andrés Lerma,0.9999999999999998
918,Sander Gard Bolin Berge,MF,240,Ayyoub Bouaddi,0.9999999999999998
918,Sander Gard Bolin Berge,MF,320,Mc,0.9999999999999998
918,Sander Gard Bolin Berge,MF,744,Rodrigo Rodri,0.9999999999999998
918,Sander Gard Bolin Berge,MF,19,Gilberto Rafael Mora,0.9999999999999998
918,Sander Gard Bolin Berge,MF,838,Emmanuel Boris Kone,0.9999999999999998
918,Sander Gard Bolin Berge,MF,257,Bilal El Khannouss,0.9987000498249574
918,Sander Gard Bolin Berge,MF,1129,Jhon Adolfo Arias,0.9985909967528839
918,Sander Gard Bolin Berge,MF,213,Henrique,0.9984082204887947
918,Sander Gard Bolin Berge,MF,748,Pedro Pedri,0.9966353324159554
919,Erling Braut Haaland,FW,958,Lautaro Javier Martinez,0.9972783329724385
919,Erling Braut Haaland,FW,217,Matheus Matheus Cunha,0.9951215874127418
919,Erling Braut Haaland,FW,487,Nicolas Pepe,0.9936016962795375
919,Erling Braut Haaland,FW,876,Ismaila Sarr,0.9884528166121057
919,Erling Braut Haaland,FW,749,Mikel Oyarzabal,0.9854298655118613
919,Erling Braut Haaland,FW,1047,Ronaldo Cristiano Ronaldo,0.9767347935324467
919,Erling Braut Haaland,FW,423,Kai Lukas Havertz,0.9750865574097122
919,Erling Braut Haaland,FW,1086,Yoane Wissa,0.9729731973073663
919,Erling Braut Haaland,FW,641,Charles Marc De Ketelaere,0.9712652788776548
919,Erling Braut Haaland,FW,531,Cody Mathès Gakpo,0.9574614020609361
920,Martín Odegaard,MF,433,Florian Richard Wirtz,0.9998376526050256
920,Martín Odegaard,MF,814,Federico Santiago Valverde,0.998866750425305
920,Martín Odegaard,MF,866,Lamine Camara,0.9981245373326585
920,Martín Odegaard,MF,216,GUIMARAESBruno Bruno,0.9974750323074884
920,Martín Odegaard,MF,559,Keito Nakamura,0.9958714425560906
920,Martín Odegaard,MF,1022,Mahmoud Ali Noor Alrawabdeh,0.995440282209754
920,Martín Odegaard,MF,71,Kangin Lee,0.995440282209754
920,Martín Odegaard,MF,608,Hannibal Mejbri,0.995440282209754
920,Martín Odegaard,MF,58,Inbeom Hwang,0.9951613085555028
920,Martín Odegaard,MF,570,Kaishu Sano,0.9944303523883375
921,Jørgen Strand Strand Larsen,FW,1240,Cecilio Alfonso Waterman,0.9999999999999998
921,Jørgen Strand Strand Larsen,FW,1239,Jose Fajardo,0.9999999999999998
921,Jørgen Strand Strand Larsen,FW,104,Denis Visinsky,0.9999999999999998
921,Jørgen Strand Strand Larsen,FW,1027,Nayef Ahmad Mahmoud Almardi,0.9999999999999998
921,Jørgen Strand Strand Larsen,FW,973,Anis Hadj Moussa,0.9999999999999998
921,Jørgen Strand Strand Larsen,FW,1066,Francisco Francisco Conceicao,0.9999999999999998
921,Jørgen Strand Strand Larsen,FW,1038,Ahmad Ali Ali Azaizeh,0.9999999999999998
921,Jørgen Strand Strand Larsen,FW,763,BENCHIMOLGilson Gilson,0.9999999999999998
921,Jørgen Strand Strand Larsen,FW,271,Don Deedson Deedson,0.9999999999999998
921,Jørgen Strand Strand Larsen,FW,276,Lenny Alvin Pico Joseph,0.9999999999999998
922,Sander Tangvik,GK,12,Carlos Acevedo,1.0
922,Sander Tangvik,GK,64,Bumkeun Song,1.0
922,Sander Tangvik,GK,48,Stuart Ricardo Goss,1.0
922,Sander Tangvik,GK,42,Sipho Justin Chaine,1.0
922,Sander Tangvik,GK,122,Owen Olamidayo Goodman,1.0
922,Sander Tangvik,GK,101,Lukáš Hornicek,1.0
922,Sander Tangvik,GK,94,Jind ř ich Stanek,1.0
922,Sander Tangvik,GK,73,Hyeonwoo Jo,1.0
922,Sander Tangvik,GK,220,Weverton Weverton,1.0
922,Sander Tangvik,GK,231,Ederson Ederson,1.0
923,Egil Selvik,GK,651,Elsayed Mohamed Mohamed Elshenawy,0.9859085595295178
923,Egil Selvik,GK,874,Edouard Osoque Mendy,0.9773031616200049
923,Egil Selvik,GK,1036,Ra'ed Mahmoud Abdallah Alfakhori,0.9768018713203812
923,Egil Selvik,GK,614,Aymen Dahmen,0.9735108439685233
923,Egil Selvik,GK,1157,Dean Bradley Henderson,0.9717525068762067
923,Egil Selvik,GK,595,Bo Kristoffer Nordfeldt,0.961160283026738
923,Egil Selvik,GK,906,Basil Fadhil Ahmed,0.9602234531829386
923,Egil Selvik,GK,599,Abdelmouhib Chamakh,0.9594814021841379
923,Egil Selvik,GK,896,Hasan Hachim Jalal Hassan,0.8808934381698896
923,Egil Selvik,GK,1104,Abduvakhid Nematov,0.847833287424881
924,Fredrik Aursnes,MF,1128,James David Rodriguez,1.0
924,Fredrik Aursnes,MF,190,Remo Marco Freuler,1.0
924,Fredrik Aursnes,MF,188,Denis Lemi Zakaria,1.0
924,Fredrik Aursnes,MF,1074,Samuel Alain Moutoussamy,1.0
924,Fredrik Aursnes,MF,258,Neil Yoni El Aynaoui,1.0
924,Fredrik Aursnes,MF,352,Adrián Andrés Cubas,1.0
924,Fredrik Aursnes,MF,316,Tyler Shaan Adams,1.0
924,Fredrik Aursnes,MF,515,Alan Steven Franco,1.0
924,Fredrik Aursnes,MF,421,Aleksandar Pavlovic,1.0
924,Fredrik Aursnes,MF,972,Fares Chaibi,1.0
925,Fredrik André Bjorkan,DF,65,Taeseok Lee,1.0000000000000002
925,Fredrik André Bjorkan,DF,81,Tomáš Holes,1.0000000000000002
925,Fredrik André Bjorkan,DF,1174,Joško Gvardiol,1.0000000000000002
925,Fredrik André Bjorkan,DF,1149,John Stones,1.0000000000000002
925,Fredrik André Bjorkan,DF,1110,Abdulla Abdullaev,1.0000000000000002
925,Fredrik André Bjorkan,DF,1116,Behruzjon Karimov,1.0000000000000002
925,Fredrik André Bjorkan,DF,119,Moïse Bombito Bombito,1.0000000000000002
925,Fredrik André Bjorkan,DF,1140,Deiver Machado,1.0000000000000002
925,Fredrik André Bjorkan,DF,1069,Steve Nkanu Kapuadi,1.0000000000000002
925,Fredrik André Bjorkan,DF,861,Kalidou Koulibaly,1.0000000000000002
926,Marcus Holmgren Holmgren Pedersen,DF,602,Omar Rekik,0.99930159955557
926,Marcus Holmgren Holmgren Pedersen,DF,1219,Derrick Luckassen,0.99930159955557
926,Marcus Holmgren Holmgren Pedersen,DF,431,Nico Cédric Schlotterbeck,0.9986869100412596
926,Marcus Holmgren Holmgren Pedersen,DF,318,Auston Levi-Jesaiah Trusty,0.9962503049313153
926,Marcus Holmgren Holmgren Pedersen,DF,914,Leo Skiri Ostigard,0.9958773434213187
926,Marcus Holmgren Holmgren Pedersen,DF,784,Ali Abdulelah Alamri,0.9866877985579641
926,Marcus Holmgren Holmgren Pedersen,DF,718,Finn Surman,0.9833333664202227
926,Marcus Holmgren Holmgren Pedersen,DF,20,Mateo Chavez,0.9833333664202227
926,Marcus Holmgren Holmgren Pedersen,DF,767,CABRALSidny Sidny Lopes,0.9813287230981216
926,Marcus Holmgren Holmgren Pedersen,DF,248,Issa Laye Lucas Jean Diop,0.9794507703361042
927,Torbjørn Lysaker Heggem,DF,1169,Tehuti Djed-Hotep Spence,1.0000000000000002
927,Torbjørn Lysaker Heggem,DF,106,Alistair William Johnston,1.0000000000000002
927,Torbjørn Lysaker Heggem,DF,1147,Nico Oreilly,1.0000000000000002
927,Torbjørn Lysaker Heggem,DF,1121,Jhon Janer Lucumi,1.0000000000000002
927,Torbjørn Lysaker Heggem,DF,212,MARQUINHOSMarcos,1.0000000000000002
927,Torbjørn Lysaker Heggem,DF,962,Nahuel Molina,1.0000000000000002
927,Torbjørn Lysaker Heggem,DF,237,Noussair Mazraoui,1.0000000000000002
927,Torbjørn Lysaker Heggem,DF,342,Juan Jose Caceres,1.0000000000000002
927,Torbjørn Lysaker Heggem,DF,23,Jesús Daniel Gallardo,1.0000000000000002
927,Torbjørn Lysaker Heggem,DF,858,Maxence Guy Lacroix,1.0000000000000002
928,Kristian Thorstvedt,MF,62,Jae Sung Lee,1.0
928,Kristian Thorstvedt,MF,90,Lukáš Cerv,1.0
928,Kristian Thorstvedt,MF,1091,Edo Kayembe Kayembe,1.0
928,Kristian Thorstvedt,MF,136,Benjamin Tahirovic,1.0
928,Kristian Thorstvedt,MF,145,Amar Memic,1.0
928,Kristian Thorstvedt,MF,115,Liam Alan Millar,1.0
928,Kristian Thorstvedt,MF,976,Hicham Boudaoui,1.0
928,Kristian Thorstvedt,MF,941,Leandro Daniel Paredes,1.0
928,Kristian Thorstvedt,MF,1012,Paul Wanner,1.0
928,Kristian Thorstvedt,MF,968,Ramiz Larbi Zerrouki,1.0
929,Thelonious Gerard Aasgaard,MF,319,Giovanni Alejandro Reyna,0.9997215023876698
929,Thelonious Gerard Aasgaard,MF,947,Giovani Lo Celso,0.9749011356722015
929,Thelonious Gerard Aasgaard,MF,250,Gessime Ben Youssef Mustapha Yassine,0.9724919386494709
929,Thelonious Gerard Aasgaard,MF,8,Álvaro Fidalgo,0.9637761704916907
929,Thelonious Gerard Aasgaard,MF,780,Sandro Helio Varela,0.9468067271309734
929,Thelonious Gerard Aasgaard,MF,156,Ermin Mahmic,0.9431513356509951
929,Thelonious Gerard Aasgaard,MF,349,Mauricio Mauricio,0.9190278296551208
929,Thelonious Gerard Aasgaard,MF,1232,Ismael Diaz,0.8317256684513018
929,Thelonious Gerard Aasgaard,MF,125,Jonathan Osorio,0.8317256684513018
929,Thelonious Gerard Aasgaard,MF,147,Dzenis Burnic,0.8317256684513018
930,Antonio Eromonsele Nordby Nusa,FW,747,Lamine Yamal Yamal,0.9987830076246862
930,Antonio Eromonsele Nordby Nusa,FW,513,Gonzalo Jordy Plata,0.9985912644105944
930,Antonio Eromonsele Nordby Nusa,FW,945,Julián Alvarez,0.9980518015487022
930,Antonio Eromonsele Nordby Nusa,FW,1125,Luis Fernando Diaz,0.9868118347001431
930,Antonio Eromonsele Nordby Nusa,FW,193,Dan Ndoye,0.9843267329641626
930,Antonio Eromonsele Nordby Nusa,FW,1184,Ivan Perisic,0.9752418098044068
930,Antonio Eromonsele Nordby Nusa,FW,589,Viktor Einar Gyokeres,0.9752418098044068
930,Antonio Eromonsele Nordby Nusa,FW,738,Daniel Olmo,0.9701686733690968
930,Antonio Eromonsele Nordby Nusa,FW,635,Jeremy Baffour Doku,0.9696487578731376
930,Antonio Eromonsele Nordby Nusa,FW,149,Kerim Alajbegovic,0.9654881259692675
931,Andreas Rædergård Schjelderup,MF,1138,Juan Fernando Quintero,0.9989851070302792
931,Andreas Rædergård Schjelderup,MF,436,Nadiem Amiri,0.9983585203397356
931,Andreas Rædergård Schjelderup,MF,554,Takefusa Kubo,0.9979318853400163
931,Andreas Rædergård Schjelderup,MF,1165,Eberechi Oluchi Eze,0.9973577704847804
931,Andreas Rædergård Schjelderup,MF,579,Lucas Erik Holger Bergvall,0.9901387586416135
931,Andreas Rædergård Schjelderup,MF,951,Nicolas Ivan Gonzalez,0.9876519134880597
931,Andreas Rædergård Schjelderup,MF,970,Houssem-Eddine Chaabane Aouar,0.9864379277393643
931,Andreas Rædergård Schjelderup,MF,7,Luis Francisco Romo,0.9862913995149669
931,Andreas Rædergård Schjelderup,MF,326,Sebastian Matthew Berhalter,0.9858463115853084
931,Andreas Rædergård Schjelderup,MF,102,Alexandr Sojka,0.9854125857357283
932,Oscar Bobb,MF,62,Jae Sung Lee,1.0
932,Oscar Bobb,MF,90,Lukáš Cerv,1.0
932,Oscar Bobb,MF,1091,Edo Kayembe Kayembe,1.0
932,Oscar Bobb,MF,136,Benjamin Tahirovic,1.0
932,Oscar Bobb,MF,145,Amar Memic,1.0
932,Oscar Bobb,MF,115,Liam Alan Millar,1.0
932,Oscar Bobb,MF,976,Hicham Boudaoui,1.0
932,Oscar Bobb,MF,941,Leandro Daniel Paredes,1.0
932,Oscar Bobb,MF,1012,Paul Wanner,1.0
932,Oscar Bobb,MF,968,Ramiz Larbi Zerrouki,1.0
933,Jens Petter Hauge,MF,72,Hyunjun Yang,1.0
933,Jens Petter Hauge,MF,69,Junho Bae,1.0
933,Jens Petter Hauge,MF,77,Jisung Eom,1.0
933,Jens Petter Hauge,MF,76,Jingyu Kim,1.0
933,Jens Petter Hauge,MF,78,Donggyeong Lee,1.0
933,Jens Petter Hauge,MF,103,Hugo Sochurek,1.0
933,Jens Petter Hauge,MF,1160,Kobbie Boateng Mainoo,1.0
933,Jens Petter Hauge,MF,1158,Jordan Brian Henderson,1.0
933,Jens Petter Hauge,MF,125,Jonathan Osorio,1.0
933,Jens Petter Hauge,MF,1177,Nikola Moro,1.0
934,Sondre Klingen Langas,DF,1247,Roderick Alonso Miller,1.0
934,Sondre Klingen Langas,DF,1156,Trevoh Tom Chalobah,1.0
934,Sondre Klingen Langas,DF,1159,Daniel Johnson Burn,1.0
934,Sondre Klingen Langas,DF,1237,Eric Javier Davis,1.0
934,Sondre Klingen Langas,DF,805,Abdullatif Jehad Thikri,1.0
934,Sondre Klingen Langas,DF,808,José María Gimenez,1.0
934,Sondre Klingen Langas,DF,810,Ronald Federico Araujo,1.0
934,Sondre Klingen Langas,DF,28,Tholo Thabang Matuludi,1.0
934,Sondre Klingen Langas,DF,29,Khulumani Ndamane,1.0
934,Sondre Klingen Langas,DF,44,Samukele Alucious Kabini,1.0
935,Henrik Sælebakke Falchener,DF,1248,Jorge Abdiel Gutierrez,1.0
935,Henrik Sælebakke Falchener,DF,1226,Fidel Escobar,1.0
935,Henrik Sælebakke Falchener,DF,1192,Luka Vuskovic,1.0
935,Henrik Sælebakke Falchener,DF,107,Alfie Charles Jones,1.0
935,Henrik Sælebakke Falchener,DF,123,Alphonso Boyle Davies,1.0
935,Henrik Sælebakke Falchener,DF,679,Ehsan Hajisafi,1.0
935,Henrik Sælebakke Falchener,DF,693,Arya Yousefi,1.0
935,Henrik Sælebakke Falchener,DF,706,Tyler Grant Bindon,1.0
935,Henrik Sælebakke Falchener,DF,665,Hafez Ramadan Karim Hafez,1.0
935,Henrik Sælebakke Falchener,DF,783,Mohammed Ali Lajami,1.0
936,Julian Ryerson,FW,11,Santiago Tomás Gimenez,1.0000000000000002
936,Julian Ryerson,FW,141,Edin Dzeko,1.0000000000000002
936,Julian Ryerson,FW,167,Hassan Akram,1.0000000000000002
936,Julian Ryerson,FW,1083,Cedric Bakambu,1.0000000000000002
936,Julian Ryerson,FW,275,Ruben Fritzner Providence,1.0000000000000002
936,Julian Ryerson,FW,954,Nicolas Paz,1.0000000000000002
936,Julian Ryerson,FW,952,Thiago Ezequiel Almada,1.0000000000000002
936,Julian Ryerson,FW,477,Ange-Yoan Laurent Bonny,1.0000000000000002
936,Julian Ryerson,FW,451,Jürgen Leonardo Locadia,1.0000000000000002
936,Julian Ryerson,FW,1164,Azuka Tristan Madueke,1.0000000000000002
937,Juan Agustín Musso,GK,417,Manuel Peter Neuer,0.8070742081662907
937,Juan Agustín Musso,GK,365,Mathew David Ryan,0.7903802751826774
937,Juan Agustín Musso,GK,13,Francisco Guillermo Ochoa,0.7903802751826774
937,Juan Agustín Musso,GK,807,Sergio Ramón Rochet,0.7903802751826774
937,Juan Agustín Musso,GK,105,Dayne Tristan St. Clair,0.7903802751826774
937,Juan Agustín Musso,GK,413,Ugurcan Cakir,0.7645981442049103
937,Juan Agustín Musso,GK,673,Abdelaziz Mohame Mostafa,0.7492664471855872
937,Juan Agustín Musso,GK,1244,Orlando Mosquera,0.6946576977734963
937,Juan Agustín Musso,GK,53,Seunggyu Kim,0.6750288709901726
937,Juan Agustín Musso,GK,978,Oussama Benbot,0.6681002204118622
938,Marcos Nicolás Senesi,DF,74,Youngwoo Seol,0.9999999999999999
938,Marcos Nicolás Senesi,DF,82,Robin Hranac,0.9999999999999999
938,Marcos Nicolás Senesi,DF,15,Israel Reyes,0.9999999999999999
938,Marcos Nicolás Senesi,DF,1173,Marin Pongracic,0.9999999999999999
938,Marcos Nicolás Senesi,DF,1135,Johan Andrés Mojica,0.9999999999999999
938,Marcos Nicolás Senesi,DF,108,Luc De Fougerolles,0.9999999999999999
938,Marcos Nicolás Senesi,DF,1200,Jonas Adjei Adjetey,0.9999999999999999
938,Marcos Nicolás Senesi,DF,1094,Abdukodir Khusanov,0.9999999999999999
938,Marcos Nicolás Senesi,DF,207,Luca Antony Jaquez,0.9999999999999999
938,Marcos Nicolás Senesi,DF,1105,Sherzod Nasrullaev,0.9999999999999999
939,Nicolás Alejandro Tagliafico,DF,74,Youngwoo Seol,0.9999999999999999
939,Nicolás Alejandro Tagliafico,DF,82,Robin Hranac,0.9999999999999999
939,Nicolás Alejandro Tagliafico,DF,15,Israel Reyes,0.9999999999999999
939,Nicolás Alejandro Tagliafico,DF,1173,Marin Pongracic,0.9999999999999999
939,Nicolás Alejandro Tagliafico,DF,1135,Johan Andrés Mojica,0.9999999999999999
939,Nicolás Alejandro Tagliafico,DF,108,Luc De Fougerolles,0.9999999999999999
939,Nicolás Alejandro Tagliafico,DF,1200,Jonas Adjei Adjetey,0.9999999999999999
939,Nicolás Alejandro Tagliafico,DF,1094,Abdukodir Khusanov,0.9999999999999999
939,Nicolás Alejandro Tagliafico,DF,207,Luca Antony Jaquez,0.9999999999999999
939,Nicolás Alejandro Tagliafico,DF,1105,Sherzod Nasrullaev,0.9999999999999999
940,Gonzalo Ariel Montiel,DF,65,Taeseok Lee,1.0000000000000002
940,Gonzalo Ariel Montiel,DF,81,Tomáš Holes,1.0000000000000002
940,Gonzalo Ariel Montiel,DF,1174,Joško Gvardiol,1.0000000000000002
940,Gonzalo Ariel Montiel,DF,1149,John Stones,1.0000000000000002
940,Gonzalo Ariel Montiel,DF,1110,Abdulla Abdullaev,1.0000000000000002
940,Gonzalo Ariel Montiel,DF,1116,Behruzjon Karimov,1.0000000000000002
940,Gonzalo Ariel Montiel,DF,119,Moïse Bombito Bombito,1.0000000000000002
940,Gonzalo Ariel Montiel,DF,1140,Deiver Machado,1.0000000000000002
940,Gonzalo Ariel Montiel,DF,1069,Steve Nkanu Kapuadi,1.0000000000000002
940,Gonzalo Ariel Montiel,DF,861,Kalidou Koulibaly,1.0000000000000002
941,Leandro Daniel Paredes,MF,62,Jae Sung Lee,1.0
941,Leandro Daniel Paredes,MF,90,Lukáš Cerv,1.0
941,Leandro Daniel Paredes,MF,1091,Edo Kayembe Kayembe,1.0
941,Leandro Daniel Paredes,MF,136,Benjamin Tahirovic,1.0
941,Leandro Daniel Paredes,MF,145,Amar Memic,1.0
941,Leandro Daniel Paredes,MF,115,Liam Alan Millar,1.0
941,Leandro Daniel Paredes,MF,976,Hicham Boudaoui,1.0
941,Leandro Daniel Paredes,MF,1012,Paul Wanner,1.0
941,Leandro Daniel Paredes,MF,968,Ramiz Larbi Zerrouki,1.0
941,Leandro Daniel Paredes,MF,944,Valentin Barco,1.0
942,Lisandro Martinez,DF,949,Cristian Gabriel Romero,0.9999997270566667
942,Lisandro Martinez,DF,1146,Ezri Ngoyo Konsa,0.9923640194699481
942,Lisandro Martinez,DF,236,Achraf Hakimi,0.9529875302272809
942,Lisandro Martinez,DF,1065,Alexandre Nuno,0.919528833685945
942,Lisandro Martinez,DF,740,Pedro Antonio Porro,0.8843875235665661
942,Lisandro Martinez,DF,837,Jules Olivier Kounde,0.8766056261652068
942,Lisandro Martinez,DF,1150,Keaninkin Marc-Isreal Guehi,0.8667570364783536
942,Lisandro Martinez,DF,187,Manuel Obafemi Akanji,0.8667570364783536
942,Lisandro Martinez,DF,849,William Alain André Gabriel Saliba,0.8667570364783536
942,Lisandro Martinez,DF,252,Chadi Riad,0.8667570364783536
943,Rodrigo Javier De Paul,MF,1048,Miguel Bruno,0.999805857131534
943,Rodrigo Javier De Paul,MF,509,Pedro Jeampierre Vite,0.9994812332540587
943,Rodrigo Javier De Paul,MF,517,Moisés Isaac Caicedo,0.9994812332540587
943,Rodrigo Javier De Paul,MF,1207,Antoine Serlom Semenyo,0.9994812332540587
943,Rodrigo Javier De Paul,MF,846,Adrien Thibault Marie Rabiot,0.9994812332540587
943,Rodrigo Javier De Paul,MF,1180,Luka Modric,0.9988359035752907
943,Rodrigo Javier De Paul,MF,994,Nicolas Seiwald,0.9983973775008621
943,Rodrigo Javier De Paul,MF,1161,Morgan Elliot Rogers,0.9956190183518113
943,Rodrigo Javier De Paul,MF,361,Matias Galarza,0.9941273235144205
943,Rodrigo Javier De Paul,MF,439,Felix Kalu Nmecha,0.9841143509532557
944,Valentin Barco,MF,62,Jae Sung Lee,1.0
944,Valentin Barco,MF,90,Lukáš Cerv,1.0
944,Valentin Barco,MF,1091,Edo Kayembe Kayembe,1.0
944,Valentin Barco,MF,136,Benjamin Tahirovic,1.0
944,Valentin Barco,MF,145,Amar Memic,1.0
944,Valentin Barco,MF,115,Liam Alan Millar,1.0
944,Valentin Barco,MF,976,Hicham Boudaoui,1.0
944,Valentin Barco,MF,941,Leandro Daniel Paredes,1.0
944,Valentin Barco,MF,1012,Paul Wanner,1.0
944,Valentin Barco,MF,968,Ramiz Larbi Zerrouki,1.0
945,Julián Alvarez,FW,930,Antonio Eromonsele Nordby Nusa,0.9980518015487022
945,Julián Alvarez,FW,747,Lamine Yamal Yamal,0.9976843615201424
945,Julián Alvarez,FW,513,Gonzalo Jordy Plata,0.9972671399751377
945,Julián Alvarez,FW,193,Dan Ndoye,0.993411947889358
945,Julián Alvarez,FW,1125,Luis Fernando Diaz,0.9816789683148889
945,Julián Alvarez,FW,149,Kerim Alajbegovic,0.9760886890594546
945,Julián Alvarez,FW,589,Viktor Einar Gyokeres,0.9740342411750681
945,Julián Alvarez,FW,1184,Ivan Perisic,0.9740342411750681
945,Julián Alvarez,FW,1023,Iyad Ali Ali Olwan,0.9731073689650807
945,Julián Alvarez,FW,398,Arda Guler,0.9731073689650807
946,Lionel Andrés Messi,FW,839,Masour Ousmane Dembele,0.984534708074192
946,Lionel Andrés Messi,FW,876,Ismaila Sarr,0.9836791066130615
946,Lionel Andrés Messi,FW,749,Mikel Oyarzabal,0.9788212895912825
946,Lionel Andrés Messi,FW,531,Cody Mathès Gakpo,0.9724857041038244
946,Lionel Andrés Messi,FW,1151,Bukayo Ayoyinka Saka,0.9627411358485316
946,Lionel Andrés Messi,FW,842,Kylian Mbappe,0.9566160395084043
946,Lionel Andrés Messi,FW,969,Riyad Karim Mahrez,0.9491995090659044
946,Lionel Andrés Messi,FW,215,José Vinicius,0.948096475581554
946,Lionel Andrés Messi,FW,919,Erling Braut Haaland,0.9455983268109678
946,Lionel Andrés Messi,FW,1153,Harry Edward Kane,0.945283071598555
947,Giovani Lo Celso,MF,156,Ermin Mahmic,0.980014817794641
947,Giovani Lo Celso,MF,319,Giovanni Alejandro Reyna,0.9798836902544729
947,Giovani Lo Celso,MF,8,Álvaro Fidalgo,0.9767758633155889
947,Giovani Lo Celso,MF,929,Thelonious Gerard Aasgaard,0.9749011356722015
947,Giovani Lo Celso,MF,250,Gessime Ben Youssef Mustapha Yassine,0.9427514772920487
947,Giovani Lo Celso,MF,591,Mattias Olof Svanberg,0.8818466218648239
947,Giovani Lo Celso,MF,780,Sandro Helio Varela,0.8769767511170931
947,Giovani Lo Celso,MF,349,Mauricio Mauricio,0.8282835882110482
947,Giovani Lo Celso,MF,879,Habib Mbacke Diarra,0.7361441241489565
947,Giovani Lo Celso,MF,125,Jonathan Osorio,0.7007221363579977
948,Geronimo Rulli,GK,12,Carlos Acevedo,1.0
948,Geronimo Rulli,GK,64,Bumkeun Song,1.0
948,Geronimo Rulli,GK,48,Stuart Ricardo Goss,1.0
948,Geronimo Rulli,GK,42,Sipho Justin Chaine,1.0
948,Geronimo Rulli,GK,122,Owen Olamidayo Goodman,1.0
948,Geronimo Rulli,GK,101,Lukáš Hornicek,1.0
948,Geronimo Rulli,GK,94,Jind ř ich Stanek,1.0
948,Geronimo Rulli,GK,73,Hyeonwoo Jo,1.0
948,Geronimo Rulli,GK,220,Weverton Weverton,1.0
948,Geronimo Rulli,GK,231,Ederson Ederson,1.0
949,Cristian Gabriel Romero,DF,942,Lisandro Martinez,0.9999997270566667
949,Cristian Gabriel Romero,DF,1146,Ezri Ngoyo Konsa,0.9922737764755923
949,Cristian Gabriel Romero,DF,236,Achraf Hakimi,0.9529019011486562
949,Cristian Gabriel Romero,DF,1065,Alexandre Nuno,0.9192398214714991
949,Cristian Gabriel Romero,DF,740,Pedro Antonio Porro,0.8840425830233417
949,Cristian Gabriel Romero,DF,837,Jules Olivier Kounde,0.8769609243898344
949,Cristian Gabriel Romero,DF,1150,Keaninkin Marc-Isreal Guehi,0.8671248968138082
949,Cristian Gabriel Romero,DF,187,Manuel Obafemi Akanji,0.8671248968138082
949,Cristian Gabriel Romero,DF,849,William Alain André Gabriel Saliba,0.8671248968138082
949,Cristian Gabriel Romero,DF,252,Chadi Riad,0.8671248968138082
950,Exequiel Alejandro Palacios,MF,1178,Mateo Kovacic,1.0
950,Exequiel Alejandro Palacios,MF,1099,Otabek Shukurov,1.0
950,Exequiel Alejandro Palacios,MF,144,Ivan Sunjic,1.0
950,Exequiel Alejandro Palacios,MF,293,Mc,1.0
950,Exequiel Alejandro Palacios,MF,270,Jean Ricner Bellegarde,1.0
950,Exequiel Alejandro Palacios,MF,197,Djibril Ibrahima Sow,1.0
950,Exequiel Alejandro Palacios,MF,305,Lewis Ferguson,1.0
950,Exequiel Alejandro Palacios,MF,1072,Ngal’ayel Mukau,1.0
950,Exequiel Alejandro Palacios,MF,449,Juninho Gracielo Bacuna,1.0
950,Exequiel Alejandro Palacios,MF,452,Leandro Jones Johan Bacuna,1.0
951,Nicolas Ivan Gonzalez,MF,579,Lucas Erik Holger Bergvall,0.9998426253052413
951,Nicolas Ivan Gonzalez,MF,1165,Eberechi Oluchi Eze,0.9954362075334109
951,Nicolas Ivan Gonzalez,MF,1138,Juan Fernando Quintero,0.992166247968687
951,Nicolas Ivan Gonzalez,MF,931,Andreas Rædergård Schjelderup,0.9876519134880597
951,Nicolas Ivan Gonzalez,MF,436,Nadiem Amiri,0.9818088671885477
951,Nicolas Ivan Gonzalez,MF,554,Takefusa Kubo,0.9816576013190416
951,Nicolas Ivan Gonzalez,MF,102,Alexandr Sojka,0.9560820844927387
951,Nicolas Ivan Gonzalez,MF,143,Ivan Basic,0.9560672584803167
951,Nicolas Ivan Gonzalez,MF,388,Paul Michael Junior Okon-Engstler,0.9559695589289648
951,Nicolas Ivan Gonzalez,MF,1098,Akmal Mozgovoy,0.9557710227873601
952,Thiago Ezequiel Almada,FW,11,Santiago Tomás Gimenez,1.0000000000000002
952,Thiago Ezequiel Almada,FW,141,Edin Dzeko,1.0000000000000002
952,Thiago Ezequiel Almada,FW,167,Hassan Akram,1.0000000000000002
952,Thiago Ezequiel Almada,FW,1083,Cedric Bakambu,1.0000000000000002
952,Thiago Ezequiel Almada,FW,275,Ruben Fritzner Providence,1.0000000000000002
952,Thiago Ezequiel Almada,FW,954,Nicolas Paz,1.0000000000000002
952,Thiago Ezequiel Almada,FW,936,Julian Ryerson,1.0000000000000002
952,Thiago Ezequiel Almada,FW,477,Ange-Yoan Laurent Bonny,1.0000000000000002
952,Thiago Ezequiel Almada,FW,451,Jürgen Leonardo Locadia,1.0000000000000002
952,Thiago Ezequiel Almada,FW,1164,Azuka Tristan Madueke,1.0000000000000002
953,Giuliano Simeone,FW,93,Pavel Sulc,1.0000000000000002
953,Giuliano Simeone,FW,88,Patrik Schick,1.0000000000000002
953,Giuliano Simeone,FW,124,Ali Ahmed,1.0000000000000002
953,Giuliano Simeone,FW,116,Tanitoluwa Oluwatimilehin Oluwaseyi,1.0000000000000002
953,Giuliano Simeone,FW,1127,Jhon Andrés Cordoba,1.0000000000000002
953,Giuliano Simeone,FW,171,Abdurisag Yusuf Abdurisag,1.0000000000000002
953,Giuliano Simeone,FW,150,Esmir Bajraktarevic,1.0000000000000002
953,Giuliano Simeone,FW,1051,João Joao Felix,1.0000000000000002
953,Giuliano Simeone,FW,827,Federico Sebastian Vinas,1.0000000000000002
953,Giuliano Simeone,FW,296,Che Sac Everton Fred Adams,1.0000000000000002
954,Nicolas Paz,FW,11,Santiago Tomás Gimenez,1.0000000000000002
954,Nicolas Paz,FW,141,Edin Dzeko,1.0000000000000002
954,Nicolas Paz,FW,167,Hassan Akram,1.0000000000000002
954,Nicolas Paz,FW,1083,Cedric Bakambu,1.0000000000000002
954,Nicolas Paz,FW,275,Ruben Fritzner Providence,1.0000000000000002
954,Nicolas Paz,FW,936,Julian Ryerson,1.0000000000000002
954,Nicolas Paz,FW,952,Thiago Ezequiel Almada,1.0000000000000002
954,Nicolas Paz,FW,477,Ange-Yoan Laurent Bonny,1.0000000000000002
954,Nicolas Paz,FW,451,Jürgen Leonardo Locadia,1.0000000000000002
954,Nicolas Paz,FW,1164,Azuka Tristan Madueke,1.0000000000000002
955,Nicolas Hernan Gonzalo Otamendi,DF,1248,Jorge Abdiel Gutierrez,1.0
955,Nicolas Hernan Gonzalo Otamendi,DF,1226,Fidel Escobar,1.0
955,Nicolas Hernan Gonzalo Otamendi,DF,1192,Luka Vuskovic,1.0
955,Nicolas Hernan Gonzalo Otamendi,DF,107,Alfie Charles Jones,1.0
955,Nicolas Hernan Gonzalo Otamendi,DF,123,Alphonso Boyle Davies,1.0
955,Nicolas Hernan Gonzalo Otamendi,DF,679,Ehsan Hajisafi,1.0
955,Nicolas Hernan Gonzalo Otamendi,DF,693,Arya Yousefi,1.0
955,Nicolas Hernan Gonzalo Otamendi,DF,706,Tyler Grant Bindon,1.0
955,Nicolas Hernan Gonzalo Otamendi,DF,665,Hafez Ramadan Karim Hafez,1.0
955,Nicolas Hernan Gonzalo Otamendi,DF,783,Mohammed Ali Lajami,1.0
956,Alexis Mac Allister,MF,1152,Elliot Junior Anderson,0.9991050018708755
956,Alexis Mac Allister,MF,743,Alejandro Baena,0.9978907235563697
956,Alexis Mac Allister,MF,840,Aurélien Djani Tchouameni,0.9918877188935272
956,Alexis Mac Allister,MF,1154,Jude Victor William Bellingham,0.989997241049779
956,Alexis Mac Allister,MF,960,Enzo Jeremías Fernandez,0.9799763214704924
956,Alexis Mac Allister,MF,748,Pedro Pedri,0.9798222660290897
956,Alexis Mac Allister,MF,257,Bilal El Khannouss,0.9734827925994484
956,Alexis Mac Allister,MF,245,Ismael Saibari,0.9718190468392246
956,Alexis Mac Allister,MF,1148,Declan Rice,0.9653557862121646
956,Alexis Mac Allister,MF,6,Erik Antonio Lira,0.9642509184139576
957,Jose Manuel Alberto Lopez,FW,565,Koki Ogawa,0.9998834874632523
957,Jose Manuel Alberto Lopez,FW,416,Can Yılmaz Uzun,0.9998831214660461
957,Jose Manuel Alberto Lopez,FW,1079,Meschack Lina Elia,0.9989561203531316
957,Jose Manuel Alberto Lopez,FW,34,Tshepang Moremi,0.9989462659422265
957,Jose Manuel Alberto Lopez,FW,530,Memphis Depay,0.9951541043189943
957,Jose Manuel Alberto Lopez,FW,1220,Ernest Nuamah Nuamah,0.9819438720114493
957,Jose Manuel Alberto Lopez,FW,1137,Juan Camilo Hernandez,0.9774026993281685
957,Jose Manuel Alberto Lopez,FW,662,Yousry Fouad Haissem Hassan,0.9474047238668093
957,Jose Manuel Alberto Lopez,FW,745,Nicholas Williams,0.9295509099731118
957,Jose Manuel Alberto Lopez,FW,25,Roberto Carlos Alvarado,0.9060218014980584
958,Lautaro Javier Martinez,FW,217,Matheus Matheus Cunha,0.9996281782309396
958,Lautaro Javier Martinez,FW,919,Erling Braut Haaland,0.9972783329724385
958,Lautaro Javier Martinez,FW,487,Nicolas Pepe,0.9926253013693639
958,Lautaro Javier Martinez,FW,1047,Ronaldo Cristiano Ronaldo,0.9890798026577675
958,Lautaro Javier Martinez,FW,423,Kai Lukas Havertz,0.9879236250098917
958,Lautaro Javier Martinez,FW,1086,Yoane Wissa,0.9864166572072586
958,Lautaro Javier Martinez,FW,749,Mikel Oyarzabal,0.9855428006372132
958,Lautaro Javier Martinez,FW,876,Ismaila Sarr,0.9830967317875559
958,Lautaro Javier Martinez,FW,531,Cody Mathès Gakpo,0.9640753479595021
958,Lautaro Javier Martinez,FW,1153,Harry Edward Kane,0.9597155747043605
959,Damián Emiliano Martinez,GK,209,Ramsés Alisson,0.9699863420797911
959,Damián Emiliano Martinez,GK,547,Zion Suzuki,0.968213629305021
959,Damián Emiliano Martinez,GK,235,Yassine Bounou,0.9676662379048918
959,Damián Emiliano Martinez,GK,1145,Jordan Lee Pickford,0.962638131907817
959,Damián Emiliano Martinez,GK,625,Thibaut Nicolas Courtois,0.9531403667355741
959,Damián Emiliano Martinez,GK,120,Maxime Crepeau,0.9471189151168314
959,Damián Emiliano Martinez,GK,183,Gregor Kobel,0.9207783750951167
959,Damián Emiliano Martinez,GK,848,Mike Peterson Maignan,0.9103842699196891
959,Damián Emiliano Martinez,GK,1171,Dominik Livakovic,0.8801383183426941
959,Damián Emiliano Martinez,GK,382,Patrick Thomas Beach,0.8690755217382311
960,Enzo Jeremías Fernandez,MF,748,Pedro Pedri,0.9998040272190748
960,Enzo Jeremías Fernandez,MF,257,Bilal El Khannouss,0.9991544764680883
960,Enzo Jeremías Fernandez,MF,245,Ismael Saibari,0.9976322423135412
960,Enzo Jeremías Fernandez,MF,1129,Jhon Adolfo Arias,0.9968135929291658
960,Enzo Jeremías Fernandez,MF,213,Henrique,0.9967709446191523
960,Enzo Jeremías Fernandez,MF,320,Mc,0.9959984822760644
960,Enzo Jeremías Fernandez,MF,240,Ayyoub Bouaddi,0.9959984822760644
960,Enzo Jeremías Fernandez,MF,918,Sander Gard Bolin Berge,0.9959984822760644
960,Enzo Jeremías Fernandez,MF,744,Rodrigo Rodri,0.9959984822760644
960,Enzo Jeremías Fernandez,MF,838,Emmanuel Boris Kone,0.9959984822760644
961,Facundo Axel Medina,DF,83,Vladimír Coufal,0.9984756759498389
961,Facundo Axel Medina,DF,1037,Manel Farhan Ehsan Haddad,0.997759291782916
961,Facundo Axel Medina,DF,422,Joshua Walter Kimmich,0.9947365101562625
961,Facundo Axel Medina,DF,1172,Josip Stanisic,0.9945957017031763
961,Facundo Axel Medina,DF,542,Denzel Justus Morris Dumfries,0.9932405031736342
961,Facundo Axel Medina,DF,704,Timothy John Payne,0.9929734083750231
961,Facundo Axel Medina,DF,1060,Pedro Joao Cancelo,0.9809725556351369
961,Facundo Axel Medina,DF,996,David Alaba,0.9676607133317353
961,Facundo Axel Medina,DF,1092,Arthur Fuka Masuaku,0.9482013072073024
961,Facundo Axel Medina,DF,135,Sead Kolasinac,0.9365429232617316
962,Nahuel Molina,DF,1169,Tehuti Djed-Hotep Spence,1.0000000000000002
962,Nahuel Molina,DF,106,Alistair William Johnston,1.0000000000000002
962,Nahuel Molina,DF,1147,Nico Oreilly,1.0000000000000002
962,Nahuel Molina,DF,1121,Jhon Janer Lucumi,1.0000000000000002
962,Nahuel Molina,DF,212,MARQUINHOSMarcos,1.0000000000000002
962,Nahuel Molina,DF,927,Torbjørn Lysaker Heggem,1.0000000000000002
962,Nahuel Molina,DF,237,Noussair Mazraoui,1.0000000000000002
962,Nahuel Molina,DF,342,Juan Jose Caceres,1.0000000000000002
962,Nahuel Molina,DF,23,Jesús Daniel Gallardo,1.0000000000000002
962,Nahuel Molina,DF,858,Maxence Guy Lacroix,1.0000000000000002
963,Melvin Feycal Mastil,GK,12,Carlos Acevedo,1.0
963,Melvin Feycal Mastil,GK,64,Bumkeun Song,1.0
963,Melvin Feycal Mastil,GK,48,Stuart Ricardo Goss,1.0
963,Melvin Feycal Mastil,GK,42,Sipho Justin Chaine,1.0
963,Melvin Feycal Mastil,GK,122,Owen Olamidayo Goodman,1.0
963,Melvin Feycal Mastil,GK,101,Lukáš Hornicek,1.0
963,Melvin Feycal Mastil,GK,94,Jind ř ich Stanek,1.0
963,Melvin Feycal Mastil,GK,73,Hyeonwoo Jo,1.0
963,Melvin Feycal Mastil,GK,220,Weverton Weverton,1.0
963,Melvin Feycal Mastil,GK,231,Ederson Ederson,1.0
964,Aissa Mandi,DF,1168,Reece Lewis James,1.0
964,Aissa Mandi,DF,117,Derek Austin Cornelius,1.0
964,Aissa Mandi,DF,1210,Gideon Mensah,1.0
964,Aissa Mandi,DF,1176,Josip Sutalo,1.0
964,Aissa Mandi,DF,1141,Davinson Sanchez,1.0
964,Aissa Mandi,DF,186,Nico Elvedi,1.0
964,Aissa Mandi,DF,148,Nikola Katic,1.0
964,Aissa Mandi,DF,126,Richmond Mamah Laryea,1.0
964,Aissa Mandi,DF,1068,Wan Wan-Bissaka,1.0
964,Aissa Mandi,DF,1070,Axel Tuanzebe,1.0
965,Achref Abada,DF,1247,Roderick Alonso Miller,1.0
965,Achref Abada,DF,1156,Trevoh Tom Chalobah,1.0
965,Achref Abada,DF,1159,Daniel Johnson Burn,1.0
965,Achref Abada,DF,1237,Eric Javier Davis,1.0
965,Achref Abada,DF,805,Abdullatif Jehad Thikri,1.0
965,Achref Abada,DF,808,José María Gimenez,1.0
965,Achref Abada,DF,810,Ronald Federico Araujo,1.0
965,Achref Abada,DF,28,Tholo Thabang Matuludi,1.0
965,Achref Abada,DF,29,Khulumani Ndamane,1.0
965,Achref Abada,DF,44,Samukele Alucious Kabini,1.0
966,Mohamed Amine Tougai,DF,1247,Roderick Alonso Miller,1.0
966,Mohamed Amine Tougai,DF,1156,Trevoh Tom Chalobah,1.0
966,Mohamed Amine Tougai,DF,1159,Daniel Johnson Burn,1.0
966,Mohamed Amine Tougai,DF,1237,Eric Javier Davis,1.0
966,Mohamed Amine Tougai,DF,805,Abdullatif Jehad Thikri,1.0
966,Mohamed Amine Tougai,DF,808,José María Gimenez,1.0
966,Mohamed Amine Tougai,DF,810,Ronald Federico Araujo,1.0
966,Mohamed Amine Tougai,DF,28,Tholo Thabang Matuludi,1.0
966,Mohamed Amine Tougai,DF,29,Khulumani Ndamane,1.0
966,Mohamed Amine Tougai,DF,44,Samukele Alucious Kabini,1.0
967,Zineddine Belaid,DF,1247,Roderick Alonso Miller,1.0
967,Zineddine Belaid,DF,1156,Trevoh Tom Chalobah,1.0
967,Zineddine Belaid,DF,1159,Daniel Johnson Burn,1.0
967,Zineddine Belaid,DF,1237,Eric Javier Davis,1.0
967,Zineddine Belaid,DF,805,Abdullatif Jehad Thikri,1.0
967,Zineddine Belaid,DF,808,José María Gimenez,1.0
967,Zineddine Belaid,DF,810,Ronald Federico Araujo,1.0
967,Zineddine Belaid,DF,28,Tholo Thabang Matuludi,1.0
967,Zineddine Belaid,DF,29,Khulumani Ndamane,1.0
967,Zineddine Belaid,DF,44,Samukele Alucious Kabini,1.0
968,Ramiz Larbi Zerrouki,MF,62,Jae Sung Lee,1.0
968,Ramiz Larbi Zerrouki,MF,90,Lukáš Cerv,1.0
968,Ramiz Larbi Zerrouki,MF,1091,Edo Kayembe Kayembe,1.0
968,Ramiz Larbi Zerrouki,MF,136,Benjamin Tahirovic,1.0
968,Ramiz Larbi Zerrouki,MF,145,Amar Memic,1.0
968,Ramiz Larbi Zerrouki,MF,115,Liam Alan Millar,1.0
968,Ramiz Larbi Zerrouki,MF,976,Hicham Boudaoui,1.0
968,Ramiz Larbi Zerrouki,MF,941,Leandro Daniel Paredes,1.0
968,Ramiz Larbi Zerrouki,MF,1012,Paul Wanner,1.0
968,Ramiz Larbi Zerrouki,MF,944,Valentin Barco,1.0
969,Riyad Karim Mahrez,FW,199,Ruben Estephan Vargas,0.9964445901907856
969,Riyad Karim Mahrez,FW,1151,Bukayo Ayoyinka Saka,0.984898471800511
969,Riyad Karim Mahrez,FW,1024,Mohammad Mousa Mousa Altamari,0.9722414694837885
969,Riyad Karim Mahrez,FW,946,Lionel Andrés Messi,0.9491995090659044
969,Riyad Karim Mahrez,FW,1155,Marcus Rashford,0.9373226035879046
969,Riyad Karim Mahrez,FW,839,Masour Ousmane Dembele,0.9248049092840731
969,Riyad Karim Mahrez,FW,189,Breel Donald Embolo,0.9193289304910074
969,Riyad Karim Mahrez,FW,544,Crysencio Jilbert Sylverio Cir Summerville,0.9018815534656807
969,Riyad Karim Mahrez,FW,634,Leandro Trossard,0.8843686979380458
969,Riyad Karim Mahrez,FW,876,Ismaila Sarr,0.8793392626405854
970,Houssem-Eddine Chaabane Aouar,MF,102,Alexandr Sojka,0.9997516483926968
970,Houssem-Eddine Chaabane Aouar,MF,143,Ivan Basic,0.9992567594689921
970,Houssem-Eddine Chaabane Aouar,MF,388,Paul Michael Junior Okon-Engstler,0.9989232783186087
970,Houssem-Eddine Chaabane Aouar,MF,1098,Akmal Mozgovoy,0.9984340750693912
970,Houssem-Eddine Chaabane Aouar,MF,241,Chemsdine Talbi,0.9974801878268507
970,Houssem-Eddine Chaabane Aouar,MF,326,Sebastian Matthew Berhalter,0.9968317378457647
970,Houssem-Eddine Chaabane Aouar,MF,7,Luis Francisco Romo,0.9966639258346336
970,Houssem-Eddine Chaabane Aouar,MF,554,Takefusa Kubo,0.9939793864977962
970,Houssem-Eddine Chaabane Aouar,MF,436,Nadiem Amiri,0.9933435740908683
970,Houssem-Eddine Chaabane Aouar,MF,931,Andreas Rædergård Schjelderup,0.9864379277393643
971,Amine Ferid Gouiri,FW,852,Désiré Nonka-Maho Doue,0.9998515516634524
971,Amine Ferid Gouiri,FW,38,Thapelo Maseko,0.9997125896561839
971,Amine Ferid Gouiri,FW,381,Nestory Irankunda,0.9995974858984277
971,Amine Ferid Gouiri,FW,398,Arda Guler,0.9988845925233621
971,Amine Ferid Gouiri,FW,1023,Iyad Ali Ali Olwan,0.9988845925233621
971,Amine Ferid Gouiri,FW,1106,Eldor Shomurodov,0.9988845925233621
971,Amine Ferid Gouiri,FW,149,Kerim Alajbegovic,0.9976998419887443
971,Amine Ferid Gouiri,FW,114,Jonathan Christian David,0.9823971543600966
971,Amine Ferid Gouiri,FW,193,Dan Ndoye,0.9819924030790952
971,Amine Ferid Gouiri,FW,945,Julián Alvarez,0.9647153955927048
972,Fares Chaibi,MF,1128,James David Rodriguez,1.0
972,Fares Chaibi,MF,190,Remo Marco Freuler,1.0
972,Fares Chaibi,MF,188,Denis Lemi Zakaria,1.0
972,Fares Chaibi,MF,1074,Samuel Alain Moutoussamy,1.0
972,Fares Chaibi,MF,258,Neil Yoni El Aynaoui,1.0
972,Fares Chaibi,MF,352,Adrián Andrés Cubas,1.0
972,Fares Chaibi,MF,316,Tyler Shaan Adams,1.0
972,Fares Chaibi,MF,515,Alan Steven Franco,1.0
972,Fares Chaibi,MF,421,Aleksandar Pavlovic,1.0
972,Fares Chaibi,MF,924,Fredrik Aursnes,1.0
973,Anis Hadj Moussa,FW,1240,Cecilio Alfonso Waterman,0.9999999999999998
973,Anis Hadj Moussa,FW,1239,Jose Fajardo,0.9999999999999998
973,Anis Hadj Moussa,FW,104,Denis Visinsky,0.9999999999999998
973,Anis Hadj Moussa,FW,1027,Nayef Ahmad Mahmoud Almardi,0.9999999999999998
973,Anis Hadj Moussa,FW,1066,Francisco Francisco Conceicao,0.9999999999999998
973,Anis Hadj Moussa,FW,1038,Ahmad Ali Ali Azaizeh,0.9999999999999998
973,Anis Hadj Moussa,FW,921,Jørgen Strand Strand Larsen,0.9999999999999998
973,Anis Hadj Moussa,FW,763,BENCHIMOLGilson Gilson,0.9999999999999998
973,Anis Hadj Moussa,FW,271,Don Deedson Deedson,0.9999999999999998
973,Anis Hadj Moussa,FW,276,Lenny Alvin Pico Joseph,0.9999999999999998
974,Ahmed Nadhir Benbouali,FW,243,Soufiane Rahimi,0.9999952589545203
974,Ahmed Nadhir Benbouali,FW,1085,Mayele Fiston Mayele,0.9995319978420869
974,Ahmed Nadhir Benbouali,FW,218,Neymar Neymar Jr,0.9988111494623713
974,Ahmed Nadhir Benbouali,FW,607,Hazem Mastouri,0.9948513662131321
974,Ahmed Nadhir Benbouali,FW,1002,Saša Kalajdzic,0.9948083560558497
974,Ahmed Nadhir Benbouali,FW,995,Marko Arnautovic,0.9942255989553284
974,Ahmed Nadhir Benbouali,FW,155,Jovo Lukic,0.9935250632300368
974,Ahmed Nadhir Benbouali,FW,166,Khalid Hassan Alhaydos,0.991315838780608
974,Ahmed Nadhir Benbouali,FW,1139,Jaminton Leandro Campaz,0.9898091464087354
974,Ahmed Nadhir Benbouali,FW,1049,RAMOSGonçalo Goncalo,0.9838406773885799
975,Jaouen Djimmy Hadjam,DF,1248,Jorge Abdiel Gutierrez,1.0
975,Jaouen Djimmy Hadjam,DF,1226,Fidel Escobar,1.0
975,Jaouen Djimmy Hadjam,DF,1192,Luka Vuskovic,1.0
975,Jaouen Djimmy Hadjam,DF,107,Alfie Charles Jones,1.0
975,Jaouen Djimmy Hadjam,DF,123,Alphonso Boyle Davies,1.0
975,Jaouen Djimmy Hadjam,DF,679,Ehsan Hajisafi,1.0
975,Jaouen Djimmy Hadjam,DF,693,Arya Yousefi,1.0
975,Jaouen Djimmy Hadjam,DF,706,Tyler Grant Bindon,1.0
975,Jaouen Djimmy Hadjam,DF,665,Hafez Ramadan Karim Hafez,1.0
975,Jaouen Djimmy Hadjam,DF,783,Mohammed Ali Lajami,1.0
976,Hicham Boudaoui,MF,62,Jae Sung Lee,1.0
976,Hicham Boudaoui,MF,90,Lukáš Cerv,1.0
976,Hicham Boudaoui,MF,1091,Edo Kayembe Kayembe,1.0
976,Hicham Boudaoui,MF,136,Benjamin Tahirovic,1.0
976,Hicham Boudaoui,MF,145,Amar Memic,1.0
976,Hicham Boudaoui,MF,115,Liam Alan Millar,1.0
976,Hicham Boudaoui,MF,941,Leandro Daniel Paredes,1.0
976,Hicham Boudaoui,MF,1012,Paul Wanner,1.0
976,Hicham Boudaoui,MF,968,Ramiz Larbi Zerrouki,1.0
976,Hicham Boudaoui,MF,944,Valentin Barco,1.0
977,Rayan Ait-Nouri,DF,74,Youngwoo Seol,0.9999999999999999
977,Rayan Ait-Nouri,DF,82,Robin Hranac,0.9999999999999999
977,Rayan Ait-Nouri,DF,15,Israel Reyes,0.9999999999999999
977,Rayan Ait-Nouri,DF,1173,Marin Pongracic,0.9999999999999999
977,Rayan Ait-Nouri,DF,1135,Johan Andrés Mojica,0.9999999999999999
977,Rayan Ait-Nouri,DF,108,Luc De Fougerolles,0.9999999999999999
977,Rayan Ait-Nouri,DF,1200,Jonas Adjei Adjetey,0.9999999999999999
977,Rayan Ait-Nouri,DF,1094,Abdukodir Khusanov,0.9999999999999999
977,Rayan Ait-Nouri,DF,207,Luca Antony Jaquez,0.9999999999999999
977,Rayan Ait-Nouri,DF,1105,Sherzod Nasrullaev,0.9999999999999999
978,Oussama Benbot,GK,1104,Abduvakhid Nematov,0.7839313501304483
978,Oussama Benbot,GK,313,Matthew Charles Turner,0.7543290944453283
978,Oussama Benbot,GK,937,Juan Agustín Musso,0.6681002204118622
978,Oussama Benbot,GK,413,Ugurcan Cakir,0.5652035256393053
978,Oussama Benbot,GK,985,Luca Zinedine Zidane,0.5537453095396728
978,Oussama Benbot,GK,614,Aymen Dahmen,0.46767271985560865
978,Oussama Benbot,GK,881,Mory Diaw,0.3942212730518779
978,Oussama Benbot,GK,79,Mat ě j Kovar,0.3906127133947978
978,Oussama Benbot,GK,1171,Dominik Livakovic,0.38667483108373857
978,Oussama Benbot,GK,105,Dayne Tristan St. Clair,0.3865141272702124
979,Rafik Belghali,DF,526,Paul Jan-Paul Van Hecke,0.9975332547978235
979,Rafik Belghali,DF,524,Virgil Van Dijk,0.9975332547978235
979,Rafik Belghali,DF,652,Ahmed Ibrahim Yasser,0.9875769592709678
979,Rafik Belghali,DF,1120,Daniel Munoz,0.9806207411847604
979,Rafik Belghali,DF,248,Issa Laye Lucas Jean Diop,0.9738793879713552
979,Rafik Belghali,DF,740,Pedro Antonio Porro,0.9729238398756528
979,Rafik Belghali,DF,767,CABRALSidny Sidny Lopes,0.9716138498219966
979,Rafik Belghali,DF,718,Finn Surman,0.9689005322583781
979,Rafik Belghali,DF,20,Mateo Chavez,0.9689005322583781
979,Rafik Belghali,DF,784,Ali Abdulelah Alamri,0.9634654790631225
980,Mohammed Elamine Amoura,FW,1246,Azarías Emmanuel Londono,0.9999999999999997
980,Mohammed Elamine Amoura,FW,10,Ernesto Alexis Vega,0.9999999999999997
980,Mohammed Elamine Amoura,FW,14,Armando Gonzalez,0.9999999999999997
980,Mohammed Elamine Amoura,FW,21,César Saúl Huerta,0.9999999999999997
980,Mohammed Elamine Amoura,FW,97,Tomáš Chory,0.9999999999999997
980,Mohammed Elamine Amoura,FW,91,Mojmír Chytil,0.9999999999999997
980,Mohammed Elamine Amoura,FW,139,Samed Bazdar,0.9999999999999997
980,Mohammed Elamine Amoura,FW,130,Jayden Nelson,0.9999999999999997
980,Mohammed Elamine Amoura,FW,1144,Carlos Andrés Gomez,0.9999999999999997
980,Mohammed Elamine Amoura,FW,1113,Igor Sergeev,0.9999999999999997
981,Nabil Bentaleb,MF,1178,Mateo Kovacic,1.0
981,Nabil Bentaleb,MF,1099,Otabek Shukurov,1.0
981,Nabil Bentaleb,MF,144,Ivan Sunjic,1.0
981,Nabil Bentaleb,MF,293,Mc,1.0
981,Nabil Bentaleb,MF,270,Jean Ricner Bellegarde,1.0
981,Nabil Bentaleb,MF,197,Djibril Ibrahima Sow,1.0
981,Nabil Bentaleb,MF,305,Lewis Ferguson,1.0
981,Nabil Bentaleb,MF,1072,Ngal’ayel Mukau,1.0
981,Nabil Bentaleb,MF,449,Juninho Gracielo Bacuna,1.0
981,Nabil Bentaleb,MF,452,Leandro Jones Johan Bacuna,1.0
982,Adil Boulbina,FW,1246,Azarías Emmanuel Londono,0.9999999999999997
982,Adil Boulbina,FW,10,Ernesto Alexis Vega,0.9999999999999997
982,Adil Boulbina,FW,14,Armando Gonzalez,0.9999999999999997
982,Adil Boulbina,FW,21,César Saúl Huerta,0.9999999999999997
982,Adil Boulbina,FW,97,Tomáš Chory,0.9999999999999997
982,Adil Boulbina,FW,91,Mojmír Chytil,0.9999999999999997
982,Adil Boulbina,FW,139,Samed Bazdar,0.9999999999999997
982,Adil Boulbina,FW,130,Jayden Nelson,0.9999999999999997
982,Adil Boulbina,FW,1144,Carlos Andrés Gomez,0.9999999999999997
982,Adil Boulbina,FW,1113,Igor Sergeev,0.9999999999999997
983,Selmane Rami Bensebaini,DF,1168,Reece Lewis James,1.0
983,Selmane Rami Bensebaini,DF,117,Derek Austin Cornelius,1.0
983,Selmane Rami Bensebaini,DF,1210,Gideon Mensah,1.0
983,Selmane Rami Bensebaini,DF,1176,Josip Sutalo,1.0
983,Selmane Rami Bensebaini,DF,1141,Davinson Sanchez,1.0
983,Selmane Rami Bensebaini,DF,186,Nico Elvedi,1.0
983,Selmane Rami Bensebaini,DF,148,Nikola Katic,1.0
983,Selmane Rami Bensebaini,DF,126,Richmond Mamah Laryea,1.0
983,Selmane Rami Bensebaini,DF,1068,Wan Wan-Bissaka,1.0
983,Selmane Rami Bensebaini,DF,1070,Axel Tuanzebe,1.0
984,Ibrahim Maza,MF,1128,James David Rodriguez,1.0
984,Ibrahim Maza,MF,190,Remo Marco Freuler,1.0
984,Ibrahim Maza,MF,188,Denis Lemi Zakaria,1.0
984,Ibrahim Maza,MF,1074,Samuel Alain Moutoussamy,1.0
984,Ibrahim Maza,MF,258,Neil Yoni El Aynaoui,1.0
984,Ibrahim Maza,MF,352,Adrián Andrés Cubas,1.0
984,Ibrahim Maza,MF,316,Tyler Shaan Adams,1.0
984,Ibrahim Maza,MF,515,Alan Steven Franco,1.0
984,Ibrahim Maza,MF,421,Aleksandar Pavlovic,1.0
984,Ibrahim Maza,MF,924,Fredrik Aursnes,1.0
985,Luca Zinedine Zidane,GK,79,Mat ě j Kovar,0.974699524127326
985,Luca Zinedine Zidane,GK,989,Alexander Schlager,0.955786072754009
985,Luca Zinedine Zidane,GK,131,Nikola Vasilj,0.9424929966785346
985,Luca Zinedine Zidane,GK,413,Ugurcan Cakir,0.9224055482753486
985,Luca Zinedine Zidane,GK,313,Matthew Charles Turner,0.8048781286857716
985,Luca Zinedine Zidane,GK,1244,Orlando Mosquera,0.7741401859407676
985,Luca Zinedine Zidane,GK,1015,Mo'ien Hasan Yazeed Abulaila,0.7726308133849089
985,Luca Zinedine Zidane,GK,911,Ørjan Haskjold Nyland,0.7629391155748555
985,Luca Zinedine Zidane,GK,1067,Lionel Nzau Mpasi,0.7067373643083836
985,Luca Zinedine Zidane,GK,1104,Abduvakhid Nematov,0.7049242125152043
986,Yassine Titraoui,MF,72,Hyunjun Yang,1.0
986,Yassine Titraoui,MF,69,Junho Bae,1.0
986,Yassine Titraoui,MF,77,Jisung Eom,1.0
986,Yassine Titraoui,MF,76,Jingyu Kim,1.0
986,Yassine Titraoui,MF,78,Donggyeong Lee,1.0
986,Yassine Titraoui,MF,103,Hugo Sochurek,1.0
986,Yassine Titraoui,MF,1160,Kobbie Boateng Mainoo,1.0
986,Yassine Titraoui,MF,1158,Jordan Brian Henderson,1.0
986,Yassine Titraoui,MF,125,Jonathan Osorio,1.0
986,Yassine Titraoui,MF,1177,Nikola Moro,1.0
987,Fares Ghedjemis,FW,1246,Azarías Emmanuel Londono,0.9999999999999997
987,Fares Ghedjemis,FW,10,Ernesto Alexis Vega,0.9999999999999997
987,Fares Ghedjemis,FW,14,Armando Gonzalez,0.9999999999999997
987,Fares Ghedjemis,FW,21,César Saúl Huerta,0.9999999999999997
987,Fares Ghedjemis,FW,97,Tomáš Chory,0.9999999999999997
987,Fares Ghedjemis,FW,91,Mojmír Chytil,0.9999999999999997
987,Fares Ghedjemis,FW,139,Samed Bazdar,0.9999999999999997
987,Fares Ghedjemis,FW,130,Jayden Nelson,0.9999999999999997
987,Fares Ghedjemis,FW,1144,Carlos Andrés Gomez,0.9999999999999997
987,Fares Ghedjemis,FW,1113,Igor Sergeev,0.9999999999999997
988,Samir Sophian Chergui,DF,1247,Roderick Alonso Miller,1.0
988,Samir Sophian Chergui,DF,1156,Trevoh Tom Chalobah,1.0
988,Samir Sophian Chergui,DF,1159,Daniel Johnson Burn,1.0
988,Samir Sophian Chergui,DF,1237,Eric Javier Davis,1.0
988,Samir Sophian Chergui,DF,805,Abdullatif Jehad Thikri,1.0
988,Samir Sophian Chergui,DF,808,José María Gimenez,1.0
988,Samir Sophian Chergui,DF,810,Ronald Federico Araujo,1.0
988,Samir Sophian Chergui,DF,28,Tholo Thabang Matuludi,1.0
988,Samir Sophian Chergui,DF,29,Khulumani Ndamane,1.0
988,Samir Sophian Chergui,DF,44,Samukele Alucious Kabini,1.0
989,Alexander Schlager,GK,131,Nikola Vasilj,0.9879801977578129
989,Alexander Schlager,GK,79,Mat ě j Kovar,0.98745484711773
989,Alexander Schlager,GK,985,Luca Zinedine Zidane,0.955786072754009
989,Alexander Schlager,GK,1015,Mo'ien Hasan Yazeed Abulaila,0.864798772418034
989,Alexander Schlager,GK,911,Ørjan Haskjold Nyland,0.8238067773264335
989,Alexander Schlager,GK,829,Nestor Fernando Muslera,0.8236833567900037
989,Alexander Schlager,GK,413,Ugurcan Cakir,0.8153624779732949
989,Alexander Schlager,GK,1067,Lionel Nzau Mpasi,0.7475438478718405
989,Alexander Schlager,GK,313,Matthew Charles Turner,0.7328963289510146
989,Alexander Schlager,GK,1244,Orlando Mosquera,0.7127708848560503
990,David Leopold Affengruber,DF,1247,Roderick Alonso Miller,1.0
990,David Leopold Affengruber,DF,1156,Trevoh Tom Chalobah,1.0
990,David Leopold Affengruber,DF,1159,Daniel Johnson Burn,1.0
990,David Leopold Affengruber,DF,1237,Eric Javier Davis,1.0
990,David Leopold Affengruber,DF,805,Abdullatif Jehad Thikri,1.0
990,David Leopold Affengruber,DF,808,José María Gimenez,1.0
990,David Leopold Affengruber,DF,810,Ronald Federico Araujo,1.0
990,David Leopold Affengruber,DF,28,Tholo Thabang Matuludi,1.0
990,David Leopold Affengruber,DF,29,Khulumani Ndamane,1.0
990,David Leopold Affengruber,DF,44,Samukele Alucious Kabini,1.0
991,Kevin Danso,DF,65,Taeseok Lee,1.0000000000000002
991,Kevin Danso,DF,81,Tomáš Holes,1.0000000000000002
991,Kevin Danso,DF,1174,Joško Gvardiol,1.0000000000000002
991,Kevin Danso,DF,1149,John Stones,1.0000000000000002
991,Kevin Danso,DF,1110,Abdulla Abdullaev,1.0000000000000002
991,Kevin Danso,DF,1116,Behruzjon Karimov,1.0000000000000002
991,Kevin Danso,DF,119,Moïse Bombito Bombito,1.0000000000000002
991,Kevin Danso,DF,1140,Deiver Machado,1.0000000000000002
991,Kevin Danso,DF,1069,Steve Nkanu Kapuadi,1.0000000000000002
991,Kevin Danso,DF,861,Kalidou Koulibaly,1.0000000000000002
992,Xaver Schlager,MF,228,Lucas Lucas Paqueta,0.999970698203584
992,Xaver Schlager,MF,439,Felix Kalu Nmecha,0.9938153703705926
992,Xaver Schlager,MF,647,Nicolas Thierry Raskin,0.9926412602575068
992,Xaver Schlager,MF,994,Nicolas Seiwald,0.9848398092672289
992,Xaver Schlager,MF,528,Ryan Jiro Gravenberch,0.9837404520242092
992,Xaver Schlager,MF,1180,Luka Modric,0.9833540677975686
992,Xaver Schlager,MF,329,Malik Leon Tillman,0.9806229093245313
992,Xaver Schlager,MF,191,Johan Kula Manzambi,0.9800146973052494
992,Xaver Schlager,MF,1048,Miguel Bruno,0.9777663498251328
992,Xaver Schlager,MF,1187,Petar Sucic,0.9750629472304364
993,Stefan Posch,DF,1168,Reece Lewis James,1.0
993,Stefan Posch,DF,117,Derek Austin Cornelius,1.0
993,Stefan Posch,DF,1210,Gideon Mensah,1.0
993,Stefan Posch,DF,1176,Josip Sutalo,1.0
993,Stefan Posch,DF,1141,Davinson Sanchez,1.0
993,Stefan Posch,DF,186,Nico Elvedi,1.0
993,Stefan Posch,DF,148,Nikola Katic,1.0
993,Stefan Posch,DF,126,Richmond Mamah Laryea,1.0
993,Stefan Posch,DF,1068,Wan Wan-Bissaka,1.0
993,Stefan Posch,DF,1070,Axel Tuanzebe,1.0
994,Nicolas Seiwald,MF,1180,Luka Modric,0.9999650017609397
994,Nicolas Seiwald,MF,1048,Miguel Bruno,0.9993186390083874
994,Nicolas Seiwald,MF,943,Rodrigo Javier De Paul,0.9983973775008621
994,Nicolas Seiwald,MF,509,Pedro Jeampierre Vite,0.9960568005606757
994,Nicolas Seiwald,MF,517,Moisés Isaac Caicedo,0.9960568005606757
994,Nicolas Seiwald,MF,1207,Antoine Serlom Semenyo,0.9960568005606757
994,Nicolas Seiwald,MF,846,Adrien Thibault Marie Rabiot,0.9960568005606757
994,Nicolas Seiwald,MF,439,Felix Kalu Nmecha,0.9913958805066411
994,Nicolas Seiwald,MF,1161,Morgan Elliot Rogers,0.9887318891707007
994,Nicolas Seiwald,MF,361,Matias Galarza,0.9879118663255483
995,Marko Arnautovic,FW,155,Jovo Lukic,0.9998951662381803
995,Marko Arnautovic,FW,1002,Saša Kalajdzic,0.9998360091167146
995,Marko Arnautovic,FW,166,Khalid Hassan Alhaydos,0.9989610391475542
995,Marko Arnautovic,FW,607,Hazem Mastouri,0.9980319008921232
995,Marko Arnautovic,FW,218,Neymar Neymar Jr,0.9967341893661639
995,Marko Arnautovic,FW,1085,Mayele Fiston Mayele,0.9960762682992176
995,Marko Arnautovic,FW,1139,Jaminton Leandro Campaz,0.9948745069014278
995,Marko Arnautovic,FW,974,Ahmed Nadhir Benbouali,0.9942255989553284
995,Marko Arnautovic,FW,243,Soufiane Rahimi,0.9939877563450561
995,Marko Arnautovic,FW,1049,RAMOSGonçalo Goncalo,0.9816575478124657
996,David Alaba,DF,1060,Pedro Joao Cancelo,0.9977454631352479
996,David Alaba,DF,1092,Arthur Fuka Masuaku,0.9973259206444423
996,David Alaba,DF,135,Sead Kolasinac,0.9939803286291037
996,David Alaba,DF,314,Sergiño Gianni Dest,0.9930197987366816
996,David Alaba,DF,915,David Møller Moller Wolfe,0.9930197987366816
996,David Alaba,DF,1132,Gustavo Adolfo Puerta,0.9915790358519733
996,David Alaba,DF,639,Thomas Andre Meunier,0.9869032029294957
996,David Alaba,DF,542,Denzel Justus Morris Dumfries,0.9842235199410378
996,David Alaba,DF,877,Moussa Niakhate,0.9815160822400504
996,David Alaba,DF,1172,Josip Stanisic,0.9773942667727369
997,Marcel Sabitzer,MF,760,Lenini Kevin Pina,0.9999968668408651
997,Marcel Sabitzer,MF,476,Franck Yannick Kessie,0.9999946130646982
997,Marcel Sabitzer,MF,1055,Pedro Joao Neves,0.999977287993868
997,Marcel Sabitzer,MF,111,Stephen Eustaquio,0.9999744218115686
997,Marcel Sabitzer,MF,435,Leroy Aziz Sane,0.9999634720547123
997,Marcel Sabitzer,MF,1186,Martin Baturina,0.9999526220560115
997,Marcel Sabitzer,MF,734,Mikel Merino,0.9998679034151403
997,Marcel Sabitzer,MF,631,Kevin De Bruyne,0.9998525863218793
997,Marcel Sabitzer,MF,1006,Romano Schmid,0.9995347884808504
997,Marcel Sabitzer,MF,632,Youri Marion Tielemans,0.9971085776545859
998,Florian Grillitsch,MF,72,Hyunjun Yang,1.0
998,Florian Grillitsch,MF,69,Junho Bae,1.0
998,Florian Grillitsch,MF,77,Jisung Eom,1.0
998,Florian Grillitsch,MF,76,Jingyu Kim,1.0
998,Florian Grillitsch,MF,78,Donggyeong Lee,1.0
998,Florian Grillitsch,MF,103,Hugo Sochurek,1.0
998,Florian Grillitsch,MF,1160,Kobbie Boateng Mainoo,1.0
998,Florian Grillitsch,MF,1158,Jordan Brian Henderson,1.0
998,Florian Grillitsch,MF,125,Jonathan Osorio,1.0
998,Florian Grillitsch,MF,1177,Nikola Moro,1.0
999,Michael Gregoritsch,FW,869,Nicolas Jackson,0.9865725439258807
999,Michael Gregoritsch,FW,711,Christopher Grant Wood,0.9132156772305554
999,Michael Gregoritsch,FW,25,Roberto Carlos Alvarado,0.8820558440034294
999,Michael Gregoritsch,FW,164,Junior Edmilson,0.8376177185267722
999,Michael Gregoritsch,FW,322,Christian Mate Pulisic,0.79496938138865
999,Michael Gregoritsch,FW,234,Vitor Rayan,0.764073918643186
999,Michael Gregoritsch,FW,1220,Ernest Nuamah Nuamah,0.7531226421668049
999,Michael Gregoritsch,FW,1143,Luis Javier Suarez,0.7243899941361229
999,Michael Gregoritsch,FW,1137,Juan Camilo Hernandez,0.6854259337373247
999,Michael Gregoritsch,FW,244,Brahim Diaz,0.6657666851795768
1000,Florian Wiegele,GK,12,Carlos Acevedo,1.0
1000,Florian Wiegele,GK,64,Bumkeun Song,1.0
1000,Florian Wiegele,GK,48,Stuart Ricardo Goss,1.0
1000,Florian Wiegele,GK,42,Sipho Justin Chaine,1.0
1000,Florian Wiegele,GK,122,Owen Olamidayo Goodman,1.0
1000,Florian Wiegele,GK,101,Lukáš Hornicek,1.0
1000,Florian Wiegele,GK,94,Jind ř ich Stanek,1.0
1000,Florian Wiegele,GK,73,Hyeonwoo Jo,1.0
1000,Florian Wiegele,GK,220,Weverton Weverton,1.0
1000,Florian Wiegele,GK,231,Ederson Ederson,1.0
1001,Patrick Pentz,GK,12,Carlos Acevedo,1.0
1001,Patrick Pentz,GK,64,Bumkeun Song,1.0
1001,Patrick Pentz,GK,48,Stuart Ricardo Goss,1.0
1001,Patrick Pentz,GK,42,Sipho Justin Chaine,1.0
1001,Patrick Pentz,GK,122,Owen Olamidayo Goodman,1.0
1001,Patrick Pentz,GK,101,Lukáš Hornicek,1.0
1001,Patrick Pentz,GK,94,Jind ř ich Stanek,1.0
1001,Patrick Pentz,GK,73,Hyeonwoo Jo,1.0
1001,Patrick Pentz,GK,220,Weverton Weverton,1.0
1001,Patrick Pentz,GK,231,Ederson Ederson,1.0
1002,Saša Kalajdzic,FW,995,Marko Arnautovic,0.9998360091167146
1002,Saša Kalajdzic,FW,155,Jovo Lukic,0.9994689753047898
1002,Saša Kalajdzic,FW,607,Hazem Mastouri,0.9990038493683654
1002,Saša Kalajdzic,FW,166,Khalid Hassan Alhaydos,0.9979719244286549
1002,Saša Kalajdzic,FW,218,Neymar Neymar Jr,0.996500283270769
1002,Saša Kalajdzic,FW,1085,Mayele Fiston Mayele,0.9961467019345928
1002,Saša Kalajdzic,FW,974,Ahmed Nadhir Benbouali,0.9948083560558497
1002,Saša Kalajdzic,FW,243,Soufiane Rahimi,0.9946220544822564
1002,Saša Kalajdzic,FW,1139,Jaminton Leandro Campaz,0.9930677114805164
1002,Saša Kalajdzic,FW,1049,RAMOSGonçalo Goncalo,0.9849491949676313
1003,Philipp Lienhart,DF,65,Taeseok Lee,1.0000000000000002
1003,Philipp Lienhart,DF,81,Tomáš Holes,1.0000000000000002
1003,Philipp Lienhart,DF,1174,Joško Gvardiol,1.0000000000000002
1003,Philipp Lienhart,DF,1149,John Stones,1.0000000000000002
1003,Philipp Lienhart,DF,1110,Abdulla Abdullaev,1.0000000000000002
1003,Philipp Lienhart,DF,1116,Behruzjon Karimov,1.0000000000000002
1003,Philipp Lienhart,DF,119,Moïse Bombito Bombito,1.0000000000000002
1003,Philipp Lienhart,DF,1140,Deiver Machado,1.0000000000000002
1003,Philipp Lienhart,DF,1069,Steve Nkanu Kapuadi,1.0000000000000002
1003,Philipp Lienhart,DF,861,Kalidou Koulibaly,1.0000000000000002
1004,Phillip Mwene,DF,65,Taeseok Lee,1.0000000000000002
1004,Phillip Mwene,DF,81,Tomáš Holes,1.0000000000000002
1004,Phillip Mwene,DF,1174,Joško Gvardiol,1.0000000000000002
1004,Phillip Mwene,DF,1149,John Stones,1.0000000000000002
1004,Phillip Mwene,DF,1110,Abdulla Abdullaev,1.0000000000000002
1004,Phillip Mwene,DF,1116,Behruzjon Karimov,1.0000000000000002
1004,Phillip Mwene,DF,119,Moïse Bombito Bombito,1.0000000000000002
1004,Phillip Mwene,DF,1140,Deiver Machado,1.0000000000000002
1004,Phillip Mwene,DF,1069,Steve Nkanu Kapuadi,1.0000000000000002
1004,Phillip Mwene,DF,861,Kalidou Koulibaly,1.0000000000000002
1005,Carney Chibueze Chukwuemeka,MF,72,Hyunjun Yang,1.0
1005,Carney Chibueze Chukwuemeka,MF,69,Junho Bae,1.0
1005,Carney Chibueze Chukwuemeka,MF,77,Jisung Eom,1.0
1005,Carney Chibueze Chukwuemeka,MF,76,Jingyu Kim,1.0
1005,Carney Chibueze Chukwuemeka,MF,78,Donggyeong Lee,1.0
1005,Carney Chibueze Chukwuemeka,MF,103,Hugo Sochurek,1.0
1005,Carney Chibueze Chukwuemeka,MF,1160,Kobbie Boateng Mainoo,1.0
1005,Carney Chibueze Chukwuemeka,MF,1158,Jordan Brian Henderson,1.0
1005,Carney Chibueze Chukwuemeka,MF,125,Jonathan Osorio,1.0
1005,Carney Chibueze Chukwuemeka,MF,1177,Nikola Moro,1.0
1006,Romano Schmid,MF,631,Kevin De Bruyne,0.9999111132614302
1006,Romano Schmid,MF,1186,Martin Baturina,0.9997843171780123
1006,Romano Schmid,MF,435,Leroy Aziz Sane,0.9997589609222413
1006,Romano Schmid,MF,476,Franck Yannick Kessie,0.9996295134853732
1006,Romano Schmid,MF,760,Lenini Kevin Pina,0.9996080044157005
1006,Romano Schmid,MF,997,Marcel Sabitzer,0.9995347884808504
1006,Romano Schmid,MF,1055,Pedro Joao Neves,0.9993065311189574
1006,Romano Schmid,MF,111,Stephen Eustaquio,0.999291081430585
1006,Romano Schmid,MF,632,Youri Marion Tielemans,0.9989623530698081
1006,Romano Schmid,MF,734,Mikel Merino,0.9989070336670975
1007,Dejan Ljubicic,MF,72,Hyunjun Yang,1.0
1007,Dejan Ljubicic,MF,69,Junho Bae,1.0
1007,Dejan Ljubicic,MF,77,Jisung Eom,1.0
1007,Dejan Ljubicic,MF,76,Jingyu Kim,1.0
1007,Dejan Ljubicic,MF,78,Donggyeong Lee,1.0
1007,Dejan Ljubicic,MF,103,Hugo Sochurek,1.0
1007,Dejan Ljubicic,MF,1160,Kobbie Boateng Mainoo,1.0
1007,Dejan Ljubicic,MF,1158,Jordan Brian Henderson,1.0
1007,Dejan Ljubicic,MF,125,Jonathan Osorio,1.0
1007,Dejan Ljubicic,MF,1177,Nikola Moro,1.0
1008,Konrad Laimer,MF,1128,James David Rodriguez,1.0
1008,Konrad Laimer,MF,190,Remo Marco Freuler,1.0
1008,Konrad Laimer,MF,188,Denis Lemi Zakaria,1.0
1008,Konrad Laimer,MF,1074,Samuel Alain Moutoussamy,1.0
1008,Konrad Laimer,MF,258,Neil Yoni El Aynaoui,1.0
1008,Konrad Laimer,MF,352,Adrián Andrés Cubas,1.0
1008,Konrad Laimer,MF,316,Tyler Shaan Adams,1.0
1008,Konrad Laimer,MF,515,Alan Steven Franco,1.0
1008,Konrad Laimer,MF,421,Aleksandar Pavlovic,1.0
1008,Konrad Laimer,MF,924,Fredrik Aursnes,1.0
1009,Patrick Wimmer,FW,1246,Azarías Emmanuel Londono,0.9999999999999997
1009,Patrick Wimmer,FW,10,Ernesto Alexis Vega,0.9999999999999997
1009,Patrick Wimmer,FW,14,Armando Gonzalez,0.9999999999999997
1009,Patrick Wimmer,FW,21,César Saúl Huerta,0.9999999999999997
1009,Patrick Wimmer,FW,97,Tomáš Chory,0.9999999999999997
1009,Patrick Wimmer,FW,91,Mojmír Chytil,0.9999999999999997
1009,Patrick Wimmer,FW,139,Samed Bazdar,0.9999999999999997
1009,Patrick Wimmer,FW,130,Jayden Nelson,0.9999999999999997
1009,Patrick Wimmer,FW,1144,Carlos Andrés Gomez,0.9999999999999997
1009,Patrick Wimmer,FW,1113,Igor Sergeev,0.9999999999999997
1010,Alexander Prass,MF,72,Hyunjun Yang,1.0
1010,Alexander Prass,MF,69,Junho Bae,1.0
1010,Alexander Prass,MF,77,Jisung Eom,1.0
1010,Alexander Prass,MF,76,Jingyu Kim,1.0
1010,Alexander Prass,MF,78,Donggyeong Lee,1.0
1010,Alexander Prass,MF,103,Hugo Sochurek,1.0
1010,Alexander Prass,MF,1160,Kobbie Boateng Mainoo,1.0
1010,Alexander Prass,MF,1158,Jordan Brian Henderson,1.0
1010,Alexander Prass,MF,125,Jonathan Osorio,1.0
1010,Alexander Prass,MF,1177,Nikola Moro,1.0
1011,Marco Friedl,DF,1247,Roderick Alonso Miller,1.0
1011,Marco Friedl,DF,1156,Trevoh Tom Chalobah,1.0
1011,Marco Friedl,DF,1159,Daniel Johnson Burn,1.0
1011,Marco Friedl,DF,1237,Eric Javier Davis,1.0
1011,Marco Friedl,DF,805,Abdullatif Jehad Thikri,1.0
1011,Marco Friedl,DF,808,José María Gimenez,1.0
1011,Marco Friedl,DF,810,Ronald Federico Araujo,1.0
1011,Marco Friedl,DF,28,Tholo Thabang Matuludi,1.0
1011,Marco Friedl,DF,29,Khulumani Ndamane,1.0
1011,Marco Friedl,DF,44,Samukele Alucious Kabini,1.0
1012,Paul Wanner,MF,62,Jae Sung Lee,1.0
1012,Paul Wanner,MF,90,Lukáš Cerv,1.0
1012,Paul Wanner,MF,1091,Edo Kayembe Kayembe,1.0
1012,Paul Wanner,MF,136,Benjamin Tahirovic,1.0
1012,Paul Wanner,MF,145,Amar Memic,1.0
1012,Paul Wanner,MF,115,Liam Alan Millar,1.0
1012,Paul Wanner,MF,976,Hicham Boudaoui,1.0
1012,Paul Wanner,MF,941,Leandro Daniel Paredes,1.0
1012,Paul Wanner,MF,968,Ramiz Larbi Zerrouki,1.0
1012,Paul Wanner,MF,944,Valentin Barco,1.0
1013,Michael Svoboda,DF,1247,Roderick Alonso Miller,1.0
1013,Michael Svoboda,DF,1156,Trevoh Tom Chalobah,1.0
1013,Michael Svoboda,DF,1159,Daniel Johnson Burn,1.0
1013,Michael Svoboda,DF,1237,Eric Javier Davis,1.0
1013,Michael Svoboda,DF,805,Abdullatif Jehad Thikri,1.0
1013,Michael Svoboda,DF,808,José María Gimenez,1.0
1013,Michael Svoboda,DF,810,Ronald Federico Araujo,1.0
1013,Michael Svoboda,DF,28,Tholo Thabang Matuludi,1.0
1013,Michael Svoboda,DF,29,Khulumani Ndamane,1.0
1013,Michael Svoboda,DF,44,Samukele Alucious Kabini,1.0
1014,Alessandro Andre Schoepf,MF,72,Hyunjun Yang,1.0
1014,Alessandro Andre Schoepf,MF,69,Junho Bae,1.0
1014,Alessandro Andre Schoepf,MF,77,Jisung Eom,1.0
1014,Alessandro Andre Schoepf,MF,76,Jingyu Kim,1.0
1014,Alessandro Andre Schoepf,MF,78,Donggyeong Lee,1.0
1014,Alessandro Andre Schoepf,MF,103,Hugo Sochurek,1.0
1014,Alessandro Andre Schoepf,MF,1160,Kobbie Boateng Mainoo,1.0
1014,Alessandro Andre Schoepf,MF,1158,Jordan Brian Henderson,1.0
1014,Alessandro Andre Schoepf,MF,125,Jonathan Osorio,1.0
1014,Alessandro Andre Schoepf,MF,1177,Nikola Moro,1.0
1015,Mo'ien Hasan Yazeed Abulaila,GK,595,Bo Kristoffer Nordfeldt,0.9358127378009495
1015,Mo'ien Hasan Yazeed Abulaila,GK,261,Johny Placide,0.9273722752439906
1015,Mo'ien Hasan Yazeed Abulaila,GK,874,Edouard Osoque Mendy,0.9208015237752822
1015,Mo'ien Hasan Yazeed Abulaila,GK,1036,Ra'ed Mahmoud Abdallah Alfakhori,0.9172009044558719
1015,Mo'ien Hasan Yazeed Abulaila,GK,614,Aymen Dahmen,0.9121646120951474
1015,Mo'ien Hasan Yazeed Abulaila,GK,157,Ibrahim Mahmoud Abunada,0.9096013888938663
1015,Mo'ien Hasan Yazeed Abulaila,GK,906,Basil Fadhil Ahmed,0.8720829251829085
1015,Mo'ien Hasan Yazeed Abulaila,GK,79,Mat ě j Kovar,0.8685532026190196
1015,Mo'ien Hasan Yazeed Abulaila,GK,989,Alexander Schlager,0.864798772418034
1015,Mo'ien Hasan Yazeed Abulaila,GK,703,Maxime Teremoana Crocombe,0.8530411027835436
1016,Ali Hasan Mohammad,DF,1247,Roderick Alonso Miller,1.0
1016,Ali Hasan Mohammad,DF,1156,Trevoh Tom Chalobah,1.0
1016,Ali Hasan Mohammad,DF,1159,Daniel Johnson Burn,1.0
1016,Ali Hasan Mohammad,DF,1237,Eric Javier Davis,1.0
1016,Ali Hasan Mohammad,DF,805,Abdullatif Jehad Thikri,1.0
1016,Ali Hasan Mohammad,DF,808,José María Gimenez,1.0
1016,Ali Hasan Mohammad,DF,810,Ronald Federico Araujo,1.0
1016,Ali Hasan Mohammad,DF,28,Tholo Thabang Matuludi,1.0
1016,Ali Hasan Mohammad,DF,29,Khulumani Ndamane,1.0
1016,Ali Hasan Mohammad,DF,44,Samukele Alucious Kabini,1.0
1017,Mousa Musallam Abdallah Nasib,DF,74,Youngwoo Seol,0.9999999999999999
1017,Mousa Musallam Abdallah Nasib,DF,82,Robin Hranac,0.9999999999999999
1017,Mousa Musallam Abdallah Nasib,DF,15,Israel Reyes,0.9999999999999999
1017,Mousa Musallam Abdallah Nasib,DF,1173,Marin Pongracic,0.9999999999999999
1017,Mousa Musallam Abdallah Nasib,DF,1135,Johan Andrés Mojica,0.9999999999999999
1017,Mousa Musallam Abdallah Nasib,DF,108,Luc De Fougerolles,0.9999999999999999
1017,Mousa Musallam Abdallah Nasib,DF,1200,Jonas Adjei Adjetey,0.9999999999999999
1017,Mousa Musallam Abdallah Nasib,DF,1094,Abdukodir Khusanov,0.9999999999999999
1017,Mousa Musallam Abdallah Nasib,DF,207,Luca Antony Jaquez,0.9999999999999999
1017,Mousa Musallam Abdallah Nasib,DF,1105,Sherzod Nasrullaev,0.9999999999999999
1018,Ali Mohammad Husam Abudahab,DF,65,Taeseok Lee,1.0000000000000002
1018,Ali Mohammad Husam Abudahab,DF,81,Tomáš Holes,1.0000000000000002
1018,Ali Mohammad Husam Abudahab,DF,1174,Joško Gvardiol,1.0000000000000002
1018,Ali Mohammad Husam Abudahab,DF,1149,John Stones,1.0000000000000002
1018,Ali Mohammad Husam Abudahab,DF,1110,Abdulla Abdullaev,1.0000000000000002
1018,Ali Mohammad Husam Abudahab,DF,1116,Behruzjon Karimov,1.0000000000000002
1018,Ali Mohammad Husam Abudahab,DF,119,Moïse Bombito Bombito,1.0000000000000002
1018,Ali Mohammad Husam Abudahab,DF,1140,Deiver Machado,1.0000000000000002
1018,Ali Mohammad Husam Abudahab,DF,1069,Steve Nkanu Kapuadi,1.0000000000000002
1018,Ali Mohammad Husam Abudahab,DF,861,Kalidou Koulibaly,1.0000000000000002
1019,Mousa Mahmoud Yazan Alarab,DF,74,Youngwoo Seol,0.9999999999999999
1019,Mousa Mahmoud Yazan Alarab,DF,82,Robin Hranac,0.9999999999999999
1019,Mousa Mahmoud Yazan Alarab,DF,15,Israel Reyes,0.9999999999999999
1019,Mousa Mahmoud Yazan Alarab,DF,1173,Marin Pongracic,0.9999999999999999
1019,Mousa Mahmoud Yazan Alarab,DF,1135,Johan Andrés Mojica,0.9999999999999999
1019,Mousa Mahmoud Yazan Alarab,DF,108,Luc De Fougerolles,0.9999999999999999
1019,Mousa Mahmoud Yazan Alarab,DF,1200,Jonas Adjei Adjetey,0.9999999999999999
1019,Mousa Mahmoud Yazan Alarab,DF,1094,Abdukodir Khusanov,0.9999999999999999
1019,Mousa Mahmoud Yazan Alarab,DF,207,Luca Antony Jaquez,0.9999999999999999
1019,Mousa Mahmoud Yazan Alarab,DF,1105,Sherzod Nasrullaev,0.9999999999999999
1020,Rasem Adel Amer Jamous,MF,72,Hyunjun Yang,1.0
1020,Rasem Adel Amer Jamous,MF,69,Junho Bae,1.0
1020,Rasem Adel Amer Jamous,MF,77,Jisung Eom,1.0
1020,Rasem Adel Amer Jamous,MF,76,Jingyu Kim,1.0
1020,Rasem Adel Amer Jamous,MF,78,Donggyeong Lee,1.0
1020,Rasem Adel Amer Jamous,MF,103,Hugo Sochurek,1.0
1020,Rasem Adel Amer Jamous,MF,1160,Kobbie Boateng Mainoo,1.0
1020,Rasem Adel Amer Jamous,MF,1158,Jordan Brian Henderson,1.0
1020,Rasem Adel Amer Jamous,MF,125,Jonathan Osorio,1.0
1020,Rasem Adel Amer Jamous,MF,1177,Nikola Moro,1.0
1021,Faisal Yousef Mohammad,FW,1246,Azarías Emmanuel Londono,0.9999999999999997
1021,Faisal Yousef Mohammad,FW,10,Ernesto Alexis Vega,0.9999999999999997
1021,Faisal Yousef Mohammad,FW,14,Armando Gonzalez,0.9999999999999997
1021,Faisal Yousef Mohammad,FW,21,César Saúl Huerta,0.9999999999999997
1021,Faisal Yousef Mohammad,FW,97,Tomáš Chory,0.9999999999999997
1021,Faisal Yousef Mohammad,FW,91,Mojmír Chytil,0.9999999999999997
1021,Faisal Yousef Mohammad,FW,139,Samed Bazdar,0.9999999999999997
1021,Faisal Yousef Mohammad,FW,130,Jayden Nelson,0.9999999999999997
1021,Faisal Yousef Mohammad,FW,1144,Carlos Andrés Gomez,0.9999999999999997
1021,Faisal Yousef Mohammad,FW,1113,Igor Sergeev,0.9999999999999997
1022,Mahmoud Ali Noor Alrawabdeh,MF,71,Kangin Lee,1.0
1022,Mahmoud Ali Noor Alrawabdeh,MF,608,Hannibal Mejbri,1.0
1022,Mahmoud Ali Noor Alrawabdeh,MF,866,Lamine Camara,0.9991451873186766
1022,Mahmoud Ali Noor Alrawabdeh,MF,814,Federico Santiago Valverde,0.9979671171958545
1022,Mahmoud Ali Noor Alrawabdeh,MF,216,GUIMARAESBruno Bruno,0.9976124111527481
1022,Mahmoud Ali Noor Alrawabdeh,MF,528,Ryan Jiro Gravenberch,0.9971317998800998
1022,Mahmoud Ali Noor Alrawabdeh,MF,559,Keito Nakamura,0.9958941259232522
1022,Mahmoud Ali Noor Alrawabdeh,MF,920,Martín Odegaard,0.995440282209754
1022,Mahmoud Ali Noor Alrawabdeh,MF,570,Kaishu Sano,0.9945014741666264
1022,Mahmoud Ali Noor Alrawabdeh,MF,1187,Petar Sucic,0.99444000793255
1023,Iyad Ali Ali Olwan,FW,1106,Eldor Shomurodov,0.9999999999999999
1023,Iyad Ali Ali Olwan,FW,398,Arda Guler,0.9999999999999999
1023,Iyad Ali Ali Olwan,FW,381,Nestory Irankunda,0.999822119177909
1023,Iyad Ali Ali Olwan,FW,149,Kerim Alajbegovic,0.9997877710192127
1023,Iyad Ali Ali Olwan,FW,852,Désiré Nonka-Maho Doue,0.9995498839960634
1023,Iyad Ali Ali Olwan,FW,971,Amine Ferid Gouiri,0.9988845925233621
1023,Iyad Ali Ali Olwan,FW,38,Thapelo Maseko,0.9974655048534914
1023,Iyad Ali Ali Olwan,FW,193,Dan Ndoye,0.9850086407718345
1023,Iyad Ali Ali Olwan,FW,114,Jonathan Christian David,0.9766029986222461
1023,Iyad Ali Ali Olwan,FW,945,Julián Alvarez,0.9731073689650807
1024,Mohammad Mousa Mousa Altamari,FW,199,Ruben Estephan Vargas,0.9847666344235348
1024,Mohammad Mousa Mousa Altamari,FW,969,Riyad Karim Mahrez,0.9722414694837885
1024,Mohammad Mousa Mousa Altamari,FW,544,Crysencio Jilbert Sylverio Cir Summerville,0.9666598102045993
1024,Mohammad Mousa Mousa Altamari,FW,1151,Bukayo Ayoyinka Saka,0.9197635743316243
1024,Mohammad Mousa Mousa Altamari,FW,946,Lionel Andrés Messi,0.8725252282683336
1024,Mohammad Mousa Mousa Altamari,FW,839,Masour Ousmane Dembele,0.872183232615608
1024,Mohammad Mousa Mousa Altamari,FW,1155,Marcus Rashford,0.8452024690418533
1024,Mohammad Mousa Mousa Altamari,FW,442,Deniz Undav,0.8152609532941789
1024,Mohammad Mousa Mousa Altamari,FW,189,Breel Donald Embolo,0.8126544893666422
1024,Mohammad Mousa Mousa Altamari,FW,871,Iliman Cheikh Baroy Ndiaye,0.8044503354236665
1025,Burhan Shehadeh Odeh Fakhoury,FW,1246,Azarías Emmanuel Londono,0.9999999999999997
1025,Burhan Shehadeh Odeh Fakhoury,FW,10,Ernesto Alexis Vega,0.9999999999999997
1025,Burhan Shehadeh Odeh Fakhoury,FW,14,Armando Gonzalez,0.9999999999999997
1025,Burhan Shehadeh Odeh Fakhoury,FW,21,César Saúl Huerta,0.9999999999999997
1025,Burhan Shehadeh Odeh Fakhoury,FW,97,Tomáš Chory,0.9999999999999997
1025,Burhan Shehadeh Odeh Fakhoury,FW,91,Mojmír Chytil,0.9999999999999997
1025,Burhan Shehadeh Odeh Fakhoury,FW,139,Samed Bazdar,0.9999999999999997
1025,Burhan Shehadeh Odeh Fakhoury,FW,130,Jayden Nelson,0.9999999999999997
1025,Burhan Shehadeh Odeh Fakhoury,FW,1144,Carlos Andrés Gomez,0.9999999999999997
1025,Burhan Shehadeh Odeh Fakhoury,FW,1113,Igor Sergeev,0.9999999999999997
1026,Zaid Khaleel Nour Baniateyah,GK,12,Carlos Acevedo,1.0
1026,Zaid Khaleel Nour Baniateyah,GK,64,Bumkeun Song,1.0
1026,Zaid Khaleel Nour Baniateyah,GK,48,Stuart Ricardo Goss,1.0
1026,Zaid Khaleel Nour Baniateyah,GK,42,Sipho Justin Chaine,1.0
1026,Zaid Khaleel Nour Baniateyah,GK,122,Owen Olamidayo Goodman,1.0
1026,Zaid Khaleel Nour Baniateyah,GK,101,Lukáš Hornicek,1.0
1026,Zaid Khaleel Nour Baniateyah,GK,94,Jind ř ich Stanek,1.0
1026,Zaid Khaleel Nour Baniateyah,GK,73,Hyeonwoo Jo,1.0
1026,Zaid Khaleel Nour Baniateyah,GK,220,Weverton Weverton,1.0
1026,Zaid Khaleel Nour Baniateyah,GK,231,Ederson Ederson,1.0
1027,Nayef Ahmad Mahmoud Almardi,FW,1240,Cecilio Alfonso Waterman,0.9999999999999998
1027,Nayef Ahmad Mahmoud Almardi,FW,1239,Jose Fajardo,0.9999999999999998
1027,Nayef Ahmad Mahmoud Almardi,FW,104,Denis Visinsky,0.9999999999999998
1027,Nayef Ahmad Mahmoud Almardi,FW,973,Anis Hadj Moussa,0.9999999999999998
1027,Nayef Ahmad Mahmoud Almardi,FW,1066,Francisco Francisco Conceicao,0.9999999999999998
1027,Nayef Ahmad Mahmoud Almardi,FW,1038,Ahmad Ali Ali Azaizeh,0.9999999999999998
1027,Nayef Ahmad Mahmoud Almardi,FW,921,Jørgen Strand Strand Larsen,0.9999999999999998
1027,Nayef Ahmad Mahmoud Almardi,FW,763,BENCHIMOLGilson Gilson,0.9999999999999998
1027,Nayef Ahmad Mahmoud Almardi,FW,271,Don Deedson Deedson,0.9999999999999998
1027,Nayef Ahmad Mahmoud Almardi,FW,276,Lenny Alvin Pico Joseph,0.9999999999999998
1028,Ayed Fadel Rajaei Ayed,MF,72,Hyunjun Yang,1.0
1028,Ayed Fadel Rajaei Ayed,MF,69,Junho Bae,1.0
1028,Ayed Fadel Rajaei Ayed,MF,77,Jisung Eom,1.0
1028,Ayed Fadel Rajaei Ayed,MF,76,Jingyu Kim,1.0
1028,Ayed Fadel Rajaei Ayed,MF,78,Donggyeong Lee,1.0
1028,Ayed Fadel Rajaei Ayed,MF,103,Hugo Sochurek,1.0
1028,Ayed Fadel Rajaei Ayed,MF,1160,Kobbie Boateng Mainoo,1.0
1028,Ayed Fadel Rajaei Ayed,MF,1158,Jordan Brian Henderson,1.0
1028,Ayed Fadel Rajaei Ayed,MF,125,Jonathan Osorio,1.0
1028,Ayed Fadel Rajaei Ayed,MF,1177,Nikola Moro,1.0
1029,Mohammad Sami Ibrahim,MF,72,Hyunjun Yang,1.0
1029,Mohammad Sami Ibrahim,MF,69,Junho Bae,1.0
1029,Mohammad Sami Ibrahim,MF,77,Jisung Eom,1.0
1029,Mohammad Sami Ibrahim,MF,76,Jingyu Kim,1.0
1029,Mohammad Sami Ibrahim,MF,78,Donggyeong Lee,1.0
1029,Mohammad Sami Ibrahim,MF,103,Hugo Sochurek,1.0
1029,Mohammad Sami Ibrahim,MF,1160,Kobbie Boateng Mainoo,1.0
1029,Mohammad Sami Ibrahim,MF,1158,Jordan Brian Henderson,1.0
1029,Mohammad Sami Ibrahim,MF,125,Jonathan Osorio,1.0
1029,Mohammad Sami Ibrahim,MF,1177,Nikola Moro,1.0
1030,Majed Jamil Mohammad Abualnadi,DF,1248,Jorge Abdiel Gutierrez,1.0
1030,Majed Jamil Mohammad Abualnadi,DF,1226,Fidel Escobar,1.0
1030,Majed Jamil Mohammad Abualnadi,DF,1192,Luka Vuskovic,1.0
1030,Majed Jamil Mohammad Abualnadi,DF,107,Alfie Charles Jones,1.0
1030,Majed Jamil Mohammad Abualnadi,DF,123,Alphonso Boyle Davies,1.0
1030,Majed Jamil Mohammad Abualnadi,DF,679,Ehsan Hajisafi,1.0
1030,Majed Jamil Mohammad Abualnadi,DF,693,Arya Yousefi,1.0
1030,Majed Jamil Mohammad Abualnadi,DF,706,Tyler Grant Bindon,1.0
1030,Majed Jamil Mohammad Abualnadi,DF,665,Hafez Ramadan Karim Hafez,1.0
1030,Majed Jamil Mohammad Abualnadi,DF,783,Mohammed Ali Lajami,1.0
1031,Amer Saleem Saleem,DF,1247,Roderick Alonso Miller,1.0
1031,Amer Saleem Saleem,DF,1156,Trevoh Tom Chalobah,1.0
1031,Amer Saleem Saleem,DF,1159,Daniel Johnson Burn,1.0
1031,Amer Saleem Saleem,DF,1237,Eric Javier Davis,1.0
1031,Amer Saleem Saleem,DF,805,Abdullatif Jehad Thikri,1.0
1031,Amer Saleem Saleem,DF,808,José María Gimenez,1.0
1031,Amer Saleem Saleem,DF,810,Ronald Federico Araujo,1.0
1031,Amer Saleem Saleem,DF,28,Tholo Thabang Matuludi,1.0
1031,Amer Saleem Saleem,DF,29,Khulumani Ndamane,1.0
1031,Amer Saleem Saleem,DF,44,Samukele Alucious Kabini,1.0
1032,Ahmed Mohammad Mohammad,MF,72,Hyunjun Yang,1.0
1032,Ahmed Mohammad Mohammad,MF,69,Junho Bae,1.0
1032,Ahmed Mohammad Mohammad,MF,77,Jisung Eom,1.0
1032,Ahmed Mohammad Mohammad,MF,76,Jingyu Kim,1.0
1032,Ahmed Mohammad Mohammad,MF,78,Donggyeong Lee,1.0
1032,Ahmed Mohammad Mohammad,MF,103,Hugo Sochurek,1.0
1032,Ahmed Mohammad Mohammad,MF,1160,Kobbie Boateng Mainoo,1.0
1032,Ahmed Mohammad Mohammad,MF,1158,Jordan Brian Henderson,1.0
1032,Ahmed Mohammad Mohammad,MF,125,Jonathan Osorio,1.0
1032,Ahmed Mohammad Mohammad,MF,1177,Nikola Moro,1.0
1033,Ahmad Salameh Saed,DF,1247,Roderick Alonso Miller,1.0
1033,Ahmad Salameh Saed,DF,1156,Trevoh Tom Chalobah,1.0
1033,Ahmad Salameh Saed,DF,1159,Daniel Johnson Burn,1.0
1033,Ahmad Salameh Saed,DF,1237,Eric Javier Davis,1.0
1033,Ahmad Salameh Saed,DF,805,Abdullatif Jehad Thikri,1.0
1033,Ahmad Salameh Saed,DF,808,José María Gimenez,1.0
1033,Ahmad Salameh Saed,DF,810,Ronald Federico Araujo,1.0
1033,Ahmad Salameh Saed,DF,28,Tholo Thabang Matuludi,1.0
1033,Ahmad Salameh Saed,DF,29,Khulumani Ndamane,1.0
1033,Ahmad Salameh Saed,DF,44,Samukele Alucious Kabini,1.0
1034,Mahmoud Saleh Mohannad Abutaha,MF,1178,Mateo Kovacic,1.0
1034,Mahmoud Saleh Mohannad Abutaha,MF,1099,Otabek Shukurov,1.0
1034,Mahmoud Saleh Mohannad Abutaha,MF,144,Ivan Sunjic,1.0
1034,Mahmoud Saleh Mohannad Abutaha,MF,293,Mc,1.0
1034,Mahmoud Saleh Mohannad Abutaha,MF,270,Jean Ricner Bellegarde,1.0
1034,Mahmoud Saleh Mohannad Abutaha,MF,197,Djibril Ibrahima Sow,1.0
1034,Mahmoud Saleh Mohannad Abutaha,MF,305,Lewis Ferguson,1.0
1034,Mahmoud Saleh Mohannad Abutaha,MF,1072,Ngal’ayel Mukau,1.0
1034,Mahmoud Saleh Mohannad Abutaha,MF,449,Juninho Gracielo Bacuna,1.0
1034,Mahmoud Saleh Mohannad Abutaha,MF,452,Leandro Jones Johan Bacuna,1.0
1035,Mahmoud Ahmed Nizar Alrashdan,MF,646,Alexis Jesse Saelemaekers,1.0
1035,Mahmoud Ahmed Nizar Alrashdan,MF,1199,Caleb Marfo Yirenkyi,0.9999781579284283
1035,Mahmoud Ahmed Nizar Alrashdan,MF,684,Mohammad Mohebbi,0.9999607823687847
1035,Mahmoud Ahmed Nizar Alrashdan,MF,557,Daizen Maeda,0.9999607823687847
1035,Mahmoud Ahmed Nizar Alrashdan,MF,290,Mc,0.9999360096928095
1035,Mahmoud Ahmed Nizar Alrashdan,MF,426,Jamal Musiala,0.9999270758979331
1035,Mahmoud Ahmed Nizar Alrashdan,MF,450,Livano Shyron Liomar Comenencia,0.9997906206290667
1035,Mahmoud Ahmed Nizar Alrashdan,MF,1114,Abbosbek Fayzullaev,0.9994823817492605
1035,Mahmoud Ahmed Nizar Alrashdan,MF,372,Connor Isaac Metcalfe,0.9991624739597997
1035,Mahmoud Ahmed Nizar Alrashdan,MF,242,Azz-Eddine Ounahi,0.9866709063156941
1036,Ra'ed Mahmoud Abdallah Alfakhori,GK,874,Edouard Osoque Mendy,0.9997718432840939
1036,Ra'ed Mahmoud Abdallah Alfakhori,GK,595,Bo Kristoffer Nordfeldt,0.9964961756286949
1036,Ra'ed Mahmoud Abdallah Alfakhori,GK,906,Basil Fadhil Ahmed,0.9864511299984942
1036,Ra'ed Mahmoud Abdallah Alfakhori,GK,614,Aymen Dahmen,0.9776537511869863
1036,Ra'ed Mahmoud Abdallah Alfakhori,GK,923,Egil Selvik,0.9768018713203812
1036,Ra'ed Mahmoud Abdallah Alfakhori,GK,1157,Dean Bradley Henderson,0.9742771130653747
1036,Ra'ed Mahmoud Abdallah Alfakhori,GK,651,Elsayed Mohamed Mohamed Elshenawy,0.9708430071416394
1036,Ra'ed Mahmoud Abdallah Alfakhori,GK,599,Abdelmouhib Chamakh,0.9693701661603782
1036,Ra'ed Mahmoud Abdallah Alfakhori,GK,157,Ibrahim Mahmoud Abunada,0.929137046923715
1036,Ra'ed Mahmoud Abdallah Alfakhori,GK,1015,Mo'ien Hasan Yazeed Abulaila,0.9172009044558719
1037,Manel Farhan Ehsan Haddad,DF,83,Vladimír Coufal,0.9999311537942701
1037,Manel Farhan Ehsan Haddad,DF,704,Timothy John Payne,0.9986659313893645
1037,Manel Farhan Ehsan Haddad,DF,961,Facundo Axel Medina,0.997759291782916
1037,Manel Farhan Ehsan Haddad,DF,422,Joshua Walter Kimmich,0.9931093727570991
1037,Manel Farhan Ehsan Haddad,DF,1172,Josip Stanisic,0.9924244260782886
1037,Manel Farhan Ehsan Haddad,DF,542,Denzel Justus Morris Dumfries,0.9887727326373668
1037,Manel Farhan Ehsan Haddad,DF,1060,Pedro Joao Cancelo,0.969324769745318
1037,Manel Farhan Ehsan Haddad,DF,996,David Alaba,0.9517208622941795
1037,Manel Farhan Ehsan Haddad,DF,733,Marcos Llorente,0.9398872016572443
1037,Manel Farhan Ehsan Haddad,DF,473,Wilfried Stephane Singo,0.9396538511332709
1038,Ahmad Ali Ali Azaizeh,FW,1240,Cecilio Alfonso Waterman,0.9999999999999998
1038,Ahmad Ali Ali Azaizeh,FW,1239,Jose Fajardo,0.9999999999999998
1038,Ahmad Ali Ali Azaizeh,FW,104,Denis Visinsky,0.9999999999999998
1038,Ahmad Ali Ali Azaizeh,FW,1027,Nayef Ahmad Mahmoud Almardi,0.9999999999999998
1038,Ahmad Ali Ali Azaizeh,FW,973,Anis Hadj Moussa,0.9999999999999998
1038,Ahmad Ali Ali Azaizeh,FW,1066,Francisco Francisco Conceicao,0.9999999999999998
1038,Ahmad Ali Ali Azaizeh,FW,921,Jørgen Strand Strand Larsen,0.9999999999999998
1038,Ahmad Ali Ali Azaizeh,FW,763,BENCHIMOLGilson Gilson,0.9999999999999998
1038,Ahmad Ali Ali Azaizeh,FW,271,Don Deedson Deedson,0.9999999999999998
1038,Ahmad Ali Ali Azaizeh,FW,276,Lenny Alvin Pico Joseph,0.9999999999999998
1039,Ratib Mohammad Mohammad Aldaoud,MF,72,Hyunjun Yang,1.0
1039,Ratib Mohammad Mohammad Aldaoud,MF,69,Junho Bae,1.0
1039,Ratib Mohammad Mohammad Aldaoud,MF,77,Jisung Eom,1.0
1039,Ratib Mohammad Mohammad Aldaoud,MF,76,Jingyu Kim,1.0
1039,Ratib Mohammad Mohammad Aldaoud,MF,78,Donggyeong Lee,1.0
1039,Ratib Mohammad Mohammad Aldaoud,MF,103,Hugo Sochurek,1.0
1039,Ratib Mohammad Mohammad Aldaoud,MF,1160,Kobbie Boateng Mainoo,1.0
1039,Ratib Mohammad Mohammad Aldaoud,MF,1158,Jordan Brian Henderson,1.0
1039,Ratib Mohammad Mohammad Aldaoud,MF,125,Jonathan Osorio,1.0
1039,Ratib Mohammad Mohammad Aldaoud,MF,1177,Nikola Moro,1.0
1040,Said Ghazi Anas Badawi,DF,1247,Roderick Alonso Miller,1.0
1040,Said Ghazi Anas Badawi,DF,1156,Trevoh Tom Chalobah,1.0
1040,Said Ghazi Anas Badawi,DF,1159,Daniel Johnson Burn,1.0
1040,Said Ghazi Anas Badawi,DF,1237,Eric Javier Davis,1.0
1040,Said Ghazi Anas Badawi,DF,805,Abdullatif Jehad Thikri,1.0
1040,Said Ghazi Anas Badawi,DF,808,José María Gimenez,1.0
1040,Said Ghazi Anas Badawi,DF,810,Ronald Federico Araujo,1.0
1040,Said Ghazi Anas Badawi,DF,28,Tholo Thabang Matuludi,1.0
1040,Said Ghazi Anas Badawi,DF,29,Khulumani Ndamane,1.0
1040,Said Ghazi Anas Badawi,DF,44,Samukele Alucious Kabini,1.0
1041,Diogo Diogo Costa,GK,27,Ronwen Hayden Williams,0.9810872791515062
1041,Diogo Diogo Costa,GK,350,Orlando Daniel Gill,0.938593840136501
1041,Diogo Diogo Costa,GK,755,José Vozinha,0.9185501214491355
1041,Diogo Diogo Costa,GK,183,Gregor Kobel,0.8963896102367509
1041,Diogo Diogo Costa,GK,287,Angus Fraser James Gunn,0.8932321681850068
1041,Diogo Diogo Costa,GK,469,Yahia Fofana,0.862098614150921
1041,Diogo Diogo Costa,GK,677,Ali Reza Beiranvand,0.8615811826809853
1041,Diogo Diogo Costa,GK,235,Yassine Bounou,0.8352769344087673
1041,Diogo Diogo Costa,GK,382,Patrick Thomas Beach,0.8172867478761466
1041,Diogo Diogo Costa,GK,495,Hernán Ismael Galindez,0.8082407679190577
1042,SEMEDONélson Nelson,DF,1247,Roderick Alonso Miller,1.0
1042,SEMEDONélson Nelson,DF,1156,Trevoh Tom Chalobah,1.0
1042,SEMEDONélson Nelson,DF,1159,Daniel Johnson Burn,1.0
1042,SEMEDONélson Nelson,DF,1237,Eric Javier Davis,1.0
1042,SEMEDONélson Nelson,DF,805,Abdullatif Jehad Thikri,1.0
1042,SEMEDONélson Nelson,DF,808,José María Gimenez,1.0
1042,SEMEDONélson Nelson,DF,810,Ronald Federico Araujo,1.0
1042,SEMEDONélson Nelson,DF,28,Tholo Thabang Matuludi,1.0
1042,SEMEDONélson Nelson,DF,29,Khulumani Ndamane,1.0
1042,SEMEDONélson Nelson,DF,44,Samukele Alucious Kabini,1.0
1043,Rúben Ruben Dias,DF,1168,Reece Lewis James,1.0
1043,Rúben Ruben Dias,DF,117,Derek Austin Cornelius,1.0
1043,Rúben Ruben Dias,DF,1210,Gideon Mensah,1.0
1043,Rúben Ruben Dias,DF,1176,Josip Sutalo,1.0
1043,Rúben Ruben Dias,DF,1141,Davinson Sanchez,1.0
1043,Rúben Ruben Dias,DF,186,Nico Elvedi,1.0
1043,Rúben Ruben Dias,DF,148,Nikola Katic,1.0
1043,Rúben Ruben Dias,DF,126,Richmond Mamah Laryea,1.0
1043,Rúben Ruben Dias,DF,1068,Wan Wan-Bissaka,1.0
1043,Rúben Ruben Dias,DF,1070,Axel Tuanzebe,1.0
1044,Tomás Tomas Araujo,DF,65,Taeseok Lee,1.0000000000000002
1044,Tomás Tomas Araujo,DF,81,Tomáš Holes,1.0000000000000002
1044,Tomás Tomas Araujo,DF,1174,Joško Gvardiol,1.0000000000000002
1044,Tomás Tomas Araujo,DF,1149,John Stones,1.0000000000000002
1044,Tomás Tomas Araujo,DF,1110,Abdulla Abdullaev,1.0000000000000002
1044,Tomás Tomas Araujo,DF,1116,Behruzjon Karimov,1.0000000000000002
1044,Tomás Tomas Araujo,DF,119,Moïse Bombito Bombito,1.0000000000000002
1044,Tomás Tomas Araujo,DF,1140,Deiver Machado,1.0000000000000002
1044,Tomás Tomas Araujo,DF,1069,Steve Nkanu Kapuadi,1.0000000000000002
1044,Tomás Tomas Araujo,DF,861,Kalidou Koulibaly,1.0000000000000002
1045,Diogo Diogo Dalot,DF,1248,Jorge Abdiel Gutierrez,1.0
1045,Diogo Diogo Dalot,DF,1226,Fidel Escobar,1.0
1045,Diogo Diogo Dalot,DF,1192,Luka Vuskovic,1.0
1045,Diogo Diogo Dalot,DF,107,Alfie Charles Jones,1.0
1045,Diogo Diogo Dalot,DF,123,Alphonso Boyle Davies,1.0
1045,Diogo Diogo Dalot,DF,679,Ehsan Hajisafi,1.0
1045,Diogo Diogo Dalot,DF,693,Arya Yousefi,1.0
1045,Diogo Diogo Dalot,DF,706,Tyler Grant Bindon,1.0
1045,Diogo Diogo Dalot,DF,665,Hafez Ramadan Karim Hafez,1.0
1045,Diogo Diogo Dalot,DF,783,Mohammed Ali Lajami,1.0
1046,Luiz Matheus,MF,63,Hee Chan Hwang,0.9999999999999999
1046,Luiz Matheus,MF,86,Vladimír Darida,0.9999999999999999
1046,Luiz Matheus,MF,100,Tomáš Soucek,0.9999999999999999
1046,Luiz Matheus,MF,95,Lukáš Provod,0.9999999999999999
1046,Luiz Matheus,MF,110,Mathieu Choiniere,0.9999999999999999
1046,Luiz Matheus,MF,1133,Juan Camilo Portilla,0.9999999999999999
1046,Luiz Matheus,MF,118,Jacob Everett Shaffelburg,0.9999999999999999
1046,Luiz Matheus,MF,1185,Mario Pasalic,0.9999999999999999
1046,Luiz Matheus,MF,138,Armin Gigovic,0.9999999999999999
1046,Luiz Matheus,MF,1103,Oston Urunov,0.9999999999999999
1047,Ronaldo Cristiano Ronaldo,FW,423,Kai Lukas Havertz,0.9999707496145512
1047,Ronaldo Cristiano Ronaldo,FW,1086,Yoane Wissa,0.9998539599502451
1047,Ronaldo Cristiano Ronaldo,FW,217,Matheus Matheus Cunha,0.9927307208123263
1047,Ronaldo Cristiano Ronaldo,FW,958,Lautaro Javier Martinez,0.9890798026577675
1047,Ronaldo Cristiano Ronaldo,FW,1153,Harry Edward Kane,0.9841191948098785
1047,Ronaldo Cristiano Ronaldo,FW,749,Mikel Oyarzabal,0.9809352946680726
1047,Ronaldo Cristiano Ronaldo,FW,215,José Vinicius,0.9790252621351185
1047,Ronaldo Cristiano Ronaldo,FW,531,Cody Mathès Gakpo,0.9773583241267265
1047,Ronaldo Cristiano Ronaldo,FW,919,Erling Braut Haaland,0.9767347935324467
1047,Ronaldo Cristiano Ronaldo,FW,487,Nicolas Pepe,0.9677778421129164
1048,Miguel Bruno,MF,943,Rodrigo Javier De Paul,0.999805857131534
1048,Miguel Bruno,MF,1180,Luka Modric,0.999592455118894
1048,Miguel Bruno,MF,994,Nicolas Seiwald,0.9993186390083874
1048,Miguel Bruno,MF,509,Pedro Jeampierre Vite,0.9986525921204378
1048,Miguel Bruno,MF,517,Moisés Isaac Caicedo,0.9986525921204378
1048,Miguel Bruno,MF,1207,Antoine Serlom Semenyo,0.9986525921204378
1048,Miguel Bruno,MF,846,Adrien Thibault Marie Rabiot,0.9986525921204378
1048,Miguel Bruno,MF,1161,Morgan Elliot Rogers,0.9935833461784077
1048,Miguel Bruno,MF,361,Matias Galarza,0.99232496825786
1048,Miguel Bruno,MF,439,Felix Kalu Nmecha,0.9870076713613037
1049,RAMOSGonçalo Goncalo,FW,70,Hyeongyu Oh,0.9998664638758062
1049,RAMOSGonçalo Goncalo,FW,230,MARTINELLIGabriel Gabriel,0.9974767423039177
1049,RAMOSGonçalo Goncalo,FW,657,Ahmed Ibrahim Trezeguet,0.9964728748277708
1049,RAMOSGonçalo Goncalo,FW,878,Ibrahim Mbaye,0.9918103846639178
1049,RAMOSGonçalo Goncalo,FW,607,Hazem Mastouri,0.9916810470414549
1049,RAMOSGonçalo Goncalo,FW,1002,Saša Kalajdzic,0.9849491949676313
1049,RAMOSGonçalo Goncalo,FW,243,Soufiane Rahimi,0.9841493984098358
1049,RAMOSGonçalo Goncalo,FW,974,Ahmed Nadhir Benbouali,0.9838406773885799
1049,RAMOSGonçalo Goncalo,FW,995,Marko Arnautovic,0.9816575478124657
1049,RAMOSGonçalo Goncalo,FW,1085,Mayele Fiston Mayele,0.9802669777793216
1050,Bernardo Bernardo Silva,MF,63,Hee Chan Hwang,0.9999999999999999
1050,Bernardo Bernardo Silva,MF,86,Vladimír Darida,0.9999999999999999
1050,Bernardo Bernardo Silva,MF,100,Tomáš Soucek,0.9999999999999999
1050,Bernardo Bernardo Silva,MF,95,Lukáš Provod,0.9999999999999999
1050,Bernardo Bernardo Silva,MF,110,Mathieu Choiniere,0.9999999999999999
1050,Bernardo Bernardo Silva,MF,1133,Juan Camilo Portilla,0.9999999999999999
1050,Bernardo Bernardo Silva,MF,118,Jacob Everett Shaffelburg,0.9999999999999999
1050,Bernardo Bernardo Silva,MF,1185,Mario Pasalic,0.9999999999999999
1050,Bernardo Bernardo Silva,MF,138,Armin Gigovic,0.9999999999999999
1050,Bernardo Bernardo Silva,MF,1103,Oston Urunov,0.9999999999999999
1051,João Joao Felix,FW,93,Pavel Sulc,1.0000000000000002
1051,João Joao Felix,FW,88,Patrik Schick,1.0000000000000002
1051,João Joao Felix,FW,124,Ali Ahmed,1.0000000000000002
1051,João Joao Felix,FW,116,Tanitoluwa Oluwatimilehin Oluwaseyi,1.0000000000000002
1051,João Joao Felix,FW,1127,Jhon Andrés Cordoba,1.0000000000000002
1051,João Joao Felix,FW,171,Abdurisag Yusuf Abdurisag,1.0000000000000002
1051,João Joao Felix,FW,150,Esmir Bajraktarevic,1.0000000000000002
1051,João Joao Felix,FW,827,Federico Sebastian Vinas,1.0000000000000002
1051,João Joao Felix,FW,296,Che Sac Everton Fred Adams,1.0000000000000002
1051,João Joao Felix,FW,953,Giuliano Simeone,1.0000000000000002
1052,Pedro Jose Sa,GK,12,Carlos Acevedo,1.0
1052,Pedro Jose Sa,GK,64,Bumkeun Song,1.0
1052,Pedro Jose Sa,GK,48,Stuart Ricardo Goss,1.0
1052,Pedro Jose Sa,GK,42,Sipho Justin Chaine,1.0
1052,Pedro Jose Sa,GK,122,Owen Olamidayo Goodman,1.0
1052,Pedro Jose Sa,GK,101,Lukáš Hornicek,1.0
1052,Pedro Jose Sa,GK,94,Jind ř ich Stanek,1.0
1052,Pedro Jose Sa,GK,73,Hyeonwoo Jo,1.0
1052,Pedro Jose Sa,GK,220,Weverton Weverton,1.0
1052,Pedro Jose Sa,GK,231,Ederson Ederson,1.0
1053,Renato Renato Veiga,DF,1168,Reece Lewis James,1.0
1053,Renato Renato Veiga,DF,117,Derek Austin Cornelius,1.0
1053,Renato Renato Veiga,DF,1210,Gideon Mensah,1.0
1053,Renato Renato Veiga,DF,1176,Josip Sutalo,1.0
1053,Renato Renato Veiga,DF,1141,Davinson Sanchez,1.0
1053,Renato Renato Veiga,DF,186,Nico Elvedi,1.0
1053,Renato Renato Veiga,DF,148,Nikola Katic,1.0
1053,Renato Renato Veiga,DF,126,Richmond Mamah Laryea,1.0
1053,Renato Renato Veiga,DF,1068,Wan Wan-Bissaka,1.0
1053,Renato Renato Veiga,DF,1070,Axel Tuanzebe,1.0
1054,Gonçalo Goncalo Inacio,DF,1247,Roderick Alonso Miller,1.0
1054,Gonçalo Goncalo Inacio,DF,1156,Trevoh Tom Chalobah,1.0
1054,Gonçalo Goncalo Inacio,DF,1159,Daniel Johnson Burn,1.0
1054,Gonçalo Goncalo Inacio,DF,1237,Eric Javier Davis,1.0
1054,Gonçalo Goncalo Inacio,DF,805,Abdullatif Jehad Thikri,1.0
1054,Gonçalo Goncalo Inacio,DF,808,José María Gimenez,1.0
1054,Gonçalo Goncalo Inacio,DF,810,Ronald Federico Araujo,1.0
1054,Gonçalo Goncalo Inacio,DF,28,Tholo Thabang Matuludi,1.0
1054,Gonçalo Goncalo Inacio,DF,29,Khulumani Ndamane,1.0
1054,Gonçalo Goncalo Inacio,DF,44,Samukele Alucious Kabini,1.0
1055,Pedro Joao Neves,MF,111,Stephen Eustaquio,0.9999999148652446
1055,Pedro Joao Neves,MF,997,Marcel Sabitzer,0.999977287993868
1055,Pedro Joao Neves,MF,760,Lenini Kevin Pina,0.9999572836984785
1055,Pedro Joao Neves,MF,734,Mikel Merino,0.999954737938816
1055,Pedro Joao Neves,MF,476,Franck Yannick Kessie,0.9999497791205503
1055,Pedro Joao Neves,MF,435,Leroy Aziz Sane,0.9998831553804055
1055,Pedro Joao Neves,MF,1186,Martin Baturina,0.999864305929652
1055,Pedro Joao Neves,MF,631,Kevin De Bruyne,0.9997141577334813
1055,Pedro Joao Neves,MF,1006,Romano Schmid,0.9993065311189574
1055,Pedro Joao Neves,MF,316,Tyler Shaan Adams,0.9967465689738843
1056,António Francisco Trincao,FW,1246,Azarías Emmanuel Londono,0.9999999999999997
1056,António Francisco Trincao,FW,10,Ernesto Alexis Vega,0.9999999999999997
1056,António Francisco Trincao,FW,14,Armando Gonzalez,0.9999999999999997
1056,António Francisco Trincao,FW,21,César Saúl Huerta,0.9999999999999997
1056,António Francisco Trincao,FW,97,Tomáš Chory,0.9999999999999997
1056,António Francisco Trincao,FW,91,Mojmír Chytil,0.9999999999999997
1056,António Francisco Trincao,FW,139,Samed Bazdar,0.9999999999999997
1056,António Francisco Trincao,FW,130,Jayden Nelson,0.9999999999999997
1056,António Francisco Trincao,FW,1144,Carlos Andrés Gomez,0.9999999999999997
1056,António Francisco Trincao,FW,1113,Igor Sergeev,0.9999999999999997
1057,Alexandre Rafael Leao,FW,128,Promise Oluwatobi Emmanuel David,0.99827081206002
1057,Alexandre Rafael Leao,FW,442,Deniz Undav,0.9535556392275009
1057,Alexandre Rafael Leao,FW,871,Iliman Cheikh Baroy Ndiaye,0.925787490582003
1057,Alexandre Rafael Leao,FW,735,Ferran Torres,0.9230294556975405
1057,Alexandre Rafael Leao,FW,544,Crysencio Jilbert Sylverio Cir Summerville,0.8976996771659618
1057,Alexandre Rafael Leao,FW,16,Julián Andrés Quinones,0.7771590742396406
1057,Alexandre Rafael Leao,FW,1024,Mohammad Mousa Mousa Altamari,0.7678925759409254
1057,Alexandre Rafael Leao,FW,844,Bradley Jean-Manuel Essolisa Barcola,0.7572959267922067
1057,Alexandre Rafael Leao,FW,1139,Jaminton Leandro Campaz,0.7274935428948192
1057,Alexandre Rafael Leao,FW,218,Neymar Neymar Jr,0.7252968512117127
1058,Pedro Pedro Neto,FW,479,Yan Diomande,0.9980765279527929
1058,Pedro Pedro Neto,FW,868,Sadio Mane,0.9963181402255885
1058,Pedro Pedro Neto,FW,1143,Luis Javier Suarez,0.9833223538607039
1058,Pedro Pedro Neto,FW,234,Vitor Rayan,0.9813986814752561
1058,Pedro Pedro Neto,FW,244,Brahim Diaz,0.9789644857969553
1058,Pedro Pedro Neto,FW,322,Christian Mate Pulisic,0.9756090268138062
1058,Pedro Pedro Neto,FW,843,Michael Akpovie Olise,0.9674854010884915
1058,Pedro Pedro Neto,FW,738,Daniel Olmo,0.9632997586055856
1058,Pedro Pedro Neto,FW,164,Junior Edmilson,0.9586230742730805
1058,Pedro Pedro Neto,FW,635,Jeremy Baffour Doku,0.9522037981427305
1059,Manuel Goncalo,FW,1246,Azarías Emmanuel Londono,0.9999999999999997
1059,Manuel Goncalo,FW,10,Ernesto Alexis Vega,0.9999999999999997
1059,Manuel Goncalo,FW,14,Armando Gonzalez,0.9999999999999997
1059,Manuel Goncalo,FW,21,César Saúl Huerta,0.9999999999999997
1059,Manuel Goncalo,FW,97,Tomáš Chory,0.9999999999999997
1059,Manuel Goncalo,FW,91,Mojmír Chytil,0.9999999999999997
1059,Manuel Goncalo,FW,139,Samed Bazdar,0.9999999999999997
1059,Manuel Goncalo,FW,130,Jayden Nelson,0.9999999999999997
1059,Manuel Goncalo,FW,1144,Carlos Andrés Gomez,0.9999999999999997
1059,Manuel Goncalo,FW,1113,Igor Sergeev,0.9999999999999997
1060,Pedro Joao Cancelo,DF,996,David Alaba,0.9977454631352479
1060,Pedro Joao Cancelo,DF,542,Denzel Justus Morris Dumfries,0.993878607930986
1060,Pedro Joao Cancelo,DF,1092,Arthur Fuka Masuaku,0.9901727361578567
1060,Pedro Joao Cancelo,DF,1172,Josip Stanisic,0.9893797898761509
1060,Pedro Joao Cancelo,DF,422,Joshua Walter Kimmich,0.9881354768473205
1060,Pedro Joao Cancelo,DF,135,Sead Kolasinac,0.9843866848944457
1060,Pedro Joao Cancelo,DF,314,Sergiño Gianni Dest,0.9828653135799015
1060,Pedro Joao Cancelo,DF,915,David Møller Moller Wolfe,0.9828653135799015
1060,Pedro Joao Cancelo,DF,961,Facundo Axel Medina,0.9809725556351369
1060,Pedro Joao Cancelo,DF,1132,Gustavo Adolfo Puerta,0.9806523106708952
1061,Diogo Ruben,MF,62,Jae Sung Lee,1.0
1061,Diogo Ruben,MF,90,Lukáš Cerv,1.0
1061,Diogo Ruben,MF,1091,Edo Kayembe Kayembe,1.0
1061,Diogo Ruben,MF,136,Benjamin Tahirovic,1.0
1061,Diogo Ruben,MF,145,Amar Memic,1.0
1061,Diogo Ruben,MF,115,Liam Alan Millar,1.0
1061,Diogo Ruben,MF,976,Hicham Boudaoui,1.0
1061,Diogo Ruben,MF,941,Leandro Daniel Paredes,1.0
1061,Diogo Ruben,MF,1012,Paul Wanner,1.0
1061,Diogo Ruben,MF,968,Ramiz Larbi Zerrouki,1.0
1062,Tiago Rui Silva,GK,12,Carlos Acevedo,1.0
1062,Tiago Rui Silva,GK,64,Bumkeun Song,1.0
1062,Tiago Rui Silva,GK,48,Stuart Ricardo Goss,1.0
1062,Tiago Rui Silva,GK,42,Sipho Justin Chaine,1.0
1062,Tiago Rui Silva,GK,122,Owen Olamidayo Goodman,1.0
1062,Tiago Rui Silva,GK,101,Lukáš Hornicek,1.0
1062,Tiago Rui Silva,GK,94,Jind ř ich Stanek,1.0
1062,Tiago Rui Silva,GK,73,Hyeonwoo Jo,1.0
1062,Tiago Rui Silva,GK,220,Weverton Weverton,1.0
1062,Tiago Rui Silva,GK,231,Ederson Ederson,1.0
1063,Vitor Vitinha,MF,1148,Declan Rice,0.9974491973969674
1063,Vitor Vitinha,MF,661,Mohamed Zaky Mostafa Zico,0.9944924343072993
1063,Vitor Vitinha,MF,6,Erik Antonio Lira,0.9905407728874774
1063,Vitor Vitinha,MF,1161,Morgan Elliot Rogers,0.9879764868894579
1063,Vitor Vitinha,MF,361,Matias Galarza,0.9855274554702915
1063,Vitor Vitinha,MF,517,Moisés Isaac Caicedo,0.9768896054875363
1063,Vitor Vitinha,MF,509,Pedro Jeampierre Vite,0.9768896054875363
1063,Vitor Vitinha,MF,846,Adrien Thibault Marie Rabiot,0.9768896054875363
1063,Vitor Vitinha,MF,1207,Antoine Serlom Semenyo,0.9768896054875363
1063,Vitor Vitinha,MF,840,Aurélien Djani Tchouameni,0.9732576607619354
1064,Samuel Samu Costa,DF,1247,Roderick Alonso Miller,1.0
1064,Samuel Samu Costa,DF,1156,Trevoh Tom Chalobah,1.0
1064,Samuel Samu Costa,DF,1159,Daniel Johnson Burn,1.0
1064,Samuel Samu Costa,DF,1237,Eric Javier Davis,1.0
1064,Samuel Samu Costa,DF,805,Abdullatif Jehad Thikri,1.0
1064,Samuel Samu Costa,DF,808,José María Gimenez,1.0
1064,Samuel Samu Costa,DF,810,Ronald Federico Araujo,1.0
1064,Samuel Samu Costa,DF,28,Tholo Thabang Matuludi,1.0
1064,Samuel Samu Costa,DF,29,Khulumani Ndamane,1.0
1064,Samuel Samu Costa,DF,44,Samukele Alucious Kabini,1.0
1065,Alexandre Nuno,DF,740,Pedro Antonio Porro,0.9961424799702431
1065,Alexandre Nuno,DF,526,Paul Jan-Paul Van Hecke,0.970412885035021
1065,Alexandre Nuno,DF,524,Virgil Van Dijk,0.970412885035021
1065,Alexandre Nuno,DF,1146,Ezri Ngoyo Konsa,0.9609135231298814
1065,Alexandre Nuno,DF,979,Rafik Belghali,0.9514564250882007
1065,Alexandre Nuno,DF,942,Lisandro Martinez,0.919528833685945
1065,Alexandre Nuno,DF,949,Cristian Gabriel Romero,0.9192398214714991
1065,Alexandre Nuno,DF,236,Achraf Hakimi,0.9141860481215625
1065,Alexandre Nuno,DF,652,Ahmed Ibrahim Yasser,0.892661904626807
1065,Alexandre Nuno,DF,1120,Daniel Munoz,0.8735599120853231
1066,Francisco Francisco Conceicao,FW,1240,Cecilio Alfonso Waterman,0.9999999999999998
1066,Francisco Francisco Conceicao,FW,1239,Jose Fajardo,0.9999999999999998
1066,Francisco Francisco Conceicao,FW,104,Denis Visinsky,0.9999999999999998
1066,Francisco Francisco Conceicao,FW,1027,Nayef Ahmad Mahmoud Almardi,0.9999999999999998
1066,Francisco Francisco Conceicao,FW,973,Anis Hadj Moussa,0.9999999999999998
1066,Francisco Francisco Conceicao,FW,1038,Ahmad Ali Ali Azaizeh,0.9999999999999998
1066,Francisco Francisco Conceicao,FW,921,Jørgen Strand Strand Larsen,0.9999999999999998
1066,Francisco Francisco Conceicao,FW,763,BENCHIMOLGilson Gilson,0.9999999999999998
1066,Francisco Francisco Conceicao,FW,271,Don Deedson Deedson,0.9999999999999998
1066,Francisco Francisco Conceicao,FW,276,Lenny Alvin Pico Joseph,0.9999999999999998
1067,Lionel Nzau Mpasi,GK,521,Bart Verbruggen,0.9898947473782573
1067,Lionel Nzau Mpasi,GK,911,Ørjan Haskjold Nyland,0.9874267126447686
1067,Lionel Nzau Mpasi,GK,1244,Orlando Mosquera,0.9401324831144046
1067,Lionel Nzau Mpasi,GK,53,Seunggyu Kim,0.8986396010911798
1067,Lionel Nzau Mpasi,GK,625,Thibaut Nicolas Courtois,0.888271647510015
1067,Lionel Nzau Mpasi,GK,673,Abdelaziz Mohame Mostafa,0.8861085045453662
1067,Lionel Nzau Mpasi,GK,417,Manuel Peter Neuer,0.8565481843773745
1067,Lionel Nzau Mpasi,GK,829,Nestor Fernando Muslera,0.8427409760149319
1067,Lionel Nzau Mpasi,GK,131,Nikola Vasilj,0.8412328086306076
1067,Lionel Nzau Mpasi,GK,1145,Jordan Lee Pickford,0.8036264901642092
1068,Wan Wan-Bissaka,DF,1168,Reece Lewis James,1.0
1068,Wan Wan-Bissaka,DF,117,Derek Austin Cornelius,1.0
1068,Wan Wan-Bissaka,DF,1210,Gideon Mensah,1.0
1068,Wan Wan-Bissaka,DF,1176,Josip Sutalo,1.0
1068,Wan Wan-Bissaka,DF,1141,Davinson Sanchez,1.0
1068,Wan Wan-Bissaka,DF,186,Nico Elvedi,1.0
1068,Wan Wan-Bissaka,DF,148,Nikola Katic,1.0
1068,Wan Wan-Bissaka,DF,126,Richmond Mamah Laryea,1.0
1068,Wan Wan-Bissaka,DF,1070,Axel Tuanzebe,1.0
1068,Wan Wan-Bissaka,DF,1088,Mangulu Chancel Mbemba,1.0
1069,Steve Nkanu Kapuadi,DF,65,Taeseok Lee,1.0000000000000002
1069,Steve Nkanu Kapuadi,DF,81,Tomáš Holes,1.0000000000000002
1069,Steve Nkanu Kapuadi,DF,1174,Joško Gvardiol,1.0000000000000002
1069,Steve Nkanu Kapuadi,DF,1149,John Stones,1.0000000000000002
1069,Steve Nkanu Kapuadi,DF,1110,Abdulla Abdullaev,1.0000000000000002
1069,Steve Nkanu Kapuadi,DF,1116,Behruzjon Karimov,1.0000000000000002
1069,Steve Nkanu Kapuadi,DF,119,Moïse Bombito Bombito,1.0000000000000002
1069,Steve Nkanu Kapuadi,DF,1140,Deiver Machado,1.0000000000000002
1069,Steve Nkanu Kapuadi,DF,861,Kalidou Koulibaly,1.0000000000000002
1069,Steve Nkanu Kapuadi,DF,1004,Phillip Mwene,1.0000000000000002
1070,Axel Tuanzebe,DF,1168,Reece Lewis James,1.0
1070,Axel Tuanzebe,DF,117,Derek Austin Cornelius,1.0
1070,Axel Tuanzebe,DF,1210,Gideon Mensah,1.0
1070,Axel Tuanzebe,DF,1176,Josip Sutalo,1.0
1070,Axel Tuanzebe,DF,1141,Davinson Sanchez,1.0
1070,Axel Tuanzebe,DF,186,Nico Elvedi,1.0
1070,Axel Tuanzebe,DF,148,Nikola Katic,1.0
1070,Axel Tuanzebe,DF,126,Richmond Mamah Laryea,1.0
1070,Axel Tuanzebe,DF,1068,Wan Wan-Bissaka,1.0
1070,Axel Tuanzebe,DF,1088,Mangulu Chancel Mbemba,1.0
1071,Dylan Buduka Batubinsika,DF,1247,Roderick Alonso Miller,1.0
1071,Dylan Buduka Batubinsika,DF,1156,Trevoh Tom Chalobah,1.0
1071,Dylan Buduka Batubinsika,DF,1159,Daniel Johnson Burn,1.0
1071,Dylan Buduka Batubinsika,DF,1237,Eric Javier Davis,1.0
1071,Dylan Buduka Batubinsika,DF,805,Abdullatif Jehad Thikri,1.0
1071,Dylan Buduka Batubinsika,DF,808,José María Gimenez,1.0
1071,Dylan Buduka Batubinsika,DF,810,Ronald Federico Araujo,1.0
1071,Dylan Buduka Batubinsika,DF,28,Tholo Thabang Matuludi,1.0
1071,Dylan Buduka Batubinsika,DF,29,Khulumani Ndamane,1.0
1071,Dylan Buduka Batubinsika,DF,44,Samukele Alucious Kabini,1.0
1072,Ngal’ayel Mukau,MF,1178,Mateo Kovacic,1.0
1072,Ngal’ayel Mukau,MF,1099,Otabek Shukurov,1.0
1072,Ngal’ayel Mukau,MF,144,Ivan Sunjic,1.0
1072,Ngal’ayel Mukau,MF,293,Mc,1.0
1072,Ngal’ayel Mukau,MF,270,Jean Ricner Bellegarde,1.0
1072,Ngal’ayel Mukau,MF,197,Djibril Ibrahima Sow,1.0
1072,Ngal’ayel Mukau,MF,305,Lewis Ferguson,1.0
1072,Ngal’ayel Mukau,MF,449,Juninho Gracielo Bacuna,1.0
1072,Ngal’ayel Mukau,MF,452,Leandro Jones Johan Bacuna,1.0
1072,Ngal’ayel Mukau,MF,463,Tahith Jose Girigorio Djorkaef Chong,1.0
1073,Nathanaël Mbuku,MF,62,Jae Sung Lee,1.0
1073,Nathanaël Mbuku,MF,90,Lukáš Cerv,1.0
1073,Nathanaël Mbuku,MF,1091,Edo Kayembe Kayembe,1.0
1073,Nathanaël Mbuku,MF,136,Benjamin Tahirovic,1.0
1073,Nathanaël Mbuku,MF,145,Amar Memic,1.0
1073,Nathanaël Mbuku,MF,115,Liam Alan Millar,1.0
1073,Nathanaël Mbuku,MF,976,Hicham Boudaoui,1.0
1073,Nathanaël Mbuku,MF,941,Leandro Daniel Paredes,1.0
1073,Nathanaël Mbuku,MF,1012,Paul Wanner,1.0
1073,Nathanaël Mbuku,MF,968,Ramiz Larbi Zerrouki,1.0
1074,Samuel Alain Moutoussamy,MF,1128,James David Rodriguez,1.0
1074,Samuel Alain Moutoussamy,MF,190,Remo Marco Freuler,1.0
1074,Samuel Alain Moutoussamy,MF,188,Denis Lemi Zakaria,1.0
1074,Samuel Alain Moutoussamy,MF,258,Neil Yoni El Aynaoui,1.0
1074,Samuel Alain Moutoussamy,MF,352,Adrián Andrés Cubas,1.0
1074,Samuel Alain Moutoussamy,MF,316,Tyler Shaan Adams,1.0
1074,Samuel Alain Moutoussamy,MF,515,Alan Steven Franco,1.0
1074,Samuel Alain Moutoussamy,MF,421,Aleksandar Pavlovic,1.0
1074,Samuel Alain Moutoussamy,MF,924,Fredrik Aursnes,1.0
1074,Samuel Alain Moutoussamy,MF,972,Fares Chaibi,1.0
1075,Kibambe Brian Cipenga,FW,1181,Ante Budimir,0.9995811311861229
1075,Kibambe Brian Cipenga,FW,902,Hussein Ghadhban Aymen,0.9925029620203679
1075,Kibambe Brian Cipenga,FW,1196,Petar Musa,0.990671505349575
1075,Kibambe Brian Cipenga,FW,583,Anthony David Junior Elanga,0.9886791717705926
1075,Kibambe Brian Cipenga,FW,278,Wilson Isidor,0.9863231275542542
1075,Kibambe Brian Cipenga,FW,483,Amad Diallo,0.9796310698822889
1075,Kibambe Brian Cipenga,FW,539,Brian Ebenezer Adjei Brobbey,0.9792869455451746
1075,Kibambe Brian Cipenga,FW,641,Charles Marc De Ketelaere,0.975563082508585
1075,Kibambe Brian Cipenga,FW,113,Cyle Christopher Larin,0.9717943540104321
1075,Kibambe Brian Cipenga,FW,9,Raúl Alonso Jimenez,0.9591909991235932
1076,Theo Mbulofeko Batombo Bongonda,MF,72,Hyunjun Yang,1.0
1076,Theo Mbulofeko Batombo Bongonda,MF,69,Junho Bae,1.0
1076,Theo Mbulofeko Batombo Bongonda,MF,77,Jisung Eom,1.0
1076,Theo Mbulofeko Batombo Bongonda,MF,76,Jingyu Kim,1.0
1076,Theo Mbulofeko Batombo Bongonda,MF,78,Donggyeong Lee,1.0
1076,Theo Mbulofeko Batombo Bongonda,MF,103,Hugo Sochurek,1.0
1076,Theo Mbulofeko Batombo Bongonda,MF,1160,Kobbie Boateng Mainoo,1.0
1076,Theo Mbulofeko Batombo Bongonda,MF,1158,Jordan Brian Henderson,1.0
1076,Theo Mbulofeko Batombo Bongonda,MF,125,Jonathan Osorio,1.0
1076,Theo Mbulofeko Batombo Bongonda,MF,1177,Nikola Moro,1.0
1077,Gaël Roméo Kakuta,FW,1246,Azarías Emmanuel Londono,0.9999999999999997
1077,Gaël Roméo Kakuta,FW,10,Ernesto Alexis Vega,0.9999999999999997
1077,Gaël Roméo Kakuta,FW,14,Armando Gonzalez,0.9999999999999997
1077,Gaël Roméo Kakuta,FW,21,César Saúl Huerta,0.9999999999999997
1077,Gaël Roméo Kakuta,FW,97,Tomáš Chory,0.9999999999999997
1077,Gaël Roméo Kakuta,FW,91,Mojmír Chytil,0.9999999999999997
1077,Gaël Roméo Kakuta,FW,139,Samed Bazdar,0.9999999999999997
1077,Gaël Roméo Kakuta,FW,130,Jayden Nelson,0.9999999999999997
1077,Gaël Roméo Kakuta,FW,1144,Carlos Andrés Gomez,0.9999999999999997
1077,Gaël Roméo Kakuta,FW,1113,Igor Sergeev,0.9999999999999997
1078,Joris Kayembe,DF,1247,Roderick Alonso Miller,1.0
1078,Joris Kayembe,DF,1156,Trevoh Tom Chalobah,1.0
1078,Joris Kayembe,DF,1159,Daniel Johnson Burn,1.0
1078,Joris Kayembe,DF,1237,Eric Javier Davis,1.0
1078,Joris Kayembe,DF,805,Abdullatif Jehad Thikri,1.0
1078,Joris Kayembe,DF,808,José María Gimenez,1.0
1078,Joris Kayembe,DF,810,Ronald Federico Araujo,1.0
1078,Joris Kayembe,DF,28,Tholo Thabang Matuludi,1.0
1078,Joris Kayembe,DF,29,Khulumani Ndamane,1.0
1078,Joris Kayembe,DF,44,Samukele Alucious Kabini,1.0
1079,Meschack Lina Elia,FW,565,Koki Ogawa,0.9995370227886891
1079,Meschack Lina Elia,FW,957,Jose Manuel Alberto Lopez,0.9989561203531316
1079,Meschack Lina Elia,FW,530,Memphis Depay,0.9986068938110417
1079,Meschack Lina Elia,FW,416,Can Yılmaz Uzun,0.9981409762087453
1079,Meschack Lina Elia,FW,34,Tshepang Moremi,0.9958069956936535
1079,Meschack Lina Elia,FW,1220,Ernest Nuamah Nuamah,0.9837746834502346
1079,Meschack Lina Elia,FW,1137,Juan Camilo Hernandez,0.9667262877735542
1079,Meschack Lina Elia,FW,662,Yousry Fouad Haissem Hassan,0.9610351061501871
1079,Meschack Lina Elia,FW,745,Nicholas Williams,0.9454225318067065
1079,Meschack Lina Elia,FW,25,Roberto Carlos Alvarado,0.892034675752368
1080,Noah Junior Sadiki,MF,62,Jae Sung Lee,1.0
1080,Noah Junior Sadiki,MF,90,Lukáš Cerv,1.0
1080,Noah Junior Sadiki,MF,1091,Edo Kayembe Kayembe,1.0
1080,Noah Junior Sadiki,MF,136,Benjamin Tahirovic,1.0
1080,Noah Junior Sadiki,MF,145,Amar Memic,1.0
1080,Noah Junior Sadiki,MF,115,Liam Alan Millar,1.0
1080,Noah Junior Sadiki,MF,976,Hicham Boudaoui,1.0
1080,Noah Junior Sadiki,MF,941,Leandro Daniel Paredes,1.0
1080,Noah Junior Sadiki,MF,1012,Paul Wanner,1.0
1080,Noah Junior Sadiki,MF,968,Ramiz Larbi Zerrouki,1.0
1081,Tshibola Tshibola,MF,72,Hyunjun Yang,1.0
1081,Tshibola Tshibola,MF,69,Junho Bae,1.0
1081,Tshibola Tshibola,MF,77,Jisung Eom,1.0
1081,Tshibola Tshibola,MF,76,Jingyu Kim,1.0
1081,Tshibola Tshibola,MF,78,Donggyeong Lee,1.0
1081,Tshibola Tshibola,MF,103,Hugo Sochurek,1.0
1081,Tshibola Tshibola,MF,1160,Kobbie Boateng Mainoo,1.0
1081,Tshibola Tshibola,MF,1158,Jordan Brian Henderson,1.0
1081,Tshibola Tshibola,MF,125,Jonathan Osorio,1.0
1081,Tshibola Tshibola,MF,1177,Nikola Moro,1.0
1082,Timothy Bruce Munzoko Fayulu,GK,12,Carlos Acevedo,1.0
1082,Timothy Bruce Munzoko Fayulu,GK,64,Bumkeun Song,1.0
1082,Timothy Bruce Munzoko Fayulu,GK,48,Stuart Ricardo Goss,1.0
1082,Timothy Bruce Munzoko Fayulu,GK,42,Sipho Justin Chaine,1.0
1082,Timothy Bruce Munzoko Fayulu,GK,122,Owen Olamidayo Goodman,1.0
1082,Timothy Bruce Munzoko Fayulu,GK,101,Lukáš Hornicek,1.0
1082,Timothy Bruce Munzoko Fayulu,GK,94,Jind ř ich Stanek,1.0
1082,Timothy Bruce Munzoko Fayulu,GK,73,Hyeonwoo Jo,1.0
1082,Timothy Bruce Munzoko Fayulu,GK,220,Weverton Weverton,1.0
1082,Timothy Bruce Munzoko Fayulu,GK,231,Ederson Ederson,1.0
1083,Cedric Bakambu,FW,11,Santiago Tomás Gimenez,1.0000000000000002
1083,Cedric Bakambu,FW,141,Edin Dzeko,1.0000000000000002
1083,Cedric Bakambu,FW,167,Hassan Akram,1.0000000000000002
1083,Cedric Bakambu,FW,275,Ruben Fritzner Providence,1.0000000000000002
1083,Cedric Bakambu,FW,954,Nicolas Paz,1.0000000000000002
1083,Cedric Bakambu,FW,936,Julian Ryerson,1.0000000000000002
1083,Cedric Bakambu,FW,952,Thiago Ezequiel Almada,1.0000000000000002
1083,Cedric Bakambu,FW,477,Ange-Yoan Laurent Bonny,1.0000000000000002
1083,Cedric Bakambu,FW,451,Jürgen Leonardo Locadia,1.0000000000000002
1083,Cedric Bakambu,FW,1164,Azuka Tristan Madueke,1.0000000000000002
1084,Charles Monginda Pickel,MF,72,Hyunjun Yang,1.0
1084,Charles Monginda Pickel,MF,69,Junho Bae,1.0
1084,Charles Monginda Pickel,MF,77,Jisung Eom,1.0
1084,Charles Monginda Pickel,MF,76,Jingyu Kim,1.0
1084,Charles Monginda Pickel,MF,78,Donggyeong Lee,1.0
1084,Charles Monginda Pickel,MF,103,Hugo Sochurek,1.0
1084,Charles Monginda Pickel,MF,1160,Kobbie Boateng Mainoo,1.0
1084,Charles Monginda Pickel,MF,1158,Jordan Brian Henderson,1.0
1084,Charles Monginda Pickel,MF,125,Jonathan Osorio,1.0
1084,Charles Monginda Pickel,MF,1177,Nikola Moro,1.0
1085,Mayele Fiston Mayele,FW,218,Neymar Neymar Jr,0.9998349096047839
1085,Mayele Fiston Mayele,FW,974,Ahmed Nadhir Benbouali,0.9995319978420869
1085,Mayele Fiston Mayele,FW,243,Soufiane Rahimi,0.9994330614559975
1085,Mayele Fiston Mayele,FW,1002,Saša Kalajdzic,0.9961467019345928
1085,Mayele Fiston Mayele,FW,995,Marko Arnautovic,0.9960762682992176
1085,Mayele Fiston Mayele,FW,155,Jovo Lukic,0.9957849255707198
1085,Mayele Fiston Mayele,FW,607,Hazem Mastouri,0.9949254103504298
1085,Mayele Fiston Mayele,FW,166,Khalid Hassan Alhaydos,0.9944530770175605
1085,Mayele Fiston Mayele,FW,1139,Jaminton Leandro Campaz,0.9937020262157054
1085,Mayele Fiston Mayele,FW,1049,RAMOSGonçalo Goncalo,0.9802669777793216
1086,Yoane Wissa,FW,423,Kai Lukas Havertz,0.9999554250197389
1086,Yoane Wissa,FW,1047,Ronaldo Cristiano Ronaldo,0.9998539599502451
1086,Yoane Wissa,FW,217,Matheus Matheus Cunha,0.990528880581473
1086,Yoane Wissa,FW,958,Lautaro Javier Martinez,0.9864166572072586
1086,Yoane Wissa,FW,1153,Harry Edward Kane,0.9855590690523309
1086,Yoane Wissa,FW,215,José Vinicius,0.9806345548684153
1086,Yoane Wissa,FW,749,Mikel Oyarzabal,0.9790156471149112
1086,Yoane Wissa,FW,531,Cody Mathès Gakpo,0.9775182397392358
1086,Yoane Wissa,FW,919,Erling Braut Haaland,0.9729731973073663
1086,Yoane Wissa,FW,114,Jonathan Christian David,0.9708037618826251
1087,Matthieu Luka Epolo,GK,12,Carlos Acevedo,1.0
1087,Matthieu Luka Epolo,GK,64,Bumkeun Song,1.0
1087,Matthieu Luka Epolo,GK,48,Stuart Ricardo Goss,1.0
1087,Matthieu Luka Epolo,GK,42,Sipho Justin Chaine,1.0
1087,Matthieu Luka Epolo,GK,122,Owen Olamidayo Goodman,1.0
1087,Matthieu Luka Epolo,GK,101,Lukáš Hornicek,1.0
1087,Matthieu Luka Epolo,GK,94,Jind ř ich Stanek,1.0
1087,Matthieu Luka Epolo,GK,73,Hyeonwoo Jo,1.0
1087,Matthieu Luka Epolo,GK,220,Weverton Weverton,1.0
1087,Matthieu Luka Epolo,GK,231,Ederson Ederson,1.0
1088,Mangulu Chancel Mbemba,DF,1168,Reece Lewis James,1.0
1088,Mangulu Chancel Mbemba,DF,117,Derek Austin Cornelius,1.0
1088,Mangulu Chancel Mbemba,DF,1210,Gideon Mensah,1.0
1088,Mangulu Chancel Mbemba,DF,1176,Josip Sutalo,1.0
1088,Mangulu Chancel Mbemba,DF,1141,Davinson Sanchez,1.0
1088,Mangulu Chancel Mbemba,DF,186,Nico Elvedi,1.0
1088,Mangulu Chancel Mbemba,DF,148,Nikola Katic,1.0
1088,Mangulu Chancel Mbemba,DF,126,Richmond Mamah Laryea,1.0
1088,Mangulu Chancel Mbemba,DF,1068,Wan Wan-Bissaka,1.0
1088,Mangulu Chancel Mbemba,DF,1070,Axel Tuanzebe,1.0
1089,Simon Bokote Banza,FW,1246,Azarías Emmanuel Londono,0.9999999999999997
1089,Simon Bokote Banza,FW,10,Ernesto Alexis Vega,0.9999999999999997
1089,Simon Bokote Banza,FW,14,Armando Gonzalez,0.9999999999999997
1089,Simon Bokote Banza,FW,21,César Saúl Huerta,0.9999999999999997
1089,Simon Bokote Banza,FW,97,Tomáš Chory,0.9999999999999997
1089,Simon Bokote Banza,FW,91,Mojmír Chytil,0.9999999999999997
1089,Simon Bokote Banza,FW,139,Samed Bazdar,0.9999999999999997
1089,Simon Bokote Banza,FW,130,Jayden Nelson,0.9999999999999997
1089,Simon Bokote Banza,FW,1144,Carlos Andrés Gomez,0.9999999999999997
1089,Simon Bokote Banza,FW,1113,Igor Sergeev,0.9999999999999997
1090,Gédéon Tchingoma Kyatengwa Kalulu,DF,1247,Roderick Alonso Miller,1.0
1090,Gédéon Tchingoma Kyatengwa Kalulu,DF,1156,Trevoh Tom Chalobah,1.0
1090,Gédéon Tchingoma Kyatengwa Kalulu,DF,1159,Daniel Johnson Burn,1.0
1090,Gédéon Tchingoma Kyatengwa Kalulu,DF,1237,Eric Javier Davis,1.0
1090,Gédéon Tchingoma Kyatengwa Kalulu,DF,805,Abdullatif Jehad Thikri,1.0
1090,Gédéon Tchingoma Kyatengwa Kalulu,DF,808,José María Gimenez,1.0
1090,Gédéon Tchingoma Kyatengwa Kalulu,DF,810,Ronald Federico Araujo,1.0
1090,Gédéon Tchingoma Kyatengwa Kalulu,DF,28,Tholo Thabang Matuludi,1.0
1090,Gédéon Tchingoma Kyatengwa Kalulu,DF,29,Khulumani Ndamane,1.0
1090,Gédéon Tchingoma Kyatengwa Kalulu,DF,44,Samukele Alucious Kabini,1.0
1091,Edo Kayembe Kayembe,MF,62,Jae Sung Lee,1.0
1091,Edo Kayembe Kayembe,MF,90,Lukáš Cerv,1.0
1091,Edo Kayembe Kayembe,MF,136,Benjamin Tahirovic,1.0
1091,Edo Kayembe Kayembe,MF,145,Amar Memic,1.0
1091,Edo Kayembe Kayembe,MF,115,Liam Alan Millar,1.0
1091,Edo Kayembe Kayembe,MF,976,Hicham Boudaoui,1.0
1091,Edo Kayembe Kayembe,MF,941,Leandro Daniel Paredes,1.0
1091,Edo Kayembe Kayembe,MF,1012,Paul Wanner,1.0
1091,Edo Kayembe Kayembe,MF,968,Ramiz Larbi Zerrouki,1.0
1091,Edo Kayembe Kayembe,MF,944,Valentin Barco,1.0
1092,Arthur Fuka Masuaku,DF,135,Sead Kolasinac,0.9993291364017575
1092,Arthur Fuka Masuaku,DF,314,Sergiño Gianni Dest,0.9989842684422225
1092,Arthur Fuka Masuaku,DF,915,David Møller Moller Wolfe,0.9989842684422225
1092,Arthur Fuka Masuaku,DF,1132,Gustavo Adolfo Puerta,0.9983918358145322
1092,Arthur Fuka Masuaku,DF,996,David Alaba,0.9973259206444423
1092,Arthur Fuka Masuaku,DF,639,Thomas Andre Meunier,0.9960532961346031
1092,Arthur Fuka Masuaku,DF,877,Moussa Niakhate,0.9928778781596894
1092,Arthur Fuka Masuaku,DF,1060,Pedro Joao Cancelo,0.9901727361578567
1092,Arthur Fuka Masuaku,DF,542,Denzel Justus Morris Dumfries,0.9686612279132779
1092,Arthur Fuka Masuaku,DF,1172,Josip Stanisic,0.9593292471335542
1093,Utkir Yusupov,GK,896,Hasan Hachim Jalal Hassan,0.9793365094898019
1093,Utkir Yusupov,GK,703,Maxime Teremoana Crocombe,0.9402943553543858
1093,Utkir Yusupov,GK,599,Abdelmouhib Chamakh,0.9204094974044651
1093,Utkir Yusupov,GK,157,Ibrahim Mahmoud Abunada,0.9099900805504273
1093,Utkir Yusupov,GK,1157,Dean Bradley Henderson,0.9068259950641869
1093,Utkir Yusupov,GK,573,Jacob Mikael Widell Zetterstrom,0.8959050046746102
1093,Utkir Yusupov,GK,906,Basil Fadhil Ahmed,0.8948243604045442
1093,Utkir Yusupov,GK,261,Johny Placide,0.8642037758144793
1093,Utkir Yusupov,GK,651,Elsayed Mohamed Mohamed Elshenawy,0.8603711021753171
1093,Utkir Yusupov,GK,443,Eloy Victor Room,0.8558699658896082
1094,Abdukodir Khusanov,DF,74,Youngwoo Seol,0.9999999999999999
1094,Abdukodir Khusanov,DF,82,Robin Hranac,0.9999999999999999
1094,Abdukodir Khusanov,DF,15,Israel Reyes,0.9999999999999999
1094,Abdukodir Khusanov,DF,1173,Marin Pongracic,0.9999999999999999
1094,Abdukodir Khusanov,DF,1135,Johan Andrés Mojica,0.9999999999999999
1094,Abdukodir Khusanov,DF,108,Luc De Fougerolles,0.9999999999999999
1094,Abdukodir Khusanov,DF,1200,Jonas Adjei Adjetey,0.9999999999999999
1094,Abdukodir Khusanov,DF,207,Luca Antony Jaquez,0.9999999999999999
1094,Abdukodir Khusanov,DF,1105,Sherzod Nasrullaev,0.9999999999999999
1094,Abdukodir Khusanov,DF,1097,Rustamjon Ashurmatov,0.9999999999999999
1095,Khojiakbar Alijonov,DF,1248,Jorge Abdiel Gutierrez,1.0
1095,Khojiakbar Alijonov,DF,1226,Fidel Escobar,1.0
1095,Khojiakbar Alijonov,DF,1192,Luka Vuskovic,1.0
1095,Khojiakbar Alijonov,DF,107,Alfie Charles Jones,1.0
1095,Khojiakbar Alijonov,DF,123,Alphonso Boyle Davies,1.0
1095,Khojiakbar Alijonov,DF,679,Ehsan Hajisafi,1.0
1095,Khojiakbar Alijonov,DF,693,Arya Yousefi,1.0
1095,Khojiakbar Alijonov,DF,706,Tyler Grant Bindon,1.0
1095,Khojiakbar Alijonov,DF,665,Hafez Ramadan Karim Hafez,1.0
1095,Khojiakbar Alijonov,DF,783,Mohammed Ali Lajami,1.0
1096,Farrukh Sayfiev,DF,1247,Roderick Alonso Miller,1.0
1096,Farrukh Sayfiev,DF,1156,Trevoh Tom Chalobah,1.0
1096,Farrukh Sayfiev,DF,1159,Daniel Johnson Burn,1.0
1096,Farrukh Sayfiev,DF,1237,Eric Javier Davis,1.0
1096,Farrukh Sayfiev,DF,805,Abdullatif Jehad Thikri,1.0
1096,Farrukh Sayfiev,DF,808,José María Gimenez,1.0
1096,Farrukh Sayfiev,DF,810,Ronald Federico Araujo,1.0
1096,Farrukh Sayfiev,DF,28,Tholo Thabang Matuludi,1.0
1096,Farrukh Sayfiev,DF,29,Khulumani Ndamane,1.0
1096,Farrukh Sayfiev,DF,44,Samukele Alucious Kabini,1.0
1097,Rustamjon Ashurmatov,DF,74,Youngwoo Seol,0.9999999999999999
1097,Rustamjon Ashurmatov,DF,82,Robin Hranac,0.9999999999999999
1097,Rustamjon Ashurmatov,DF,15,Israel Reyes,0.9999999999999999
1097,Rustamjon Ashurmatov,DF,1173,Marin Pongracic,0.9999999999999999
1097,Rustamjon Ashurmatov,DF,1135,Johan Andrés Mojica,0.9999999999999999
1097,Rustamjon Ashurmatov,DF,108,Luc De Fougerolles,0.9999999999999999
1097,Rustamjon Ashurmatov,DF,1200,Jonas Adjei Adjetey,0.9999999999999999
1097,Rustamjon Ashurmatov,DF,1094,Abdukodir Khusanov,0.9999999999999999
1097,Rustamjon Ashurmatov,DF,207,Luca Antony Jaquez,0.9999999999999999
1097,Rustamjon Ashurmatov,DF,1105,Sherzod Nasrullaev,0.9999999999999999
1098,Akmal Mozgovoy,MF,388,Paul Michael Junior Okon-Engstler,0.9999542952769477
1098,Akmal Mozgovoy,MF,241,Chemsdine Talbi,0.9998869766874019
1098,Akmal Mozgovoy,MF,143,Ivan Basic,0.9998483985866735
1098,Akmal Mozgovoy,MF,102,Alexandr Sojka,0.999432783489817
1098,Akmal Mozgovoy,MF,970,Houssem-Eddine Chaabane Aouar,0.9984340750693912
1098,Akmal Mozgovoy,MF,326,Sebastian Matthew Berhalter,0.9945963363667516
1098,Akmal Mozgovoy,MF,7,Luis Francisco Romo,0.9932956421536987
1098,Akmal Mozgovoy,MF,554,Takefusa Kubo,0.991894723206928
1098,Akmal Mozgovoy,MF,436,Nadiem Amiri,0.9905360056197254
1098,Akmal Mozgovoy,MF,931,Andreas Rædergård Schjelderup,0.9829343815157319
1099,Otabek Shukurov,MF,1178,Mateo Kovacic,1.0
1099,Otabek Shukurov,MF,144,Ivan Sunjic,1.0
1099,Otabek Shukurov,MF,293,Mc,1.0
1099,Otabek Shukurov,MF,270,Jean Ricner Bellegarde,1.0
1099,Otabek Shukurov,MF,197,Djibril Ibrahima Sow,1.0
1099,Otabek Shukurov,MF,305,Lewis Ferguson,1.0
1099,Otabek Shukurov,MF,1072,Ngal’ayel Mukau,1.0
1099,Otabek Shukurov,MF,449,Juninho Gracielo Bacuna,1.0
1099,Otabek Shukurov,MF,452,Leandro Jones Johan Bacuna,1.0
1099,Otabek Shukurov,MF,463,Tahith Jose Girigorio Djorkaef Chong,1.0
1100,Jamshid Iskanderov,MF,72,Hyunjun Yang,1.0
1100,Jamshid Iskanderov,MF,69,Junho Bae,1.0
1100,Jamshid Iskanderov,MF,77,Jisung Eom,1.0
1100,Jamshid Iskanderov,MF,76,Jingyu Kim,1.0
1100,Jamshid Iskanderov,MF,78,Donggyeong Lee,1.0
1100,Jamshid Iskanderov,MF,103,Hugo Sochurek,1.0
1100,Jamshid Iskanderov,MF,1160,Kobbie Boateng Mainoo,1.0
1100,Jamshid Iskanderov,MF,1158,Jordan Brian Henderson,1.0
1100,Jamshid Iskanderov,MF,125,Jonathan Osorio,1.0
1100,Jamshid Iskanderov,MF,1177,Nikola Moro,1.0
1101,Odiljon Xamrobekov,MF,63,Hee Chan Hwang,0.9999999999999999
1101,Odiljon Xamrobekov,MF,86,Vladimír Darida,0.9999999999999999
1101,Odiljon Xamrobekov,MF,100,Tomáš Soucek,0.9999999999999999
1101,Odiljon Xamrobekov,MF,95,Lukáš Provod,0.9999999999999999
1101,Odiljon Xamrobekov,MF,110,Mathieu Choiniere,0.9999999999999999
1101,Odiljon Xamrobekov,MF,1133,Juan Camilo Portilla,0.9999999999999999
1101,Odiljon Xamrobekov,MF,118,Jacob Everett Shaffelburg,0.9999999999999999
1101,Odiljon Xamrobekov,MF,1185,Mario Pasalic,0.9999999999999999
1101,Odiljon Xamrobekov,MF,138,Armin Gigovic,0.9999999999999999
1101,Odiljon Xamrobekov,MF,1103,Oston Urunov,0.9999999999999999
1102,Ruslanbek Jiyanov,MF,72,Hyunjun Yang,1.0
1102,Ruslanbek Jiyanov,MF,69,Junho Bae,1.0
1102,Ruslanbek Jiyanov,MF,77,Jisung Eom,1.0
1102,Ruslanbek Jiyanov,MF,76,Jingyu Kim,1.0
1102,Ruslanbek Jiyanov,MF,78,Donggyeong Lee,1.0
1102,Ruslanbek Jiyanov,MF,103,Hugo Sochurek,1.0
1102,Ruslanbek Jiyanov,MF,1160,Kobbie Boateng Mainoo,1.0
1102,Ruslanbek Jiyanov,MF,1158,Jordan Brian Henderson,1.0
1102,Ruslanbek Jiyanov,MF,125,Jonathan Osorio,1.0
1102,Ruslanbek Jiyanov,MF,1177,Nikola Moro,1.0
1103,Oston Urunov,MF,63,Hee Chan Hwang,0.9999999999999999
1103,Oston Urunov,MF,86,Vladimír Darida,0.9999999999999999
1103,Oston Urunov,MF,100,Tomáš Soucek,0.9999999999999999
1103,Oston Urunov,MF,95,Lukáš Provod,0.9999999999999999
1103,Oston Urunov,MF,110,Mathieu Choiniere,0.9999999999999999
1103,Oston Urunov,MF,1133,Juan Camilo Portilla,0.9999999999999999
1103,Oston Urunov,MF,118,Jacob Everett Shaffelburg,0.9999999999999999
1103,Oston Urunov,MF,1185,Mario Pasalic,0.9999999999999999
1103,Oston Urunov,MF,138,Armin Gigovic,0.9999999999999999
1103,Oston Urunov,MF,1109,Dostonbek Khamdamov,0.9999999999999999
1104,Abduvakhid Nematov,GK,313,Matthew Charles Turner,0.9804404668346819
1104,Abduvakhid Nematov,GK,614,Aymen Dahmen,0.911858422191045
1104,Abduvakhid Nematov,GK,923,Egil Selvik,0.847833287424881
1104,Abduvakhid Nematov,GK,874,Edouard Osoque Mendy,0.8172271107033681
1104,Abduvakhid Nematov,GK,1036,Ra'ed Mahmoud Abdallah Alfakhori,0.8063158497666604
1104,Abduvakhid Nematov,GK,595,Bo Kristoffer Nordfeldt,0.7846403137731387
1104,Abduvakhid Nematov,GK,978,Oussama Benbot,0.7839313501304483
1104,Abduvakhid Nematov,GK,1015,Mo'ien Hasan Yazeed Abulaila,0.7634036159881208
1104,Abduvakhid Nematov,GK,651,Elsayed Mohamed Mohamed Elshenawy,0.7620795753618149
1104,Abduvakhid Nematov,GK,906,Basil Fadhil Ahmed,0.7146374810953108
1105,Sherzod Nasrullaev,DF,74,Youngwoo Seol,0.9999999999999999
1105,Sherzod Nasrullaev,DF,82,Robin Hranac,0.9999999999999999
1105,Sherzod Nasrullaev,DF,15,Israel Reyes,0.9999999999999999
1105,Sherzod Nasrullaev,DF,1173,Marin Pongracic,0.9999999999999999
1105,Sherzod Nasrullaev,DF,1135,Johan Andrés Mojica,0.9999999999999999
1105,Sherzod Nasrullaev,DF,108,Luc De Fougerolles,0.9999999999999999
1105,Sherzod Nasrullaev,DF,1200,Jonas Adjei Adjetey,0.9999999999999999
1105,Sherzod Nasrullaev,DF,1094,Abdukodir Khusanov,0.9999999999999999
1105,Sherzod Nasrullaev,DF,207,Luca Antony Jaquez,0.9999999999999999
1105,Sherzod Nasrullaev,DF,1097,Rustamjon Ashurmatov,0.9999999999999999
1106,Eldor Shomurodov,FW,1023,Iyad Ali Ali Olwan,0.9999999999999999
1106,Eldor Shomurodov,FW,398,Arda Guler,0.9999999999999999
1106,Eldor Shomurodov,FW,381,Nestory Irankunda,0.999822119177909
1106,Eldor Shomurodov,FW,149,Kerim Alajbegovic,0.9997877710192127
1106,Eldor Shomurodov,FW,852,Désiré Nonka-Maho Doue,0.9995498839960634
1106,Eldor Shomurodov,FW,971,Amine Ferid Gouiri,0.9988845925233621
1106,Eldor Shomurodov,FW,38,Thapelo Maseko,0.9974655048534914
1106,Eldor Shomurodov,FW,193,Dan Ndoye,0.9850086407718345
1106,Eldor Shomurodov,FW,114,Jonathan Christian David,0.9766029986222461
1106,Eldor Shomurodov,FW,945,Julián Alvarez,0.9731073689650807
1107,Umarbek Eshmurodov,DF,1247,Roderick Alonso Miller,1.0
1107,Umarbek Eshmurodov,DF,1156,Trevoh Tom Chalobah,1.0
1107,Umarbek Eshmurodov,DF,1159,Daniel Johnson Burn,1.0
1107,Umarbek Eshmurodov,DF,1237,Eric Javier Davis,1.0
1107,Umarbek Eshmurodov,DF,805,Abdullatif Jehad Thikri,1.0
1107,Umarbek Eshmurodov,DF,808,José María Gimenez,1.0
1107,Umarbek Eshmurodov,DF,810,Ronald Federico Araujo,1.0
1107,Umarbek Eshmurodov,DF,28,Tholo Thabang Matuludi,1.0
1107,Umarbek Eshmurodov,DF,29,Khulumani Ndamane,1.0
1107,Umarbek Eshmurodov,DF,44,Samukele Alucious Kabini,1.0
1108,Botirali Ergashev,GK,12,Carlos Acevedo,1.0
1108,Botirali Ergashev,GK,64,Bumkeun Song,1.0
1108,Botirali Ergashev,GK,48,Stuart Ricardo Goss,1.0
1108,Botirali Ergashev,GK,42,Sipho Justin Chaine,1.0
1108,Botirali Ergashev,GK,122,Owen Olamidayo Goodman,1.0
1108,Botirali Ergashev,GK,101,Lukáš Hornicek,1.0
1108,Botirali Ergashev,GK,94,Jind ř ich Stanek,1.0
1108,Botirali Ergashev,GK,73,Hyeonwoo Jo,1.0
1108,Botirali Ergashev,GK,220,Weverton Weverton,1.0
1108,Botirali Ergashev,GK,231,Ederson Ederson,1.0
1109,Dostonbek Khamdamov,MF,63,Hee Chan Hwang,0.9999999999999999
1109,Dostonbek Khamdamov,MF,86,Vladimír Darida,0.9999999999999999
1109,Dostonbek Khamdamov,MF,100,Tomáš Soucek,0.9999999999999999
1109,Dostonbek Khamdamov,MF,95,Lukáš Provod,0.9999999999999999
1109,Dostonbek Khamdamov,MF,110,Mathieu Choiniere,0.9999999999999999
1109,Dostonbek Khamdamov,MF,1133,Juan Camilo Portilla,0.9999999999999999
1109,Dostonbek Khamdamov,MF,118,Jacob Everett Shaffelburg,0.9999999999999999
1109,Dostonbek Khamdamov,MF,1185,Mario Pasalic,0.9999999999999999
1109,Dostonbek Khamdamov,MF,138,Armin Gigovic,0.9999999999999999
1109,Dostonbek Khamdamov,MF,1103,Oston Urunov,0.9999999999999999
1110,Abdulla Abdullaev,DF,65,Taeseok Lee,1.0000000000000002
1110,Abdulla Abdullaev,DF,81,Tomáš Holes,1.0000000000000002
1110,Abdulla Abdullaev,DF,1174,Joško Gvardiol,1.0000000000000002
1110,Abdulla Abdullaev,DF,1149,John Stones,1.0000000000000002
1110,Abdulla Abdullaev,DF,1116,Behruzjon Karimov,1.0000000000000002
1110,Abdulla Abdullaev,DF,119,Moïse Bombito Bombito,1.0000000000000002
1110,Abdulla Abdullaev,DF,1140,Deiver Machado,1.0000000000000002
1110,Abdulla Abdullaev,DF,1069,Steve Nkanu Kapuadi,1.0000000000000002
1110,Abdulla Abdullaev,DF,861,Kalidou Koulibaly,1.0000000000000002
1110,Abdulla Abdullaev,DF,1004,Phillip Mwene,1.0000000000000002
1111,Azizjon Ganiev,MF,63,Hee Chan Hwang,0.9999999999999999
1111,Azizjon Ganiev,MF,86,Vladimír Darida,0.9999999999999999
1111,Azizjon Ganiev,MF,100,Tomáš Soucek,0.9999999999999999
1111,Azizjon Ganiev,MF,95,Lukáš Provod,0.9999999999999999
1111,Azizjon Ganiev,MF,110,Mathieu Choiniere,0.9999999999999999
1111,Azizjon Ganiev,MF,1133,Juan Camilo Portilla,0.9999999999999999
1111,Azizjon Ganiev,MF,118,Jacob Everett Shaffelburg,0.9999999999999999
1111,Azizjon Ganiev,MF,1185,Mario Pasalic,0.9999999999999999
1111,Azizjon Ganiev,MF,138,Armin Gigovic,0.9999999999999999
1111,Azizjon Ganiev,MF,1103,Oston Urunov,0.9999999999999999
1112,Azizbek Amonov,FW,1246,Azarías Emmanuel Londono,0.9999999999999997
1112,Azizbek Amonov,FW,10,Ernesto Alexis Vega,0.9999999999999997
1112,Azizbek Amonov,FW,14,Armando Gonzalez,0.9999999999999997
1112,Azizbek Amonov,FW,21,César Saúl Huerta,0.9999999999999997
1112,Azizbek Amonov,FW,97,Tomáš Chory,0.9999999999999997
1112,Azizbek Amonov,FW,91,Mojmír Chytil,0.9999999999999997
1112,Azizbek Amonov,FW,139,Samed Bazdar,0.9999999999999997
1112,Azizbek Amonov,FW,130,Jayden Nelson,0.9999999999999997
1112,Azizbek Amonov,FW,1144,Carlos Andrés Gomez,0.9999999999999997
1112,Azizbek Amonov,FW,1113,Igor Sergeev,0.9999999999999997
1113,Igor Sergeev,FW,1246,Azarías Emmanuel Londono,0.9999999999999997
1113,Igor Sergeev,FW,10,Ernesto Alexis Vega,0.9999999999999997
1113,Igor Sergeev,FW,14,Armando Gonzalez,0.9999999999999997
1113,Igor Sergeev,FW,21,César Saúl Huerta,0.9999999999999997
1113,Igor Sergeev,FW,97,Tomáš Chory,0.9999999999999997
1113,Igor Sergeev,FW,91,Mojmír Chytil,0.9999999999999997
1113,Igor Sergeev,FW,139,Samed Bazdar,0.9999999999999997
1113,Igor Sergeev,FW,130,Jayden Nelson,0.9999999999999997
1113,Igor Sergeev,FW,1144,Carlos Andrés Gomez,0.9999999999999997
1113,Igor Sergeev,FW,1089,Simon Bokote Banza,0.9999999999999997
1114,Abbosbek Fayzullaev,MF,450,Livano Shyron Liomar Comenencia,0.9999314091426711
1114,Abbosbek Fayzullaev,MF,684,Mohammad Mohebbi,0.999728099211758
1114,Abbosbek Fayzullaev,MF,557,Daizen Maeda,0.999728099211758
1114,Abbosbek Fayzullaev,MF,1035,Mahmoud Ahmed Nizar Alrashdan,0.9994823817492605
1114,Abbosbek Fayzullaev,MF,646,Alexis Jesse Saelemaekers,0.9994823817492605
1114,Abbosbek Fayzullaev,MF,1199,Caleb Marfo Yirenkyi,0.9992479216781189
1114,Abbosbek Fayzullaev,MF,290,Mc,0.99905448545451
1114,Abbosbek Fayzullaev,MF,426,Jamal Musiala,0.999020981811527
1114,Abbosbek Fayzullaev,MF,372,Connor Isaac Metcalfe,0.9973288925237518
1114,Abbosbek Fayzullaev,MF,242,Azz-Eddine Ounahi,0.9913953100544834
1115,Sherzod Esanov,MF,72,Hyunjun Yang,1.0
1115,Sherzod Esanov,MF,69,Junho Bae,1.0
1115,Sherzod Esanov,MF,77,Jisung Eom,1.0
1115,Sherzod Esanov,MF,76,Jingyu Kim,1.0
1115,Sherzod Esanov,MF,78,Donggyeong Lee,1.0
1115,Sherzod Esanov,MF,103,Hugo Sochurek,1.0
1115,Sherzod Esanov,MF,1160,Kobbie Boateng Mainoo,1.0
1115,Sherzod Esanov,MF,1158,Jordan Brian Henderson,1.0
1115,Sherzod Esanov,MF,125,Jonathan Osorio,1.0
1115,Sherzod Esanov,MF,1177,Nikola Moro,1.0
1116,Behruzjon Karimov,DF,65,Taeseok Lee,1.0000000000000002
1116,Behruzjon Karimov,DF,81,Tomáš Holes,1.0000000000000002
1116,Behruzjon Karimov,DF,1174,Joško Gvardiol,1.0000000000000002
1116,Behruzjon Karimov,DF,1149,John Stones,1.0000000000000002
1116,Behruzjon Karimov,DF,1110,Abdulla Abdullaev,1.0000000000000002
1116,Behruzjon Karimov,DF,119,Moïse Bombito Bombito,1.0000000000000002
1116,Behruzjon Karimov,DF,1140,Deiver Machado,1.0000000000000002
1116,Behruzjon Karimov,DF,1069,Steve Nkanu Kapuadi,1.0000000000000002
1116,Behruzjon Karimov,DF,861,Kalidou Koulibaly,1.0000000000000002
1116,Behruzjon Karimov,DF,1004,Phillip Mwene,1.0000000000000002
1117,Avazbek Ulmasaliyev,DF,1247,Roderick Alonso Miller,1.0
1117,Avazbek Ulmasaliyev,DF,1156,Trevoh Tom Chalobah,1.0
1117,Avazbek Ulmasaliyev,DF,1159,Daniel Johnson Burn,1.0
1117,Avazbek Ulmasaliyev,DF,1237,Eric Javier Davis,1.0
1117,Avazbek Ulmasaliyev,DF,805,Abdullatif Jehad Thikri,1.0
1117,Avazbek Ulmasaliyev,DF,808,José María Gimenez,1.0
1117,Avazbek Ulmasaliyev,DF,810,Ronald Federico Araujo,1.0
1117,Avazbek Ulmasaliyev,DF,28,Tholo Thabang Matuludi,1.0
1117,Avazbek Ulmasaliyev,DF,29,Khulumani Ndamane,1.0
1117,Avazbek Ulmasaliyev,DF,44,Samukele Alucious Kabini,1.0
1118,Jakhongir Urozov,DF,1248,Jorge Abdiel Gutierrez,1.0
1118,Jakhongir Urozov,DF,1226,Fidel Escobar,1.0
1118,Jakhongir Urozov,DF,1192,Luka Vuskovic,1.0
1118,Jakhongir Urozov,DF,107,Alfie Charles Jones,1.0
1118,Jakhongir Urozov,DF,123,Alphonso Boyle Davies,1.0
1118,Jakhongir Urozov,DF,679,Ehsan Hajisafi,1.0
1118,Jakhongir Urozov,DF,693,Arya Yousefi,1.0
1118,Jakhongir Urozov,DF,706,Tyler Grant Bindon,1.0
1118,Jakhongir Urozov,DF,665,Hafez Ramadan Karim Hafez,1.0
1118,Jakhongir Urozov,DF,783,Mohammed Ali Lajami,1.0
1119,David Ospina,GK,833,Brice Lauriche Samba,0.9760196916140822
1119,David Ospina,GK,729,David Raya,0.921151763081714
1119,David Ospina,GK,336,Matthew Andrew Geary Freese,0.8976609994422695
1119,David Ospina,GK,751,Unai Simon,0.895691480335503
1119,David Ospina,GK,1130,Camilo Andres Vargas,0.8673043940013607
1119,David Ospina,GK,1212,Benjamin Asare,0.8664557765093018
1119,David Ospina,GK,1,José Raúl Rangel,0.8251964174353541
1119,David Ospina,GK,469,Yahia Fofana,0.8002988734081007
1119,David Ospina,GK,382,Patrick Thomas Beach,0.7836195657543148
1119,David Ospina,GK,287,Angus Fraser James Gunn,0.756656226166672
1120,Daniel Munoz,DF,248,Issa Laye Lucas Jean Diop,0.998583517312536
1120,Daniel Munoz,DF,767,CABRALSidny Sidny Lopes,0.9983441447348907
1120,Daniel Munoz,DF,718,Finn Surman,0.9979349007900439
1120,Daniel Munoz,DF,20,Mateo Chavez,0.9979349007900439
1120,Daniel Munoz,DF,784,Ali Abdulelah Alamri,0.9967837459702138
1120,Daniel Munoz,DF,652,Ahmed Ibrahim Yasser,0.99670244090156
1120,Daniel Munoz,DF,979,Rafik Belghali,0.9806207411847604
1120,Daniel Munoz,DF,431,Nico Cédric Schlotterbeck,0.972075841287463
1120,Daniel Munoz,DF,602,Omar Rekik,0.9719219844051294
1120,Daniel Munoz,DF,1219,Derrick Luckassen,0.9719219844051294
1121,Jhon Janer Lucumi,DF,1169,Tehuti Djed-Hotep Spence,1.0000000000000002
1121,Jhon Janer Lucumi,DF,106,Alistair William Johnston,1.0000000000000002
1121,Jhon Janer Lucumi,DF,1147,Nico Oreilly,1.0000000000000002
1121,Jhon Janer Lucumi,DF,212,MARQUINHOSMarcos,1.0000000000000002
1121,Jhon Janer Lucumi,DF,927,Torbjørn Lysaker Heggem,1.0000000000000002
1121,Jhon Janer Lucumi,DF,962,Nahuel Molina,1.0000000000000002
1121,Jhon Janer Lucumi,DF,237,Noussair Mazraoui,1.0000000000000002
1121,Jhon Janer Lucumi,DF,342,Juan Jose Caceres,1.0000000000000002
1121,Jhon Janer Lucumi,DF,23,Jesús Daniel Gallardo,1.0000000000000002
1121,Jhon Janer Lucumi,DF,858,Maxence Guy Lacroix,1.0000000000000002
1122,Santiago Arias,DF,1248,Jorge Abdiel Gutierrez,1.0
1122,Santiago Arias,DF,1226,Fidel Escobar,1.0
1122,Santiago Arias,DF,1192,Luka Vuskovic,1.0
1122,Santiago Arias,DF,107,Alfie Charles Jones,1.0
1122,Santiago Arias,DF,123,Alphonso Boyle Davies,1.0
1122,Santiago Arias,DF,679,Ehsan Hajisafi,1.0
1122,Santiago Arias,DF,693,Arya Yousefi,1.0
1122,Santiago Arias,DF,706,Tyler Grant Bindon,1.0
1122,Santiago Arias,DF,665,Hafez Ramadan Karim Hafez,1.0
1122,Santiago Arias,DF,783,Mohammed Ali Lajami,1.0
1123,Kevin Duvan Castano,MF,72,Hyunjun Yang,1.0
1123,Kevin Duvan Castano,MF,69,Junho Bae,1.0
1123,Kevin Duvan Castano,MF,77,Jisung Eom,1.0
1123,Kevin Duvan Castano,MF,76,Jingyu Kim,1.0
1123,Kevin Duvan Castano,MF,78,Donggyeong Lee,1.0
1123,Kevin Duvan Castano,MF,103,Hugo Sochurek,1.0
1123,Kevin Duvan Castano,MF,1160,Kobbie Boateng Mainoo,1.0
1123,Kevin Duvan Castano,MF,1158,Jordan Brian Henderson,1.0
1123,Kevin Duvan Castano,MF,125,Jonathan Osorio,1.0
1123,Kevin Duvan Castano,MF,1177,Nikola Moro,1.0
1124,Richard Rios,MF,63,Hee Chan Hwang,0.9999999999999999
1124,Richard Rios,MF,86,Vladimír Darida,0.9999999999999999
1124,Richard Rios,MF,100,Tomáš Soucek,0.9999999999999999
1124,Richard Rios,MF,95,Lukáš Provod,0.9999999999999999
1124,Richard Rios,MF,110,Mathieu Choiniere,0.9999999999999999
1124,Richard Rios,MF,1133,Juan Camilo Portilla,0.9999999999999999
1124,Richard Rios,MF,118,Jacob Everett Shaffelburg,0.9999999999999999
1124,Richard Rios,MF,1185,Mario Pasalic,0.9999999999999999
1124,Richard Rios,MF,138,Armin Gigovic,0.9999999999999999
1124,Richard Rios,MF,1103,Oston Urunov,0.9999999999999999
1125,Luis Fernando Diaz,FW,738,Daniel Olmo,0.9965328771889914
1125,Luis Fernando Diaz,FW,589,Viktor Einar Gyokeres,0.9955663296729745
1125,Luis Fernando Diaz,FW,1184,Ivan Perisic,0.9955663296729745
1125,Luis Fernando Diaz,FW,747,Lamine Yamal Yamal,0.9916404247884596
1125,Luis Fernando Diaz,FW,930,Antonio Eromonsele Nordby Nusa,0.9868118347001431
1125,Luis Fernando Diaz,FW,945,Julián Alvarez,0.9816789683148889
1125,Luis Fernando Diaz,FW,513,Gonzalo Jordy Plata,0.9775135240522993
1125,Luis Fernando Diaz,FW,635,Jeremy Baffour Doku,0.9694419097748844
1125,Luis Fernando Diaz,FW,193,Dan Ndoye,0.962270820106055
1125,Luis Fernando Diaz,FW,868,Sadio Mane,0.9591123289743877
1126,Jorge Andres Carrascal,MF,72,Hyunjun Yang,1.0
1126,Jorge Andres Carrascal,MF,69,Junho Bae,1.0
1126,Jorge Andres Carrascal,MF,77,Jisung Eom,1.0
1126,Jorge Andres Carrascal,MF,76,Jingyu Kim,1.0
1126,Jorge Andres Carrascal,MF,78,Donggyeong Lee,1.0
1126,Jorge Andres Carrascal,MF,103,Hugo Sochurek,1.0
1126,Jorge Andres Carrascal,MF,1160,Kobbie Boateng Mainoo,1.0
1126,Jorge Andres Carrascal,MF,1158,Jordan Brian Henderson,1.0
1126,Jorge Andres Carrascal,MF,125,Jonathan Osorio,1.0
1126,Jorge Andres Carrascal,MF,1177,Nikola Moro,1.0
1127,Jhon Andrés Cordoba,FW,93,Pavel Sulc,1.0000000000000002
1127,Jhon Andrés Cordoba,FW,88,Patrik Schick,1.0000000000000002
1127,Jhon Andrés Cordoba,FW,124,Ali Ahmed,1.0000000000000002
1127,Jhon Andrés Cordoba,FW,116,Tanitoluwa Oluwatimilehin Oluwaseyi,1.0000000000000002
1127,Jhon Andrés Cordoba,FW,171,Abdurisag Yusuf Abdurisag,1.0000000000000002
1127,Jhon Andrés Cordoba,FW,150,Esmir Bajraktarevic,1.0000000000000002
1127,Jhon Andrés Cordoba,FW,1051,João Joao Felix,1.0000000000000002
1127,Jhon Andrés Cordoba,FW,827,Federico Sebastian Vinas,1.0000000000000002
1127,Jhon Andrés Cordoba,FW,296,Che Sac Everton Fred Adams,1.0000000000000002
1127,Jhon Andrés Cordoba,FW,953,Giuliano Simeone,1.0000000000000002
1128,James David Rodriguez,MF,190,Remo Marco Freuler,1.0
1128,James David Rodriguez,MF,188,Denis Lemi Zakaria,1.0
1128,James David Rodriguez,MF,1074,Samuel Alain Moutoussamy,1.0
1128,James David Rodriguez,MF,258,Neil Yoni El Aynaoui,1.0
1128,James David Rodriguez,MF,352,Adrián Andrés Cubas,1.0
1128,James David Rodriguez,MF,316,Tyler Shaan Adams,1.0
1128,James David Rodriguez,MF,515,Alan Steven Franco,1.0
1128,James David Rodriguez,MF,421,Aleksandar Pavlovic,1.0
1128,James David Rodriguez,MF,924,Fredrik Aursnes,1.0
1128,James David Rodriguez,MF,972,Fares Chaibi,1.0
1129,Jhon Adolfo Arias,MF,213,Henrique,0.9999944242443854
1129,Jhon Adolfo Arias,MF,240,Ayyoub Bouaddi,0.9985909967528839
1129,Jhon Adolfo Arias,MF,1134,Jefferson Andrés Lerma,0.9985909967528839
1129,Jhon Adolfo Arias,MF,918,Sander Gard Bolin Berge,0.9985909967528839
1129,Jhon Adolfo Arias,MF,320,Mc,0.9985909967528839
1129,Jhon Adolfo Arias,MF,744,Rodrigo Rodri,0.9985909967528839
1129,Jhon Adolfo Arias,MF,838,Emmanuel Boris Kone,0.9985909967528839
1129,Jhon Adolfo Arias,MF,19,Gilberto Rafael Mora,0.9985909967528839
1129,Jhon Adolfo Arias,MF,257,Bilal El Khannouss,0.9980195229400372
1129,Jhon Adolfo Arias,MF,245,Ismael Saibari,0.9974981256490099
1130,Camilo Andres Vargas,GK,336,Matthew Andrew Geary Freese,0.9943756410183203
1130,Camilo Andres Vargas,GK,1,José Raúl Rangel,0.9874747052034891
1130,Camilo Andres Vargas,GK,729,David Raya,0.9841177855094665
1130,Camilo Andres Vargas,GK,751,Unai Simon,0.9747312045517292
1130,Camilo Andres Vargas,GK,1212,Benjamin Asare,0.971149812462865
1130,Camilo Andres Vargas,GK,382,Patrick Thomas Beach,0.9653760476544079
1130,Camilo Andres Vargas,GK,469,Yahia Fofana,0.927348777457314
1130,Camilo Andres Vargas,GK,833,Brice Lauriche Samba,0.9252912268695727
1130,Camilo Andres Vargas,GK,209,Ramsés Alisson,0.9002692934966631
1130,Camilo Andres Vargas,GK,1119,David Ospina,0.8673043940013607
1131,Yerry Fernando Mina,DF,1248,Jorge Abdiel Gutierrez,1.0
1131,Yerry Fernando Mina,DF,1226,Fidel Escobar,1.0
1131,Yerry Fernando Mina,DF,1192,Luka Vuskovic,1.0
1131,Yerry Fernando Mina,DF,107,Alfie Charles Jones,1.0
1131,Yerry Fernando Mina,DF,123,Alphonso Boyle Davies,1.0
1131,Yerry Fernando Mina,DF,679,Ehsan Hajisafi,1.0
1131,Yerry Fernando Mina,DF,693,Arya Yousefi,1.0
1131,Yerry Fernando Mina,DF,706,Tyler Grant Bindon,1.0
1131,Yerry Fernando Mina,DF,665,Hafez Ramadan Karim Hafez,1.0
1131,Yerry Fernando Mina,DF,783,Mohammed Ali Lajami,1.0
1132,Gustavo Adolfo Puerta,DF,314,Sergiño Gianni Dest,0.9999322010778848
1132,Gustavo Adolfo Puerta,DF,915,David Møller Moller Wolfe,0.9999322010778848
1132,Gustavo Adolfo Puerta,DF,135,Sead Kolasinac,0.9997982299964936
1132,Gustavo Adolfo Puerta,DF,639,Thomas Andre Meunier,0.9994831106994965
1132,Gustavo Adolfo Puerta,DF,1092,Arthur Fuka Masuaku,0.9983918358145322
1132,Gustavo Adolfo Puerta,DF,877,Moussa Niakhate,0.9980350042675554
1132,Gustavo Adolfo Puerta,DF,996,David Alaba,0.9915790358519733
1132,Gustavo Adolfo Puerta,DF,1060,Pedro Joao Cancelo,0.9806523106708952
1132,Gustavo Adolfo Puerta,DF,542,Denzel Justus Morris Dumfries,0.9530225102554379
1132,Gustavo Adolfo Puerta,DF,2,Jorge Eduardo Sanchez,0.9515505935957932
1133,Juan Camilo Portilla,MF,63,Hee Chan Hwang,0.9999999999999999
1133,Juan Camilo Portilla,MF,86,Vladimír Darida,0.9999999999999999
1133,Juan Camilo Portilla,MF,100,Tomáš Soucek,0.9999999999999999
1133,Juan Camilo Portilla,MF,95,Lukáš Provod,0.9999999999999999
1133,Juan Camilo Portilla,MF,110,Mathieu Choiniere,0.9999999999999999
1133,Juan Camilo Portilla,MF,118,Jacob Everett Shaffelburg,0.9999999999999999
1133,Juan Camilo Portilla,MF,1185,Mario Pasalic,0.9999999999999999
1133,Juan Camilo Portilla,MF,138,Armin Gigovic,0.9999999999999999
1133,Juan Camilo Portilla,MF,1103,Oston Urunov,0.9999999999999999
1133,Juan Camilo Portilla,MF,1109,Dostonbek Khamdamov,0.9999999999999999
1134,Jefferson Andrés Lerma,MF,240,Ayyoub Bouaddi,0.9999999999999998
1134,Jefferson Andrés Lerma,MF,918,Sander Gard Bolin Berge,0.9999999999999998
1134,Jefferson Andrés Lerma,MF,320,Mc,0.9999999999999998
1134,Jefferson Andrés Lerma,MF,744,Rodrigo Rodri,0.9999999999999998
1134,Jefferson Andrés Lerma,MF,19,Gilberto Rafael Mora,0.9999999999999998
1134,Jefferson Andrés Lerma,MF,838,Emmanuel Boris Kone,0.9999999999999998
1134,Jefferson Andrés Lerma,MF,257,Bilal El Khannouss,0.9987000498249574
1134,Jefferson Andrés Lerma,MF,1129,Jhon Adolfo Arias,0.9985909967528839
1134,Jefferson Andrés Lerma,MF,213,Henrique,0.9984082204887947
1134,Jefferson Andrés Lerma,MF,748,Pedro Pedri,0.9966353324159554
1135,Johan Andrés Mojica,DF,74,Youngwoo Seol,0.9999999999999999
1135,Johan Andrés Mojica,DF,82,Robin Hranac,0.9999999999999999
1135,Johan Andrés Mojica,DF,15,Israel Reyes,0.9999999999999999
1135,Johan Andrés Mojica,DF,1173,Marin Pongracic,0.9999999999999999
1135,Johan Andrés Mojica,DF,108,Luc De Fougerolles,0.9999999999999999
1135,Johan Andrés Mojica,DF,1200,Jonas Adjei Adjetey,0.9999999999999999
1135,Johan Andrés Mojica,DF,1094,Abdukodir Khusanov,0.9999999999999999
1135,Johan Andrés Mojica,DF,207,Luca Antony Jaquez,0.9999999999999999
1135,Johan Andrés Mojica,DF,1105,Sherzod Nasrullaev,0.9999999999999999
1135,Johan Andrés Mojica,DF,1097,Rustamjon Ashurmatov,0.9999999999999999
1136,Willer Emilio Ditta,DF,1247,Roderick Alonso Miller,1.0
1136,Willer Emilio Ditta,DF,1156,Trevoh Tom Chalobah,1.0
1136,Willer Emilio Ditta,DF,1159,Daniel Johnson Burn,1.0
1136,Willer Emilio Ditta,DF,1237,Eric Javier Davis,1.0
1136,Willer Emilio Ditta,DF,805,Abdullatif Jehad Thikri,1.0
1136,Willer Emilio Ditta,DF,808,José María Gimenez,1.0
1136,Willer Emilio Ditta,DF,810,Ronald Federico Araujo,1.0
1136,Willer Emilio Ditta,DF,28,Tholo Thabang Matuludi,1.0
1136,Willer Emilio Ditta,DF,29,Khulumani Ndamane,1.0
1136,Willer Emilio Ditta,DF,44,Samukele Alucious Kabini,1.0
1137,Juan Camilo Hernandez,FW,34,Tshepang Moremi,0.9860743443666494
1137,Juan Camilo Hernandez,FW,416,Can Yılmaz Uzun,0.980520269762787
1137,Juan Camilo Hernandez,FW,957,Jose Manuel Alberto Lopez,0.9774026993281685
1137,Juan Camilo Hernandez,FW,565,Koki Ogawa,0.974062075596906
1137,Juan Camilo Hernandez,FW,1079,Meschack Lina Elia,0.9667262877735542
1137,Juan Camilo Hernandez,FW,530,Memphis Depay,0.9518812566987783
1137,Juan Camilo Hernandez,FW,1220,Ernest Nuamah Nuamah,0.946539100956255
1137,Juan Camilo Hernandez,FW,25,Roberto Carlos Alvarado,0.9458973496364249
1137,Juan Camilo Hernandez,FW,871,Iliman Cheikh Baroy Ndiaye,0.8716047683889154
1137,Juan Camilo Hernandez,FW,662,Yousry Fouad Haissem Hassan,0.8583444512269883
1138,Juan Fernando Quintero,MF,1165,Eberechi Oluchi Eze,0.9993836563780473
1138,Juan Fernando Quintero,MF,931,Andreas Rædergård Schjelderup,0.9989851070302792
1138,Juan Fernando Quintero,MF,436,Nadiem Amiri,0.9977160530408954
1138,Juan Fernando Quintero,MF,554,Takefusa Kubo,0.9974330566980488
1138,Juan Fernando Quintero,MF,579,Lucas Erik Holger Bergvall,0.9941936057553225
1138,Juan Fernando Quintero,MF,951,Nicolas Ivan Gonzalez,0.992166247968687
1138,Juan Fernando Quintero,MF,970,Houssem-Eddine Chaabane Aouar,0.983583870664168
1138,Juan Fernando Quintero,MF,102,Alexandr Sojka,0.9829614634745658
1138,Juan Fernando Quintero,MF,143,Ivan Basic,0.9821987653347513
1138,Juan Fernando Quintero,MF,388,Paul Michael Junior Okon-Engstler,0.9817376476849521
1139,Jaminton Leandro Campaz,FW,166,Khalid Hassan Alhaydos,0.9979770828909333
1139,Jaminton Leandro Campaz,FW,155,Jovo Lukic,0.9960843915060039
1139,Jaminton Leandro Campaz,FW,218,Neymar Neymar Jr,0.9955740259619351
1139,Jaminton Leandro Campaz,FW,995,Marko Arnautovic,0.9948745069014278
1139,Jaminton Leandro Campaz,FW,1085,Mayele Fiston Mayele,0.9937020262157054
1139,Jaminton Leandro Campaz,FW,1002,Saša Kalajdzic,0.9930677114805164
1139,Jaminton Leandro Campaz,FW,974,Ahmed Nadhir Benbouali,0.9898091464087354
1139,Jaminton Leandro Campaz,FW,243,Soufiane Rahimi,0.9893659608082429
1139,Jaminton Leandro Campaz,FW,607,Hazem Mastouri,0.9872250090534733
1139,Jaminton Leandro Campaz,FW,9,Raúl Alonso Jimenez,0.9732123910905811
1140,Deiver Machado,DF,65,Taeseok Lee,1.0000000000000002
1140,Deiver Machado,DF,81,Tomáš Holes,1.0000000000000002
1140,Deiver Machado,DF,1174,Joško Gvardiol,1.0000000000000002
1140,Deiver Machado,DF,1149,John Stones,1.0000000000000002
1140,Deiver Machado,DF,1110,Abdulla Abdullaev,1.0000000000000002
1140,Deiver Machado,DF,1116,Behruzjon Karimov,1.0000000000000002
1140,Deiver Machado,DF,119,Moïse Bombito Bombito,1.0000000000000002
1140,Deiver Machado,DF,1069,Steve Nkanu Kapuadi,1.0000000000000002
1140,Deiver Machado,DF,861,Kalidou Koulibaly,1.0000000000000002
1140,Deiver Machado,DF,1004,Phillip Mwene,1.0000000000000002
1141,Davinson Sanchez,DF,1168,Reece Lewis James,1.0
1141,Davinson Sanchez,DF,117,Derek Austin Cornelius,1.0
1141,Davinson Sanchez,DF,1210,Gideon Mensah,1.0
1141,Davinson Sanchez,DF,1176,Josip Sutalo,1.0
1141,Davinson Sanchez,DF,186,Nico Elvedi,1.0
1141,Davinson Sanchez,DF,148,Nikola Katic,1.0
1141,Davinson Sanchez,DF,126,Richmond Mamah Laryea,1.0
1141,Davinson Sanchez,DF,1068,Wan Wan-Bissaka,1.0
1141,Davinson Sanchez,DF,1070,Axel Tuanzebe,1.0
1141,Davinson Sanchez,DF,1088,Mangulu Chancel Mbemba,1.0
1142,Álvaro David Montero,GK,12,Carlos Acevedo,1.0
1142,Álvaro David Montero,GK,64,Bumkeun Song,1.0
1142,Álvaro David Montero,GK,48,Stuart Ricardo Goss,1.0
1142,Álvaro David Montero,GK,42,Sipho Justin Chaine,1.0
1142,Álvaro David Montero,GK,122,Owen Olamidayo Goodman,1.0
1142,Álvaro David Montero,GK,101,Lukáš Hornicek,1.0
1142,Álvaro David Montero,GK,94,Jind ř ich Stanek,1.0
1142,Álvaro David Montero,GK,73,Hyeonwoo Jo,1.0
1142,Álvaro David Montero,GK,220,Weverton Weverton,1.0
1142,Álvaro David Montero,GK,231,Ederson Ederson,1.0
1143,Luis Javier Suarez,FW,234,Vitor Rayan,0.997363550959334
1143,Luis Javier Suarez,FW,322,Christian Mate Pulisic,0.9908938552262045
1143,Luis Javier Suarez,FW,1058,Pedro Pedro Neto,0.9833223538607039
1143,Luis Javier Suarez,FW,479,Yan Diomande,0.981631271185019
1143,Luis Javier Suarez,FW,868,Sadio Mane,0.9799789136367895
1143,Luis Javier Suarez,FW,164,Junior Edmilson,0.9727069866268034
1143,Luis Javier Suarez,FW,244,Brahim Diaz,0.9391126488772892
1143,Luis Javier Suarez,FW,503,John Yeboah,0.9274462861768832
1143,Luis Javier Suarez,FW,917,Alexander Sorloth,0.9274462861768832
1143,Luis Javier Suarez,FW,121,Tajon Trevor Buchanan,0.9274462861768832
1144,Carlos Andrés Gomez,FW,1246,Azarías Emmanuel Londono,0.9999999999999997
1144,Carlos Andrés Gomez,FW,10,Ernesto Alexis Vega,0.9999999999999997
1144,Carlos Andrés Gomez,FW,14,Armando Gonzalez,0.9999999999999997
1144,Carlos Andrés Gomez,FW,21,César Saúl Huerta,0.9999999999999997
1144,Carlos Andrés Gomez,FW,97,Tomáš Chory,0.9999999999999997
1144,Carlos Andrés Gomez,FW,91,Mojmír Chytil,0.9999999999999997
1144,Carlos Andrés Gomez,FW,139,Samed Bazdar,0.9999999999999997
1144,Carlos Andrés Gomez,FW,130,Jayden Nelson,0.9999999999999997
1144,Carlos Andrés Gomez,FW,1113,Igor Sergeev,0.9999999999999997
1144,Carlos Andrés Gomez,FW,1089,Simon Bokote Banza,0.9999999999999997
1145,Jordan Lee Pickford,GK,235,Yassine Bounou,0.9877795691281315
1145,Jordan Lee Pickford,GK,625,Thibaut Nicolas Courtois,0.981672959647864
1145,Jordan Lee Pickford,GK,547,Zion Suzuki,0.9799609021797631
1145,Jordan Lee Pickford,GK,183,Gregor Kobel,0.9693479410871607
1145,Jordan Lee Pickford,GK,959,Damián Emiliano Martinez,0.962638131907817
1145,Jordan Lee Pickford,GK,848,Mike Peterson Maignan,0.928531054124307
1145,Jordan Lee Pickford,GK,209,Ramsés Alisson,0.9036405557077943
1145,Jordan Lee Pickford,GK,120,Maxime Crepeau,0.8872521525797786
1145,Jordan Lee Pickford,GK,1171,Dominik Livakovic,0.8798218992154112
1145,Jordan Lee Pickford,GK,911,Ørjan Haskjold Nyland,0.8455629845829895
1146,Ezri Ngoyo Konsa,DF,942,Lisandro Martinez,0.9923640194699481
1146,Ezri Ngoyo Konsa,DF,949,Cristian Gabriel Romero,0.9922737764755923
1146,Ezri Ngoyo Konsa,DF,1065,Alexandre Nuno,0.9609135231298814
1146,Ezri Ngoyo Konsa,DF,236,Achraf Hakimi,0.9563411941491592
1146,Ezri Ngoyo Konsa,DF,740,Pedro Antonio Porro,0.9347237671714583
1146,Ezri Ngoyo Konsa,DF,526,Paul Jan-Paul Van Hecke,0.8656765424310545
1146,Ezri Ngoyo Konsa,DF,524,Virgil Van Dijk,0.8656765424310545
1146,Ezri Ngoyo Konsa,DF,979,Rafik Belghali,0.8290664409329986
1146,Ezri Ngoyo Konsa,DF,837,Jules Olivier Kounde,0.8113127754040511
1146,Ezri Ngoyo Konsa,DF,187,Manuel Obafemi Akanji,0.7999168794772835
1147,Nico Oreilly,DF,1169,Tehuti Djed-Hotep Spence,1.0000000000000002
1147,Nico Oreilly,DF,106,Alistair William Johnston,1.0000000000000002
1147,Nico Oreilly,DF,1121,Jhon Janer Lucumi,1.0000000000000002
1147,Nico Oreilly,DF,212,MARQUINHOSMarcos,1.0000000000000002
1147,Nico Oreilly,DF,927,Torbjørn Lysaker Heggem,1.0000000000000002
1147,Nico Oreilly,DF,962,Nahuel Molina,1.0000000000000002
1147,Nico Oreilly,DF,237,Noussair Mazraoui,1.0000000000000002
1147,Nico Oreilly,DF,342,Juan Jose Caceres,1.0000000000000002
1147,Nico Oreilly,DF,23,Jesús Daniel Gallardo,1.0000000000000002
1147,Nico Oreilly,DF,858,Maxence Guy Lacroix,1.0000000000000002
1148,Declan Rice,MF,1063,Vitor Vitinha,0.9974491973969674
1148,Declan Rice,MF,661,Mohamed Zaky Mostafa Zico,0.9960242197252643
1148,Declan Rice,MF,6,Erik Antonio Lira,0.9935706916489929
1148,Declan Rice,MF,840,Aurélien Djani Tchouameni,0.9841476557292426
1148,Declan Rice,MF,743,Alejandro Baena,0.9802062885698694
1148,Declan Rice,MF,361,Matias Galarza,0.9758588625930903
1148,Declan Rice,MF,1161,Morgan Elliot Rogers,0.9758493079440584
1148,Declan Rice,MF,1152,Elliot Junior Anderson,0.9743916720965279
1148,Declan Rice,MF,1154,Jude Victor William Bellingham,0.9669183137113375
1148,Declan Rice,MF,956,Alexis Mac Allister,0.9653557862121646
1149,John Stones,DF,65,Taeseok Lee,1.0000000000000002
1149,John Stones,DF,81,Tomáš Holes,1.0000000000000002
1149,John Stones,DF,1174,Joško Gvardiol,1.0000000000000002
1149,John Stones,DF,1110,Abdulla Abdullaev,1.0000000000000002
1149,John Stones,DF,1116,Behruzjon Karimov,1.0000000000000002
1149,John Stones,DF,119,Moïse Bombito Bombito,1.0000000000000002
1149,John Stones,DF,1140,Deiver Machado,1.0000000000000002
1149,John Stones,DF,1069,Steve Nkanu Kapuadi,1.0000000000000002
1149,John Stones,DF,861,Kalidou Koulibaly,1.0000000000000002
1149,John Stones,DF,1004,Phillip Mwene,1.0000000000000002
1150,Keaninkin Marc-Isreal Guehi,DF,187,Manuel Obafemi Akanji,1.0000000000000002
1150,Keaninkin Marc-Isreal Guehi,DF,252,Chadi Riad,1.0000000000000002
1150,Keaninkin Marc-Isreal Guehi,DF,849,William Alain André Gabriel Saliba,1.0000000000000002
1150,Keaninkin Marc-Isreal Guehi,DF,837,Jules Olivier Kounde,0.9995466585685674
1150,Keaninkin Marc-Isreal Guehi,DF,106,Alistair William Johnston,0.9987606806481013
1150,Keaninkin Marc-Isreal Guehi,DF,1147,Nico Oreilly,0.9987606806481013
1150,Keaninkin Marc-Isreal Guehi,DF,1121,Jhon Janer Lucumi,0.9987606806481013
1150,Keaninkin Marc-Isreal Guehi,DF,342,Juan Jose Caceres,0.9987606806481013
1150,Keaninkin Marc-Isreal Guehi,DF,927,Torbjørn Lysaker Heggem,0.9987606806481013
1150,Keaninkin Marc-Isreal Guehi,DF,237,Noussair Mazraoui,0.9987606806481013
1151,Bukayo Ayoyinka Saka,FW,969,Riyad Karim Mahrez,0.984898471800511
1151,Bukayo Ayoyinka Saka,FW,1155,Marcus Rashford,0.9815123822697006
1151,Bukayo Ayoyinka Saka,FW,189,Breel Donald Embolo,0.9730510217838191
1151,Bukayo Ayoyinka Saka,FW,199,Ruben Estephan Vargas,0.96729026163606
1151,Bukayo Ayoyinka Saka,FW,946,Lionel Andrés Messi,0.9627411358485316
1151,Bukayo Ayoyinka Saka,FW,634,Leandro Trossard,0.9510405577001296
1151,Bukayo Ayoyinka Saka,FW,842,Kylian Mbappe,0.936760476092227
1151,Bukayo Ayoyinka Saka,FW,564,Ayase Ueda,0.9265228475294787
1151,Bukayo Ayoyinka Saka,FW,531,Cody Mathès Gakpo,0.9245530629366218
1151,Bukayo Ayoyinka Saka,FW,1024,Mohammad Mousa Mousa Altamari,0.9197635743316243
1152,Elliot Junior Anderson,MF,743,Alejandro Baena,0.9993575487328714
1152,Elliot Junior Anderson,MF,956,Alexis Mac Allister,0.9991050018708755
1152,Elliot Junior Anderson,MF,840,Aurélien Djani Tchouameni,0.9953918439635613
1152,Elliot Junior Anderson,MF,1154,Jude Victor William Bellingham,0.9882292378161511
1152,Elliot Junior Anderson,MF,1148,Declan Rice,0.9743916720965279
1152,Elliot Junior Anderson,MF,6,Erik Antonio Lira,0.9732970512109735
1152,Elliot Junior Anderson,MF,748,Pedro Pedri,0.9716793031313083
1152,Elliot Junior Anderson,MF,960,Enzo Jeremías Fernandez,0.9714698723152635
1152,Elliot Junior Anderson,MF,257,Bilal El Khannouss,0.9644311580185468
1152,Elliot Junior Anderson,MF,245,Ismael Saibari,0.9611323367025583
1153,Harry Edward Kane,FW,215,José Vinicius,0.9995524277933417
1153,Harry Edward Kane,FW,531,Cody Mathès Gakpo,0.9949032598019473
1153,Harry Edward Kane,FW,842,Kylian Mbappe,0.9920164924668476
1153,Harry Edward Kane,FW,564,Ayase Ueda,0.9874030398414086
1153,Harry Edward Kane,FW,1086,Yoane Wissa,0.9855590690523309
1153,Harry Edward Kane,FW,423,Kai Lukas Havertz,0.984799148430203
1153,Harry Edward Kane,FW,1047,Ronaldo Cristiano Ronaldo,0.9841191948098785
1153,Harry Edward Kane,FW,114,Jonathan Christian David,0.9817189161169352
1153,Harry Edward Kane,FW,749,Mikel Oyarzabal,0.9804924448564839
1153,Harry Edward Kane,FW,217,Matheus Matheus Cunha,0.9658126840011093
1154,Jude Victor William Bellingham,MF,743,Alejandro Baena,0.9913765757703125
1154,Jude Victor William Bellingham,MF,956,Alexis Mac Allister,0.989997241049779
1154,Jude Victor William Bellingham,MF,1152,Elliot Junior Anderson,0.9882292378161511
1154,Jude Victor William Bellingham,MF,840,Aurélien Djani Tchouameni,0.9826099086038687
1154,Jude Victor William Bellingham,MF,1148,Declan Rice,0.9669183137113375
1154,Jude Victor William Bellingham,MF,960,Enzo Jeremías Fernandez,0.9621656420136364
1154,Jude Victor William Bellingham,MF,245,Ismael Saibari,0.9612927097722896
1154,Jude Victor William Bellingham,MF,748,Pedro Pedri,0.9593451886130828
1154,Jude Victor William Bellingham,MF,6,Erik Antonio Lira,0.9592720112868229
1154,Jude Victor William Bellingham,MF,661,Mohamed Zaky Mostafa Zico,0.9585144465479968
1155,Marcus Rashford,FW,189,Breel Donald Embolo,0.9976033307361225
1155,Marcus Rashford,FW,634,Leandro Trossard,0.9904779181865345
1155,Marcus Rashford,FW,1151,Bukayo Ayoyinka Saka,0.9815123822697006
1155,Marcus Rashford,FW,564,Ayase Ueda,0.9597036556320087
1155,Marcus Rashford,FW,842,Kylian Mbappe,0.9560435212328159
1155,Marcus Rashford,FW,357,Julio Cesar Enciso,0.949410835017839
1155,Marcus Rashford,FW,969,Riyad Karim Mahrez,0.9373226035879046
1155,Marcus Rashford,FW,531,Cody Mathès Gakpo,0.92935895515797
1155,Marcus Rashford,FW,581,Alexander Isak,0.9291760117687807
1155,Marcus Rashford,FW,946,Lionel Andrés Messi,0.9279841650292575
1156,Trevoh Tom Chalobah,DF,1247,Roderick Alonso Miller,1.0
1156,Trevoh Tom Chalobah,DF,1159,Daniel Johnson Burn,1.0
1156,Trevoh Tom Chalobah,DF,1237,Eric Javier Davis,1.0
1156,Trevoh Tom Chalobah,DF,805,Abdullatif Jehad Thikri,1.0
1156,Trevoh Tom Chalobah,DF,808,José María Gimenez,1.0
1156,Trevoh Tom Chalobah,DF,810,Ronald Federico Araujo,1.0
1156,Trevoh Tom Chalobah,DF,28,Tholo Thabang Matuludi,1.0
1156,Trevoh Tom Chalobah,DF,29,Khulumani Ndamane,1.0
1156,Trevoh Tom Chalobah,DF,44,Samukele Alucious Kabini,1.0
1156,Trevoh Tom Chalobah,DF,50,Olwethu Mpilwenhle Makhanya,1.0
1157,Dean Bradley Henderson,GK,599,Abdelmouhib Chamakh,0.9980803704180232
1157,Dean Bradley Henderson,GK,906,Basil Fadhil Ahmed,0.9903174810766197
1157,Dean Bradley Henderson,GK,651,Elsayed Mohamed Mohamed Elshenawy,0.9890468064187751
1157,Dean Bradley Henderson,GK,1036,Ra'ed Mahmoud Abdallah Alfakhori,0.9742771130653747
1157,Dean Bradley Henderson,GK,923,Egil Selvik,0.9717525068762067
1157,Dean Bradley Henderson,GK,874,Edouard Osoque Mendy,0.9703065424106359
1157,Dean Bradley Henderson,GK,595,Bo Kristoffer Nordfeldt,0.9660539688015106
1157,Dean Bradley Henderson,GK,896,Hasan Hachim Jalal Hassan,0.9629522813400968
1157,Dean Bradley Henderson,GK,614,Aymen Dahmen,0.9214157481994866
1157,Dean Bradley Henderson,GK,157,Ibrahim Mahmoud Abunada,0.9158408466018975
1158,Jordan Brian Henderson,MF,72,Hyunjun Yang,1.0
1158,Jordan Brian Henderson,MF,69,Junho Bae,1.0
1158,Jordan Brian Henderson,MF,77,Jisung Eom,1.0
1158,Jordan Brian Henderson,MF,76,Jingyu Kim,1.0
1158,Jordan Brian Henderson,MF,78,Donggyeong Lee,1.0
1158,Jordan Brian Henderson,MF,103,Hugo Sochurek,1.0
1158,Jordan Brian Henderson,MF,1160,Kobbie Boateng Mainoo,1.0
1158,Jordan Brian Henderson,MF,125,Jonathan Osorio,1.0
1158,Jordan Brian Henderson,MF,1177,Nikola Moro,1.0
1158,Jordan Brian Henderson,MF,1100,Jamshid Iskanderov,1.0
1159,Daniel Johnson Burn,DF,1247,Roderick Alonso Miller,1.0
1159,Daniel Johnson Burn,DF,1156,Trevoh Tom Chalobah,1.0
1159,Daniel Johnson Burn,DF,1237,Eric Javier Davis,1.0
1159,Daniel Johnson Burn,DF,805,Abdullatif Jehad Thikri,1.0
1159,Daniel Johnson Burn,DF,808,José María Gimenez,1.0
1159,Daniel Johnson Burn,DF,810,Ronald Federico Araujo,1.0
1159,Daniel Johnson Burn,DF,28,Tholo Thabang Matuludi,1.0
1159,Daniel Johnson Burn,DF,29,Khulumani Ndamane,1.0
1159,Daniel Johnson Burn,DF,44,Samukele Alucious Kabini,1.0
1159,Daniel Johnson Burn,DF,50,Olwethu Mpilwenhle Makhanya,1.0
1160,Kobbie Boateng Mainoo,MF,72,Hyunjun Yang,1.0
1160,Kobbie Boateng Mainoo,MF,69,Junho Bae,1.0
1160,Kobbie Boateng Mainoo,MF,77,Jisung Eom,1.0
1160,Kobbie Boateng Mainoo,MF,76,Jingyu Kim,1.0
1160,Kobbie Boateng Mainoo,MF,78,Donggyeong Lee,1.0
1160,Kobbie Boateng Mainoo,MF,103,Hugo Sochurek,1.0
1160,Kobbie Boateng Mainoo,MF,1158,Jordan Brian Henderson,1.0
1160,Kobbie Boateng Mainoo,MF,125,Jonathan Osorio,1.0
1160,Kobbie Boateng Mainoo,MF,1177,Nikola Moro,1.0
1160,Kobbie Boateng Mainoo,MF,1100,Jamshid Iskanderov,1.0
1161,Morgan Elliot Rogers,MF,517,Moisés Isaac Caicedo,0.9981139299900662
1161,Morgan Elliot Rogers,MF,509,Pedro Jeampierre Vite,0.9981139299900662
1161,Morgan Elliot Rogers,MF,846,Adrien Thibault Marie Rabiot,0.9981139299900662
1161,Morgan Elliot Rogers,MF,1207,Antoine Serlom Semenyo,0.9981139299900662
1161,Morgan Elliot Rogers,MF,361,Matias Galarza,0.9974090398928084
1161,Morgan Elliot Rogers,MF,943,Rodrigo Javier De Paul,0.9956190183518113
1161,Morgan Elliot Rogers,MF,1048,Miguel Bruno,0.9935833461784077
1161,Morgan Elliot Rogers,MF,1180,Luka Modric,0.9899496994533487
1161,Morgan Elliot Rogers,MF,994,Nicolas Seiwald,0.9887318891707007
1161,Morgan Elliot Rogers,MF,1063,Vitor Vitinha,0.9879764868894579
1162,Anthony Michael Gordon,FW,660,Hamed Mahrous Mohamed Salah,0.9999592037784284
1162,Anthony Michael Gordon,FW,357,Julio Cesar Enciso,0.9959306688537471
1162,Anthony Michael Gordon,FW,843,Michael Akpovie Olise,0.9942700945369546
1162,Anthony Michael Gordon,FW,244,Brahim Diaz,0.9879048724833881
1162,Anthony Michael Gordon,FW,581,Alexander Isak,0.976107074641642
1162,Anthony Michael Gordon,FW,738,Daniel Olmo,0.9693843759944487
1162,Anthony Michael Gordon,FW,589,Viktor Einar Gyokeres,0.965293095331309
1162,Anthony Michael Gordon,FW,1184,Ivan Perisic,0.965293095331309
1162,Anthony Michael Gordon,FW,634,Leandro Trossard,0.9495482600886086
1162,Anthony Michael Gordon,FW,1125,Luis Fernando Diaz,0.9468351048555518
1163,George Arthur Watkins,FW,1246,Azarías Emmanuel Londono,0.9999999999999997
1163,George Arthur Watkins,FW,10,Ernesto Alexis Vega,0.9999999999999997
1163,George Arthur Watkins,FW,14,Armando Gonzalez,0.9999999999999997
1163,George Arthur Watkins,FW,21,César Saúl Huerta,0.9999999999999997
1163,George Arthur Watkins,FW,97,Tomáš Chory,0.9999999999999997
1163,George Arthur Watkins,FW,91,Mojmír Chytil,0.9999999999999997
1163,George Arthur Watkins,FW,139,Samed Bazdar,0.9999999999999997
1163,George Arthur Watkins,FW,130,Jayden Nelson,0.9999999999999997
1163,George Arthur Watkins,FW,1144,Carlos Andrés Gomez,0.9999999999999997
1163,George Arthur Watkins,FW,1113,Igor Sergeev,0.9999999999999997
1164,Azuka Tristan Madueke,FW,11,Santiago Tomás Gimenez,1.0000000000000002
1164,Azuka Tristan Madueke,FW,141,Edin Dzeko,1.0000000000000002
1164,Azuka Tristan Madueke,FW,167,Hassan Akram,1.0000000000000002
1164,Azuka Tristan Madueke,FW,1083,Cedric Bakambu,1.0000000000000002
1164,Azuka Tristan Madueke,FW,275,Ruben Fritzner Providence,1.0000000000000002
1164,Azuka Tristan Madueke,FW,954,Nicolas Paz,1.0000000000000002
1164,Azuka Tristan Madueke,FW,936,Julian Ryerson,1.0000000000000002
1164,Azuka Tristan Madueke,FW,952,Thiago Ezequiel Almada,1.0000000000000002
1164,Azuka Tristan Madueke,FW,477,Ange-Yoan Laurent Bonny,1.0000000000000002
1164,Azuka Tristan Madueke,FW,451,Jürgen Leonardo Locadia,1.0000000000000002
1165,Eberechi Oluchi Eze,MF,1138,Juan Fernando Quintero,0.9993836563780473
1165,Eberechi Oluchi Eze,MF,931,Andreas Rædergård Schjelderup,0.9973577704847804
1165,Eberechi Oluchi Eze,MF,579,Lucas Erik Holger Bergvall,0.9969725131358971
1165,Eberechi Oluchi Eze,MF,951,Nicolas Ivan Gonzalez,0.9954362075334109
1165,Eberechi Oluchi Eze,MF,436,Nadiem Amiri,0.9954019147021833
1165,Eberechi Oluchi Eze,MF,554,Takefusa Kubo,0.9953713542968945
1165,Eberechi Oluchi Eze,MF,970,Houssem-Eddine Chaabane Aouar,0.9792689473841073
1165,Eberechi Oluchi Eze,MF,102,Alexandr Sojka,0.9792368948010762
1165,Eberechi Oluchi Eze,MF,143,Ivan Basic,0.978906347530325
1165,Eberechi Oluchi Eze,MF,388,Paul Michael Junior Okon-Engstler,0.9786541093883054
1166,Ivan Benjamin Elijah Toney,FW,1240,Cecilio Alfonso Waterman,0.9999999999999998
1166,Ivan Benjamin Elijah Toney,FW,1239,Jose Fajardo,0.9999999999999998
1166,Ivan Benjamin Elijah Toney,FW,104,Denis Visinsky,0.9999999999999998
1166,Ivan Benjamin Elijah Toney,FW,1027,Nayef Ahmad Mahmoud Almardi,0.9999999999999998
1166,Ivan Benjamin Elijah Toney,FW,973,Anis Hadj Moussa,0.9999999999999998
1166,Ivan Benjamin Elijah Toney,FW,1066,Francisco Francisco Conceicao,0.9999999999999998
1166,Ivan Benjamin Elijah Toney,FW,1038,Ahmad Ali Ali Azaizeh,0.9999999999999998
1166,Ivan Benjamin Elijah Toney,FW,921,Jørgen Strand Strand Larsen,0.9999999999999998
1166,Ivan Benjamin Elijah Toney,FW,763,BENCHIMOLGilson Gilson,0.9999999999999998
1166,Ivan Benjamin Elijah Toney,FW,271,Don Deedson Deedson,0.9999999999999998
1167,James Harrington Trafford,GK,12,Carlos Acevedo,1.0
1167,James Harrington Trafford,GK,64,Bumkeun Song,1.0
1167,James Harrington Trafford,GK,48,Stuart Ricardo Goss,1.0
1167,James Harrington Trafford,GK,42,Sipho Justin Chaine,1.0
1167,James Harrington Trafford,GK,122,Owen Olamidayo Goodman,1.0
1167,James Harrington Trafford,GK,101,Lukáš Hornicek,1.0
1167,James Harrington Trafford,GK,94,Jind ř ich Stanek,1.0
1167,James Harrington Trafford,GK,73,Hyeonwoo Jo,1.0
1167,James Harrington Trafford,GK,220,Weverton Weverton,1.0
1167,James Harrington Trafford,GK,231,Ederson Ederson,1.0
1168,Reece Lewis James,DF,117,Derek Austin Cornelius,1.0
1168,Reece Lewis James,DF,1210,Gideon Mensah,1.0
1168,Reece Lewis James,DF,1176,Josip Sutalo,1.0
1168,Reece Lewis James,DF,1141,Davinson Sanchez,1.0
1168,Reece Lewis James,DF,186,Nico Elvedi,1.0
1168,Reece Lewis James,DF,148,Nikola Katic,1.0
1168,Reece Lewis James,DF,126,Richmond Mamah Laryea,1.0
1168,Reece Lewis James,DF,1068,Wan Wan-Bissaka,1.0
1168,Reece Lewis James,DF,1070,Axel Tuanzebe,1.0
1168,Reece Lewis James,DF,1088,Mangulu Chancel Mbemba,1.0
1169,Tehuti Djed-Hotep Spence,DF,106,Alistair William Johnston,1.0000000000000002
1169,Tehuti Djed-Hotep Spence,DF,1147,Nico Oreilly,1.0000000000000002
1169,Tehuti Djed-Hotep Spence,DF,1121,Jhon Janer Lucumi,1.0000000000000002
1169,Tehuti Djed-Hotep Spence,DF,212,MARQUINHOSMarcos,1.0000000000000002
1169,Tehuti Djed-Hotep Spence,DF,927,Torbjørn Lysaker Heggem,1.0000000000000002
1169,Tehuti Djed-Hotep Spence,DF,962,Nahuel Molina,1.0000000000000002
1169,Tehuti Djed-Hotep Spence,DF,237,Noussair Mazraoui,1.0000000000000002
1169,Tehuti Djed-Hotep Spence,DF,342,Juan Jose Caceres,1.0000000000000002
1169,Tehuti Djed-Hotep Spence,DF,23,Jesús Daniel Gallardo,1.0000000000000002
1169,Tehuti Djed-Hotep Spence,DF,858,Maxence Guy Lacroix,1.0000000000000002
1170,Jarell Amorin Quansah,DF,497,Piero Martin Hincapie,0.999462337912958
1170,Jarell Amorin Quansah,DF,649,Nathan Ngoy,0.9989024673150644
1170,Jarell Amorin Quansah,DF,134,Tarik Muharemovic,0.9929785809409546
1170,Jarell Amorin Quansah,DF,170,Elamin Homam,0.9759878489519573
1170,Jarell Amorin Quansah,DF,3,César Jasib Montes,0.9759476678814853
1170,Jarell Amorin Quansah,DF,886,Ghareeb Solaka Rebin Sulaka,0.9652094796694949
1170,Jarell Amorin Quansah,DF,837,Jules Olivier Kounde,0.1782899639760943
1170,Jarell Amorin Quansah,DF,1150,Keaninkin Marc-Isreal Guehi,0.1689546807649681
1170,Jarell Amorin Quansah,DF,849,William Alain André Gabriel Saliba,0.1689546807649681
1170,Jarell Amorin Quansah,DF,187,Manuel Obafemi Akanji,0.1689546807649681
1171,Dominik Livakovic,GK,120,Maxime Crepeau,0.9489521956971105
1171,Dominik Livakovic,GK,848,Mike Peterson Maignan,0.8943530665716843
1171,Dominik Livakovic,GK,547,Zion Suzuki,0.8908202543132061
1171,Dominik Livakovic,GK,959,Damián Emiliano Martinez,0.8801383183426941
1171,Dominik Livakovic,GK,1145,Jordan Lee Pickford,0.8798218992154112
1171,Dominik Livakovic,GK,209,Ramsés Alisson,0.879439553628363
1171,Dominik Livakovic,GK,625,Thibaut Nicolas Courtois,0.844140206308665
1171,Dominik Livakovic,GK,235,Yassine Bounou,0.8439117147443035
1171,Dominik Livakovic,GK,183,Gregor Kobel,0.790399356202224
1171,Dominik Livakovic,GK,1,José Raúl Rangel,0.7722865780211675
1172,Josip Stanisic,DF,422,Joshua Walter Kimmich,0.9999653487551877
1172,Josip Stanisic,DF,542,Denzel Justus Morris Dumfries,0.9993817191347746
1172,Josip Stanisic,DF,961,Facundo Axel Medina,0.9945957017031763
1172,Josip Stanisic,DF,83,Vladimír Coufal,0.9931269038653007
1172,Josip Stanisic,DF,1037,Manel Farhan Ehsan Haddad,0.9924244260782886
1172,Josip Stanisic,DF,1060,Pedro Joao Cancelo,0.9893797898761509
1172,Josip Stanisic,DF,704,Timothy John Payne,0.9877084724042914
1172,Josip Stanisic,DF,996,David Alaba,0.9773942667727369
1172,Josip Stanisic,DF,1092,Arthur Fuka Masuaku,0.9593292471335542
1172,Josip Stanisic,DF,135,Sead Kolasinac,0.9483472502952736
1173,Marin Pongracic,DF,74,Youngwoo Seol,0.9999999999999999
1173,Marin Pongracic,DF,82,Robin Hranac,0.9999999999999999
1173,Marin Pongracic,DF,15,Israel Reyes,0.9999999999999999
1173,Marin Pongracic,DF,1135,Johan Andrés Mojica,0.9999999999999999
1173,Marin Pongracic,DF,108,Luc De Fougerolles,0.9999999999999999
1173,Marin Pongracic,DF,1200,Jonas Adjei Adjetey,0.9999999999999999
1173,Marin Pongracic,DF,1094,Abdukodir Khusanov,0.9999999999999999
1173,Marin Pongracic,DF,207,Luca Antony Jaquez,0.9999999999999999
1173,Marin Pongracic,DF,1105,Sherzod Nasrullaev,0.9999999999999999
1173,Marin Pongracic,DF,1097,Rustamjon Ashurmatov,0.9999999999999999
1174,Joško Gvardiol,DF,65,Taeseok Lee,1.0000000000000002
1174,Joško Gvardiol,DF,81,Tomáš Holes,1.0000000000000002
1174,Joško Gvardiol,DF,1149,John Stones,1.0000000000000002
1174,Joško Gvardiol,DF,1110,Abdulla Abdullaev,1.0000000000000002
1174,Joško Gvardiol,DF,1116,Behruzjon Karimov,1.0000000000000002
1174,Joško Gvardiol,DF,119,Moïse Bombito Bombito,1.0000000000000002
1174,Joško Gvardiol,DF,1140,Deiver Machado,1.0000000000000002
1174,Joško Gvardiol,DF,1069,Steve Nkanu Kapuadi,1.0000000000000002
1174,Joško Gvardiol,DF,861,Kalidou Koulibaly,1.0000000000000002
1174,Joško Gvardiol,DF,1004,Phillip Mwene,1.0000000000000002
1175,Duje Caleta-Car,DF,1247,Roderick Alonso Miller,1.0
1175,Duje Caleta-Car,DF,1156,Trevoh Tom Chalobah,1.0
1175,Duje Caleta-Car,DF,1159,Daniel Johnson Burn,1.0
1175,Duje Caleta-Car,DF,1237,Eric Javier Davis,1.0
1175,Duje Caleta-Car,DF,805,Abdullatif Jehad Thikri,1.0
1175,Duje Caleta-Car,DF,808,José María Gimenez,1.0
1175,Duje Caleta-Car,DF,810,Ronald Federico Araujo,1.0
1175,Duje Caleta-Car,DF,28,Tholo Thabang Matuludi,1.0
1175,Duje Caleta-Car,DF,29,Khulumani Ndamane,1.0
1175,Duje Caleta-Car,DF,44,Samukele Alucious Kabini,1.0
1176,Josip Sutalo,DF,1168,Reece Lewis James,1.0
1176,Josip Sutalo,DF,117,Derek Austin Cornelius,1.0
1176,Josip Sutalo,DF,1210,Gideon Mensah,1.0
1176,Josip Sutalo,DF,1141,Davinson Sanchez,1.0
1176,Josip Sutalo,DF,186,Nico Elvedi,1.0
1176,Josip Sutalo,DF,148,Nikola Katic,1.0
1176,Josip Sutalo,DF,126,Richmond Mamah Laryea,1.0
1176,Josip Sutalo,DF,1068,Wan Wan-Bissaka,1.0
1176,Josip Sutalo,DF,1070,Axel Tuanzebe,1.0
1176,Josip Sutalo,DF,1088,Mangulu Chancel Mbemba,1.0
1177,Nikola Moro,MF,72,Hyunjun Yang,1.0
1177,Nikola Moro,MF,69,Junho Bae,1.0
1177,Nikola Moro,MF,77,Jisung Eom,1.0
1177,Nikola Moro,MF,76,Jingyu Kim,1.0
1177,Nikola Moro,MF,78,Donggyeong Lee,1.0
1177,Nikola Moro,MF,103,Hugo Sochurek,1.0
1177,Nikola Moro,MF,1160,Kobbie Boateng Mainoo,1.0
1177,Nikola Moro,MF,1158,Jordan Brian Henderson,1.0
1177,Nikola Moro,MF,125,Jonathan Osorio,1.0
1177,Nikola Moro,MF,1100,Jamshid Iskanderov,1.0
1178,Mateo Kovacic,MF,1099,Otabek Shukurov,1.0
1178,Mateo Kovacic,MF,144,Ivan Sunjic,1.0
1178,Mateo Kovacic,MF,293,Mc,1.0
1178,Mateo Kovacic,MF,270,Jean Ricner Bellegarde,1.0
1178,Mateo Kovacic,MF,197,Djibril Ibrahima Sow,1.0
1178,Mateo Kovacic,MF,305,Lewis Ferguson,1.0
1178,Mateo Kovacic,MF,1072,Ngal’ayel Mukau,1.0
1178,Mateo Kovacic,MF,449,Juninho Gracielo Bacuna,1.0
1178,Mateo Kovacic,MF,452,Leandro Jones Johan Bacuna,1.0
1178,Mateo Kovacic,MF,463,Tahith Jose Girigorio Djorkaef Chong,1.0
1179,Andrej Kramaric,FW,1246,Azarías Emmanuel Londono,0.9999999999999997
1179,Andrej Kramaric,FW,10,Ernesto Alexis Vega,0.9999999999999997
1179,Andrej Kramaric,FW,14,Armando Gonzalez,0.9999999999999997
1179,Andrej Kramaric,FW,21,César Saúl Huerta,0.9999999999999997
1179,Andrej Kramaric,FW,97,Tomáš Chory,0.9999999999999997
1179,Andrej Kramaric,FW,91,Mojmír Chytil,0.9999999999999997
1179,Andrej Kramaric,FW,139,Samed Bazdar,0.9999999999999997
1179,Andrej Kramaric,FW,130,Jayden Nelson,0.9999999999999997
1179,Andrej Kramaric,FW,1144,Carlos Andrés Gomez,0.9999999999999997
1179,Andrej Kramaric,FW,1113,Igor Sergeev,0.9999999999999997
1180,Luka Modric,MF,994,Nicolas Seiwald,0.9999650017609397
1180,Luka Modric,MF,1048,Miguel Bruno,0.999592455118894
1180,Luka Modric,MF,943,Rodrigo Javier De Paul,0.9988359035752907
1180,Luka Modric,MF,509,Pedro Jeampierre Vite,0.9967641816236525
1180,Luka Modric,MF,517,Moisés Isaac Caicedo,0.9967641816236525
1180,Luka Modric,MF,1207,Antoine Serlom Semenyo,0.9967641816236525
1180,Luka Modric,MF,846,Adrien Thibault Marie Rabiot,0.9967641816236525
1180,Luka Modric,MF,439,Felix Kalu Nmecha,0.9905196027113565
1180,Luka Modric,MF,1161,Morgan Elliot Rogers,0.9899496994533487
1180,Luka Modric,MF,361,Matias Galarza,0.9890302142844802
1181,Ante Budimir,FW,1075,Kibambe Brian Cipenga,0.9995811311861229
1181,Ante Budimir,FW,278,Wilson Isidor,0.9906800808857709
1181,Ante Budimir,FW,902,Hussein Ghadhban Aymen,0.9885500884140536
1181,Ante Budimir,FW,1196,Petar Musa,0.986312750951059
1181,Ante Budimir,FW,583,Anthony David Junior Elanga,0.9839226432435542
1181,Ante Budimir,FW,539,Brian Ebenezer Adjei Brobbey,0.9770310299646758
1181,Ante Budimir,FW,641,Charles Marc De Ketelaere,0.9750086068720178
1181,Ante Budimir,FW,483,Amad Diallo,0.973409279464093
1181,Ante Budimir,FW,113,Cyle Christopher Larin,0.9645622256830463
1181,Ante Budimir,FW,514,Nilson David Angulo,0.9598574505785441
1182,Ivor Pandur,GK,12,Carlos Acevedo,1.0
1182,Ivor Pandur,GK,64,Bumkeun Song,1.0
1182,Ivor Pandur,GK,48,Stuart Ricardo Goss,1.0
1182,Ivor Pandur,GK,42,Sipho Justin Chaine,1.0
1182,Ivor Pandur,GK,122,Owen Olamidayo Goodman,1.0
1182,Ivor Pandur,GK,101,Lukáš Hornicek,1.0
1182,Ivor Pandur,GK,94,Jind ř ich Stanek,1.0
1182,Ivor Pandur,GK,73,Hyeonwoo Jo,1.0
1182,Ivor Pandur,GK,220,Weverton Weverton,1.0
1182,Ivor Pandur,GK,231,Ederson Ederson,1.0
1183,Nikola Vlasic,MF,96,Michal Sadilek,0.9998538767996629
1183,Nikola Vlasic,MF,560,Junya Ito,0.9979208737673796
1183,Nikola Vlasic,MF,644,Hans Vanaken,0.9974761816245418
1183,Nikola Vlasic,MF,820,Agustin Canobbio,0.9966683429199753
1183,Nikola Vlasic,MF,396,Orkun Kokcu,0.9929943383990005
1183,Nikola Vlasic,MF,768,Deroy Deroy Duarte,0.9885574102174082
1183,Nikola Vlasic,MF,671,Saber Abdelmohsen Mahmoud,0.981943115650264
1183,Nikola Vlasic,MF,944,Valentin Barco,0.8499884340193682
1183,Nikola Vlasic,MF,202,Michel Aebischer,0.8499884340193682
1183,Nikola Vlasic,MF,1012,Paul Wanner,0.8499884340193682
1184,Ivan Perisic,FW,589,Viktor Einar Gyokeres,1.0
1184,Ivan Perisic,FW,738,Daniel Olmo,0.996437707351544
1184,Ivan Perisic,FW,1125,Luis Fernando Diaz,0.9955663296729745
1184,Ivan Perisic,FW,747,Lamine Yamal Yamal,0.9834862550802669
1184,Ivan Perisic,FW,930,Antonio Eromonsele Nordby Nusa,0.9752418098044068
1184,Ivan Perisic,FW,945,Julián Alvarez,0.9740342411750681
1184,Ivan Perisic,FW,660,Hamed Mahrous Mohamed Salah,0.9671758711180215
1184,Ivan Perisic,FW,1162,Anthony Michael Gordon,0.965293095331309
1184,Ivan Perisic,FW,513,Gonzalo Jordy Plata,0.9637771507504515
1184,Ivan Perisic,FW,193,Dan Ndoye,0.9619137200688355
1185,Mario Pasalic,MF,63,Hee Chan Hwang,0.9999999999999999
1185,Mario Pasalic,MF,86,Vladimír Darida,0.9999999999999999
1185,Mario Pasalic,MF,100,Tomáš Soucek,0.9999999999999999
1185,Mario Pasalic,MF,95,Lukáš Provod,0.9999999999999999
1185,Mario Pasalic,MF,110,Mathieu Choiniere,0.9999999999999999
1185,Mario Pasalic,MF,1133,Juan Camilo Portilla,0.9999999999999999
1185,Mario Pasalic,MF,118,Jacob Everett Shaffelburg,0.9999999999999999
1185,Mario Pasalic,MF,138,Armin Gigovic,0.9999999999999999
1185,Mario Pasalic,MF,1103,Oston Urunov,0.9999999999999999
1185,Mario Pasalic,MF,1109,Dostonbek Khamdamov,0.9999999999999999
1186,Martin Baturina,MF,435,Leroy Aziz Sane,0.9999992955130258
1186,Martin Baturina,MF,476,Franck Yannick Kessie,0.9999791862873831
1186,Martin Baturina,MF,760,Lenini Kevin Pina,0.9999738561451882
1186,Martin Baturina,MF,631,Kevin De Bruyne,0.9999723497602989
1186,Martin Baturina,MF,997,Marcel Sabitzer,0.9999526220560115
1186,Martin Baturina,MF,1055,Pedro Joao Neves,0.999864305929652
1186,Martin Baturina,MF,111,Stephen Eustaquio,0.9998574233077256
1186,Martin Baturina,MF,1006,Romano Schmid,0.9997843171780123
1186,Martin Baturina,MF,734,Mikel Merino,0.9996623179123837
1186,Martin Baturina,MF,632,Youri Marion Tielemans,0.9978010349036043
1187,Petar Sucic,MF,570,Kaishu Sano,0.9994205010684271
1187,Petar Sucic,MF,58,Inbeom Hwang,0.9989713548262212
1187,Petar Sucic,MF,559,Keito Nakamura,0.9986905853941327
1187,Petar Sucic,MF,329,Malik Leon Tillman,0.998280774777897
1187,Petar Sucic,MF,528,Ryan Jiro Gravenberch,0.9966709939089905
1187,Petar Sucic,MF,216,GUIMARAESBruno Bruno,0.9966271822697262
1187,Petar Sucic,MF,191,Johan Kula Manzambi,0.9947254697519444
1187,Petar Sucic,MF,608,Hannibal Mejbri,0.99444000793255
1187,Petar Sucic,MF,71,Kangin Lee,0.99444000793255
1187,Petar Sucic,MF,1022,Mahmoud Ali Noor Alrawabdeh,0.99444000793255
1188,Kristijan Jakic,DF,1247,Roderick Alonso Miller,1.0
1188,Kristijan Jakic,DF,1156,Trevoh Tom Chalobah,1.0
1188,Kristijan Jakic,DF,1159,Daniel Johnson Burn,1.0
1188,Kristijan Jakic,DF,1237,Eric Javier Davis,1.0
1188,Kristijan Jakic,DF,805,Abdullatif Jehad Thikri,1.0
1188,Kristijan Jakic,DF,808,José María Gimenez,1.0
1188,Kristijan Jakic,DF,810,Ronald Federico Araujo,1.0
1188,Kristijan Jakic,DF,28,Tholo Thabang Matuludi,1.0
1188,Kristijan Jakic,DF,29,Khulumani Ndamane,1.0
1188,Kristijan Jakic,DF,44,Samukele Alucious Kabini,1.0
1189,Toni Fruk,MF,72,Hyunjun Yang,1.0
1189,Toni Fruk,MF,69,Junho Bae,1.0
1189,Toni Fruk,MF,77,Jisung Eom,1.0
1189,Toni Fruk,MF,76,Jingyu Kim,1.0
1189,Toni Fruk,MF,78,Donggyeong Lee,1.0
1189,Toni Fruk,MF,103,Hugo Sochurek,1.0
1189,Toni Fruk,MF,1160,Kobbie Boateng Mainoo,1.0
1189,Toni Fruk,MF,1158,Jordan Brian Henderson,1.0
1189,Toni Fruk,MF,125,Jonathan Osorio,1.0
1189,Toni Fruk,MF,1177,Nikola Moro,1.0
1190,Igor Matanovic,FW,1246,Azarías Emmanuel Londono,0.9999999999999997
1190,Igor Matanovic,FW,10,Ernesto Alexis Vega,0.9999999999999997
1190,Igor Matanovic,FW,14,Armando Gonzalez,0.9999999999999997
1190,Igor Matanovic,FW,21,César Saúl Huerta,0.9999999999999997
1190,Igor Matanovic,FW,97,Tomáš Chory,0.9999999999999997
1190,Igor Matanovic,FW,91,Mojmír Chytil,0.9999999999999997
1190,Igor Matanovic,FW,139,Samed Bazdar,0.9999999999999997
1190,Igor Matanovic,FW,130,Jayden Nelson,0.9999999999999997
1190,Igor Matanovic,FW,1144,Carlos Andrés Gomez,0.9999999999999997
1190,Igor Matanovic,FW,1113,Igor Sergeev,0.9999999999999997
1191,Luka Sucic,MF,72,Hyunjun Yang,1.0
1191,Luka Sucic,MF,69,Junho Bae,1.0
1191,Luka Sucic,MF,77,Jisung Eom,1.0
1191,Luka Sucic,MF,76,Jingyu Kim,1.0
1191,Luka Sucic,MF,78,Donggyeong Lee,1.0
1191,Luka Sucic,MF,103,Hugo Sochurek,1.0
1191,Luka Sucic,MF,1160,Kobbie Boateng Mainoo,1.0
1191,Luka Sucic,MF,1158,Jordan Brian Henderson,1.0
1191,Luka Sucic,MF,125,Jonathan Osorio,1.0
1191,Luka Sucic,MF,1177,Nikola Moro,1.0
1192,Luka Vuskovic,DF,1248,Jorge Abdiel Gutierrez,1.0
1192,Luka Vuskovic,DF,1226,Fidel Escobar,1.0
1192,Luka Vuskovic,DF,107,Alfie Charles Jones,1.0
1192,Luka Vuskovic,DF,123,Alphonso Boyle Davies,1.0
1192,Luka Vuskovic,DF,679,Ehsan Hajisafi,1.0
1192,Luka Vuskovic,DF,693,Arya Yousefi,1.0
1192,Luka Vuskovic,DF,706,Tyler Grant Bindon,1.0
1192,Luka Vuskovic,DF,665,Hafez Ramadan Karim Hafez,1.0
1192,Luka Vuskovic,DF,783,Mohammed Ali Lajami,1.0
1192,Luka Vuskovic,DF,793,Meshari Nawaf Bu Washl,1.0
1193,Dominik Kotarski,GK,12,Carlos Acevedo,1.0
1193,Dominik Kotarski,GK,64,Bumkeun Song,1.0
1193,Dominik Kotarski,GK,48,Stuart Ricardo Goss,1.0
1193,Dominik Kotarski,GK,42,Sipho Justin Chaine,1.0
1193,Dominik Kotarski,GK,122,Owen Olamidayo Goodman,1.0
1193,Dominik Kotarski,GK,101,Lukáš Hornicek,1.0
1193,Dominik Kotarski,GK,94,Jind ř ich Stanek,1.0
1193,Dominik Kotarski,GK,73,Hyeonwoo Jo,1.0
1193,Dominik Kotarski,GK,220,Weverton Weverton,1.0
1193,Dominik Kotarski,GK,231,Ederson Ederson,1.0
1194,Marco Pasalic,FW,1240,Cecilio Alfonso Waterman,0.9999999999999998
1194,Marco Pasalic,FW,1239,Jose Fajardo,0.9999999999999998
1194,Marco Pasalic,FW,104,Denis Visinsky,0.9999999999999998
1194,Marco Pasalic,FW,1027,Nayef Ahmad Mahmoud Almardi,0.9999999999999998
1194,Marco Pasalic,FW,973,Anis Hadj Moussa,0.9999999999999998
1194,Marco Pasalic,FW,1066,Francisco Francisco Conceicao,0.9999999999999998
1194,Marco Pasalic,FW,1038,Ahmad Ali Ali Azaizeh,0.9999999999999998
1194,Marco Pasalic,FW,921,Jørgen Strand Strand Larsen,0.9999999999999998
1194,Marco Pasalic,FW,763,BENCHIMOLGilson Gilson,0.9999999999999998
1194,Marco Pasalic,FW,271,Don Deedson Deedson,0.9999999999999998
1195,Martin Erlic,DF,1247,Roderick Alonso Miller,1.0
1195,Martin Erlic,DF,1156,Trevoh Tom Chalobah,1.0
1195,Martin Erlic,DF,1159,Daniel Johnson Burn,1.0
1195,Martin Erlic,DF,1237,Eric Javier Davis,1.0
1195,Martin Erlic,DF,805,Abdullatif Jehad Thikri,1.0
1195,Martin Erlic,DF,808,José María Gimenez,1.0
1195,Martin Erlic,DF,810,Ronald Federico Araujo,1.0
1195,Martin Erlic,DF,28,Tholo Thabang Matuludi,1.0
1195,Martin Erlic,DF,29,Khulumani Ndamane,1.0
1195,Martin Erlic,DF,44,Samukele Alucious Kabini,1.0
1196,Petar Musa,FW,583,Anthony David Junior Elanga,0.999903163324577
1196,Petar Musa,FW,902,Hussein Ghadhban Aymen,0.999899606307055
1196,Petar Musa,FW,483,Amad Diallo,0.9978567279144303
1196,Petar Musa,FW,113,Cyle Christopher Larin,0.9948659078956181
1196,Petar Musa,FW,1075,Kibambe Brian Cipenga,0.990671505349575
1196,Petar Musa,FW,9,Raúl Alonso Jimenez,0.9887752266220625
1196,Petar Musa,FW,1181,Ante Budimir,0.986312750951059
1196,Petar Musa,FW,539,Brian Ebenezer Adjei Brobbey,0.9788425481717865
1196,Petar Musa,FW,641,Charles Marc De Ketelaere,0.9671492706924083
1196,Petar Musa,FW,278,Wilson Isidor,0.9546614842201635
1197,Lawrence Ati Zigi,GK,677,Ali Reza Beiranvand,0.952961125910778
1197,Lawrence Ati Zigi,GK,801,Khalil Mohammed Alowais,0.9209441719276912
1197,Lawrence Ati Zigi,GK,755,José Vozinha,0.8938157691599774
1197,Lawrence Ati Zigi,GK,495,Hernán Ismael Galindez,0.871245889874047
1197,Lawrence Ati Zigi,GK,350,Orlando Daniel Gill,0.8137954464051709
1197,Lawrence Ati Zigi,GK,443,Eloy Victor Room,0.7807058631076355
1197,Lawrence Ati Zigi,GK,27,Ronwen Hayden Williams,0.7102697307335939
1197,Lawrence Ati Zigi,GK,1041,Diogo Diogo Costa,0.7027091173045414
1197,Lawrence Ati Zigi,GK,573,Jacob Mikael Widell Zetterstrom,0.6324444334877002
1197,Lawrence Ati Zigi,GK,287,Angus Fraser James Gunn,0.6024679925847447
1198,Alidu Seidu,DF,1247,Roderick Alonso Miller,1.0
1198,Alidu Seidu,DF,1156,Trevoh Tom Chalobah,1.0
1198,Alidu Seidu,DF,1159,Daniel Johnson Burn,1.0
1198,Alidu Seidu,DF,1237,Eric Javier Davis,1.0
1198,Alidu Seidu,DF,805,Abdullatif Jehad Thikri,1.0
1198,Alidu Seidu,DF,808,José María Gimenez,1.0
1198,Alidu Seidu,DF,810,Ronald Federico Araujo,1.0
1198,Alidu Seidu,DF,28,Tholo Thabang Matuludi,1.0
1198,Alidu Seidu,DF,29,Khulumani Ndamane,1.0
1198,Alidu Seidu,DF,44,Samukele Alucious Kabini,1.0
1199,Caleb Marfo Yirenkyi,MF,290,Mc,0.9999889385551456
1199,Caleb Marfo Yirenkyi,MF,426,Jamal Musiala,0.999985053662324
1199,Caleb Marfo Yirenkyi,MF,1035,Mahmoud Ahmed Nizar Alrashdan,0.9999781579284283
1199,Caleb Marfo Yirenkyi,MF,646,Alexis Jesse Saelemaekers,0.9999781579284283
1199,Caleb Marfo Yirenkyi,MF,684,Mohammad Mohebbi,0.9998804067824903
1199,Caleb Marfo Yirenkyi,MF,557,Daizen Maeda,0.9998804067824903
1199,Caleb Marfo Yirenkyi,MF,450,Livano Shyron Liomar Comenencia,0.9996335388999813
1199,Caleb Marfo Yirenkyi,MF,372,Connor Isaac Metcalfe,0.999411097540224
1199,Caleb Marfo Yirenkyi,MF,1114,Abbosbek Fayzullaev,0.9992479216781189
1199,Caleb Marfo Yirenkyi,MF,242,Azz-Eddine Ounahi,0.9855738246692759
1200,Jonas Adjei Adjetey,DF,74,Youngwoo Seol,0.9999999999999999
1200,Jonas Adjei Adjetey,DF,82,Robin Hranac,0.9999999999999999
1200,Jonas Adjei Adjetey,DF,15,Israel Reyes,0.9999999999999999
1200,Jonas Adjei Adjetey,DF,1173,Marin Pongracic,0.9999999999999999
1200,Jonas Adjei Adjetey,DF,1135,Johan Andrés Mojica,0.9999999999999999
1200,Jonas Adjei Adjetey,DF,108,Luc De Fougerolles,0.9999999999999999
1200,Jonas Adjei Adjetey,DF,1094,Abdukodir Khusanov,0.9999999999999999
1200,Jonas Adjei Adjetey,DF,207,Luca Antony Jaquez,0.9999999999999999
1200,Jonas Adjei Adjetey,DF,1105,Sherzod Nasrullaev,0.9999999999999999
1200,Jonas Adjei Adjetey,DF,1097,Rustamjon Ashurmatov,0.9999999999999999
1201,Thomas Teye Partey,MF,1178,Mateo Kovacic,1.0
1201,Thomas Teye Partey,MF,1099,Otabek Shukurov,1.0
1201,Thomas Teye Partey,MF,144,Ivan Sunjic,1.0
1201,Thomas Teye Partey,MF,293,Mc,1.0
1201,Thomas Teye Partey,MF,270,Jean Ricner Bellegarde,1.0
1201,Thomas Teye Partey,MF,197,Djibril Ibrahima Sow,1.0
1201,Thomas Teye Partey,MF,305,Lewis Ferguson,1.0
1201,Thomas Teye Partey,MF,1072,Ngal’ayel Mukau,1.0
1201,Thomas Teye Partey,MF,449,Juninho Gracielo Bacuna,1.0
1201,Thomas Teye Partey,MF,452,Leandro Jones Johan Bacuna,1.0
1202,Abdul Mumin Mumin,DF,1247,Roderick Alonso Miller,1.0
1202,Abdul Mumin Mumin,DF,1156,Trevoh Tom Chalobah,1.0
1202,Abdul Mumin Mumin,DF,1159,Daniel Johnson Burn,1.0
1202,Abdul Mumin Mumin,DF,1237,Eric Javier Davis,1.0
1202,Abdul Mumin Mumin,DF,805,Abdullatif Jehad Thikri,1.0
1202,Abdul Mumin Mumin,DF,808,José María Gimenez,1.0
1202,Abdul Mumin Mumin,DF,810,Ronald Federico Araujo,1.0
1202,Abdul Mumin Mumin,DF,28,Tholo Thabang Matuludi,1.0
1202,Abdul Mumin Mumin,DF,29,Khulumani Ndamane,1.0
1202,Abdul Mumin Mumin,DF,44,Samukele Alucious Kabini,1.0
1203,Abdul Fatawu Fatawu,FW,1246,Azarías Emmanuel Londono,0.9999999999999997
1203,Abdul Fatawu Fatawu,FW,10,Ernesto Alexis Vega,0.9999999999999997
1203,Abdul Fatawu Fatawu,FW,14,Armando Gonzalez,0.9999999999999997
1203,Abdul Fatawu Fatawu,FW,21,César Saúl Huerta,0.9999999999999997
1203,Abdul Fatawu Fatawu,FW,97,Tomáš Chory,0.9999999999999997
1203,Abdul Fatawu Fatawu,FW,91,Mojmír Chytil,0.9999999999999997
1203,Abdul Fatawu Fatawu,FW,139,Samed Bazdar,0.9999999999999997
1203,Abdul Fatawu Fatawu,FW,130,Jayden Nelson,0.9999999999999997
1203,Abdul Fatawu Fatawu,FW,1144,Carlos Andrés Gomez,0.9999999999999997
1203,Abdul Fatawu Fatawu,FW,1113,Igor Sergeev,0.9999999999999997
1204,Kwasi Sibo,MF,1178,Mateo Kovacic,1.0
1204,Kwasi Sibo,MF,1099,Otabek Shukurov,1.0
1204,Kwasi Sibo,MF,144,Ivan Sunjic,1.0
1204,Kwasi Sibo,MF,293,Mc,1.0
1204,Kwasi Sibo,MF,270,Jean Ricner Bellegarde,1.0
1204,Kwasi Sibo,MF,197,Djibril Ibrahima Sow,1.0
1204,Kwasi Sibo,MF,305,Lewis Ferguson,1.0
1204,Kwasi Sibo,MF,1072,Ngal’ayel Mukau,1.0
1204,Kwasi Sibo,MF,449,Juninho Gracielo Bacuna,1.0
1204,Kwasi Sibo,MF,452,Leandro Jones Johan Bacuna,1.0
1205,Jordan Pierre Ayew,FW,140,Ermedin Demirovic,1.0
1205,Jordan Pierre Ayew,FW,121,Tajon Trevor Buchanan,1.0
1205,Jordan Pierre Ayew,FW,917,Alexander Sorloth,1.0
1205,Jordan Pierre Ayew,FW,503,John Yeboah,1.0
1205,Jordan Pierre Ayew,FW,774,Isaac Ryan,1.0
1205,Jordan Pierre Ayew,FW,507,Enner Remberto Valencia,1.0
1205,Jordan Pierre Ayew,FW,635,Jeremy Baffour Doku,0.9954384412803571
1205,Jordan Pierre Ayew,FW,936,Julian Ryerson,0.9796958359591635
1205,Jordan Pierre Ayew,FW,954,Nicolas Paz,0.9796958359591635
1205,Jordan Pierre Ayew,FW,952,Thiago Ezequiel Almada,0.9796958359591635
1206,Brandon Michael Clarke Thomas-Asante,FW,1246,Azarías Emmanuel Londono,0.9999999999999997
1206,Brandon Michael Clarke Thomas-Asante,FW,10,Ernesto Alexis Vega,0.9999999999999997
1206,Brandon Michael Clarke Thomas-Asante,FW,14,Armando Gonzalez,0.9999999999999997
1206,Brandon Michael Clarke Thomas-Asante,FW,21,César Saúl Huerta,0.9999999999999997
1206,Brandon Michael Clarke Thomas-Asante,FW,97,Tomáš Chory,0.9999999999999997
1206,Brandon Michael Clarke Thomas-Asante,FW,91,Mojmír Chytil,0.9999999999999997
1206,Brandon Michael Clarke Thomas-Asante,FW,139,Samed Bazdar,0.9999999999999997
1206,Brandon Michael Clarke Thomas-Asante,FW,130,Jayden Nelson,0.9999999999999997
1206,Brandon Michael Clarke Thomas-Asante,FW,1144,Carlos Andrés Gomez,0.9999999999999997
1206,Brandon Michael Clarke Thomas-Asante,FW,1113,Igor Sergeev,0.9999999999999997
1207,Antoine Serlom Semenyo,MF,509,Pedro Jeampierre Vite,1.0
1207,Antoine Serlom Semenyo,MF,517,Moisés Isaac Caicedo,1.0
1207,Antoine Serlom Semenyo,MF,846,Adrien Thibault Marie Rabiot,1.0
1207,Antoine Serlom Semenyo,MF,943,Rodrigo Javier De Paul,0.9994812332540587
1207,Antoine Serlom Semenyo,MF,1048,Miguel Bruno,0.9986525921204378
1207,Antoine Serlom Semenyo,MF,1161,Morgan Elliot Rogers,0.9981139299900662
1207,Antoine Serlom Semenyo,MF,1180,Luka Modric,0.9967641816236525
1207,Antoine Serlom Semenyo,MF,361,Matias Galarza,0.9962421213167649
1207,Antoine Serlom Semenyo,MF,994,Nicolas Seiwald,0.9960568005606757
1207,Antoine Serlom Semenyo,MF,192,Granit Xhaka,0.979704752326763
1208,Joseph Tetteh Anang,GK,12,Carlos Acevedo,1.0
1208,Joseph Tetteh Anang,GK,64,Bumkeun Song,1.0
1208,Joseph Tetteh Anang,GK,48,Stuart Ricardo Goss,1.0
1208,Joseph Tetteh Anang,GK,42,Sipho Justin Chaine,1.0
1208,Joseph Tetteh Anang,GK,122,Owen Olamidayo Goodman,1.0
1208,Joseph Tetteh Anang,GK,101,Lukáš Hornicek,1.0
1208,Joseph Tetteh Anang,GK,94,Jind ř ich Stanek,1.0
1208,Joseph Tetteh Anang,GK,73,Hyeonwoo Jo,1.0
1208,Joseph Tetteh Anang,GK,220,Weverton Weverton,1.0
1208,Joseph Tetteh Anang,GK,231,Ederson Ederson,1.0
1209,Christopher Bonsu Bonsu Baah,FW,1246,Azarías Emmanuel Londono,0.9999999999999997
1209,Christopher Bonsu Bonsu Baah,FW,10,Ernesto Alexis Vega,0.9999999999999997
1209,Christopher Bonsu Bonsu Baah,FW,14,Armando Gonzalez,0.9999999999999997
1209,Christopher Bonsu Bonsu Baah,FW,21,César Saúl Huerta,0.9999999999999997
1209,Christopher Bonsu Bonsu Baah,FW,97,Tomáš Chory,0.9999999999999997
1209,Christopher Bonsu Bonsu Baah,FW,91,Mojmír Chytil,0.9999999999999997
1209,Christopher Bonsu Bonsu Baah,FW,139,Samed Bazdar,0.9999999999999997
1209,Christopher Bonsu Bonsu Baah,FW,130,Jayden Nelson,0.9999999999999997
1209,Christopher Bonsu Bonsu Baah,FW,1144,Carlos Andrés Gomez,0.9999999999999997
1209,Christopher Bonsu Bonsu Baah,FW,1113,Igor Sergeev,0.9999999999999997
1210,Gideon Mensah,DF,1168,Reece Lewis James,1.0
1210,Gideon Mensah,DF,117,Derek Austin Cornelius,1.0
1210,Gideon Mensah,DF,1176,Josip Sutalo,1.0
1210,Gideon Mensah,DF,1141,Davinson Sanchez,1.0
1210,Gideon Mensah,DF,186,Nico Elvedi,1.0
1210,Gideon Mensah,DF,148,Nikola Katic,1.0
1210,Gideon Mensah,DF,126,Richmond Mamah Laryea,1.0
1210,Gideon Mensah,DF,1068,Wan Wan-Bissaka,1.0
1210,Gideon Mensah,DF,1070,Axel Tuanzebe,1.0
1210,Gideon Mensah,DF,1088,Mangulu Chancel Mbemba,1.0
1211,Elisha Owusu,MF,62,Jae Sung Lee,1.0
1211,Elisha Owusu,MF,90,Lukáš Cerv,1.0
1211,Elisha Owusu,MF,1091,Edo Kayembe Kayembe,1.0
1211,Elisha Owusu,MF,136,Benjamin Tahirovic,1.0
1211,Elisha Owusu,MF,145,Amar Memic,1.0
1211,Elisha Owusu,MF,115,Liam Alan Millar,1.0
1211,Elisha Owusu,MF,976,Hicham Boudaoui,1.0
1211,Elisha Owusu,MF,941,Leandro Daniel Paredes,1.0
1211,Elisha Owusu,MF,1012,Paul Wanner,1.0
1211,Elisha Owusu,MF,968,Ramiz Larbi Zerrouki,1.0
1212,Benjamin Asare,GK,336,Matthew Andrew Geary Freese,0.9873400236930072
1212,Benjamin Asare,GK,1130,Camilo Andres Vargas,0.971149812462865
1212,Benjamin Asare,GK,729,David Raya,0.9524439798325598
1212,Benjamin Asare,GK,1,José Raúl Rangel,0.933314521289969
1212,Benjamin Asare,GK,881,Mory Diaw,0.9297074702105751
1212,Benjamin Asare,GK,751,Unai Simon,0.9057268294239215
1212,Benjamin Asare,GK,833,Brice Lauriche Samba,0.8873870075536123
1212,Benjamin Asare,GK,382,Patrick Thomas Beach,0.8801457139624689
1212,Benjamin Asare,GK,1119,David Ospina,0.8664557765093018
1212,Benjamin Asare,GK,209,Ramsés Alisson,0.8187467503561399
1213,Abdul Rahman Rahman,DF,1247,Roderick Alonso Miller,1.0
1213,Abdul Rahman Rahman,DF,1156,Trevoh Tom Chalobah,1.0
1213,Abdul Rahman Rahman,DF,1159,Daniel Johnson Burn,1.0
1213,Abdul Rahman Rahman,DF,1237,Eric Javier Davis,1.0
1213,Abdul Rahman Rahman,DF,805,Abdullatif Jehad Thikri,1.0
1213,Abdul Rahman Rahman,DF,808,José María Gimenez,1.0
1213,Abdul Rahman Rahman,DF,810,Ronald Federico Araujo,1.0
1213,Abdul Rahman Rahman,DF,28,Tholo Thabang Matuludi,1.0
1213,Abdul Rahman Rahman,DF,29,Khulumani Ndamane,1.0
1213,Abdul Rahman Rahman,DF,44,Samukele Alucious Kabini,1.0
1214,Jerome Opoku,DF,74,Youngwoo Seol,0.9999999999999999
1214,Jerome Opoku,DF,82,Robin Hranac,0.9999999999999999
1214,Jerome Opoku,DF,15,Israel Reyes,0.9999999999999999
1214,Jerome Opoku,DF,1173,Marin Pongracic,0.9999999999999999
1214,Jerome Opoku,DF,1135,Johan Andrés Mojica,0.9999999999999999
1214,Jerome Opoku,DF,108,Luc De Fougerolles,0.9999999999999999
1214,Jerome Opoku,DF,1200,Jonas Adjei Adjetey,0.9999999999999999
1214,Jerome Opoku,DF,1094,Abdukodir Khusanov,0.9999999999999999
1214,Jerome Opoku,DF,207,Luca Antony Jaquez,0.9999999999999999
1214,Jerome Opoku,DF,1105,Sherzod Nasrullaev,0.9999999999999999
1215,Inaki Williams,FW,93,Pavel Sulc,1.0000000000000002
1215,Inaki Williams,FW,88,Patrik Schick,1.0000000000000002
1215,Inaki Williams,FW,124,Ali Ahmed,1.0000000000000002
1215,Inaki Williams,FW,116,Tanitoluwa Oluwatimilehin Oluwaseyi,1.0000000000000002
1215,Inaki Williams,FW,1127,Jhon Andrés Cordoba,1.0000000000000002
1215,Inaki Williams,FW,171,Abdurisag Yusuf Abdurisag,1.0000000000000002
1215,Inaki Williams,FW,150,Esmir Bajraktarevic,1.0000000000000002
1215,Inaki Williams,FW,1051,João Joao Felix,1.0000000000000002
1215,Inaki Williams,FW,827,Federico Sebastian Vinas,1.0000000000000002
1215,Inaki Williams,FW,296,Che Sac Everton Fred Adams,1.0000000000000002
1216,Augustine Boakye,MF,72,Hyunjun Yang,1.0
1216,Augustine Boakye,MF,69,Junho Bae,1.0
1216,Augustine Boakye,MF,77,Jisung Eom,1.0
1216,Augustine Boakye,MF,76,Jingyu Kim,1.0
1216,Augustine Boakye,MF,78,Donggyeong Lee,1.0
1216,Augustine Boakye,MF,103,Hugo Sochurek,1.0
1216,Augustine Boakye,MF,1160,Kobbie Boateng Mainoo,1.0
1216,Augustine Boakye,MF,1158,Jordan Brian Henderson,1.0
1216,Augustine Boakye,MF,125,Jonathan Osorio,1.0
1216,Augustine Boakye,MF,1177,Nikola Moro,1.0
1217,Kojo Peprah Oppong,DF,1247,Roderick Alonso Miller,1.0
1217,Kojo Peprah Oppong,DF,1156,Trevoh Tom Chalobah,1.0
1217,Kojo Peprah Oppong,DF,1159,Daniel Johnson Burn,1.0
1217,Kojo Peprah Oppong,DF,1237,Eric Javier Davis,1.0
1217,Kojo Peprah Oppong,DF,805,Abdullatif Jehad Thikri,1.0
1217,Kojo Peprah Oppong,DF,808,José María Gimenez,1.0
1217,Kojo Peprah Oppong,DF,810,Ronald Federico Araujo,1.0
1217,Kojo Peprah Oppong,DF,28,Tholo Thabang Matuludi,1.0
1217,Kojo Peprah Oppong,DF,29,Khulumani Ndamane,1.0
1217,Kojo Peprah Oppong,DF,44,Samukele Alucious Kabini,1.0
1218,Kamal Deen Sulemana,FW,93,Pavel Sulc,1.0000000000000002
1218,Kamal Deen Sulemana,FW,88,Patrik Schick,1.0000000000000002
1218,Kamal Deen Sulemana,FW,124,Ali Ahmed,1.0000000000000002
1218,Kamal Deen Sulemana,FW,116,Tanitoluwa Oluwatimilehin Oluwaseyi,1.0000000000000002
1218,Kamal Deen Sulemana,FW,1127,Jhon Andrés Cordoba,1.0000000000000002
1218,Kamal Deen Sulemana,FW,171,Abdurisag Yusuf Abdurisag,1.0000000000000002
1218,Kamal Deen Sulemana,FW,150,Esmir Bajraktarevic,1.0000000000000002
1218,Kamal Deen Sulemana,FW,1051,João Joao Felix,1.0000000000000002
1218,Kamal Deen Sulemana,FW,827,Federico Sebastian Vinas,1.0000000000000002
1218,Kamal Deen Sulemana,FW,296,Che Sac Everton Fred Adams,1.0000000000000002
1219,Derrick Luckassen,DF,602,Omar Rekik,1.0000000000000002
1219,Derrick Luckassen,DF,431,Nico Cédric Schlotterbeck,0.9999037312221384
1219,Derrick Luckassen,DF,926,Marcus Holmgren Holmgren Pedersen,0.99930159955557
1219,Derrick Luckassen,DF,318,Auston Levi-Jesaiah Trusty,0.9976899806936781
1219,Derrick Luckassen,DF,914,Leo Skiri Ostigard,0.9971285385795062
1219,Derrick Luckassen,DF,784,Ali Abdulelah Alamri,0.9871262359647538
1219,Derrick Luckassen,DF,718,Finn Surman,0.9834669777293454
1219,Derrick Luckassen,DF,20,Mateo Chavez,0.9834669777293454
1219,Derrick Luckassen,DF,767,CABRALSidny Sidny Lopes,0.9812987884814923
1219,Derrick Luckassen,DF,248,Issa Laye Lucas Jean Diop,0.9792772475832765
1220,Ernest Nuamah Nuamah,FW,1079,Meschack Lina Elia,0.9837746834502346
1220,Ernest Nuamah Nuamah,FW,530,Memphis Depay,0.9833327500507751
1220,Ernest Nuamah Nuamah,FW,565,Koki Ogawa,0.9827837878152582
1220,Ernest Nuamah Nuamah,FW,957,Jose Manuel Alberto Lopez,0.9819438720114493
1220,Ernest Nuamah Nuamah,FW,416,Can Yılmaz Uzun,0.9808732816436614
1220,Ernest Nuamah Nuamah,FW,34,Tshepang Moremi,0.9780398805525561
1220,Ernest Nuamah Nuamah,FW,662,Yousry Fouad Haissem Hassan,0.9503065039598267
1220,Ernest Nuamah Nuamah,FW,1137,Juan Camilo Hernandez,0.946539100956255
1220,Ernest Nuamah Nuamah,FW,745,Nicholas Williams,0.9358169427155846
1220,Ernest Nuamah Nuamah,FW,25,Roberto Carlos Alvarado,0.9275978863417502
1221,Prince Kwabena Adu,FW,1246,Azarías Emmanuel Londono,0.9999999999999997
1221,Prince Kwabena Adu,FW,10,Ernesto Alexis Vega,0.9999999999999997
1221,Prince Kwabena Adu,FW,14,Armando Gonzalez,0.9999999999999997
1221,Prince Kwabena Adu,FW,21,César Saúl Huerta,0.9999999999999997
1221,Prince Kwabena Adu,FW,97,Tomáš Chory,0.9999999999999997
1221,Prince Kwabena Adu,FW,91,Mojmír Chytil,0.9999999999999997
1221,Prince Kwabena Adu,FW,139,Samed Bazdar,0.9999999999999997
1221,Prince Kwabena Adu,FW,130,Jayden Nelson,0.9999999999999997
1221,Prince Kwabena Adu,FW,1144,Carlos Andrés Gomez,0.9999999999999997
1221,Prince Kwabena Adu,FW,1113,Igor Sergeev,0.9999999999999997
1222,Marvin Elom Senaya,DF,1168,Reece Lewis James,1.0
1222,Marvin Elom Senaya,DF,117,Derek Austin Cornelius,1.0
1222,Marvin Elom Senaya,DF,1210,Gideon Mensah,1.0
1222,Marvin Elom Senaya,DF,1176,Josip Sutalo,1.0
1222,Marvin Elom Senaya,DF,1141,Davinson Sanchez,1.0
1222,Marvin Elom Senaya,DF,186,Nico Elvedi,1.0
1222,Marvin Elom Senaya,DF,148,Nikola Katic,1.0
1222,Marvin Elom Senaya,DF,126,Richmond Mamah Laryea,1.0
1222,Marvin Elom Senaya,DF,1068,Wan Wan-Bissaka,1.0
1222,Marvin Elom Senaya,DF,1070,Axel Tuanzebe,1.0
1223,Luis Ricardo Mejia,GK,12,Carlos Acevedo,1.0
1223,Luis Ricardo Mejia,GK,64,Bumkeun Song,1.0
1223,Luis Ricardo Mejia,GK,48,Stuart Ricardo Goss,1.0
1223,Luis Ricardo Mejia,GK,42,Sipho Justin Chaine,1.0
1223,Luis Ricardo Mejia,GK,122,Owen Olamidayo Goodman,1.0
1223,Luis Ricardo Mejia,GK,101,Lukáš Hornicek,1.0
1223,Luis Ricardo Mejia,GK,94,Jind ř ich Stanek,1.0
1223,Luis Ricardo Mejia,GK,73,Hyeonwoo Jo,1.0
1223,Luis Ricardo Mejia,GK,220,Weverton Weverton,1.0
1223,Luis Ricardo Mejia,GK,231,Ederson Ederson,1.0
1224,Cesar Rodolfo Blackman,DF,65,Taeseok Lee,1.0000000000000002
1224,Cesar Rodolfo Blackman,DF,81,Tomáš Holes,1.0000000000000002
1224,Cesar Rodolfo Blackman,DF,1174,Joško Gvardiol,1.0000000000000002
1224,Cesar Rodolfo Blackman,DF,1149,John Stones,1.0000000000000002
1224,Cesar Rodolfo Blackman,DF,1110,Abdulla Abdullaev,1.0000000000000002
1224,Cesar Rodolfo Blackman,DF,1116,Behruzjon Karimov,1.0000000000000002
1224,Cesar Rodolfo Blackman,DF,119,Moïse Bombito Bombito,1.0000000000000002
1224,Cesar Rodolfo Blackman,DF,1140,Deiver Machado,1.0000000000000002
1224,Cesar Rodolfo Blackman,DF,1069,Steve Nkanu Kapuadi,1.0000000000000002
1224,Cesar Rodolfo Blackman,DF,861,Kalidou Koulibaly,1.0000000000000002
1225,Jose Angel Cordoba,DF,74,Youngwoo Seol,0.9999999999999999
1225,Jose Angel Cordoba,DF,82,Robin Hranac,0.9999999999999999
1225,Jose Angel Cordoba,DF,15,Israel Reyes,0.9999999999999999
1225,Jose Angel Cordoba,DF,1173,Marin Pongracic,0.9999999999999999
1225,Jose Angel Cordoba,DF,1135,Johan Andrés Mojica,0.9999999999999999
1225,Jose Angel Cordoba,DF,108,Luc De Fougerolles,0.9999999999999999
1225,Jose Angel Cordoba,DF,1200,Jonas Adjei Adjetey,0.9999999999999999
1225,Jose Angel Cordoba,DF,1094,Abdukodir Khusanov,0.9999999999999999
1225,Jose Angel Cordoba,DF,207,Luca Antony Jaquez,0.9999999999999999
1225,Jose Angel Cordoba,DF,1105,Sherzod Nasrullaev,0.9999999999999999
1226,Fidel Escobar,DF,1248,Jorge Abdiel Gutierrez,1.0
1226,Fidel Escobar,DF,1192,Luka Vuskovic,1.0
1226,Fidel Escobar,DF,107,Alfie Charles Jones,1.0
1226,Fidel Escobar,DF,123,Alphonso Boyle Davies,1.0
1226,Fidel Escobar,DF,679,Ehsan Hajisafi,1.0
1226,Fidel Escobar,DF,693,Arya Yousefi,1.0
1226,Fidel Escobar,DF,706,Tyler Grant Bindon,1.0
1226,Fidel Escobar,DF,665,Hafez Ramadan Karim Hafez,1.0
1226,Fidel Escobar,DF,783,Mohammed Ali Lajami,1.0
1226,Fidel Escobar,DF,793,Meshari Nawaf Bu Washl,1.0
1227,Edgardo Issac Farina,DF,1247,Roderick Alonso Miller,1.0
1227,Edgardo Issac Farina,DF,1156,Trevoh Tom Chalobah,1.0
1227,Edgardo Issac Farina,DF,1159,Daniel Johnson Burn,1.0
1227,Edgardo Issac Farina,DF,1237,Eric Javier Davis,1.0
1227,Edgardo Issac Farina,DF,805,Abdullatif Jehad Thikri,1.0
1227,Edgardo Issac Farina,DF,808,José María Gimenez,1.0
1227,Edgardo Issac Farina,DF,810,Ronald Federico Araujo,1.0
1227,Edgardo Issac Farina,DF,28,Tholo Thabang Matuludi,1.0
1227,Edgardo Issac Farina,DF,29,Khulumani Ndamane,1.0
1227,Edgardo Issac Farina,DF,44,Samukele Alucious Kabini,1.0
1228,Cristian Jesus Martinez,MF,1178,Mateo Kovacic,1.0
1228,Cristian Jesus Martinez,MF,1099,Otabek Shukurov,1.0
1228,Cristian Jesus Martinez,MF,144,Ivan Sunjic,1.0
1228,Cristian Jesus Martinez,MF,293,Mc,1.0
1228,Cristian Jesus Martinez,MF,270,Jean Ricner Bellegarde,1.0
1228,Cristian Jesus Martinez,MF,197,Djibril Ibrahima Sow,1.0
1228,Cristian Jesus Martinez,MF,305,Lewis Ferguson,1.0
1228,Cristian Jesus Martinez,MF,1072,Ngal’ayel Mukau,1.0
1228,Cristian Jesus Martinez,MF,449,Juninho Gracielo Bacuna,1.0
1228,Cristian Jesus Martinez,MF,452,Leandro Jones Johan Bacuna,1.0
1229,Jose Luis Rodriguez,MF,1178,Mateo Kovacic,1.0
1229,Jose Luis Rodriguez,MF,1099,Otabek Shukurov,1.0
1229,Jose Luis Rodriguez,MF,144,Ivan Sunjic,1.0
1229,Jose Luis Rodriguez,MF,293,Mc,1.0
1229,Jose Luis Rodriguez,MF,270,Jean Ricner Bellegarde,1.0
1229,Jose Luis Rodriguez,MF,197,Djibril Ibrahima Sow,1.0
1229,Jose Luis Rodriguez,MF,305,Lewis Ferguson,1.0
1229,Jose Luis Rodriguez,MF,1072,Ngal’ayel Mukau,1.0
1229,Jose Luis Rodriguez,MF,449,Juninho Gracielo Bacuna,1.0
1229,Jose Luis Rodriguez,MF,452,Leandro Jones Johan Bacuna,1.0
1230,Adalberto Eliecer Carrasquilla,MF,72,Hyunjun Yang,1.0
1230,Adalberto Eliecer Carrasquilla,MF,69,Junho Bae,1.0
1230,Adalberto Eliecer Carrasquilla,MF,77,Jisung Eom,1.0
1230,Adalberto Eliecer Carrasquilla,MF,76,Jingyu Kim,1.0
1230,Adalberto Eliecer Carrasquilla,MF,78,Donggyeong Lee,1.0
1230,Adalberto Eliecer Carrasquilla,MF,103,Hugo Sochurek,1.0
1230,Adalberto Eliecer Carrasquilla,MF,1160,Kobbie Boateng Mainoo,1.0
1230,Adalberto Eliecer Carrasquilla,MF,1158,Jordan Brian Henderson,1.0
1230,Adalberto Eliecer Carrasquilla,MF,125,Jonathan Osorio,1.0
1230,Adalberto Eliecer Carrasquilla,MF,1177,Nikola Moro,1.0
1231,Tomas Abdiel Rodriguez,FW,1240,Cecilio Alfonso Waterman,0.9999999999999998
1231,Tomas Abdiel Rodriguez,FW,1239,Jose Fajardo,0.9999999999999998
1231,Tomas Abdiel Rodriguez,FW,104,Denis Visinsky,0.9999999999999998
1231,Tomas Abdiel Rodriguez,FW,1027,Nayef Ahmad Mahmoud Almardi,0.9999999999999998
1231,Tomas Abdiel Rodriguez,FW,973,Anis Hadj Moussa,0.9999999999999998
1231,Tomas Abdiel Rodriguez,FW,1066,Francisco Francisco Conceicao,0.9999999999999998
1231,Tomas Abdiel Rodriguez,FW,1038,Ahmad Ali Ali Azaizeh,0.9999999999999998
1231,Tomas Abdiel Rodriguez,FW,921,Jørgen Strand Strand Larsen,0.9999999999999998
1231,Tomas Abdiel Rodriguez,FW,763,BENCHIMOLGilson Gilson,0.9999999999999998
1231,Tomas Abdiel Rodriguez,FW,271,Don Deedson Deedson,0.9999999999999998
1232,Ismael Diaz,MF,72,Hyunjun Yang,1.0
1232,Ismael Diaz,MF,69,Junho Bae,1.0
1232,Ismael Diaz,MF,77,Jisung Eom,1.0
1232,Ismael Diaz,MF,76,Jingyu Kim,1.0
1232,Ismael Diaz,MF,78,Donggyeong Lee,1.0
1232,Ismael Diaz,MF,103,Hugo Sochurek,1.0
1232,Ismael Diaz,MF,1160,Kobbie Boateng Mainoo,1.0
1232,Ismael Diaz,MF,1158,Jordan Brian Henderson,1.0
1232,Ismael Diaz,MF,125,Jonathan Osorio,1.0
1232,Ismael Diaz,MF,1177,Nikola Moro,1.0
1233,Edgar Yoel Barcenas,MF,1178,Mateo Kovacic,1.0
1233,Edgar Yoel Barcenas,MF,1099,Otabek Shukurov,1.0
1233,Edgar Yoel Barcenas,MF,144,Ivan Sunjic,1.0
1233,Edgar Yoel Barcenas,MF,293,Mc,1.0
1233,Edgar Yoel Barcenas,MF,270,Jean Ricner Bellegarde,1.0
1233,Edgar Yoel Barcenas,MF,197,Djibril Ibrahima Sow,1.0
1233,Edgar Yoel Barcenas,MF,305,Lewis Ferguson,1.0
1233,Edgar Yoel Barcenas,MF,1072,Ngal’ayel Mukau,1.0
1233,Edgar Yoel Barcenas,MF,449,Juninho Gracielo Bacuna,1.0
1233,Edgar Yoel Barcenas,MF,452,Leandro Jones Johan Bacuna,1.0
1234,Cesar Jair Samudio,GK,12,Carlos Acevedo,1.0
1234,Cesar Jair Samudio,GK,64,Bumkeun Song,1.0
1234,Cesar Jair Samudio,GK,48,Stuart Ricardo Goss,1.0
1234,Cesar Jair Samudio,GK,42,Sipho Justin Chaine,1.0
1234,Cesar Jair Samudio,GK,122,Owen Olamidayo Goodman,1.0
1234,Cesar Jair Samudio,GK,101,Lukáš Hornicek,1.0
1234,Cesar Jair Samudio,GK,94,Jind ř ich Stanek,1.0
1234,Cesar Jair Samudio,GK,73,Hyeonwoo Jo,1.0
1234,Cesar Jair Samudio,GK,220,Weverton Weverton,1.0
1234,Cesar Jair Samudio,GK,231,Ederson Ederson,1.0
1235,Jiovany Javier Ramos,DF,65,Taeseok Lee,1.0000000000000002
1235,Jiovany Javier Ramos,DF,81,Tomáš Holes,1.0000000000000002
1235,Jiovany Javier Ramos,DF,1174,Joško Gvardiol,1.0000000000000002
1235,Jiovany Javier Ramos,DF,1149,John Stones,1.0000000000000002
1235,Jiovany Javier Ramos,DF,1110,Abdulla Abdullaev,1.0000000000000002
1235,Jiovany Javier Ramos,DF,1116,Behruzjon Karimov,1.0000000000000002
1235,Jiovany Javier Ramos,DF,119,Moïse Bombito Bombito,1.0000000000000002
1235,Jiovany Javier Ramos,DF,1140,Deiver Machado,1.0000000000000002
1235,Jiovany Javier Ramos,DF,1069,Steve Nkanu Kapuadi,1.0000000000000002
1235,Jiovany Javier Ramos,DF,861,Kalidou Koulibaly,1.0000000000000002
1236,Carlos Miguel Harvey,DF,74,Youngwoo Seol,0.9999999999999999
1236,Carlos Miguel Harvey,DF,82,Robin Hranac,0.9999999999999999
1236,Carlos Miguel Harvey,DF,15,Israel Reyes,0.9999999999999999
1236,Carlos Miguel Harvey,DF,1173,Marin Pongracic,0.9999999999999999
1236,Carlos Miguel Harvey,DF,1135,Johan Andrés Mojica,0.9999999999999999
1236,Carlos Miguel Harvey,DF,108,Luc De Fougerolles,0.9999999999999999
1236,Carlos Miguel Harvey,DF,1200,Jonas Adjei Adjetey,0.9999999999999999
1236,Carlos Miguel Harvey,DF,1094,Abdukodir Khusanov,0.9999999999999999
1236,Carlos Miguel Harvey,DF,207,Luca Antony Jaquez,0.9999999999999999
1236,Carlos Miguel Harvey,DF,1105,Sherzod Nasrullaev,0.9999999999999999
1237,Eric Javier Davis,DF,1247,Roderick Alonso Miller,1.0
1237,Eric Javier Davis,DF,1156,Trevoh Tom Chalobah,1.0
1237,Eric Javier Davis,DF,1159,Daniel Johnson Burn,1.0
1237,Eric Javier Davis,DF,805,Abdullatif Jehad Thikri,1.0
1237,Eric Javier Davis,DF,808,José María Gimenez,1.0
1237,Eric Javier Davis,DF,810,Ronald Federico Araujo,1.0
1237,Eric Javier Davis,DF,28,Tholo Thabang Matuludi,1.0
1237,Eric Javier Davis,DF,29,Khulumani Ndamane,1.0
1237,Eric Javier Davis,DF,44,Samukele Alucious Kabini,1.0
1237,Eric Javier Davis,DF,50,Olwethu Mpilwenhle Makhanya,1.0
1238,Andres Alberto Andrade,DF,74,Youngwoo Seol,0.9999999999999999
1238,Andres Alberto Andrade,DF,82,Robin Hranac,0.9999999999999999
1238,Andres Alberto Andrade,DF,15,Israel Reyes,0.9999999999999999
1238,Andres Alberto Andrade,DF,1173,Marin Pongracic,0.9999999999999999
1238,Andres Alberto Andrade,DF,1135,Johan Andrés Mojica,0.9999999999999999
1238,Andres Alberto Andrade,DF,108,Luc De Fougerolles,0.9999999999999999
1238,Andres Alberto Andrade,DF,1200,Jonas Adjei Adjetey,0.9999999999999999
1238,Andres Alberto Andrade,DF,1094,Abdukodir Khusanov,0.9999999999999999
1238,Andres Alberto Andrade,DF,207,Luca Antony Jaquez,0.9999999999999999
1238,Andres Alberto Andrade,DF,1105,Sherzod Nasrullaev,0.9999999999999999
1239,Jose Fajardo,FW,1240,Cecilio Alfonso Waterman,0.9999999999999998
1239,Jose Fajardo,FW,104,Denis Visinsky,0.9999999999999998
1239,Jose Fajardo,FW,1027,Nayef Ahmad Mahmoud Almardi,0.9999999999999998
1239,Jose Fajardo,FW,973,Anis Hadj Moussa,0.9999999999999998
1239,Jose Fajardo,FW,1066,Francisco Francisco Conceicao,0.9999999999999998
1239,Jose Fajardo,FW,1038,Ahmad Ali Ali Azaizeh,0.9999999999999998
1239,Jose Fajardo,FW,921,Jørgen Strand Strand Larsen,0.9999999999999998
1239,Jose Fajardo,FW,763,BENCHIMOLGilson Gilson,0.9999999999999998
1239,Jose Fajardo,FW,271,Don Deedson Deedson,0.9999999999999998
1239,Jose Fajardo,FW,276,Lenny Alvin Pico Joseph,0.9999999999999998
1240,Cecilio Alfonso Waterman,FW,1239,Jose Fajardo,0.9999999999999998
1240,Cecilio Alfonso Waterman,FW,104,Denis Visinsky,0.9999999999999998
1240,Cecilio Alfonso Waterman,FW,1027,Nayef Ahmad Mahmoud Almardi,0.9999999999999998
1240,Cecilio Alfonso Waterman,FW,973,Anis Hadj Moussa,0.9999999999999998
1240,Cecilio Alfonso Waterman,FW,1066,Francisco Francisco Conceicao,0.9999999999999998
1240,Cecilio Alfonso Waterman,FW,1038,Ahmad Ali Ali Azaizeh,0.9999999999999998
1240,Cecilio Alfonso Waterman,FW,921,Jørgen Strand Strand Larsen,0.9999999999999998
1240,Cecilio Alfonso Waterman,FW,763,BENCHIMOLGilson Gilson,0.9999999999999998
1240,Cecilio Alfonso Waterman,FW,271,Don Deedson Deedson,0.9999999999999998
1240,Cecilio Alfonso Waterman,FW,276,Lenny Alvin Pico Joseph,0.9999999999999998
1241,Alberto Abdiel Quintero,MF,72,Hyunjun Yang,1.0
1241,Alberto Abdiel Quintero,MF,69,Junho Bae,1.0
1241,Alberto Abdiel Quintero,MF,77,Jisung Eom,1.0
1241,Alberto Abdiel Quintero,MF,76,Jingyu Kim,1.0
1241,Alberto Abdiel Quintero,MF,78,Donggyeong Lee,1.0
1241,Alberto Abdiel Quintero,MF,103,Hugo Sochurek,1.0
1241,Alberto Abdiel Quintero,MF,1160,Kobbie Boateng Mainoo,1.0
1241,Alberto Abdiel Quintero,MF,1158,Jordan Brian Henderson,1.0
1241,Alberto Abdiel Quintero,MF,125,Jonathan Osorio,1.0
1241,Alberto Abdiel Quintero,MF,1177,Nikola Moro,1.0
1242,Anibal Casis Godoy,MF,72,Hyunjun Yang,1.0
1242,Anibal Casis Godoy,MF,69,Junho Bae,1.0
1242,Anibal Casis Godoy,MF,77,Jisung Eom,1.0
1242,Anibal Casis Godoy,MF,76,Jingyu Kim,1.0
1242,Anibal Casis Godoy,MF,78,Donggyeong Lee,1.0
1242,Anibal Casis Godoy,MF,103,Hugo Sochurek,1.0
1242,Anibal Casis Godoy,MF,1160,Kobbie Boateng Mainoo,1.0
1242,Anibal Casis Godoy,MF,1158,Jordan Brian Henderson,1.0
1242,Anibal Casis Godoy,MF,125,Jonathan Osorio,1.0
1242,Anibal Casis Godoy,MF,1177,Nikola Moro,1.0
1243,Cesar Augusto Yanis,MF,72,Hyunjun Yang,1.0
1243,Cesar Augusto Yanis,MF,69,Junho Bae,1.0
1243,Cesar Augusto Yanis,MF,77,Jisung Eom,1.0
1243,Cesar Augusto Yanis,MF,76,Jingyu Kim,1.0
1243,Cesar Augusto Yanis,MF,78,Donggyeong Lee,1.0
1243,Cesar Augusto Yanis,MF,103,Hugo Sochurek,1.0
1243,Cesar Augusto Yanis,MF,1160,Kobbie Boateng Mainoo,1.0
1243,Cesar Augusto Yanis,MF,1158,Jordan Brian Henderson,1.0
1243,Cesar Augusto Yanis,MF,125,Jonathan Osorio,1.0
1243,Cesar Augusto Yanis,MF,1177,Nikola Moro,1.0
1244,Orlando Mosquera,GK,521,Bart Verbruggen,0.965908662067318
1244,Orlando Mosquera,GK,417,Manuel Peter Neuer,0.9561440416933169
1244,Orlando Mosquera,GK,673,Abdelaziz Mohame Mostafa,0.9531842409659693
1244,Orlando Mosquera,GK,53,Seunggyu Kim,0.9442119045444934
1244,Orlando Mosquera,GK,1067,Lionel Nzau Mpasi,0.9401324831144046
1244,Orlando Mosquera,GK,413,Ugurcan Cakir,0.9180356905572963
1244,Orlando Mosquera,GK,911,Ørjan Haskjold Nyland,0.909493812584771
1244,Orlando Mosquera,GK,625,Thibaut Nicolas Courtois,0.8156375203328841
1244,Orlando Mosquera,GK,131,Nikola Vasilj,0.7989945847168249
1244,Orlando Mosquera,GK,985,Luca Zinedine Zidane,0.7741401859407676
1245,Michael Amir Murillo,DF,74,Youngwoo Seol,0.9999999999999999
1245,Michael Amir Murillo,DF,82,Robin Hranac,0.9999999999999999
1245,Michael Amir Murillo,DF,15,Israel Reyes,0.9999999999999999
1245,Michael Amir Murillo,DF,1173,Marin Pongracic,0.9999999999999999
1245,Michael Amir Murillo,DF,1135,Johan Andrés Mojica,0.9999999999999999
1245,Michael Amir Murillo,DF,108,Luc De Fougerolles,0.9999999999999999
1245,Michael Amir Murillo,DF,1200,Jonas Adjei Adjetey,0.9999999999999999
1245,Michael Amir Murillo,DF,1094,Abdukodir Khusanov,0.9999999999999999
1245,Michael Amir Murillo,DF,207,Luca Antony Jaquez,0.9999999999999999
1245,Michael Amir Murillo,DF,1105,Sherzod Nasrullaev,0.9999999999999999
1246,Azarías Emmanuel Londono,FW,10,Ernesto Alexis Vega,0.9999999999999997
1246,Azarías Emmanuel Londono,FW,14,Armando Gonzalez,0.9999999999999997
1246,Azarías Emmanuel Londono,FW,21,César Saúl Huerta,0.9999999999999997
1246,Azarías Emmanuel Londono,FW,97,Tomáš Chory,0.9999999999999997
1246,Azarías Emmanuel Londono,FW,91,Mojmír Chytil,0.9999999999999997
1246,Azarías Emmanuel Londono,FW,139,Samed Bazdar,0.9999999999999997
1246,Azarías Emmanuel Londono,FW,130,Jayden Nelson,0.9999999999999997
1246,Azarías Emmanuel Londono,FW,1144,Carlos Andrés Gomez,0.9999999999999997
1246,Azarías Emmanuel Londono,FW,1113,Igor Sergeev,0.9999999999999997
1246,Azarías Emmanuel Londono,FW,1089,Simon Bokote Banza,0.9999999999999997
1247,Roderick Alonso Miller,DF,1156,Trevoh Tom Chalobah,1.0
1247,Roderick Alonso Miller,DF,1159,Daniel Johnson Burn,1.0
1247,Roderick Alonso Miller,DF,1237,Eric Javier Davis,1.0
1247,Roderick Alonso Miller,DF,805,Abdullatif Jehad Thikri,1.0
1247,Roderick Alonso Miller,DF,808,José María Gimenez,1.0
1247,Roderick Alonso Miller,DF,810,Ronald Federico Araujo,1.0
1247,Roderick Alonso Miller,DF,28,Tholo Thabang Matuludi,1.0
1247,Roderick Alonso Miller,DF,29,Khulumani Ndamane,1.0
1247,Roderick Alonso Miller,DF,44,Samukele Alucious Kabini,1.0
1247,Roderick Alonso Miller,DF,50,Olwethu Mpilwenhle Makhanya,1.0
1248,Jorge Abdiel Gutierrez,DF,1226,Fidel Escobar,1.0
1248,Jorge Abdiel Gutierrez,DF,1192,Luka Vuskovic,1.0
1248,Jorge Abdiel Gutierrez,DF,107,Alfie Charles Jones,1.0
1248,Jorge Abdiel Gutierrez,DF,123,Alphonso Boyle Davies,1.0
1248,Jorge Abdiel Gutierrez,DF,679,Ehsan Hajisafi,1.0
1248,Jorge Abdiel Gutierrez,DF,693,Arya Yousefi,1.0
1248,Jorge Abdiel Gutierrez,DF,706,Tyler Grant Bindon,1.0
1248,Jorge Abdiel Gutierrez,DF,665,Hafez Ramadan Karim Hafez,1.0
1248,Jorge Abdiel Gutierrez,DF,783,Mohammed Ali Lajami,1.0
1248,Jorge Abdiel Gutierrez,DF,793,Meshari Nawaf Bu Washl,1.0
